Lat,Lon,Time Range,Vessel ID,Flag,Vessel Name,Gear Type,Vessel Type,MMSI,Apparent Fishing Hours,Development Stage,Year Month
40.98,-71.07,2019-09-16,fd96b30e3-3f77-f437-8122-20e7744dfdb4,USA,TIMBERLINE,DREDGE_FISHING,FISHING,367071460,1.67,Stage 2,2019-09-01
41.03,-71.18,2019-11-04,90b9eaea0-018d-1eaf-4055-36b770057d04,USA,GAIL FRANCES,INCONCLUSIVE,FISHING,366940990,0.42,Stage 2,2019-11-01
41.14,-71.349998,2019-11-02,90b9eaea0-018d-1eaf-4055-36b770057d04,USA,GAIL FRANCES,INCONCLUSIVE,FISHING,366940990,0.69,Stage 2,2019-11-01
41.33,-71.400002,2019-09-22,6ae903a95-5315-4633-05e6-edfa6b61c787,USA,PROUD MARY,TRAWLERS,FISHING,368102540,0.9,Stage 2,2019-09-01
40.97,-71.389999,2019-09-25,da28a0113-3273-3a9f-10ab-097e617c5725,USA,JOHN & NICHOLAS,TRAWLERS,FISHING,367181750,0.88,Stage 2,2019-09-01
41.05,-71.080002,2019-09-28,90b9eaea0-018d-1eaf-4055-36b770057d04,USA,GAIL FRANCES,INCONCLUSIVE,FISHING,366940990,0.81,Stage 2,2019-09-01
41.32,-71.019997,2019-09-26,8d12aac2c-c77b-9401-6f32-e5c3e2c31f6e,USA,KELLY MARIE,FISHING,FISHING,367383970,2.46,Stage 2,2019-09-01
41.04,-71.019997,2019-09-21,90b9eaea0-018d-1eaf-4055-36b770057d04,USA,GAIL FRANCES,INCONCLUSIVE,FISHING,366940990,0.79,Stage 2,2019-09-01
41.05,-71.089996,2019-09-28,90b9eaea0-018d-1eaf-4055-36b770057d04,USA,GAIL FRANCES,INCONCLUSIVE,FISHING,366940990,3.6,Stage 2,2019-09-01
40.88,-70.980003,2019-10-14,afcf4d4a1-1bf2-3cd8-05a9-d23a91e68ee9,USA,YELLOW FIN,SET_LONGLINES,FISHING,338182319,0.73,Stage 2,2019-10-01
41.08,-71.389999,2019-09-27,794fd7558-8f19-90e1-9d84-d52d180f5f88,USA,LADY DEE,FISHING,FISHING,368005310,3.51,Stage 2,2019-09-01
41.12,-71.129997,2019-12-28,90b9eaea0-018d-1eaf-4055-36b770057d04,USA,GAIL FRANCES,INCONCLUSIVE,FISHING,366940990,0.47,Stage 2,2019-12-01
41.18,-71.260002,2019-09-10,d8bbf6380-05af-2b58-ca64-97ffb1eb319f,USA,ENTERPRISE,TRAWLERS,FISHING,367590310,1.97,Stage 2,2019-09-01
40.83,-70.949997,2019-09-11,59c757235-5638-b364-a6ec-0694ac3f69c8,CAN,FISHIN ADDICTION 17,POLE_AND_LINE,FISHING,316036131,6.85,Stage 2,2019-09-01
41.17,-71.269997,2019-09-26,d8bbf6380-05af-2b58-ca64-97ffb1eb319f,USA,ENTERPRISE,TRAWLERS,FISHING,367590310,0.34,Stage 2,2019-09-01
41.32,-71.010002,2019-09-22,8d12aac2c-c77b-9401-6f32-e5c3e2c31f6e,USA,KELLY MARIE,FISHING,FISHING,367383970,1.02,Stage 2,2019-09-01
41.06,-70.989998,2019-10-14,afcf4d4a1-1bf2-3cd8-05a9-d23a91e68ee9,USA,YELLOW FIN,SET_LONGLINES,FISHING,338182319,2.47,Stage 2,2019-10-01
41.03,-70.919998,2019-09-17,cbe2f571c-c16c-ffe7-89ec-4f3da4c1a177,USA,ANYA JO,TRAWLERS,FISHING,367350060,0.38,Stage 2,2019-09-01
41.04,-71.230003,2019-09-22,90b9eaea0-018d-1eaf-4055-36b770057d04,USA,GAIL FRANCES,INCONCLUSIVE,FISHING,366940990,0.95,Stage 2,2019-09-01
41.03,-71.169998,2019-12-28,90b9eaea0-018d-1eaf-4055-36b770057d04,USA,GAIL FRANCES,INCONCLUSIVE,FISHING,366940990,0.67,Stage 2,2019-12-01
41.26,-71.050003,2019-09-28,8d12aac2c-c77b-9401-6f32-e5c3e2c31f6e,USA,KELLY MARIE,FISHING,FISHING,367383970,0.75,Stage 2,2019-09-01
41.03,-71.18,2019-10-30,90b9eaea0-018d-1eaf-4055-36b770057d04,USA,GAIL FRANCES,INCONCLUSIVE,FISHING,366940990,0.95,Stage 2,2019-10-01
41.32,-71.139999,2019-11-03,f01b02923-33f4-cf51-a193-8090ea37a925,USA,LEONARDO,FISHING,FISHING,367673740,1.27,Stage 2,2019-11-01
41.16,-71.300003,2019-09-10,d8bbf6380-05af-2b58-ca64-97ffb1eb319f,USA,ENTERPRISE,TRAWLERS,FISHING,367590310,0.95,Stage 2,2019-09-01
40.97,-71.07,2019-09-22,fd96b30e3-3f77-f437-8122-20e7744dfdb4,USA,TIMBERLINE,DREDGE_FISHING,FISHING,367071460,6.12,Stage 2,2019-09-01
41.16,-71.269997,2019-12-08,b91c9478b-bfa0-844e-f949-ccea31ce5ac1,USA,ELIZ AND KATHERINE,TRAWLERS,FISHING,367542540,5.85,Stage 2,2019-12-01
41.38,-71.269997,2019-10-29,c11057b39-90b8-89c0-7f09-0f5a46f8d730,USA,BELL SKY,TRAWLERS,FISHING,367637420,1.43,Stage 2,2019-10-01
40.97,-71.080002,2019-09-16,fd96b30e3-3f77-f437-8122-20e7744dfdb4,USA,TIMBERLINE,DREDGE_FISHING,FISHING,367071460,1.01,Stage 2,2019-09-01
41.32,-71.139999,2019-09-19,6ae903a95-5315-4633-05e6-edfa6b61c787,USA,PROUD MARY,TRAWLERS,FISHING,368102540,0.45,Stage 2,2019-09-01
41.13,-71.32,2019-09-10,b91c9478b-bfa0-844e-f949-ccea31ce5ac1,USA,ELIZ AND KATHERINE,TRAWLERS,FISHING,367542540,1.17,Stage 2,2019-09-01
41.14,-71.290001,2019-09-10,138335867-750f-7b39-06ff-645add8dbdc7,USA,BROOKE ELISE,TRAWLERS,FISHING,367687740,2.89,Stage 2,2019-09-01
41.3,-71.400002,2019-09-22,57a91c9b8-8c97-8e90-f9dc-1d4f609dedd3,USA,LINDA MARIE,TRAWLERS,FISHING,367588040,0.82,Stage 2,2019-09-01
41.24,-70.959999,2019-11-03,8372af007-7b7f-f7fa-4ee4-c5227c164207,USA,BLUE WAVE,FISHING,FISHING,367723140,2.73,Stage 2,2019-11-01
40.93,-71.239998,2019-11-24,f6405ef4d-d2a7-9ddf-71f9-3f8ee67fb458,USA,CAPT JOHN,TRAWLERS,FISHING,368114490,7.27,Stage 2,2019-11-01
41.3,-71.400002,2019-09-26,57a91c9b8-8c97-8e90-f9dc-1d4f609dedd3,USA,LINDA MARIE,TRAWLERS,FISHING,367588040,0.93,Stage 2,2019-09-01
40.96,-71.099998,2019-09-21,7973cf6f1-120d-8b41-7739-b9f7cab95a2f,USA,BLACKBEARD,TRAWLERS,FISHING,367730450,0.97,Stage 2,2019-09-01
41.19,-71.239998,2019-10-15,3c32ced74-4560-e6f1-77f3-0660a2f14f55,USA,ELIZ AND KATHERINE,TRAWLERS,FISHING,367542540,4.42,Stage 2,2019-10-01
41.23,-71.330002,2019-09-11,d8bbf6380-05af-2b58-ca64-97ffb1eb319f,USA,ENTERPRISE,TRAWLERS,FISHING,367590310,2.77,Stage 2,2019-09-01
41.22,-71.290001,2019-09-15,d8bbf6380-05af-2b58-ca64-97ffb1eb319f,USA,ENTERPRISE,TRAWLERS,FISHING,367590310,5.18,Stage 2,2019-09-01
41.22,-71.300003,2019-09-10,d8bbf6380-05af-2b58-ca64-97ffb1eb319f,USA,ENTERPRISE,TRAWLERS,FISHING,367590310,0.73,Stage 2,2019-09-01
41.04,-71.230003,2019-12-16,287fc1cbf-fbc0-3baa-ae98-f20768f5d10f,USA,VIKING STARSHIP,PASSENGER,PASSENGER,367661740,2.12,Stage 2,2019-12-01
41.03,-71.18,2019-11-03,90b9eaea0-018d-1eaf-4055-36b770057d04,USA,GAIL FRANCES,INCONCLUSIVE,FISHING,366940990,3.13,Stage 2,2019-11-01
41.31,-71.050003,2019-09-22,8d12aac2c-c77b-9401-6f32-e5c3e2c31f6e,USA,KELLY MARIE,FISHING,FISHING,367383970,1.28,Stage 2,2019-09-01
41.23,-71.379997,2019-09-23,f321a5bcb-b9a3-1da9-32d8-22077f65efcf,USA,DETERMINATION,TRAWLERS,FISHING,367518960,0.61,Stage 2,2019-09-01
41.05,-71.389999,2019-12-29,287fc1cbf-fbc0-3baa-ae98-f20768f5d10f,USA,VIKING STARSHIP,PASSENGER,PASSENGER,367661740,1.91,Stage 2,2019-12-01
41.05,-71.089996,2019-09-29,90b9eaea0-018d-1eaf-4055-36b770057d04,USA,GAIL FRANCES,INCONCLUSIVE,FISHING,366940990,2.38,Stage 2,2019-09-01
40.97,-71.07,2019-09-16,fd96b30e3-3f77-f437-8122-20e7744dfdb4,USA,TIMBERLINE,DREDGE_FISHING,FISHING,367071460,2.97,Stage 2,2019-09-01
41.36,-71.25,2019-09-10,c11057b39-90b8-89c0-7f09-0f5a46f8d730,USA,BELL SKY,TRAWLERS,FISHING,367637420,0.86,Stage 2,2019-09-01
41.31,-71,2019-10-13,afcf4d4a1-1bf2-3cd8-05a9-d23a91e68ee9,USA,YELLOW FIN,SET_LONGLINES,FISHING,338182319,0.55,Stage 2,2019-10-01
41.23,-71.260002,2019-11-07,f01b02923-33f4-cf51-a193-8090ea37a925,USA,LEONARDO,FISHING,FISHING,367673740,0.35,Stage 2,2019-11-01
41.02,-71.18,2019-12-16,287fc1cbf-fbc0-3baa-ae98-f20768f5d10f,USA,VIKING STARSHIP,PASSENGER,PASSENGER,367661740,1.27,Stage 2,2019-12-01
41.05,-71.389999,2019-12-07,90b9eaea0-018d-1eaf-4055-36b770057d04,USA,GAIL FRANCES,INCONCLUSIVE,FISHING,366940990,1.13,Stage 2,2019-12-01
41.32,-71.160004,2019-10-07,a60bb8c1a-a9cd-5892-2581-2bea9933c8e0,USA,NEW SEA ROVER,TRAWLERS,FISHING,367346010,0.57,Stage 2,2019-10-01
41.32,-71.029999,2019-09-22,8d12aac2c-c77b-9401-6f32-e5c3e2c31f6e,USA,KELLY MARIE,FISHING,FISHING,367383970,0.94,Stage 2,2019-09-01
41.32,-71.040001,2019-09-24,8d12aac2c-c77b-9401-6f32-e5c3e2c31f6e,USA,KELLY MARIE,FISHING,FISHING,367383970,1.2,Stage 2,2019-09-01
40.79,-70.949997,2019-09-26,35eb371c0-088a-1382-098a-c7fea019d959,USA,STARBRITE,FISHING,FISHING,367707710,1.1,Stage 2,2019-09-01
41.39,-71.260002,2019-09-05,6ae903a95-5315-4633-05e6-edfa6b61c787,USA,PROUD MARY,TRAWLERS,FISHING,368102540,1.49,Stage 2,2019-09-01
40.91,-71.32,2019-12-28,fd96b30e3-3f77-f437-8122-20e7744dfdb4,USA,TIMBERLINE,DREDGE_FISHING,FISHING,367071460,4,Stage 2,2019-12-01
41.34,-71.239998,2019-09-25,c11057b39-90b8-89c0-7f09-0f5a46f8d730,USA,BELL SKY,TRAWLERS,FISHING,367637420,1.07,Stage 2,2019-09-01
41.37,-71.129997,2019-09-23,a60bb8c1a-a9cd-5892-2581-2bea9933c8e0,USA,NEW SEA ROVER,TRAWLERS,FISHING,367346010,0.86,Stage 2,2019-09-01
41.03,-71.18,2019-12-04,90b9eaea0-018d-1eaf-4055-36b770057d04,USA,GAIL FRANCES,INCONCLUSIVE,FISHING,366940990,1.21,Stage 2,2019-12-01
41.12,-71.120003,2019-12-28,287fc1cbf-fbc0-3baa-ae98-f20768f5d10f,USA,VIKING STARSHIP,PASSENGER,PASSENGER,367661740,0.74,Stage 2,2019-12-01
41.38,-71.269997,2019-09-17,c11057b39-90b8-89c0-7f09-0f5a46f8d730,USA,BELL SKY,TRAWLERS,FISHING,367637420,0.87,Stage 2,2019-09-01
41.14,-71.309998,2019-09-26,b91c9478b-bfa0-844e-f949-ccea31ce5ac1,USA,ELIZ AND KATHERINE,TRAWLERS,FISHING,367542540,2.13,Stage 2,2019-09-01
41.32,-71.400002,2019-09-26,57a91c9b8-8c97-8e90-f9dc-1d4f609dedd3,USA,LINDA MARIE,TRAWLERS,FISHING,367588040,0.33,Stage 2,2019-09-01
41.12,-71.300003,2019-09-26,6ae903a95-5315-4633-05e6-edfa6b61c787,USA,PROUD MARY,TRAWLERS,FISHING,368102540,0.77,Stage 2,2019-09-01
41.05,-71.389999,2019-12-04,90b9eaea0-018d-1eaf-4055-36b770057d04,USA,GAIL FRANCES,INCONCLUSIVE,FISHING,366940990,0.47,Stage 2,2019-12-01
41.19,-71.239998,2019-09-26,d8bbf6380-05af-2b58-ca64-97ffb1eb319f,USA,ENTERPRISE,TRAWLERS,FISHING,367590310,1.01,Stage 2,2019-09-01
41.17,-71.290001,2019-09-11,d8bbf6380-05af-2b58-ca64-97ffb1eb319f,USA,ENTERPRISE,TRAWLERS,FISHING,367590310,2.82,Stage 2,2019-09-01
41.31,-71.059998,2019-09-28,8d12aac2c-c77b-9401-6f32-e5c3e2c31f6e,USA,KELLY MARIE,FISHING,FISHING,367383970,1.91,Stage 2,2019-09-01
41.06,-71.389999,2019-12-29,287fc1cbf-fbc0-3baa-ae98-f20768f5d10f,USA,VIKING STARSHIP,PASSENGER,PASSENGER,367661740,0.87,Stage 2,2019-12-01
40.98,-71.059998,2019-09-22,fd96b30e3-3f77-f437-8122-20e7744dfdb4,USA,TIMBERLINE,DREDGE_FISHING,FISHING,367071460,4.22,Stage 2,2019-09-01
41.29,-71.220001,2019-09-23,e8ed1a10f-faad-5d8e-0f63-3bc87f729d4a,USA,MISS GEORGIE,TRAWLERS,FISHING,367118330,0.51,Stage 2,2019-09-01
41.13,-71.300003,2019-09-22,d8bbf6380-05af-2b58-ca64-97ffb1eb319f,USA,ENTERPRISE,TRAWLERS,FISHING,367590310,0.55,Stage 2,2019-09-01
41.21,-71.230003,2019-10-13,3c32ced74-4560-e6f1-77f3-0660a2f14f55,USA,ELIZ AND KATHERINE,TRAWLERS,FISHING,367542540,1.17,Stage 2,2019-10-01
41.05,-71.089996,2019-09-27,90b9eaea0-018d-1eaf-4055-36b770057d04,USA,GAIL FRANCES,INCONCLUSIVE,FISHING,366940990,2.59,Stage 2,2019-09-01
40.96,-71.290001,2019-09-21,7973cf6f1-120d-8b41-7739-b9f7cab95a2f,USA,BLACKBEARD,TRAWLERS,FISHING,367730450,0.93,Stage 2,2019-09-01
40.81,-71.089996,2019-09-17,59c757235-5638-b364-a6ec-0694ac3f69c8,CAN,FISHIN ADDICTION 17,POLE_AND_LINE,FISHING,316036131,1.8,Stage 2,2019-09-01
41.03,-71.18,2019-12-22,287fc1cbf-fbc0-3baa-ae98-f20768f5d10f,USA,VIKING STARSHIP,PASSENGER,PASSENGER,367661740,0.58,Stage 2,2019-12-01
40.95,-71.389999,2019-09-21,7973cf6f1-120d-8b41-7739-b9f7cab95a2f,USA,BLACKBEARD,TRAWLERS,FISHING,367730450,1.21,Stage 2,2019-09-01
41.21,-71.150002,2019-12-29,90b9eaea0-018d-1eaf-4055-36b770057d04,USA,GAIL FRANCES,INCONCLUSIVE,FISHING,366940990,2.59,Stage 2,2019-12-01
41.08,-71.379997,2019-12-29,287fc1cbf-fbc0-3baa-ae98-f20768f5d10f,USA,VIKING STARSHIP,PASSENGER,PASSENGER,367661740,0.51,Stage 2,2019-12-01
41.03,-71.169998,2019-12-04,90b9eaea0-018d-1eaf-4055-36b770057d04,USA,GAIL FRANCES,INCONCLUSIVE,FISHING,366940990,1.17,Stage 2,2019-12-01
41.18,-70.889999,2019-11-04,8372af007-7b7f-f7fa-4ee4-c5227c164207,USA,BLUE WAVE,FISHING,FISHING,367723140,3.36,Stage 2,2019-11-01
41.38,-71.269997,2019-09-08,6ae903a95-5315-4633-05e6-edfa6b61c787,USA,PROUD MARY,TRAWLERS,FISHING,368102540,1.1,Stage 2,2019-09-01
41.2,-71.290001,2019-11-06,f01b02923-33f4-cf51-a193-8090ea37a925,USA,LEONARDO,FISHING,FISHING,367673740,5.98,Stage 2,2019-11-01
41.12,-71.040001,2019-09-17,59c757235-5638-b364-a6ec-0694ac3f69c8,CAN,FISHIN ADDICTION 17,POLE_AND_LINE,FISHING,316036131,4.02,Stage 2,2019-09-01
41.32,-71.050003,2019-09-24,8d12aac2c-c77b-9401-6f32-e5c3e2c31f6e,USA,KELLY MARIE,FISHING,FISHING,367383970,1.27,Stage 2,2019-09-01
40.96,-71.07,2019-09-21,7973cf6f1-120d-8b41-7739-b9f7cab95a2f,USA,BLACKBEARD,TRAWLERS,FISHING,367730450,0.43,Stage 2,2019-09-01
41.37,-71.260002,2019-09-25,c11057b39-90b8-89c0-7f09-0f5a46f8d730,USA,BELL SKY,TRAWLERS,FISHING,367637420,1.1,Stage 2,2019-09-01
41.29,-71.400002,2019-09-22,6ae903a95-5315-4633-05e6-edfa6b61c787,USA,PROUD MARY,TRAWLERS,FISHING,368102540,1.27,Stage 2,2019-09-01
41.31,-71.059998,2019-09-26,8d12aac2c-c77b-9401-6f32-e5c3e2c31f6e,USA,KELLY MARIE,FISHING,FISHING,367383970,0.87,Stage 2,2019-09-01
40.98,-71.07,2019-09-22,fd96b30e3-3f77-f437-8122-20e7744dfdb4,USA,TIMBERLINE,DREDGE_FISHING,FISHING,367071460,4.03,Stage 2,2019-09-01
41.36,-71.139999,2019-09-23,e8ed1a10f-faad-5d8e-0f63-3bc87f729d4a,USA,MISS GEORGIE,TRAWLERS,FISHING,367118330,2.3,Stage 2,2019-09-01
41.14,-71.099998,2019-12-06,90b9eaea0-018d-1eaf-4055-36b770057d04,USA,GAIL FRANCES,INCONCLUSIVE,FISHING,366940990,1.06,Stage 2,2019-12-01
41.13,-71.330002,2019-09-10,138335867-750f-7b39-06ff-645add8dbdc7,USA,BROOKE ELISE,TRAWLERS,FISHING,367687740,0.42,Stage 2,2019-09-01
41.18,-71.25,2019-09-26,d8bbf6380-05af-2b58-ca64-97ffb1eb319f,USA,ENTERPRISE,TRAWLERS,FISHING,367590310,0.58,Stage 2,2019-09-01
41.31,-70.970001,2019-10-23,afcf4d4a1-1bf2-3cd8-05a9-d23a91e68ee9,USA,YELLOW FIN,SET_LONGLINES,FISHING,338182319,1.11,Stage 2,2019-10-01
41.32,-71.400002,2019-09-18,6ae903a95-5315-4633-05e6-edfa6b61c787,USA,PROUD MARY,TRAWLERS,FISHING,368102540,0.41,Stage 2,2019-09-01
41.36,-71.260002,2019-09-05,6ae903a95-5315-4633-05e6-edfa6b61c787,USA,PROUD MARY,TRAWLERS,FISHING,368102540,1.99,Stage 2,2019-09-01
41.03,-71.169998,2019-10-30,90b9eaea0-018d-1eaf-4055-36b770057d04,USA,GAIL FRANCES,INCONCLUSIVE,FISHING,366940990,2.72,Stage 2,2019-10-01
41.04,-71.169998,2019-12-22,287fc1cbf-fbc0-3baa-ae98-f20768f5d10f,USA,VIKING STARSHIP,PASSENGER,PASSENGER,367661740,1,Stage 2,2019-12-01
40.9,-71.330002,2019-12-27,fd96b30e3-3f77-f437-8122-20e7744dfdb4,USA,TIMBERLINE,DREDGE_FISHING,FISHING,367071460,11.23,Stage 2,2019-12-01
41.19,-71.239998,2019-09-22,d8bbf6380-05af-2b58-ca64-97ffb1eb319f,USA,ENTERPRISE,TRAWLERS,FISHING,367590310,1.55,Stage 2,2019-09-01
41.35,-71.110001,2019-11-03,f01b02923-33f4-cf51-a193-8090ea37a925,USA,LEONARDO,FISHING,FISHING,367673740,0.88,Stage 2,2019-11-01
41.22,-71.300003,2019-09-21,d8bbf6380-05af-2b58-ca64-97ffb1eb319f,USA,ENTERPRISE,TRAWLERS,FISHING,367590310,1.67,Stage 2,2019-09-01
41.24,-71.360001,2019-09-11,d8bbf6380-05af-2b58-ca64-97ffb1eb319f,USA,ENTERPRISE,TRAWLERS,FISHING,367590310,0.96,Stage 2,2019-09-01
41.14,-71.349998,2019-12-27,e5ad57b2d-d250-3691-821a-3d9e8d932fef,USA,SEVEN B S V,TRAWLERS,FISHING,367052470,3.22,Stage 2,2019-12-01
41.15,-71.309998,2019-09-10,b91c9478b-bfa0-844e-f949-ccea31ce5ac1,USA,ELIZ AND KATHERINE,TRAWLERS,FISHING,367542540,1.46,Stage 2,2019-09-01
41.05,-71.019997,2019-09-21,90b9eaea0-018d-1eaf-4055-36b770057d04,USA,GAIL FRANCES,INCONCLUSIVE,FISHING,366940990,1.57,Stage 2,2019-09-01
41.19,-70.900002,2019-11-04,8372af007-7b7f-f7fa-4ee4-c5227c164207,USA,BLUE WAVE,FISHING,FISHING,367723140,1.08,Stage 2,2019-11-01
41.14,-71.290001,2019-09-11,b91c9478b-bfa0-844e-f949-ccea31ce5ac1,USA,ELIZ AND KATHERINE,TRAWLERS,FISHING,367542540,2.37,Stage 2,2019-09-01
41.3,-71.190002,2019-09-27,794fd7558-8f19-90e1-9d84-d52d180f5f88,USA,LADY DEE,FISHING,FISHING,368005310,10.35,Stage 2,2019-09-01
41.05,-71.389999,2019-09-08,90b9eaea0-018d-1eaf-4055-36b770057d04,USA,GAIL FRANCES,INCONCLUSIVE,FISHING,366940990,1.12,Stage 2,2019-09-01
40.95,-71.080002,2019-12-08,fd96b30e3-3f77-f437-8122-20e7744dfdb4,USA,TIMBERLINE,DREDGE_FISHING,FISHING,367071460,12.72,Stage 2,2019-12-01
41.24,-70.900002,2019-11-04,8372af007-7b7f-f7fa-4ee4-c5227c164207,USA,BLUE WAVE,FISHING,FISHING,367723140,1.11,Stage 2,2019-11-01
41.03,-71.169998,2019-09-22,90b9eaea0-018d-1eaf-4055-36b770057d04,USA,GAIL FRANCES,INCONCLUSIVE,FISHING,366940990,2.84,Stage 2,2019-09-01
41.28,-71.349998,2019-10-05,ff3830e6a-a93e-1d34-b439-f9f742984f72,USA,DARANA R,FISHING,FISHING,367174730,0.88,Stage 2,2019-10-01
41.28,-71.410004,2019-11-25,0e485544c-c215-4bf8-08d1-16d51c6fb65c,USA,ATLANTIC QUEEN,TRAWLERS,FISHING,367335230,1.64,Stage 2,2019-11-01
41.17,-70.970001,2019-09-26,30cc3b10f-fc3e-15e3-76ba-2d27aadf2933,USA,F/V ATLANTIC PRINCE,TRAWLERS,FISHING,367517140,0.56,Stage 2,2019-09-01
41.3,-71.400002,2019-10-03,ff3830e6a-a93e-1d34-b439-f9f742984f72,USA,DARANA R,FISHING,FISHING,367174730,0.67,Stage 2,2019-10-01
41.03,-71.169998,2019-11-03,90b9eaea0-018d-1eaf-4055-36b770057d04,USA,GAIL FRANCES,INCONCLUSIVE,FISHING,366940990,0.48,Stage 2,2019-11-01
41.23,-71.309998,2019-09-26,d8bbf6380-05af-2b58-ca64-97ffb1eb319f,USA,ENTERPRISE,TRAWLERS,FISHING,367590310,1.09,Stage 2,2019-09-01
40.99,-71.07,2019-09-22,fd96b30e3-3f77-f437-8122-20e7744dfdb4,USA,TIMBERLINE,DREDGE_FISHING,FISHING,367071460,2.23,Stage 2,2019-09-01
41.14,-71.32,2019-09-02,d8bbf6380-05af-2b58-ca64-97ffb1eb319f,USA,ENTERPRISE,TRAWLERS,FISHING,367590310,4.74,Stage 2,2019-09-01
40.91,-71.239998,2019-11-24,f6405ef4d-d2a7-9ddf-71f9-3f8ee67fb458,USA,CAPT JOHN,TRAWLERS,FISHING,368114490,6.37,Stage 2,2019-11-01
41.05,-71.080002,2019-10-13,90b9eaea0-018d-1eaf-4055-36b770057d04,USA,GAIL FRANCES,INCONCLUSIVE,FISHING,366940990,0.46,Stage 2,2019-10-01
41.13,-71.129997,2019-12-06,90b9eaea0-018d-1eaf-4055-36b770057d04,USA,GAIL FRANCES,INCONCLUSIVE,FISHING,366940990,1.47,Stage 2,2019-12-01
41.04,-71.230003,2019-10-13,90b9eaea0-018d-1eaf-4055-36b770057d04,USA,GAIL FRANCES,INCONCLUSIVE,FISHING,366940990,0.94,Stage 2,2019-10-01
41.18,-71.279999,2019-09-10,b91c9478b-bfa0-844e-f949-ccea31ce5ac1,USA,ELIZ AND KATHERINE,TRAWLERS,FISHING,367542540,2.04,Stage 2,2019-09-01
41.1,-71.349998,2019-09-10,138335867-750f-7b39-06ff-645add8dbdc7,USA,BROOKE ELISE,TRAWLERS,FISHING,367687740,1.11,Stage 2,2019-09-01
41.33,-71.239998,2019-10-13,c11057b39-90b8-89c0-7f09-0f5a46f8d730,USA,BELL SKY,TRAWLERS,FISHING,367637420,0.83,Stage 2,2019-10-01
41.32,-71.029999,2019-09-25,8d12aac2c-c77b-9401-6f32-e5c3e2c31f6e,USA,KELLY MARIE,FISHING,FISHING,367383970,2.75,Stage 2,2019-09-01
41.04,-71.07,2019-10-14,dac061149-9def-2b22-0c93-feee524b7099,USA,NECESSITY,POLE_AND_LINE,FISHING,366789890,0.69,Stage 2,2019-10-01
41.32,-71.019997,2019-09-25,8d12aac2c-c77b-9401-6f32-e5c3e2c31f6e,USA,KELLY MARIE,FISHING,FISHING,367383970,2.22,Stage 2,2019-09-01
41.37,-71.260002,2019-10-13,c11057b39-90b8-89c0-7f09-0f5a46f8d730,USA,BELL SKY,TRAWLERS,FISHING,367637420,0.92,Stage 2,2019-10-01
41.13,-71.129997,2019-09-21,90b9eaea0-018d-1eaf-4055-36b770057d04,USA,GAIL FRANCES,INCONCLUSIVE,FISHING,366940990,0.64,Stage 2,2019-09-01
41.14,-71.110001,2019-12-06,90b9eaea0-018d-1eaf-4055-36b770057d04,USA,GAIL FRANCES,INCONCLUSIVE,FISHING,366940990,0.83,Stage 2,2019-12-01
41.1,-71.309998,2019-09-10,d8bbf6380-05af-2b58-ca64-97ffb1eb319f,USA,ENTERPRISE,TRAWLERS,FISHING,367590310,1.03,Stage 2,2019-09-01
41.05,-71.389999,2019-11-27,90b9eaea0-018d-1eaf-4055-36b770057d04,USA,GAIL FRANCES,INCONCLUSIVE,FISHING,366940990,3.52,Stage 2,2019-11-01
40.85,-70.93,2019-12-15,da28a0113-3273-3a9f-10ab-097e617c5725,USA,JOHN & NICHOLAS,TRAWLERS,FISHING,367181750,0.55,Stage 2,2019-12-01
41.32,-71.019997,2019-10-24,419d86568-8982-aff9-21b2-d6e9a7fedeed,USA,SEVEN SEAS,NA,FISHING,367624610,0.57,Stage 2,2019-10-01
41.04,-71.279999,2019-12-27,287fc1cbf-fbc0-3baa-ae98-f20768f5d10f,USA,VIKING STARSHIP,PASSENGER,PASSENGER,367661740,1.6,Stage 2,2019-12-01
41.22,-71.330002,2019-09-10,b91c9478b-bfa0-844e-f949-ccea31ce5ac1,USA,ELIZ AND KATHERINE,TRAWLERS,FISHING,367542540,0.7,Stage 2,2019-09-01
41.08,-71.18,2019-11-24,f6405ef4d-d2a7-9ddf-71f9-3f8ee67fb458,USA,CAPT JOHN,TRAWLERS,FISHING,368114490,4.35,Stage 2,2019-11-01
41.33,-71.220001,2019-10-05,ff3830e6a-a93e-1d34-b439-f9f742984f72,USA,DARANA R,FISHING,FISHING,367174730,0.93,Stage 2,2019-10-01
41.12,-71.290001,2019-09-26,138335867-750f-7b39-06ff-645add8dbdc7,USA,BROOKE ELISE,TRAWLERS,FISHING,367687740,0.52,Stage 2,2019-09-01
41.37,-71.260002,2019-09-10,c11057b39-90b8-89c0-7f09-0f5a46f8d730,USA,BELL SKY,TRAWLERS,FISHING,367637420,0.99,Stage 2,2019-09-01
41.24,-71.269997,2019-09-26,794fd7558-8f19-90e1-9d84-d52d180f5f88,USA,LADY DEE,FISHING,FISHING,368005310,3.92,Stage 2,2019-09-01
41.04,-71.099998,2019-10-14,dac061149-9def-2b22-0c93-feee524b7099,USA,NECESSITY,POLE_AND_LINE,FISHING,366789890,0.69,Stage 2,2019-10-01
41.03,-71.169998,2019-11-04,90b9eaea0-018d-1eaf-4055-36b770057d04,USA,GAIL FRANCES,INCONCLUSIVE,FISHING,366940990,2.73,Stage 2,2019-11-01
41.32,-71.400002,2019-10-20,57a91c9b8-8c97-8e90-f9dc-1d4f609dedd3,USA,LINDA MARIE,TRAWLERS,FISHING,367588040,0.88,Stage 2,2019-10-01
41.15,-71.330002,2019-09-26,d8bbf6380-05af-2b58-ca64-97ffb1eb319f,USA,ENTERPRISE,TRAWLERS,FISHING,367590310,1.84,Stage 2,2019-09-01
41.29,-71.040001,2019-09-26,8d12aac2c-c77b-9401-6f32-e5c3e2c31f6e,USA,KELLY MARIE,FISHING,FISHING,367383970,1.34,Stage 2,2019-09-01
41.17,-70.879997,2019-11-04,8372af007-7b7f-f7fa-4ee4-c5227c164207,USA,BLUE WAVE,FISHING,FISHING,367723140,1.46,Stage 2,2019-11-01
41.38,-71.260002,2019-09-17,c11057b39-90b8-89c0-7f09-0f5a46f8d730,USA,BELL SKY,TRAWLERS,FISHING,367637420,1.07,Stage 2,2019-09-01
41.21,-71.150002,2019-12-08,90b9eaea0-018d-1eaf-4055-36b770057d04,USA,GAIL FRANCES,INCONCLUSIVE,FISHING,366940990,2.36,Stage 2,2019-12-01
41.03,-71.169998,2019-10-14,dac061149-9def-2b22-0c93-feee524b7099,USA,NECESSITY,POLE_AND_LINE,FISHING,366789890,0.66,Stage 2,2019-10-01
41.1,-71.360001,2019-09-22,d8bbf6380-05af-2b58-ca64-97ffb1eb319f,USA,ENTERPRISE,TRAWLERS,FISHING,367590310,0.88,Stage 2,2019-09-01
41.39,-71.269997,2019-09-05,6ae903a95-5315-4633-05e6-edfa6b61c787,USA,PROUD MARY,TRAWLERS,FISHING,368102540,0.83,Stage 2,2019-09-01
41.05,-71.18,2019-09-15,90b9eaea0-018d-1eaf-4055-36b770057d04,USA,GAIL FRANCES,INCONCLUSIVE,FISHING,366940990,0.43,Stage 2,2019-09-01
41.19,-71.239998,2019-09-26,138335867-750f-7b39-06ff-645add8dbdc7,USA,BROOKE ELISE,TRAWLERS,FISHING,367687740,0.38,Stage 2,2019-09-01
41.19,-71.339996,2019-09-20,d8bbf6380-05af-2b58-ca64-97ffb1eb319f,USA,ENTERPRISE,TRAWLERS,FISHING,367590310,5.97,Stage 2,2019-09-01
41.38,-71.269997,2019-09-10,c11057b39-90b8-89c0-7f09-0f5a46f8d730,USA,BELL SKY,TRAWLERS,FISHING,367637420,0.88,Stage 2,2019-09-01
41.06,-71.379997,2019-12-04,c11057b39-90b8-89c0-7f09-0f5a46f8d730,USA,BELL SKY,TRAWLERS,FISHING,367637420,5.39,Stage 2,2019-12-01
40.97,-71.360001,2019-09-24,da28a0113-3273-3a9f-10ab-097e617c5725,USA,JOHN & NICHOLAS,TRAWLERS,FISHING,367181750,1.67,Stage 2,2019-09-01
41.3,-71.279999,2019-10-05,ff3830e6a-a93e-1d34-b439-f9f742984f72,USA,DARANA R,FISHING,FISHING,367174730,1.12,Stage 2,2019-10-01
41.19,-71.260002,2019-09-26,6ae903a95-5315-4633-05e6-edfa6b61c787,USA,PROUD MARY,TRAWLERS,FISHING,368102540,1.2,Stage 2,2019-09-01
41.2,-71.279999,2019-09-21,138335867-750f-7b39-06ff-645add8dbdc7,USA,BROOKE ELISE,TRAWLERS,FISHING,367687740,1.58,Stage 2,2019-09-01
41.34,-71.309998,2019-10-13,c11057b39-90b8-89c0-7f09-0f5a46f8d730,USA,BELL SKY,TRAWLERS,FISHING,367637420,1.43,Stage 2,2019-10-01
41.18,-71.07,2019-09-26,30cc3b10f-fc3e-15e3-76ba-2d27aadf2933,USA,F/V ATLANTIC PRINCE,TRAWLERS,FISHING,367517140,0.84,Stage 2,2019-09-01
41.27,-71.220001,2019-11-03,f01b02923-33f4-cf51-a193-8090ea37a925,USA,LEONARDO,FISHING,FISHING,367673740,0.62,Stage 2,2019-11-01
41.31,-71.239998,2019-11-12,b513fa9c0-09e6-2194-0e0d-ce77aca05488,USA,MADISON III,TRAWLERS,FISHING,367560350,5.47,Stage 2,2019-11-01
41.12,-71.300003,2019-09-26,d8bbf6380-05af-2b58-ca64-97ffb1eb319f,USA,ENTERPRISE,TRAWLERS,FISHING,367590310,1.32,Stage 2,2019-09-01
41.14,-71.32,2019-12-08,b91c9478b-bfa0-844e-f949-ccea31ce5ac1,USA,ELIZ AND KATHERINE,TRAWLERS,FISHING,367542540,3.94,Stage 2,2019-12-01
41.02,-71.18,2019-11-04,90b9eaea0-018d-1eaf-4055-36b770057d04,USA,GAIL FRANCES,INCONCLUSIVE,FISHING,366940990,0.59,Stage 2,2019-11-01
41.03,-71.160004,2019-09-15,90b9eaea0-018d-1eaf-4055-36b770057d04,USA,GAIL FRANCES,INCONCLUSIVE,FISHING,366940990,1.12,Stage 2,2019-09-01
40.94,-71.389999,2019-10-29,24aa6bd14-4c09-dee0-e739-f2c477558329,USA,RUTHY L,TRAWLERS,FISHING,367503310,1.01,Stage 2,2019-10-01
41.16,-71.279999,2019-09-26,d8bbf6380-05af-2b58-ca64-97ffb1eb319f,USA,ENTERPRISE,TRAWLERS,FISHING,367590310,1.23,Stage 2,2019-09-01
41.17,-71.269997,2019-09-21,d8bbf6380-05af-2b58-ca64-97ffb1eb319f,USA,ENTERPRISE,TRAWLERS,FISHING,367590310,0.62,Stage 2,2019-09-01
40.96,-70.980003,2019-10-14,afcf4d4a1-1bf2-3cd8-05a9-d23a91e68ee9,USA,YELLOW FIN,SET_LONGLINES,FISHING,338182319,1.01,Stage 2,2019-10-01
41,-71.059998,2019-09-17,59c757235-5638-b364-a6ec-0694ac3f69c8,CAN,FISHIN ADDICTION 17,POLE_AND_LINE,FISHING,316036131,1.12,Stage 2,2019-09-01
41.21,-70.910004,2019-11-03,8372af007-7b7f-f7fa-4ee4-c5227c164207,USA,BLUE WAVE,FISHING,FISHING,367723140,0.81,Stage 2,2019-11-01
41.32,-71.040001,2019-09-22,8d12aac2c-c77b-9401-6f32-e5c3e2c31f6e,USA,KELLY MARIE,FISHING,FISHING,367383970,0.98,Stage 2,2019-09-01
41.32,-71.040001,2019-09-26,8d12aac2c-c77b-9401-6f32-e5c3e2c31f6e,USA,KELLY MARIE,FISHING,FISHING,367383970,0.98,Stage 2,2019-09-01
41.2,-71.239998,2019-09-22,d8bbf6380-05af-2b58-ca64-97ffb1eb319f,USA,ENTERPRISE,TRAWLERS,FISHING,367590310,0.65,Stage 2,2019-09-01
40.93,-70.989998,2019-11-14,96d40079d-d989-ddfc-933b-7b741b94aa42,USA,SOUTHERN CRUSADER II,TRAWLERS,FISHING,367113460,3.83,Stage 2,2019-11-01
41.37,-71.110001,2019-11-21,cb5d14ca7-7f63-40e7-c760-492ec6f726cf,USA,TRADITION,FISHING,FISHING,367134030,0.91,Stage 2,2019-11-01
41.03,-71.18,2019-09-22,90b9eaea0-018d-1eaf-4055-36b770057d04,USA,GAIL FRANCES,INCONCLUSIVE,FISHING,366940990,0.34,Stage 2,2019-09-01
41.02,-71.18,2019-10-26,90b9eaea0-018d-1eaf-4055-36b770057d04,USA,GAIL FRANCES,INCONCLUSIVE,FISHING,366940990,1.2,Stage 2,2019-10-01
41.27,-71.029999,2019-09-28,8d12aac2c-c77b-9401-6f32-e5c3e2c31f6e,USA,KELLY MARIE,FISHING,FISHING,367383970,1.07,Stage 2,2019-09-01
41.03,-71.099998,2019-09-21,90b9eaea0-018d-1eaf-4055-36b770057d04,USA,GAIL FRANCES,INCONCLUSIVE,FISHING,366940990,1.18,Stage 2,2019-09-01
41.35,-71.139999,2019-10-30,794fd7558-8f19-90e1-9d84-d52d180f5f88,USA,LADY DEE,FISHING,FISHING,368005310,0.74,Stage 2,2019-10-01
41.03,-71.169998,2019-10-26,90b9eaea0-018d-1eaf-4055-36b770057d04,USA,GAIL FRANCES,INCONCLUSIVE,FISHING,366940990,3.26,Stage 2,2019-10-01
41.33,-71.239998,2019-09-10,c11057b39-90b8-89c0-7f09-0f5a46f8d730,USA,BELL SKY,TRAWLERS,FISHING,367637420,1.19,Stage 2,2019-09-01
41.09,-71.349998,2019-09-10,b91c9478b-bfa0-844e-f949-ccea31ce5ac1,USA,ELIZ AND KATHERINE,TRAWLERS,FISHING,367542540,1.16,Stage 2,2019-09-01
41.03,-70.93,2019-10-30,64f8791bc-c72c-3f0a-8f9e-ed3204e866af,USA,MCKINLEY,FISHING,FISHING,366739960,1.23,Stage 2,2019-10-01
40.85,-70.889999,2019-09-26,35eb371c0-088a-1382-098a-c7fea019d959,USA,STARBRITE,FISHING,FISHING,367707710,0.79,Stage 2,2019-09-01
41.31,-71.400002,2019-10-20,57a91c9b8-8c97-8e90-f9dc-1d4f609dedd3,USA,LINDA MARIE,TRAWLERS,FISHING,367588040,2.21,Stage 2,2019-10-01
41.18,-71.269997,2019-09-10,d8bbf6380-05af-2b58-ca64-97ffb1eb319f,USA,ENTERPRISE,TRAWLERS,FISHING,367590310,1.1,Stage 2,2019-09-01
41.29,-71.18,2019-11-03,f01b02923-33f4-cf51-a193-8090ea37a925,USA,LEONARDO,FISHING,FISHING,367673740,0.61,Stage 2,2019-11-01
40.92,-71.029999,2019-11-14,96d40079d-d989-ddfc-933b-7b741b94aa42,USA,SOUTHERN CRUSADER II,TRAWLERS,FISHING,367113460,6.62,Stage 2,2019-11-01
41.13,-71.300003,2019-09-26,138335867-750f-7b39-06ff-645add8dbdc7,USA,BROOKE ELISE,TRAWLERS,FISHING,367687740,1.53,Stage 2,2019-09-01
41.05,-71.07,2019-12-28,287fc1cbf-fbc0-3baa-ae98-f20768f5d10f,USA,VIKING STARSHIP,PASSENGER,PASSENGER,367661740,0.76,Stage 2,2019-12-01
40.96,-71.269997,2019-09-21,7973cf6f1-120d-8b41-7739-b9f7cab95a2f,USA,BLACKBEARD,TRAWLERS,FISHING,367730450,1.14,Stage 2,2019-09-01
41.14,-71.349998,2019-12-28,e5ad57b2d-d250-3691-821a-3d9e8d932fef,USA,SEVEN B S V,TRAWLERS,FISHING,367052470,3.14,Stage 2,2019-12-01
41.31,-71.400002,2019-10-22,6ae903a95-5315-4633-05e6-edfa6b61c787,USA,PROUD MARY,TRAWLERS,FISHING,368102540,1.07,Stage 2,2019-10-01
41.32,-71.029999,2019-09-29,8d12aac2c-c77b-9401-6f32-e5c3e2c31f6e,USA,KELLY MARIE,FISHING,FISHING,367383970,5.75,Stage 2,2019-09-01
41.29,-71.129997,2019-10-21,d7832e5ee-e258-fb10-0dad-d9758a4eb42b,USA,HANNAH BODEN,FISHING,FISHING,366951350,0.67,Stage 2,2019-10-01
40.97,-70.919998,2019-10-30,64f8791bc-c72c-3f0a-8f9e-ed3204e866af,USA,MCKINLEY,FISHING,FISHING,366739960,3.8,Stage 2,2019-10-01
41.19,-71.239998,2019-09-26,b91c9478b-bfa0-844e-f949-ccea31ce5ac1,USA,ELIZ AND KATHERINE,TRAWLERS,FISHING,367542540,2.27,Stage 2,2019-09-01
41.24,-70.980003,2019-11-03,8372af007-7b7f-f7fa-4ee4-c5227c164207,USA,BLUE WAVE,FISHING,FISHING,367723140,0.91,Stage 2,2019-11-01
41.36,-71.139999,2019-09-23,a60bb8c1a-a9cd-5892-2581-2bea9933c8e0,USA,NEW SEA ROVER,TRAWLERS,FISHING,367346010,0.37,Stage 2,2019-09-01
41.02,-71.330002,2019-12-27,287fc1cbf-fbc0-3baa-ae98-f20768f5d10f,USA,VIKING STARSHIP,PASSENGER,PASSENGER,367661740,1.42,Stage 2,2019-12-01
41.21,-71.150002,2019-12-28,90b9eaea0-018d-1eaf-4055-36b770057d04,USA,GAIL FRANCES,INCONCLUSIVE,FISHING,366940990,0.45,Stage 2,2019-12-01
41.28,-71.410004,2019-09-22,cf82ed35c-c219-f8c2-745a-24c38db5d7cf,USA,BLACK SHEEP,TRAWLERS,FISHING,366831480,0.87,Stage 2,2019-09-01
41.03,-71.169998,2019-12-22,287fc1cbf-fbc0-3baa-ae98-f20768f5d10f,USA,VIKING STARSHIP,PASSENGER,PASSENGER,367661740,2.65,Stage 2,2019-12-01
41.2,-70.910004,2019-11-04,8372af007-7b7f-f7fa-4ee4-c5227c164207,USA,BLUE WAVE,FISHING,FISHING,367723140,1.49,Stage 2,2019-11-01
41.14,-71.300003,2019-09-26,6ae903a95-5315-4633-05e6-edfa6b61c787,USA,PROUD MARY,TRAWLERS,FISHING,368102540,1.42,Stage 2,2019-09-01
41.03,-71.18,2019-12-28,287fc1cbf-fbc0-3baa-ae98-f20768f5d10f,USA,VIKING STARSHIP,PASSENGER,PASSENGER,367661740,2.06,Stage 2,2019-12-01
41.12,-71.300003,2020-10-02,138335867-750f-7b39-06ff-645add8dbdc7,USA,BROOKE ELISE,TRAWLERS,FISHING,367687740,2.55,Stage 2,2020-10-01
41.18,-71.279999,2020-07-28,d8bbf6380-05af-2b58-ca64-97ffb1eb319f,USA,ENTERPRISE,TRAWLERS,FISHING,367590310,0.34,Stage 2,2020-07-01
40.92,-71.290001,2020-01-02,0409d3e30-06fb-7dac-0e26-fbeae39606ab,USA,MARTHA ROSE,TRAWLERS,FISHING,368120430,2.43,Stage 2,2020-01-01
41.13,-71.32,2020-08-19,c9804fdb4-469e-7f30-0a3f-044b6cc74b65,USA,KAREN ANN,SET_GILLNETS,FISHING,367105250,0.57,Stage 2,2020-08-01
41.32,-71.010002,2020-09-03,8f987fea1-1754-c256-8d02-c8079a35624d,USA,RAYNA AND KERSTIN,TRAWLERS,FISHING,368102710,0.46,Stage 2,2020-09-01
41.25,-71.209999,2020-08-14,d8bbf6380-05af-2b58-ca64-97ffb1eb319f,USA,ENTERPRISE,TRAWLERS,FISHING,367590310,0.63,Stage 2,2020-08-01
41.06,-70.779999,2020-06-07,ad22a3fa5-5371-ddc3-4b45-7d536d49e01e,USA,EVENING PRAYER,FISHING,FISHING,367377130,0.53,Stage 2,2020-06-01
41.24,-71.279999,2020-10-02,138335867-750f-7b39-06ff-645add8dbdc7,USA,BROOKE ELISE,TRAWLERS,FISHING,367687740,1,Stage 2,2020-10-01
41.38,-71.269997,2020-06-01,c11057b39-90b8-89c0-7f09-0f5a46f8d730,USA,BELL SKY,TRAWLERS,FISHING,367637420,0.95,Stage 2,2020-06-01
41.12,-71.300003,2020-08-20,6d414bc32-25f1-a36c-badb-1aa96fde74dd,USA,CAPT  SEAWEED,TRAWLERS,FISHING,368092280,2.76,Stage 2,2020-08-01
41.15,-71.290001,2020-10-21,138335867-750f-7b39-06ff-645add8dbdc7,USA,BROOKE ELISE,TRAWLERS,FISHING,367687740,0.97,Stage 2,2020-10-01
41.11,-71.300003,2020-10-16,dc7503a12-2012-2b23-c830-41a97164309d,USA,CHARLIES PRIDE,TRAWLERS,FISHING,366472920,0.96,Stage 2,2020-10-01
40.89,-71.300003,2020-01-29,fd96b30e3-3f77-f437-8122-20e7744dfdb4,USA,TIMBERLINE,DREDGE_FISHING,FISHING,367071460,1.2,Stage 2,2020-01-01
41.36,-71.25,2020-06-08,c11057b39-90b8-89c0-7f09-0f5a46f8d730,USA,BELL SKY,TRAWLERS,FISHING,367637420,0.92,Stage 2,2020-06-01
41.13,-71.300003,2020-10-06,d8bbf6380-05af-2b58-ca64-97ffb1eb319f,USA,ENTERPRISE,TRAWLERS,FISHING,367590310,1.9,Stage 2,2020-10-01
41.17,-71.269997,2020-07-27,d8bbf6380-05af-2b58-ca64-97ffb1eb319f,USA,ENTERPRISE,TRAWLERS,FISHING,367590310,1.15,Stage 2,2020-07-01
41.14,-71.290001,2020-08-25,d2d6e0603-3a0e-48f4-32d2-a4d0565980c7,USA,MATTIE AND MAREN,TRAWLERS,FISHING,367415240,0.86,Stage 2,2020-08-01
41.38,-71.269997,2020-11-09,c11057b39-90b8-89c0-7f09-0f5a46f8d730,USA,BELL SKY,TRAWLERS,FISHING,367637420,1.11,Stage 2,2020-11-01
41.15,-71.300003,2020-07-29,c9804fdb4-469e-7f30-0a3f-044b6cc74b65,USA,KAREN ANN,SET_GILLNETS,FISHING,367105250,0.56,Stage 2,2020-07-01
41.05,-71.169998,2020-09-26,dac061149-9def-2b22-0c93-feee524b7099,USA,NECESSITY,POLE_AND_LINE,FISHING,366789890,2.66,Stage 2,2020-09-01
41.13,-71.300003,2020-10-04,138335867-750f-7b39-06ff-645add8dbdc7,USA,BROOKE ELISE,TRAWLERS,FISHING,367687740,2.67,Stage 2,2020-10-01
41.03,-71.379997,2020-11-14,d2d6e0603-3a0e-48f4-32d2-a4d0565980c7,USA,MATTIE AND MAREN,TRAWLERS,FISHING,367415240,0.75,Stage 2,2020-11-01
41.24,-71.089996,2020-06-18,b91c9478b-bfa0-844e-f949-ccea31ce5ac1,USA,ELIZ AND KATHERINE,TRAWLERS,FISHING,367542540,5.16,Stage 2,2020-06-01
40.91,-71.309998,2020-07-28,fd96b30e3-3f77-f437-8122-20e7744dfdb4,USA,TIMBERLINE,DREDGE_FISHING,FISHING,367071460,0.36,Stage 2,2020-07-01
41.05,-71.389999,2020-11-09,90b9eaea0-018d-1eaf-4055-36b770057d04,USA,GAIL FRANCES,INCONCLUSIVE,FISHING,366940990,4.1,Stage 2,2020-11-01
41.32,-71.050003,2020-05-16,cb1896d57-70fe-6792-627a-778aa3871f52,USA,QUINBY ALLIE,TRAWLERS,FISHING,368103130,1.19,Stage 2,2020-05-01
41.36,-71.25,2020-11-10,c11057b39-90b8-89c0-7f09-0f5a46f8d730,USA,BELL SKY,TRAWLERS,FISHING,367637420,0.93,Stage 2,2020-11-01
41.29,-71.370003,2020-10-02,cec008aa2-264e-d098-8f9d-11769636d229,USA,KELSI & MORGAN,TRAWLERS,FISHING,338386525,16.31,Stage 2,2020-10-01
41.12,-71.300003,2020-10-20,d8bbf6380-05af-2b58-ca64-97ffb1eb319f,USA,ENTERPRISE,TRAWLERS,FISHING,367590310,2,Stage 2,2020-10-01
41.2,-71.239998,2020-09-24,d2d6e0603-3a0e-48f4-32d2-a4d0565980c7,USA,MATTIE AND MAREN,TRAWLERS,FISHING,367415240,0.39,Stage 2,2020-09-01
40.88,-71.349998,2020-07-27,fd96b30e3-3f77-f437-8122-20e7744dfdb4,USA,TIMBERLINE,DREDGE_FISHING,FISHING,367071460,1.51,Stage 2,2020-07-01
41.23,-71.190002,2020-06-25,d2d6e0603-3a0e-48f4-32d2-a4d0565980c7,USA,MATTIE AND MAREN,TRAWLERS,FISHING,367415240,0.57,Stage 2,2020-06-01
41.12,-71.330002,2020-10-02,44752569c-c00c-da61-1898-4d62b6314a40,USA,VIRGINIA MARISE,TRAWLERS,FISHING,367145360,0.97,Stage 2,2020-10-01
40.88,-71.330002,2020-05-17,a45b489d0-00f1-5dc5-64d8-6d681d72b4ba,USA,LADY BRITTANY,TRAWLERS,FISHING,366983260,3.1,Stage 2,2020-05-01
41.06,-71.389999,2020-01-02,0409d3e30-06fb-7dac-0e26-fbeae39606ab,USA,MARTHA ROSE,TRAWLERS,FISHING,368120430,1.52,Stage 2,2020-01-01
41.05,-71.389999,2020-11-08,90b9eaea0-018d-1eaf-4055-36b770057d04,USA,GAIL FRANCES,INCONCLUSIVE,FISHING,366940990,2.95,Stage 2,2020-11-01
40.97,-70.800003,2020-10-15,389637863-3481-a9e0-f2fa-26caa690db3f,USA,IBERIA II,TRAWLERS,FISHING,367455330,7.84,Stage 2,2020-10-01
41.39,-71.269997,2020-11-11,c11057b39-90b8-89c0-7f09-0f5a46f8d730,USA,BELL SKY,TRAWLERS,FISHING,367637420,1.12,Stage 2,2020-11-01
41.26,-71.290001,2020-09-05,801708294-444d-635b-257a-9ba1ab825c3d,USA,M.F. HY-GRADER,TRAWLERS,FISHING,368088750,4.93,Stage 2,2020-09-01
40.91,-71.279999,2020-05-18,a45b489d0-00f1-5dc5-64d8-6d681d72b4ba,USA,LADY BRITTANY,TRAWLERS,FISHING,366983260,1.55,Stage 2,2020-05-01
41.31,-71.379997,2020-08-21,c9804fdb4-469e-7f30-0a3f-044b6cc74b65,USA,KAREN ANN,SET_GILLNETS,FISHING,367105250,17.51,Stage 2,2020-08-01
41.33,-71.209999,2020-06-04,bcdb1c19c-c908-47d9-0a87-08b9ae8d10a3,USA,F/V BLUE COVE,TRAWLERS,FISHING,367669960,1.05,Stage 2,2020-06-01
41.21,-71.290001,2020-08-13,138335867-750f-7b39-06ff-645add8dbdc7,USA,BROOKE ELISE,TRAWLERS,FISHING,367687740,2.47,Stage 2,2020-08-01
41.14,-71.32,2020-07-24,d8bbf6380-05af-2b58-ca64-97ffb1eb319f,USA,ENTERPRISE,TRAWLERS,FISHING,367590310,0.79,Stage 2,2020-07-01
41.31,-71.389999,2020-07-05,d2d6e0603-3a0e-48f4-32d2-a4d0565980c7,USA,MATTIE AND MAREN,TRAWLERS,FISHING,367415240,1.19,Stage 2,2020-07-01
41.14,-71.349998,2020-11-19,90b9eaea0-018d-1eaf-4055-36b770057d04,USA,GAIL FRANCES,INCONCLUSIVE,FISHING,366940990,2.19,Stage 2,2020-11-01
41.12,-71.139999,2020-07-23,5a7bd0854-4b15-d8e8-585b-13287e33e124,USA,MARGARET HOLLEY,TRAWLERS,FISHING,367401480,1.19,Stage 2,2020-07-01
41.1,-71.349998,2020-08-11,d2d6e0603-3a0e-48f4-32d2-a4d0565980c7,USA,MATTIE AND MAREN,TRAWLERS,FISHING,367415240,1.08,Stage 2,2020-08-01
40.93,-70.790001,2020-11-24,d5e80b7a9-9be3-be2a-f20f-a12a5301f27f,USA,GABBY G,TRAWLERS,FISHING,367720810,5.33,Stage 2,2020-11-01
41.12,-71.330002,2020-10-06,cec008aa2-264e-d098-8f9d-11769636d229,USA,KELSI & MORGAN,TRAWLERS,FISHING,338386525,1.13,Stage 2,2020-10-01
40.93,-71.360001,2020-03-12,0c5aded4c-cbdc-435c-3a09-a261df2e531a,USA,EXPLORER,POLE_AND_LINE,FISHING,368008390,1.41,Stage 2,2020-03-01
41.14,-71.290001,2020-09-24,d2d6e0603-3a0e-48f4-32d2-a4d0565980c7,USA,MATTIE AND MAREN,TRAWLERS,FISHING,367415240,1.5,Stage 2,2020-09-01
41.24,-71.099998,2020-05-18,d8bbf6380-05af-2b58-ca64-97ffb1eb319f,USA,ENTERPRISE,TRAWLERS,FISHING,367590310,0.72,Stage 2,2020-05-01
41.11,-71.339996,2020-10-09,cec008aa2-264e-d098-8f9d-11769636d229,USA,KELSI & MORGAN,TRAWLERS,FISHING,338386525,1.12,Stage 2,2020-10-01
41.1,-71.360001,2020-10-09,cec008aa2-264e-d098-8f9d-11769636d229,USA,KELSI & MORGAN,TRAWLERS,FISHING,338386525,1.23,Stage 2,2020-10-01
41.37,-71.110001,2020-07-09,d2d6e0603-3a0e-48f4-32d2-a4d0565980c7,USA,MATTIE AND MAREN,TRAWLERS,FISHING,367415240,0.42,Stage 2,2020-07-01
41.16,-71.300003,2020-11-14,d2d6e0603-3a0e-48f4-32d2-a4d0565980c7,USA,MATTIE AND MAREN,TRAWLERS,FISHING,367415240,1.42,Stage 2,2020-11-01
41.23,-71.349998,2020-10-17,410f103b3-3bf1-c50e-50ee-18fb85c0b8b9,USA,RAYDA CHERAMIE,FISHING,FISHING,366947090,0.97,Stage 2,2020-10-01
41.15,-71.309998,2020-11-18,d2d6e0603-3a0e-48f4-32d2-a4d0565980c7,USA,MATTIE AND MAREN,TRAWLERS,FISHING,367415240,1.47,Stage 2,2020-11-01
41.24,-71.110001,2020-05-22,d8bbf6380-05af-2b58-ca64-97ffb1eb319f,USA,ENTERPRISE,TRAWLERS,FISHING,367590310,4.57,Stage 2,2020-05-01
41.05,-71.389999,2020-10-24,90b9eaea0-018d-1eaf-4055-36b770057d04,USA,GAIL FRANCES,INCONCLUSIVE,FISHING,366940990,3.77,Stage 2,2020-10-01
41.19,-71.349998,2020-08-13,c9804fdb4-469e-7f30-0a3f-044b6cc74b65,USA,KAREN ANN,SET_GILLNETS,FISHING,367105250,4.21,Stage 2,2020-08-01
41.02,-70.720001,2020-08-07,d8bbf6380-05af-2b58-ca64-97ffb1eb319f,USA,ENTERPRISE,TRAWLERS,FISHING,367590310,1.19,Stage 2,2020-08-01
40.85,-70.900002,2020-10-14,410f103b3-3bf1-c50e-50ee-18fb85c0b8b9,USA,RAYDA CHERAMIE,FISHING,FISHING,366947090,4.62,Stage 2,2020-10-01
40.85,-70.989998,2020-06-09,d0eedd395-565b-d998-24e7-e6095fdc296f,USA,SHAMROCK,SET_GILLNETS,FISHING,367396080,0.89,Stage 2,2020-06-01
41.22,-71.199997,2020-08-04,d8bbf6380-05af-2b58-ca64-97ffb1eb319f,USA,ENTERPRISE,TRAWLERS,FISHING,367590310,1.98,Stage 2,2020-08-01
41.1,-71.360001,2020-11-29,d2d6e0603-3a0e-48f4-32d2-a4d0565980c7,USA,MATTIE AND MAREN,TRAWLERS,FISHING,367415240,0.93,Stage 2,2020-11-01
41.12,-71.279999,2020-08-22,6d414bc32-25f1-a36c-badb-1aa96fde74dd,USA,CAPT  SEAWEED,TRAWLERS,FISHING,368092280,1.51,Stage 2,2020-08-01
41.03,-71.18,2020-10-11,fda33ad3b-b3d7-9afb-257d-126bd7b77f81,USA,LADY FRANCES,INCONCLUSIVE,FISHING,367155670,1.44,Stage 2,2020-10-01
41.36,-71.160004,2020-08-09,dd6eb6d60-0fea-40b3-82c4-6fd4fe4b2e7c,USA,SEVEN SEAS,TRAWLERS,FISHING,367624610,0.38,Stage 2,2020-08-01
41.32,-70.989998,2020-06-28,dd6eb6d60-0fea-40b3-82c4-6fd4fe4b2e7c,USA,SEVEN SEAS,TRAWLERS,FISHING,367624610,0.62,Stage 2,2020-06-01
40.91,-71.129997,2020-06-15,49acdf0f9-9904-5bfe-8b88-6a05cbcda2ce,USA,STARLIGHT,TRAWLERS,FISHING,367674070,1.17,Stage 2,2020-06-01
40.92,-71.309998,2020-08-30,49acdf0f9-9904-5bfe-8b88-6a05cbcda2ce,USA,STARLIGHT,TRAWLERS,FISHING,367674070,1.48,Stage 2,2020-08-01
41.12,-71.330002,2020-08-12,d8bbf6380-05af-2b58-ca64-97ffb1eb319f,USA,ENTERPRISE,TRAWLERS,FISHING,367590310,2.6,Stage 2,2020-08-01
41.07,-71.389999,2020-01-02,0409d3e30-06fb-7dac-0e26-fbeae39606ab,USA,MARTHA ROSE,TRAWLERS,FISHING,368120430,1.78,Stage 2,2020-01-01
40.91,-71.150002,2020-06-21,a45b489d0-00f1-5dc5-64d8-6d681d72b4ba,USA,LADY BRITTANY,TRAWLERS,FISHING,366983260,1.36,Stage 2,2020-06-01
41.19,-71.239998,2020-10-21,d8bbf6380-05af-2b58-ca64-97ffb1eb319f,USA,ENTERPRISE,TRAWLERS,FISHING,367590310,1.41,Stage 2,2020-10-01
41.2,-71.25,2020-06-27,e835426b5-5325-4b79-ca28-832b6de511b0,USA,CONOR AND MICHAEL,TRAWLERS,FISHING,367301540,1.11,Stage 2,2020-06-01
41.13,-71.309998,2020-08-06,c9804fdb4-469e-7f30-0a3f-044b6cc74b65,USA,KAREN ANN,SET_GILLNETS,FISHING,367105250,0.61,Stage 2,2020-08-01
41.31,-71.080002,2020-05-15,96387fde5-5d6d-7a69-ebed-0257ec09882a,USA,BELLA SKY,TRAWLERS,FISHING,367784820,0.87,Stage 2,2020-05-01
41.1,-71.349998,2020-11-04,cec008aa2-264e-d098-8f9d-11769636d229,USA,KELSI & MORGAN,TRAWLERS,FISHING,338386525,0.83,Stage 2,2020-11-01
40.96,-71.279999,2020-09-02,49acdf0f9-9904-5bfe-8b88-6a05cbcda2ce,USA,STARLIGHT,TRAWLERS,FISHING,367674070,4.92,Stage 2,2020-09-01
41.15,-70.739998,2020-07-26,6d414bc32-25f1-a36c-badb-1aa96fde74dd,USA,CAPT  SEAWEED,TRAWLERS,FISHING,368092280,0.54,Stage 2,2020-07-01
41.3,-71.400002,2020-08-14,d2d6e0603-3a0e-48f4-32d2-a4d0565980c7,USA,MATTIE AND MAREN,TRAWLERS,FISHING,367415240,1.02,Stage 2,2020-08-01
40.95,-71.309998,2020-11-10,d2d6e0603-3a0e-48f4-32d2-a4d0565980c7,USA,MATTIE AND MAREN,TRAWLERS,FISHING,367415240,0.95,Stage 2,2020-11-01
41.01,-71.339996,2020-06-10,ed62588e9-9a07-613d-f833-9937e65b1082,USA,BRIZO,FISHING,FISHING,367753640,2.52,Stage 2,2020-06-01
41.05,-70.849998,2020-06-13,29a1a5b1f-f9c5-0b2e-14d0-105454e62b36,USA,SEA DANCER,SET_GILLNETS,FISHING,338181423,1.27,Stage 2,2020-06-01
41.16,-71.269997,2020-08-22,6d414bc32-25f1-a36c-badb-1aa96fde74dd,USA,CAPT  SEAWEED,TRAWLERS,FISHING,368092280,1.81,Stage 2,2020-08-01
40.91,-71.190002,2020-04-26,a45b489d0-00f1-5dc5-64d8-6d681d72b4ba,USA,LADY BRITTANY,TRAWLERS,FISHING,366983260,0.88,Stage 2,2020-04-01
40.95,-71.370003,2020-09-02,49acdf0f9-9904-5bfe-8b88-6a05cbcda2ce,USA,STARLIGHT,TRAWLERS,FISHING,367674070,7.99,Stage 2,2020-09-01
41.36,-71.129997,2020-09-02,dd6eb6d60-0fea-40b3-82c4-6fd4fe4b2e7c,USA,SEVEN SEAS,TRAWLERS,FISHING,367624610,0.51,Stage 2,2020-09-01
41.14,-71.360001,2020-07-21,105c9fe5e-ec0f-e936-5ea9-32c81faf5333,USA,EASY WIND,FISHING,FISHING,368086440,0.58,Stage 2,2020-07-01
41.3,-71.07,2020-05-15,cb1896d57-70fe-6792-627a-778aa3871f52,USA,QUINBY ALLIE,TRAWLERS,FISHING,368103130,1.1,Stage 2,2020-05-01
40.91,-71.080002,2020-06-21,a45b489d0-00f1-5dc5-64d8-6d681d72b4ba,USA,LADY BRITTANY,TRAWLERS,FISHING,366983260,0.87,Stage 2,2020-06-01
41.03,-71.18,2020-10-09,90b9eaea0-018d-1eaf-4055-36b770057d04,USA,GAIL FRANCES,INCONCLUSIVE,FISHING,366940990,2.15,Stage 2,2020-10-01
41.24,-71.099998,2020-06-18,d8bbf6380-05af-2b58-ca64-97ffb1eb319f,USA,ENTERPRISE,TRAWLERS,FISHING,367590310,1.86,Stage 2,2020-06-01
41.1,-71.290001,2020-10-09,138335867-750f-7b39-06ff-645add8dbdc7,USA,BROOKE ELISE,TRAWLERS,FISHING,367687740,3.01,Stage 2,2020-10-01
41.33,-71.239998,2020-11-19,c11057b39-90b8-89c0-7f09-0f5a46f8d730,USA,BELL SKY,TRAWLERS,FISHING,367637420,1.55,Stage 2,2020-11-01
41.2,-71.260002,2020-08-26,6d414bc32-25f1-a36c-badb-1aa96fde74dd,USA,CAPT  SEAWEED,TRAWLERS,FISHING,368092280,1.84,Stage 2,2020-08-01
41.18,-71.349998,2020-12-18,59d8ab6e8-88ae-3379-7957-c3cf5af17475,USA,HOPE AND SYDNEY,TRAWLERS,FISHING,367084070,0.94,Stage 2,2020-12-01
41,-71.150002,2020-06-12,27b1b25c5-5c87-d760-1c00-53752cdf5bcf,USA,SEAFARER,TRAWLERS,FISHING,367179650,1.38,Stage 2,2020-06-01
41.18,-71.260002,2020-10-21,d8bbf6380-05af-2b58-ca64-97ffb1eb319f,USA,ENTERPRISE,TRAWLERS,FISHING,367590310,0.88,Stage 2,2020-10-01
41.37,-71.260002,2020-10-05,c11057b39-90b8-89c0-7f09-0f5a46f8d730,USA,BELL SKY,TRAWLERS,FISHING,367637420,1.14,Stage 2,2020-10-01
41.05,-71.379997,2020-10-21,cec008aa2-264e-d098-8f9d-11769636d229,USA,KELSI & MORGAN,TRAWLERS,FISHING,338386525,0.56,Stage 2,2020-10-01
41.24,-71.129997,2020-06-03,d8bbf6380-05af-2b58-ca64-97ffb1eb319f,USA,ENTERPRISE,TRAWLERS,FISHING,367590310,1.08,Stage 2,2020-06-01
41.3,-70.970001,2020-05-20,cb1896d57-70fe-6792-627a-778aa3871f52,USA,QUINBY ALLIE,TRAWLERS,FISHING,368103130,1,Stage 2,2020-05-01
41.19,-71.239998,2020-08-21,d2d6e0603-3a0e-48f4-32d2-a4d0565980c7,USA,MATTIE AND MAREN,TRAWLERS,FISHING,367415240,0.53,Stage 2,2020-08-01
41.07,-71.379997,2020-11-17,c11057b39-90b8-89c0-7f09-0f5a46f8d730,USA,BELL SKY,TRAWLERS,FISHING,367637420,2.8,Stage 2,2020-11-01
41.13,-71.300003,2020-05-05,d8bbf6380-05af-2b58-ca64-97ffb1eb319f,USA,ENTERPRISE,TRAWLERS,FISHING,367590310,7.19,Stage 2,2020-05-01
41.27,-71.099998,2020-07-27,138335867-750f-7b39-06ff-645add8dbdc7,USA,BROOKE ELISE,TRAWLERS,FISHING,367687740,2.79,Stage 2,2020-07-01
41.12,-71.32,2020-08-20,c9804fdb4-469e-7f30-0a3f-044b6cc74b65,USA,KAREN ANN,SET_GILLNETS,FISHING,367105250,1.03,Stage 2,2020-08-01
41.34,-71.239998,2020-11-10,c11057b39-90b8-89c0-7f09-0f5a46f8d730,USA,BELL SKY,TRAWLERS,FISHING,367637420,4.54,Stage 2,2020-11-01
41.14,-71.290001,2020-08-26,6d414bc32-25f1-a36c-badb-1aa96fde74dd,USA,CAPT  SEAWEED,TRAWLERS,FISHING,368092280,0.42,Stage 2,2020-08-01
41.37,-71.260002,2020-10-27,c11057b39-90b8-89c0-7f09-0f5a46f8d730,USA,BELL SKY,TRAWLERS,FISHING,367637420,0.82,Stage 2,2020-10-01
40.91,-70.949997,2020-06-09,d0eedd395-565b-d998-24e7-e6095fdc296f,USA,SHAMROCK,SET_GILLNETS,FISHING,367396080,0.57,Stage 2,2020-06-01
41.03,-71.18,2020-12-11,287fc1cbf-fbc0-3baa-ae98-f20768f5d10f,USA,VIKING STARSHIP,PASSENGER,PASSENGER,367661740,0.49,Stage 2,2020-12-01
40.9,-71.339996,2020-03-12,0c5aded4c-cbdc-435c-3a09-a261df2e531a,USA,EXPLORER,POLE_AND_LINE,FISHING,368008390,0.53,Stage 2,2020-03-01
41.15,-71.290001,2020-09-23,d2d6e0603-3a0e-48f4-32d2-a4d0565980c7,USA,MATTIE AND MAREN,TRAWLERS,FISHING,367415240,1.9,Stage 2,2020-09-01
41.16,-71.279999,2020-06-04,d8bbf6380-05af-2b58-ca64-97ffb1eb319f,USA,ENTERPRISE,TRAWLERS,FISHING,367590310,1.84,Stage 2,2020-06-01
40.92,-71.330002,2020-08-30,49acdf0f9-9904-5bfe-8b88-6a05cbcda2ce,USA,STARLIGHT,TRAWLERS,FISHING,367674070,3.3,Stage 2,2020-08-01
41.14,-71.290001,2020-08-06,d8bbf6380-05af-2b58-ca64-97ffb1eb319f,USA,ENTERPRISE,TRAWLERS,FISHING,367590310,0.88,Stage 2,2020-08-01
40.87,-70.949997,2020-06-09,d0eedd395-565b-d998-24e7-e6095fdc296f,USA,SHAMROCK,SET_GILLNETS,FISHING,367396080,4.27,Stage 2,2020-06-01
41.31,-71.059998,2020-05-15,cb1896d57-70fe-6792-627a-778aa3871f52,USA,QUINBY ALLIE,TRAWLERS,FISHING,368103130,1.17,Stage 2,2020-05-01
41.31,-71.089996,2020-05-19,cb1896d57-70fe-6792-627a-778aa3871f52,USA,QUINBY ALLIE,TRAWLERS,FISHING,368103130,0.76,Stage 2,2020-05-01
41.03,-70.769997,2020-06-09,b562e83d9-9a4c-e7a9-3ac1-bd289fc0c328,USA,GREAT PUMPKIN,SET_GILLNETS,FISHING,338126698,0.99,Stage 2,2020-06-01
41.2,-71.230003,2020-07-27,b91c9478b-bfa0-844e-f949-ccea31ce5ac1,USA,ELIZ AND KATHERINE,TRAWLERS,FISHING,367542540,3.78,Stage 2,2020-07-01
40.94,-71.370003,2020-09-01,49acdf0f9-9904-5bfe-8b88-6a05cbcda2ce,USA,STARLIGHT,TRAWLERS,FISHING,367674070,8.13,Stage 2,2020-09-01
40.99,-71.120003,2020-06-02,49acdf0f9-9904-5bfe-8b88-6a05cbcda2ce,USA,STARLIGHT,TRAWLERS,FISHING,367674070,1.53,Stage 2,2020-06-01
41.01,-70.830002,2020-06-09,29a1a5b1f-f9c5-0b2e-14d0-105454e62b36,USA,SEA DANCER,SET_GILLNETS,FISHING,338181423,0.92,Stage 2,2020-06-01
41.22,-71.18,2020-06-17,138335867-750f-7b39-06ff-645add8dbdc7,USA,BROOKE ELISE,TRAWLERS,FISHING,367687740,1.04,Stage 2,2020-06-01
41.24,-71.120003,2020-06-25,138335867-750f-7b39-06ff-645add8dbdc7,USA,BROOKE ELISE,TRAWLERS,FISHING,367687740,0.58,Stage 2,2020-06-01
41.03,-71.18,2020-10-14,fda33ad3b-b3d7-9afb-257d-126bd7b77f81,USA,LADY FRANCES,INCONCLUSIVE,FISHING,367155670,1.51,Stage 2,2020-10-01
41.22,-71.25,2020-10-25,ba25e8c61-10ee-2748-6c9f-6002fc91bf2f,USA,JEAN MARIE,TRAWLERS,FISHING,367379110,0.88,Stage 2,2020-10-01
40.91,-71.110001,2020-06-09,a45b489d0-00f1-5dc5-64d8-6d681d72b4ba,USA,LADY BRITTANY,TRAWLERS,FISHING,366983260,1.89,Stage 2,2020-06-01
41.21,-71.209999,2020-06-17,d8bbf6380-05af-2b58-ca64-97ffb1eb319f,USA,ENTERPRISE,TRAWLERS,FISHING,367590310,1.36,Stage 2,2020-06-01
41.13,-71.32,2020-11-21,d2d6e0603-3a0e-48f4-32d2-a4d0565980c7,USA,MATTIE AND MAREN,TRAWLERS,FISHING,367415240,0.87,Stage 2,2020-11-01
40.81,-71.07,2020-06-12,25d7974a8-8ecf-4379-9b08-45e731dd11c9,USA,SAKONNET LOBSTER 2,POLE_AND_LINE,FISHING,338337752,1.03,Stage 2,2020-06-01
40.92,-71.32,2020-08-31,49acdf0f9-9904-5bfe-8b88-6a05cbcda2ce,USA,STARLIGHT,TRAWLERS,FISHING,367674070,1.47,Stage 2,2020-08-01
40.96,-70.919998,2020-10-15,389637863-3481-a9e0-f2fa-26caa690db3f,USA,IBERIA II,TRAWLERS,FISHING,367455330,3.12,Stage 2,2020-10-01
40.82,-70.980003,2020-06-09,d0eedd395-565b-d998-24e7-e6095fdc296f,USA,SHAMROCK,SET_GILLNETS,FISHING,367396080,2.75,Stage 2,2020-06-01
41.35,-71.25,2020-07-19,b5c8f14ac-cc19-ce97-1589-8ed6d3b58f48,USA,STEPHANIE BRYAN,FISHING,FISHING,367428520,0.75,Stage 2,2020-07-01
41.03,-71.169998,2020-10-02,90b9eaea0-018d-1eaf-4055-36b770057d04,USA,GAIL FRANCES,INCONCLUSIVE,FISHING,366940990,1.21,Stage 2,2020-10-01
40.91,-71.099998,2020-06-10,a45b489d0-00f1-5dc5-64d8-6d681d72b4ba,USA,LADY BRITTANY,TRAWLERS,FISHING,366983260,1.83,Stage 2,2020-06-01
41.14,-71.300003,2020-11-07,c9804fdb4-469e-7f30-0a3f-044b6cc74b65,USA,KAREN ANN,SET_GILLNETS,FISHING,367105250,2.34,Stage 2,2020-11-01
41.06,-71.379997,2020-11-17,c11057b39-90b8-89c0-7f09-0f5a46f8d730,USA,BELL SKY,TRAWLERS,FISHING,367637420,1.75,Stage 2,2020-11-01
41.25,-71.279999,2020-06-16,d8bbf6380-05af-2b58-ca64-97ffb1eb319f,USA,ENTERPRISE,TRAWLERS,FISHING,367590310,0.75,Stage 2,2020-06-01
41.16,-71.279999,2020-08-25,d2d6e0603-3a0e-48f4-32d2-a4d0565980c7,USA,MATTIE AND MAREN,TRAWLERS,FISHING,367415240,2.31,Stage 2,2020-08-01
41.37,-71.260002,2020-10-08,c11057b39-90b8-89c0-7f09-0f5a46f8d730,USA,BELL SKY,TRAWLERS,FISHING,367637420,0.92,Stage 2,2020-10-01
41.24,-71.129997,2020-07-21,d8bbf6380-05af-2b58-ca64-97ffb1eb319f,USA,ENTERPRISE,TRAWLERS,FISHING,367590310,0.83,Stage 2,2020-07-01
41.02,-70.800003,2020-06-01,d8bbf6380-05af-2b58-ca64-97ffb1eb319f,USA,ENTERPRISE,TRAWLERS,FISHING,367590310,0.74,Stage 2,2020-06-01
41.08,-71.379997,2020-11-28,d2d6e0603-3a0e-48f4-32d2-a4d0565980c7,USA,MATTIE AND MAREN,TRAWLERS,FISHING,367415240,0.61,Stage 2,2020-11-01
41.23,-71.150002,2020-06-26,6ef3f36d8-8897-1f24-ba04-94bbb291d8d7,USA,JAMES AND MATTHEW,TRAWLERS,FISHING,367087280,1.78,Stage 2,2020-06-01
41.18,-71.349998,2020-09-12,d8bbf6380-05af-2b58-ca64-97ffb1eb319f,USA,ENTERPRISE,TRAWLERS,FISHING,367590310,0.57,Stage 2,2020-09-01
41.05,-71.400002,2020-11-29,90b9eaea0-018d-1eaf-4055-36b770057d04,USA,GAIL FRANCES,INCONCLUSIVE,FISHING,366940990,0.73,Stage 2,2020-11-01
41.28,-71.389999,2020-08-13,b91c9478b-bfa0-844e-f949-ccea31ce5ac1,USA,ELIZ AND KATHERINE,TRAWLERS,FISHING,367542540,0.86,Stage 2,2020-08-01
41.21,-71.110001,2020-07-19,cb559898a-aba5-5632-5426-e3f2bbd4fba7,USA,TRANQUILITY,POLE_AND_LINE,FISHING,338215127,0.89,Stage 2,2020-07-01
41.24,-71.290001,2020-07-17,d8bbf6380-05af-2b58-ca64-97ffb1eb319f,USA,ENTERPRISE,TRAWLERS,FISHING,367590310,1.35,Stage 2,2020-07-01
41.16,-71.290001,2020-10-03,d8bbf6380-05af-2b58-ca64-97ffb1eb319f,USA,ENTERPRISE,TRAWLERS,FISHING,367590310,0.99,Stage 2,2020-10-01
41.02,-70.809998,2020-08-07,d8bbf6380-05af-2b58-ca64-97ffb1eb319f,USA,ENTERPRISE,TRAWLERS,FISHING,367590310,5.17,Stage 2,2020-08-01
41.14,-71.309998,2020-10-20,d8bbf6380-05af-2b58-ca64-97ffb1eb319f,USA,ENTERPRISE,TRAWLERS,FISHING,367590310,1.22,Stage 2,2020-10-01
41.14,-71.269997,2020-06-17,ed62588e9-9a07-613d-f833-9937e65b1082,USA,BRIZO,FISHING,FISHING,367753640,4.67,Stage 2,2020-06-01
41.14,-71.300003,2020-10-11,d8bbf6380-05af-2b58-ca64-97ffb1eb319f,USA,ENTERPRISE,TRAWLERS,FISHING,367590310,1.66,Stage 2,2020-10-01
41.31,-71.279999,2020-10-27,c11057b39-90b8-89c0-7f09-0f5a46f8d730,USA,BELL SKY,TRAWLERS,FISHING,367637420,2.4,Stage 2,2020-10-01
41.17,-71.279999,2020-08-13,d8bbf6380-05af-2b58-ca64-97ffb1eb319f,USA,ENTERPRISE,TRAWLERS,FISHING,367590310,1.45,Stage 2,2020-08-01
41.21,-71.230003,2020-06-17,138335867-750f-7b39-06ff-645add8dbdc7,USA,BROOKE ELISE,TRAWLERS,FISHING,367687740,0.83,Stage 2,2020-06-01
41.02,-71.18,2020-10-02,90b9eaea0-018d-1eaf-4055-36b770057d04,USA,GAIL FRANCES,INCONCLUSIVE,FISHING,366940990,0.81,Stage 2,2020-10-01
40.95,-71.360001,2020-07-14,a45b489d0-00f1-5dc5-64d8-6d681d72b4ba,USA,LADY BRITTANY,TRAWLERS,FISHING,366983260,4.64,Stage 2,2020-07-01
40.98,-70.739998,2020-06-25,dc7503a12-2012-2b23-c830-41a97164309d,USA,CHARLIES PRIDE,TRAWLERS,FISHING,366472920,0.91,Stage 2,2020-06-01
40.91,-71.089996,2020-06-21,a45b489d0-00f1-5dc5-64d8-6d681d72b4ba,USA,LADY BRITTANY,TRAWLERS,FISHING,366983260,0.82,Stage 2,2020-06-01
41.3,-71.400002,2020-08-13,d2d6e0603-3a0e-48f4-32d2-a4d0565980c7,USA,MATTIE AND MAREN,TRAWLERS,FISHING,367415240,0.87,Stage 2,2020-08-01
41.2,-71.230003,2020-06-23,138335867-750f-7b39-06ff-645add8dbdc7,USA,BROOKE ELISE,TRAWLERS,FISHING,367687740,2.37,Stage 2,2020-06-01
40.9,-70.940002,2020-06-04,d0eedd395-565b-d998-24e7-e6095fdc296f,USA,SHAMROCK,SET_GILLNETS,FISHING,367396080,0.38,Stage 2,2020-06-01
41.27,-71.349998,2020-06-27,e835426b5-5325-4b79-ca28-832b6de511b0,USA,CONOR AND MICHAEL,TRAWLERS,FISHING,367301540,0.54,Stage 2,2020-06-01
41.22,-71.290001,2020-07-22,d8bbf6380-05af-2b58-ca64-97ffb1eb319f,USA,ENTERPRISE,TRAWLERS,FISHING,367590310,1.15,Stage 2,2020-07-01
40.87,-71.239998,2020-01-02,0409d3e30-06fb-7dac-0e26-fbeae39606ab,USA,MARTHA ROSE,TRAWLERS,FISHING,368120430,2,Stage 2,2020-01-01
41.23,-71.18,2020-07-02,d2d6e0603-3a0e-48f4-32d2-a4d0565980c7,USA,MATTIE AND MAREN,TRAWLERS,FISHING,367415240,0.75,Stage 2,2020-07-01
41.13,-71.32,2020-11-22,d2d6e0603-3a0e-48f4-32d2-a4d0565980c7,USA,MATTIE AND MAREN,TRAWLERS,FISHING,367415240,1.76,Stage 2,2020-11-01
41.29,-71.410004,2020-10-06,d8bbf6380-05af-2b58-ca64-97ffb1eb319f,USA,ENTERPRISE,TRAWLERS,FISHING,367590310,0.98,Stage 2,2020-10-01
41.3,-71.379997,2020-10-18,c9804fdb4-469e-7f30-0a3f-044b6cc74b65,USA,KAREN ANN,SET_GILLNETS,FISHING,367105250,0.62,Stage 2,2020-10-01
41.1,-71.360001,2020-10-16,cec008aa2-264e-d098-8f9d-11769636d229,USA,KELSI & MORGAN,TRAWLERS,FISHING,338386525,0.88,Stage 2,2020-10-01
41.05,-71.389999,2020-10-24,0f6f9408d-da22-0c23-aab7-cbd167b479af,USA,VIKING STAR,PASSENGER,PASSENGER,367337990,4.55,Stage 2,2020-10-01
41.06,-71.019997,2020-09-01,a15e533c5-505d-88e3-1794-2f973ee6df1a,USA,FV AMERICAN BEAUTY,POLE_AND_LINE,FISHING,367799120,2.4,Stage 2,2020-09-01
40.9,-71.330002,2020-05-17,a45b489d0-00f1-5dc5-64d8-6d681d72b4ba,USA,LADY BRITTANY,TRAWLERS,FISHING,366983260,0.66,Stage 2,2020-05-01
41.25,-71.32,2020-10-18,d8bbf6380-05af-2b58-ca64-97ffb1eb319f,USA,ENTERPRISE,TRAWLERS,FISHING,367590310,1.66,Stage 2,2020-10-01
41.15,-70.800003,2020-06-27,59c757235-5638-b364-a6ec-0694ac3f69c8,CAN,FISHIN ADDICTION 17,POLE_AND_LINE,FISHING,316036131,1.1,Stage 2,2020-06-01
41.02,-71.169998,2020-09-26,dac061149-9def-2b22-0c93-feee524b7099,USA,NECESSITY,POLE_AND_LINE,FISHING,366789890,0.91,Stage 2,2020-09-01
40.91,-71.169998,2020-04-26,a45b489d0-00f1-5dc5-64d8-6d681d72b4ba,USA,LADY BRITTANY,TRAWLERS,FISHING,366983260,2.46,Stage 2,2020-04-01
41.03,-71.169998,2020-10-11,90b9eaea0-018d-1eaf-4055-36b770057d04,USA,GAIL FRANCES,INCONCLUSIVE,FISHING,366940990,0.82,Stage 2,2020-10-01
41.35,-71.25,2020-11-11,c11057b39-90b8-89c0-7f09-0f5a46f8d730,USA,BELL SKY,TRAWLERS,FISHING,367637420,1.37,Stage 2,2020-11-01
41.13,-71.349998,2020-11-08,d2d6e0603-3a0e-48f4-32d2-a4d0565980c7,USA,MATTIE AND MAREN,TRAWLERS,FISHING,367415240,1.05,Stage 2,2020-11-01
41.14,-71.279999,2020-06-17,ed62588e9-9a07-613d-f833-9937e65b1082,USA,BRIZO,FISHING,FISHING,367753640,2.17,Stage 2,2020-06-01
41.32,-71.25,2020-06-08,c11057b39-90b8-89c0-7f09-0f5a46f8d730,USA,BELL SKY,TRAWLERS,FISHING,367637420,10.2,Stage 2,2020-06-01
41.15,-70.879997,2020-01-13,d47b3553c-c416-7fed-a36c-a4d7fe74f20b,USA,ALISON ROSE,FISHING,FISHING,366725960,1.68,Stage 2,2020-01-01
41.07,-71.379997,2020-12-03,d2d6e0603-3a0e-48f4-32d2-a4d0565980c7,USA,MATTIE AND MAREN,TRAWLERS,FISHING,367415240,1.02,Stage 2,2020-12-01
40.96,-71.370003,2020-11-09,d2d6e0603-3a0e-48f4-32d2-a4d0565980c7,USA,MATTIE AND MAREN,TRAWLERS,FISHING,367415240,0.77,Stage 2,2020-11-01
41.32,-71.260002,2020-11-27,c11057b39-90b8-89c0-7f09-0f5a46f8d730,USA,BELL SKY,TRAWLERS,FISHING,367637420,0.97,Stage 2,2020-11-01
41.24,-71.080002,2020-06-24,5b08cefbc-cda8-90e4-57a7-25ac2eadd608,USA,SHELBY ANN,TRAWLERS,FISHING,367687850,0.41,Stage 2,2020-06-01
41.23,-71.099998,2020-05-26,d8bbf6380-05af-2b58-ca64-97ffb1eb319f,USA,ENTERPRISE,TRAWLERS,FISHING,367590310,1.88,Stage 2,2020-05-01
40.95,-71.370003,2020-06-13,b7bc134b9-9a63-5e4d-6e37-c982edeaed55,USA,HELEN LOUISE,TRAWLERS,FISHING,367459470,0.87,Stage 2,2020-06-01
41.1,-71.360001,2020-08-10,d2d6e0603-3a0e-48f4-32d2-a4d0565980c7,USA,MATTIE AND MAREN,TRAWLERS,FISHING,367415240,0.97,Stage 2,2020-08-01
41.13,-71.07,2020-03-07,59c757235-5638-b364-a6ec-0694ac3f69c8,CAN,FISHIN ADDICTION 17,POLE_AND_LINE,FISHING,316036131,9.12,Stage 2,2020-03-01
41.12,-71.300003,2020-08-13,c9804fdb4-469e-7f30-0a3f-044b6cc74b65,USA,KAREN ANN,SET_GILLNETS,FISHING,367105250,0.4,Stage 2,2020-08-01
40.93,-71.309998,2020-06-22,fd96b30e3-3f77-f437-8122-20e7744dfdb4,USA,TIMBERLINE,DREDGE_FISHING,FISHING,367071460,0.47,Stage 2,2020-06-01
40.91,-70.860001,2020-07-29,ef68d82c6-6d7e-ae58-2266-6ed164d98ce3,USA,MAX & EMMA,FISHING,FISHING,367792770,0.82,Stage 2,2020-07-01
41.16,-71.290001,2020-06-23,410f103b3-3bf1-c50e-50ee-18fb85c0b8b9,USA,RAYDA CHERAMIE,FISHING,FISHING,366947090,1.04,Stage 2,2020-06-01
41.39,-71.300003,2020-07-26,e5ad57b2d-d250-3691-821a-3d9e8d932fef,USA,SEVEN B S V,TRAWLERS,FISHING,367052470,1.22,Stage 2,2020-07-01
41.32,-71.040001,2020-05-15,96387fde5-5d6d-7a69-ebed-0257ec09882a,USA,BELLA SKY,TRAWLERS,FISHING,367784820,4.18,Stage 2,2020-05-01
41.24,-71.209999,2020-06-10,cb5d14ca7-7f63-40e7-c760-492ec6f726cf,USA,TRADITION,FISHING,FISHING,367134030,5.07,Stage 2,2020-06-01
41.35,-71.25,2020-05-14,c11057b39-90b8-89c0-7f09-0f5a46f8d730,USA,BELL SKY,TRAWLERS,FISHING,367637420,0.91,Stage 2,2020-05-01
41.02,-70.800003,2020-08-21,d8bbf6380-05af-2b58-ca64-97ffb1eb319f,USA,ENTERPRISE,TRAWLERS,FISHING,367590310,0.68,Stage 2,2020-08-01
41.02,-70.980003,2020-03-15,fd96b30e3-3f77-f437-8122-20e7744dfdb4,USA,TIMBERLINE,DREDGE_FISHING,FISHING,367071460,1.49,Stage 2,2020-03-01
41.22,-71.199997,2020-08-13,d8bbf6380-05af-2b58-ca64-97ffb1eb319f,USA,ENTERPRISE,TRAWLERS,FISHING,367590310,2.3,Stage 2,2020-08-01
41.04,-70.800003,2020-09-01,ef68d82c6-6d7e-ae58-2266-6ed164d98ce3,USA,MAX & EMMA,FISHING,FISHING,367792770,19.35,Stage 2,2020-09-01
41.03,-71.18,2020-12-30,90b9eaea0-018d-1eaf-4055-36b770057d04,USA,GAIL FRANCES,INCONCLUSIVE,FISHING,366940990,3.46,Stage 2,2020-12-01
41.12,-71.300003,2020-06-28,e835426b5-5325-4b79-ca28-832b6de511b0,USA,CONOR AND MICHAEL,TRAWLERS,FISHING,367301540,4.4,Stage 2,2020-06-01
41.21,-71.300003,2020-10-04,d8bbf6380-05af-2b58-ca64-97ffb1eb319f,USA,ENTERPRISE,TRAWLERS,FISHING,367590310,0.9,Stage 2,2020-10-01
41.18,-71.279999,2020-09-08,d8bbf6380-05af-2b58-ca64-97ffb1eb319f,USA,ENTERPRISE,TRAWLERS,FISHING,367590310,2.54,Stage 2,2020-09-01
41.24,-71.099998,2020-06-22,d2d6e0603-3a0e-48f4-32d2-a4d0565980c7,USA,MATTIE AND MAREN,TRAWLERS,FISHING,367415240,0.72,Stage 2,2020-06-01
41.29,-71.389999,2020-10-18,c9804fdb4-469e-7f30-0a3f-044b6cc74b65,USA,KAREN ANN,SET_GILLNETS,FISHING,367105250,0.81,Stage 2,2020-10-01
40.9,-71.360001,2020-10-21,bf1b9272e-e3ae-6523-ea60-d3a49e0c01b2,USA,INHERITANCE,POLE_AND_LINE,FISHING,367037070,1.05,Stage 2,2020-10-01
40.93,-71.32,2020-08-30,49acdf0f9-9904-5bfe-8b88-6a05cbcda2ce,USA,STARLIGHT,TRAWLERS,FISHING,367674070,1.46,Stage 2,2020-08-01
41.1,-71.349998,2020-11-21,d2d6e0603-3a0e-48f4-32d2-a4d0565980c7,USA,MATTIE AND MAREN,TRAWLERS,FISHING,367415240,0.98,Stage 2,2020-11-01
41.38,-71.25,2020-07-02,8f987fea1-1754-c256-8d02-c8079a35624d,USA,RAYNA AND KERSTIN,TRAWLERS,FISHING,368102710,0.59,Stage 2,2020-07-01
41.1,-71.349998,2020-09-29,d2d6e0603-3a0e-48f4-32d2-a4d0565980c7,USA,MATTIE AND MAREN,TRAWLERS,FISHING,367415240,0.93,Stage 2,2020-09-01
41.1,-71.349998,2020-10-27,cec008aa2-264e-d098-8f9d-11769636d229,USA,KELSI & MORGAN,TRAWLERS,FISHING,338386525,1.13,Stage 2,2020-10-01
41.14,-71.309998,2020-11-09,c9804fdb4-469e-7f30-0a3f-044b6cc74b65,USA,KAREN ANN,SET_GILLNETS,FISHING,367105250,2.06,Stage 2,2020-11-01
41.13,-71.349998,2020-12-08,90b9eaea0-018d-1eaf-4055-36b770057d04,USA,GAIL FRANCES,INCONCLUSIVE,FISHING,366940990,1,Stage 2,2020-12-01
41.05,-71.389999,2020-11-19,90b9eaea0-018d-1eaf-4055-36b770057d04,USA,GAIL FRANCES,INCONCLUSIVE,FISHING,366940990,2.43,Stage 2,2020-11-01
40.94,-71.389999,2020-11-28,d2d6e0603-3a0e-48f4-32d2-a4d0565980c7,USA,MATTIE AND MAREN,TRAWLERS,FISHING,367415240,2.09,Stage 2,2020-11-01
41,-71.169998,2020-04-16,49acdf0f9-9904-5bfe-8b88-6a05cbcda2ce,USA,STARLIGHT,TRAWLERS,FISHING,367674070,6.92,Stage 2,2020-04-01
41.11,-71.349998,2020-12-03,d2d6e0603-3a0e-48f4-32d2-a4d0565980c7,USA,MATTIE AND MAREN,TRAWLERS,FISHING,367415240,1.21,Stage 2,2020-12-01
41.14,-71.309998,2020-08-19,c9804fdb4-469e-7f30-0a3f-044b6cc74b65,USA,KAREN ANN,SET_GILLNETS,FISHING,367105250,4.28,Stage 2,2020-08-01
41.05,-71.389999,2020-10-25,90b9eaea0-018d-1eaf-4055-36b770057d04,USA,GAIL FRANCES,INCONCLUSIVE,FISHING,366940990,4.55,Stage 2,2020-10-01
41.22,-71.349998,2020-09-17,59d8ab6e8-88ae-3379-7957-c3cf5af17475,USA,HOPE AND SYDNEY,TRAWLERS,FISHING,367084070,5.94,Stage 2,2020-09-01
41.02,-70.790001,2020-08-07,d8bbf6380-05af-2b58-ca64-97ffb1eb319f,USA,ENTERPRISE,TRAWLERS,FISHING,367590310,0.39,Stage 2,2020-08-01
41.15,-71.290001,2020-06-26,e835426b5-5325-4b79-ca28-832b6de511b0,USA,CONOR AND MICHAEL,TRAWLERS,FISHING,367301540,0.71,Stage 2,2020-06-01
40.9,-71.099998,2020-06-14,49acdf0f9-9904-5bfe-8b88-6a05cbcda2ce,USA,STARLIGHT,TRAWLERS,FISHING,367674070,5.01,Stage 2,2020-06-01
41.28,-71.400002,2020-09-26,f24e7875f-f61b-0cbe-f53f-b179dd5b9c21,USA,LINDA MARIE,TRAWLERS,FISHING,367588040,1.14,Stage 2,2020-09-01
41.1,-70.739998,2020-06-13,b562e83d9-9a4c-e7a9-3ac1-bd289fc0c328,USA,GREAT PUMPKIN,SET_GILLNETS,FISHING,338126698,1.06,Stage 2,2020-06-01
40.9,-71.059998,2020-06-20,a45b489d0-00f1-5dc5-64d8-6d681d72b4ba,USA,LADY BRITTANY,TRAWLERS,FISHING,366983260,0.73,Stage 2,2020-06-01
41.21,-71.370003,2020-08-20,c9804fdb4-469e-7f30-0a3f-044b6cc74b65,USA,KAREN ANN,SET_GILLNETS,FISHING,367105250,1.25,Stage 2,2020-08-01
41.02,-70.769997,2020-06-01,d8bbf6380-05af-2b58-ca64-97ffb1eb319f,USA,ENTERPRISE,TRAWLERS,FISHING,367590310,1.01,Stage 2,2020-06-01
41.27,-71.379997,2020-07-27,d8bbf6380-05af-2b58-ca64-97ffb1eb319f,USA,ENTERPRISE,TRAWLERS,FISHING,367590310,0.88,Stage 2,2020-07-01
40.95,-71.330002,2020-04-26,d2d6e0603-3a0e-48f4-32d2-a4d0565980c7,USA,MATTIE AND MAREN,TRAWLERS,FISHING,367415240,0.4,Stage 2,2020-04-01
41.36,-71.120003,2020-05-14,6fe199af2-2efd-daf9-70b8-1f284cf8d67a,USA,ZIBET,TRAWLERS,FISHING,367316510,0.85,Stage 2,2020-05-01
40.97,-71.110001,2020-06-03,49acdf0f9-9904-5bfe-8b88-6a05cbcda2ce,USA,STARLIGHT,TRAWLERS,FISHING,367674070,0.88,Stage 2,2020-06-01
41.22,-71.190002,2020-07-12,d8bbf6380-05af-2b58-ca64-97ffb1eb319f,USA,ENTERPRISE,TRAWLERS,FISHING,367590310,5.44,Stage 2,2020-07-01
41.18,-71.269997,2020-08-06,d8bbf6380-05af-2b58-ca64-97ffb1eb319f,USA,ENTERPRISE,TRAWLERS,FISHING,367590310,1.68,Stage 2,2020-08-01
41.36,-71.150002,2020-07-02,dd6eb6d60-0fea-40b3-82c4-6fd4fe4b2e7c,USA,SEVEN SEAS,TRAWLERS,FISHING,367624610,1.27,Stage 2,2020-07-01
41.24,-71.150002,2020-07-22,d8bbf6380-05af-2b58-ca64-97ffb1eb319f,USA,ENTERPRISE,TRAWLERS,FISHING,367590310,1.01,Stage 2,2020-07-01
41.21,-71.279999,2020-09-23,d2d6e0603-3a0e-48f4-32d2-a4d0565980c7,USA,MATTIE AND MAREN,TRAWLERS,FISHING,367415240,0.37,Stage 2,2020-09-01
41.22,-71.190002,2020-08-13,138335867-750f-7b39-06ff-645add8dbdc7,USA,BROOKE ELISE,TRAWLERS,FISHING,367687740,1.2,Stage 2,2020-08-01
41.06,-71.379997,2020-10-22,cec008aa2-264e-d098-8f9d-11769636d229,USA,KELSI & MORGAN,TRAWLERS,FISHING,338386525,1.13,Stage 2,2020-10-01
41.13,-71.349998,2020-02-01,90b9eaea0-018d-1eaf-4055-36b770057d04,USA,GAIL FRANCES,INCONCLUSIVE,FISHING,366940990,1.04,Stage 2,2020-02-01
41.15,-71.370003,2020-10-04,44752569c-c00c-da61-1898-4d62b6314a40,USA,VIRGINIA MARISE,TRAWLERS,FISHING,367145360,0.88,Stage 2,2020-10-01
41.32,-71.379997,2020-09-05,7703fe352-2006-3272-91c4-ed55cf08a2bf,USA,THUNDER BAY,TRAWLERS,FISHING,367426660,0.89,Stage 2,2020-09-01
41.1,-70.790001,2020-06-13,29a1a5b1f-f9c5-0b2e-14d0-105454e62b36,USA,SEA DANCER,SET_GILLNETS,FISHING,338181423,0.8,Stage 2,2020-06-01
41.12,-71.32,2020-10-03,c9804fdb4-469e-7f30-0a3f-044b6cc74b65,USA,KAREN ANN,SET_GILLNETS,FISHING,367105250,0.93,Stage 2,2020-10-01
40.98,-70.82,2020-06-05,460bff8bc-c729-20f5-5a0e-e2a0612007e1,USA,ANN MARIE,SET_GILLNETS,FISHING,338132083,0.84,Stage 2,2020-06-01
41.14,-71.300003,2020-10-19,d8bbf6380-05af-2b58-ca64-97ffb1eb319f,USA,ENTERPRISE,TRAWLERS,FISHING,367590310,1.26,Stage 2,2020-10-01
41.24,-71.239998,2020-08-19,d2d6e0603-3a0e-48f4-32d2-a4d0565980c7,USA,MATTIE AND MAREN,TRAWLERS,FISHING,367415240,1.66,Stage 2,2020-08-01
41.11,-71.300003,2020-09-25,138335867-750f-7b39-06ff-645add8dbdc7,USA,BROOKE ELISE,TRAWLERS,FISHING,367687740,2.01,Stage 2,2020-09-01
40.92,-71.309998,2020-07-27,fd96b30e3-3f77-f437-8122-20e7744dfdb4,USA,TIMBERLINE,DREDGE_FISHING,FISHING,367071460,0.58,Stage 2,2020-07-01
40.96,-71.269997,2020-11-10,d2d6e0603-3a0e-48f4-32d2-a4d0565980c7,USA,MATTIE AND MAREN,TRAWLERS,FISHING,367415240,1.2,Stage 2,2020-11-01
41.24,-71.089996,2020-06-28,d2d6e0603-3a0e-48f4-32d2-a4d0565980c7,USA,MATTIE AND MAREN,TRAWLERS,FISHING,367415240,0.69,Stage 2,2020-06-01
41.16,-71.300003,2020-09-24,d2d6e0603-3a0e-48f4-32d2-a4d0565980c7,USA,MATTIE AND MAREN,TRAWLERS,FISHING,367415240,0.37,Stage 2,2020-09-01
41.38,-71.260002,2020-10-11,c11057b39-90b8-89c0-7f09-0f5a46f8d730,USA,BELL SKY,TRAWLERS,FISHING,367637420,0.91,Stage 2,2020-10-01
41.26,-71.379997,2020-09-08,d8bbf6380-05af-2b58-ca64-97ffb1eb319f,USA,ENTERPRISE,TRAWLERS,FISHING,367590310,1.2,Stage 2,2020-09-01
41.28,-71.269997,2020-10-15,d8bbf6380-05af-2b58-ca64-97ffb1eb319f,USA,ENTERPRISE,TRAWLERS,FISHING,367590310,0.49,Stage 2,2020-10-01
41.12,-71.300003,2020-12-18,59d8ab6e8-88ae-3379-7957-c3cf5af17475,USA,HOPE AND SYDNEY,TRAWLERS,FISHING,367084070,1.26,Stage 2,2020-12-01
41.1,-71.300003,2020-08-26,6d414bc32-25f1-a36c-badb-1aa96fde74dd,USA,CAPT  SEAWEED,TRAWLERS,FISHING,368092280,1.01,Stage 2,2020-08-01
41.25,-71.300003,2020-07-26,6d414bc32-25f1-a36c-badb-1aa96fde74dd,USA,CAPT  SEAWEED,TRAWLERS,FISHING,368092280,1.05,Stage 2,2020-07-01
40.92,-71.309998,2020-07-30,fd96b30e3-3f77-f437-8122-20e7744dfdb4,USA,TIMBERLINE,DREDGE_FISHING,FISHING,367071460,1.25,Stage 2,2020-07-01
41.13,-71.300003,2020-10-21,d8bbf6380-05af-2b58-ca64-97ffb1eb319f,USA,ENTERPRISE,TRAWLERS,FISHING,367590310,0.65,Stage 2,2020-10-01
41.01,-70.800003,2020-09-08,ef68d82c6-6d7e-ae58-2266-6ed164d98ce3,USA,MAX & EMMA,FISHING,FISHING,367792770,1.81,Stage 2,2020-09-01
41.23,-71.18,2020-10-14,d8bbf6380-05af-2b58-ca64-97ffb1eb319f,USA,ENTERPRISE,TRAWLERS,FISHING,367590310,0.79,Stage 2,2020-10-01
41.08,-71.370003,2020-10-02,44752569c-c00c-da61-1898-4d62b6314a40,USA,VIRGINIA MARISE,TRAWLERS,FISHING,367145360,0.99,Stage 2,2020-10-01
40.92,-71.169998,2020-06-21,a45b489d0-00f1-5dc5-64d8-6d681d72b4ba,USA,LADY BRITTANY,TRAWLERS,FISHING,366983260,2.52,Stage 2,2020-06-01
40.97,-71.040001,2020-09-14,0409d3e30-06fb-7dac-0e26-fbeae39606ab,USA,MARTHA ROSE,TRAWLERS,FISHING,368120430,1,Stage 2,2020-09-01
41.37,-71.110001,2020-07-02,dd6eb6d60-0fea-40b3-82c4-6fd4fe4b2e7c,USA,SEVEN SEAS,TRAWLERS,FISHING,367624610,0.76,Stage 2,2020-07-01
41.14,-71.32,2020-11-13,d2d6e0603-3a0e-48f4-32d2-a4d0565980c7,USA,MATTIE AND MAREN,TRAWLERS,FISHING,367415240,1.09,Stage 2,2020-11-01
41.23,-71.160004,2020-06-16,d2d6e0603-3a0e-48f4-32d2-a4d0565980c7,USA,MATTIE AND MAREN,TRAWLERS,FISHING,367415240,1.06,Stage 2,2020-06-01
41.24,-71.400002,2020-09-17,59d8ab6e8-88ae-3379-7957-c3cf5af17475,USA,HOPE AND SYDNEY,TRAWLERS,FISHING,367084070,0.42,Stage 2,2020-09-01
41.15,-71.290001,2020-10-06,138335867-750f-7b39-06ff-645add8dbdc7,USA,BROOKE ELISE,TRAWLERS,FISHING,367687740,0.35,Stage 2,2020-10-01
40.91,-71.120003,2020-06-21,a45b489d0-00f1-5dc5-64d8-6d681d72b4ba,USA,LADY BRITTANY,TRAWLERS,FISHING,366983260,2.42,Stage 2,2020-06-01
41.24,-71.099998,2020-06-10,138335867-750f-7b39-06ff-645add8dbdc7,USA,BROOKE ELISE,TRAWLERS,FISHING,367687740,0.48,Stage 2,2020-06-01
41.36,-71.260002,2020-10-28,c11057b39-90b8-89c0-7f09-0f5a46f8d730,USA,BELL SKY,TRAWLERS,FISHING,367637420,0.85,Stage 2,2020-10-01
41.26,-71.360001,2020-09-28,138335867-750f-7b39-06ff-645add8dbdc7,USA,BROOKE ELISE,TRAWLERS,FISHING,367687740,0.37,Stage 2,2020-09-01
41.35,-71.25,2020-08-21,d12a18828-8cbb-8887-d07d-bea9f8e76229,USA,F/V HOPEFULL,TRAWLERS,FISHING,367325850,1.32,Stage 2,2020-08-01
41.23,-71.150002,2020-06-12,d8bbf6380-05af-2b58-ca64-97ffb1eb319f,USA,ENTERPRISE,TRAWLERS,FISHING,367590310,1.08,Stage 2,2020-06-01
40.91,-71.32,2020-07-30,fd96b30e3-3f77-f437-8122-20e7744dfdb4,USA,TIMBERLINE,DREDGE_FISHING,FISHING,367071460,0.7,Stage 2,2020-07-01
41.3,-71.389999,2020-07-02,c9804fdb4-469e-7f30-0a3f-044b6cc74b65,USA,KAREN ANN,SET_GILLNETS,FISHING,367105250,1.99,Stage 2,2020-07-01
41.13,-71.349998,2020-02-02,90b9eaea0-018d-1eaf-4055-36b770057d04,USA,GAIL FRANCES,INCONCLUSIVE,FISHING,366940990,3.37,Stage 2,2020-02-01
41.32,-71.269997,2020-11-08,c11057b39-90b8-89c0-7f09-0f5a46f8d730,USA,BELL SKY,TRAWLERS,FISHING,367637420,2.04,Stage 2,2020-11-01
41.27,-71.18,2020-07-21,d8bbf6380-05af-2b58-ca64-97ffb1eb319f,USA,ENTERPRISE,TRAWLERS,FISHING,367590310,0.95,Stage 2,2020-07-01
40.92,-71.160004,2020-06-27,a45b489d0-00f1-5dc5-64d8-6d681d72b4ba,USA,LADY BRITTANY,TRAWLERS,FISHING,366983260,1.16,Stage 2,2020-06-01
41.02,-71.209999,2020-05-03,d2d6e0603-3a0e-48f4-32d2-a4d0565980c7,USA,MATTIE AND MAREN,TRAWLERS,FISHING,367415240,2.35,Stage 2,2020-05-01
41.07,-71.379997,2020-10-22,cec008aa2-264e-d098-8f9d-11769636d229,USA,KELSI & MORGAN,TRAWLERS,FISHING,338386525,0.91,Stage 2,2020-10-01
41.01,-70.849998,2020-06-09,460bff8bc-c729-20f5-5a0e-e2a0612007e1,USA,ANN MARIE,SET_GILLNETS,FISHING,338132083,0.57,Stage 2,2020-06-01
40.96,-71.360001,2020-09-08,afcf4d4a1-1bf2-3cd8-05a9-d23a91e68ee9,USA,YELLOW FIN,SET_LONGLINES,FISHING,338182319,1.13,Stage 2,2020-09-01
41.12,-71.300003,2020-09-25,c9804fdb4-469e-7f30-0a3f-044b6cc74b65,USA,KAREN ANN,SET_GILLNETS,FISHING,367105250,2.95,Stage 2,2020-09-01
41.36,-71.370003,2020-07-18,90b9eaea0-018d-1eaf-4055-36b770057d04,USA,GAIL FRANCES,INCONCLUSIVE,FISHING,366940990,0.51,Stage 2,2020-07-01
41.2,-71.309998,2020-10-17,410f103b3-3bf1-c50e-50ee-18fb85c0b8b9,USA,RAYDA CHERAMIE,FISHING,FISHING,366947090,5.38,Stage 2,2020-10-01
41.37,-71.260002,2020-11-08,c11057b39-90b8-89c0-7f09-0f5a46f8d730,USA,BELL SKY,TRAWLERS,FISHING,367637420,2.28,Stage 2,2020-11-01
41.15,-71.300003,2020-07-21,c9804fdb4-469e-7f30-0a3f-044b6cc74b65,USA,KAREN ANN,SET_GILLNETS,FISHING,367105250,2.34,Stage 2,2020-07-01
40.98,-71.089996,2020-06-03,49acdf0f9-9904-5bfe-8b88-6a05cbcda2ce,USA,STARLIGHT,TRAWLERS,FISHING,367674070,3.02,Stage 2,2020-06-01
41.3,-71.25,2020-07-17,7255f2bcb-b85f-52b3-7c34-b2c1465a8024,USA,BARBARA PAULINE,TRAWLERS,FISHING,367134760,1.16,Stage 2,2020-07-01
41.23,-71.139999,2020-08-06,94a980510-01b3-625f-8524-0b3b93600b8c,USA,CODY,TRAWLERS,FISHING,367190280,2.82,Stage 2,2020-08-01
41.03,-70.980003,2020-06-08,fd96b30e3-3f77-f437-8122-20e7744dfdb4,USA,TIMBERLINE,DREDGE_FISHING,FISHING,367071460,1.53,Stage 2,2020-06-01
41.26,-71.029999,2020-07-06,d2d6e0603-3a0e-48f4-32d2-a4d0565980c7,USA,MATTIE AND MAREN,TRAWLERS,FISHING,367415240,4.52,Stage 2,2020-07-01
41.11,-71.300003,2020-09-25,d2d6e0603-3a0e-48f4-32d2-a4d0565980c7,USA,MATTIE AND MAREN,TRAWLERS,FISHING,367415240,0.93,Stage 2,2020-09-01
41,-71.160004,2020-04-15,49acdf0f9-9904-5bfe-8b88-6a05cbcda2ce,USA,STARLIGHT,TRAWLERS,FISHING,367674070,4.79,Stage 2,2020-04-01
41.04,-71.230003,2020-09-25,90b9eaea0-018d-1eaf-4055-36b770057d04,USA,GAIL FRANCES,INCONCLUSIVE,FISHING,366940990,1.54,Stage 2,2020-09-01
41.11,-71.339996,2020-10-23,cec008aa2-264e-d098-8f9d-11769636d229,USA,KELSI & MORGAN,TRAWLERS,FISHING,338386525,1.83,Stage 2,2020-10-01
41.25,-71.089996,2020-06-16,d8bbf6380-05af-2b58-ca64-97ffb1eb319f,USA,ENTERPRISE,TRAWLERS,FISHING,367590310,1.41,Stage 2,2020-06-01
40.92,-71.139999,2020-06-09,a45b489d0-00f1-5dc5-64d8-6d681d72b4ba,USA,LADY BRITTANY,TRAWLERS,FISHING,366983260,1.15,Stage 2,2020-06-01
41.04,-71.199997,2020-12-12,287fc1cbf-fbc0-3baa-ae98-f20768f5d10f,USA,VIKING STARSHIP,PASSENGER,PASSENGER,367661740,2.67,Stage 2,2020-12-01
41.21,-71.269997,2020-09-28,138335867-750f-7b39-06ff-645add8dbdc7,USA,BROOKE ELISE,TRAWLERS,FISHING,367687740,1.87,Stage 2,2020-09-01
41.11,-71.349998,2020-10-14,cec008aa2-264e-d098-8f9d-11769636d229,USA,KELSI & MORGAN,TRAWLERS,FISHING,338386525,1.12,Stage 2,2020-10-01
41.24,-71.129997,2020-05-18,d8bbf6380-05af-2b58-ca64-97ffb1eb319f,USA,ENTERPRISE,TRAWLERS,FISHING,367590310,3.51,Stage 2,2020-05-01
41.02,-71,2020-06-22,744aa207c-c2fd-9d39-afb2-1c4a0162c4a4,USA,BELLA SKY,TRAWLERS,FISHING,367784820,1.49,Stage 2,2020-06-01
41.14,-71.309998,2020-09-04,c9804fdb4-469e-7f30-0a3f-044b6cc74b65,USA,KAREN ANN,SET_GILLNETS,FISHING,367105250,3.62,Stage 2,2020-09-01
41.39,-71.269997,2020-10-29,c11057b39-90b8-89c0-7f09-0f5a46f8d730,USA,BELL SKY,TRAWLERS,FISHING,367637420,1.09,Stage 2,2020-10-01
41.22,-71.190002,2020-06-04,d8bbf6380-05af-2b58-ca64-97ffb1eb319f,USA,ENTERPRISE,TRAWLERS,FISHING,367590310,0.88,Stage 2,2020-06-01
41.36,-71.260002,2020-11-08,c11057b39-90b8-89c0-7f09-0f5a46f8d730,USA,BELL SKY,TRAWLERS,FISHING,367637420,0.89,Stage 2,2020-11-01
41.19,-71.25,2020-06-26,e835426b5-5325-4b79-ca28-832b6de511b0,USA,CONOR AND MICHAEL,TRAWLERS,FISHING,367301540,0.73,Stage 2,2020-06-01
41.05,-70.949997,2020-08-18,fd96b30e3-3f77-f437-8122-20e7744dfdb4,USA,TIMBERLINE,DREDGE_FISHING,FISHING,367071460,1.42,Stage 2,2020-08-01
41.23,-71.300003,2020-10-14,d8bbf6380-05af-2b58-ca64-97ffb1eb319f,USA,ENTERPRISE,TRAWLERS,FISHING,367590310,0.53,Stage 2,2020-10-01
41.27,-71.099998,2020-04-08,6ae903a95-5315-4633-05e6-edfa6b61c787,USA,PROUD MARY,TRAWLERS,FISHING,368102540,0.45,Stage 2,2020-04-01
41.02,-71.309998,2020-01-02,0409d3e30-06fb-7dac-0e26-fbeae39606ab,USA,MARTHA ROSE,TRAWLERS,FISHING,368120430,4.96,Stage 2,2020-01-01
40.91,-71.120003,2020-06-20,a45b489d0-00f1-5dc5-64d8-6d681d72b4ba,USA,LADY BRITTANY,TRAWLERS,FISHING,366983260,1.12,Stage 2,2020-06-01
40.93,-71.370003,2020-08-07,fd96b30e3-3f77-f437-8122-20e7744dfdb4,USA,TIMBERLINE,DREDGE_FISHING,FISHING,367071460,0.54,Stage 2,2020-08-01
41.08,-71.32,2020-08-26,6d414bc32-25f1-a36c-badb-1aa96fde74dd,USA,CAPT  SEAWEED,TRAWLERS,FISHING,368092280,1.04,Stage 2,2020-08-01
41.09,-70.839996,2020-09-08,ef68d82c6-6d7e-ae58-2266-6ed164d98ce3,USA,MAX & EMMA,FISHING,FISHING,367792770,0.97,Stage 2,2020-09-01
41.02,-71.029999,2020-06-09,fd96b30e3-3f77-f437-8122-20e7744dfdb4,USA,TIMBERLINE,DREDGE_FISHING,FISHING,367071460,3.98,Stage 2,2020-06-01
41.14,-71.290001,2020-12-09,d8bbf6380-05af-2b58-ca64-97ffb1eb319f,USA,ENTERPRISE,TRAWLERS,FISHING,367590310,1.72,Stage 2,2020-12-01
41.24,-71.029999,2020-06-28,d9a3b251d-db12-2ab9-60a9-bc0a029a0701,USA,DEBBIE ANN,FISHING,FISHING,367313950,0.86,Stage 2,2020-06-01
41.14,-71.330002,2020-09-14,d8bbf6380-05af-2b58-ca64-97ffb1eb319f,USA,ENTERPRISE,TRAWLERS,FISHING,367590310,1.22,Stage 2,2020-09-01
41.12,-71.300003,2020-09-25,d2d6e0603-3a0e-48f4-32d2-a4d0565980c7,USA,MATTIE AND MAREN,TRAWLERS,FISHING,367415240,2.3,Stage 2,2020-09-01
40.98,-71.099998,2020-06-02,49acdf0f9-9904-5bfe-8b88-6a05cbcda2ce,USA,STARLIGHT,TRAWLERS,FISHING,367674070,3.96,Stage 2,2020-06-01
41.13,-71.32,2020-10-28,cec008aa2-264e-d098-8f9d-11769636d229,USA,KELSI & MORGAN,TRAWLERS,FISHING,338386525,0.88,Stage 2,2020-10-01
40.95,-71.339996,2020-03-02,d2d6e0603-3a0e-48f4-32d2-a4d0565980c7,USA,MATTIE AND MAREN,TRAWLERS,FISHING,367415240,1.61,Stage 2,2020-03-01
41.18,-71.25,2020-09-03,6d414bc32-25f1-a36c-badb-1aa96fde74dd,USA,CAPT  SEAWEED,TRAWLERS,FISHING,368092280,0.87,Stage 2,2020-09-01
41.18,-70.760002,2020-07-24,6d414bc32-25f1-a36c-badb-1aa96fde74dd,USA,CAPT  SEAWEED,TRAWLERS,FISHING,368092280,0.36,Stage 2,2020-07-01
41.06,-71.379997,2020-11-14,d2d6e0603-3a0e-48f4-32d2-a4d0565980c7,USA,MATTIE AND MAREN,TRAWLERS,FISHING,367415240,0.95,Stage 2,2020-11-01
41.23,-71.169998,2020-06-16,d8bbf6380-05af-2b58-ca64-97ffb1eb319f,USA,ENTERPRISE,TRAWLERS,FISHING,367590310,3.05,Stage 2,2020-06-01
41.14,-71.309998,2020-12-03,d2d6e0603-3a0e-48f4-32d2-a4d0565980c7,USA,MATTIE AND MAREN,TRAWLERS,FISHING,367415240,1.65,Stage 2,2020-12-01
41.32,-71.410004,2020-08-20,59d8ab6e8-88ae-3379-7957-c3cf5af17475,USA,HOPE AND SYDNEY,TRAWLERS,FISHING,367084070,0.71,Stage 2,2020-08-01
41.36,-71.139999,2020-07-01,dd6eb6d60-0fea-40b3-82c4-6fd4fe4b2e7c,USA,SEVEN SEAS,TRAWLERS,FISHING,367624610,3.44,Stage 2,2020-07-01
41.05,-71.389999,2020-11-27,90b9eaea0-018d-1eaf-4055-36b770057d04,USA,GAIL FRANCES,INCONCLUSIVE,FISHING,366940990,5.62,Stage 2,2020-11-01
41.04,-70.889999,2020-06-22,744aa207c-c2fd-9d39-afb2-1c4a0162c4a4,USA,BELLA SKY,TRAWLERS,FISHING,367784820,1.29,Stage 2,2020-06-01
41.03,-71.18,2020-12-27,90b9eaea0-018d-1eaf-4055-36b770057d04,USA,GAIL FRANCES,INCONCLUSIVE,FISHING,366940990,1.17,Stage 2,2020-12-01
41.21,-71.220001,2020-07-13,d8bbf6380-05af-2b58-ca64-97ffb1eb319f,USA,ENTERPRISE,TRAWLERS,FISHING,367590310,0.66,Stage 2,2020-07-01
41.04,-70.800003,2020-06-09,29a1a5b1f-f9c5-0b2e-14d0-105454e62b36,USA,SEA DANCER,SET_GILLNETS,FISHING,338181423,0.82,Stage 2,2020-06-01
41.19,-71.25,2020-07-30,d8bbf6380-05af-2b58-ca64-97ffb1eb319f,USA,ENTERPRISE,TRAWLERS,FISHING,367590310,0.75,Stage 2,2020-07-01
41.14,-71.290001,2020-09-18,d2d6e0603-3a0e-48f4-32d2-a4d0565980c7,USA,MATTIE AND MAREN,TRAWLERS,FISHING,367415240,1.07,Stage 2,2020-09-01
40.91,-71.330002,2020-08-26,49acdf0f9-9904-5bfe-8b88-6a05cbcda2ce,USA,STARLIGHT,TRAWLERS,FISHING,367674070,1.87,Stage 2,2020-08-01
41.22,-71,2020-06-25,dc7503a12-2012-2b23-c830-41a97164309d,USA,CHARLIES PRIDE,TRAWLERS,FISHING,366472920,0.87,Stage 2,2020-06-01
41.18,-71.260002,2020-09-12,d8bbf6380-05af-2b58-ca64-97ffb1eb319f,USA,ENTERPRISE,TRAWLERS,FISHING,367590310,5.4,Stage 2,2020-09-01
41.17,-71.300003,2020-07-29,d8bbf6380-05af-2b58-ca64-97ffb1eb319f,USA,ENTERPRISE,TRAWLERS,FISHING,367590310,0.34,Stage 2,2020-07-01
41.19,-71.25,2020-07-27,d8bbf6380-05af-2b58-ca64-97ffb1eb319f,USA,ENTERPRISE,TRAWLERS,FISHING,367590310,1.24,Stage 2,2020-07-01
41.38,-71.269997,2020-11-27,c11057b39-90b8-89c0-7f09-0f5a46f8d730,USA,BELL SKY,TRAWLERS,FISHING,367637420,0.97,Stage 2,2020-11-01
41.09,-71.370003,2020-12-14,c11057b39-90b8-89c0-7f09-0f5a46f8d730,USA,BELL SKY,TRAWLERS,FISHING,367637420,1.12,Stage 2,2020-12-01
40.89,-71.110001,2020-06-15,49acdf0f9-9904-5bfe-8b88-6a05cbcda2ce,USA,STARLIGHT,TRAWLERS,FISHING,367674070,7.93,Stage 2,2020-06-01
41.09,-71.370003,2020-10-28,cec008aa2-264e-d098-8f9d-11769636d229,USA,KELSI & MORGAN,TRAWLERS,FISHING,338386525,0.63,Stage 2,2020-10-01
41.19,-71.260002,2020-08-22,6d414bc32-25f1-a36c-badb-1aa96fde74dd,USA,CAPT  SEAWEED,TRAWLERS,FISHING,368092280,0.85,Stage 2,2020-08-01
41.17,-71.279999,2020-10-14,d8bbf6380-05af-2b58-ca64-97ffb1eb319f,USA,ENTERPRISE,TRAWLERS,FISHING,367590310,0.87,Stage 2,2020-10-01
41.29,-71.080002,2020-05-16,96387fde5-5d6d-7a69-ebed-0257ec09882a,USA,BELLA SKY,TRAWLERS,FISHING,367784820,12.02,Stage 2,2020-05-01
41.02,-71.019997,2020-06-09,fd96b30e3-3f77-f437-8122-20e7744dfdb4,USA,TIMBERLINE,DREDGE_FISHING,FISHING,367071460,5.92,Stage 2,2020-06-01
40.98,-71.360001,2020-07-07,bb78a986c-ca0e-f163-4eee-3b904068aabf,USA,HIGH FLIER,POLE_AND_LINE,FISHING,338362858,1.43,Stage 2,2020-07-01
41.37,-71.260002,2020-10-28,c11057b39-90b8-89c0-7f09-0f5a46f8d730,USA,BELL SKY,TRAWLERS,FISHING,367637420,2.86,Stage 2,2020-10-01
41.04,-71.230003,2020-10-22,90b9eaea0-018d-1eaf-4055-36b770057d04,USA,GAIL FRANCES,INCONCLUSIVE,FISHING,366940990,1.02,Stage 2,2020-10-01
41.12,-71.32,2020-08-13,c9804fdb4-469e-7f30-0a3f-044b6cc74b65,USA,KAREN ANN,SET_GILLNETS,FISHING,367105250,0.71,Stage 2,2020-08-01
41.29,-71.080002,2020-05-16,cb1896d57-70fe-6792-627a-778aa3871f52,USA,QUINBY ALLIE,TRAWLERS,FISHING,368103130,1.08,Stage 2,2020-05-01
41.21,-71.269997,2020-10-20,138335867-750f-7b39-06ff-645add8dbdc7,USA,BROOKE ELISE,TRAWLERS,FISHING,367687740,1.19,Stage 2,2020-10-01
41.29,-71.279999,2020-10-14,d8bbf6380-05af-2b58-ca64-97ffb1eb319f,USA,ENTERPRISE,TRAWLERS,FISHING,367590310,2.44,Stage 2,2020-10-01
41.04,-71.169998,2020-09-27,dac061149-9def-2b22-0c93-feee524b7099,USA,NECESSITY,POLE_AND_LINE,FISHING,366789890,1.58,Stage 2,2020-09-01
40.98,-71.290001,2020-02-21,d2d6e0603-3a0e-48f4-32d2-a4d0565980c7,USA,MATTIE AND MAREN,TRAWLERS,FISHING,367415240,0.98,Stage 2,2020-02-01
41.05,-71.059998,2020-07-29,3d433bba9-9dbe-42f7-b477-ef16d8cb9c81,USA,HATTRICK,OTHER,OTHER,367693470,0.69,Stage 2,2020-07-01
41.28,-71.410004,2020-08-25,cf82ed35c-c219-f8c2-745a-24c38db5d7cf,USA,BLACK SHEEP,TRAWLERS,FISHING,366831480,1.21,Stage 2,2020-08-01
41.18,-71.260002,2020-09-29,d2d6e0603-3a0e-48f4-32d2-a4d0565980c7,USA,MATTIE AND MAREN,TRAWLERS,FISHING,367415240,1.38,Stage 2,2020-09-01
41.14,-71.290001,2020-08-21,d2d6e0603-3a0e-48f4-32d2-a4d0565980c7,USA,MATTIE AND MAREN,TRAWLERS,FISHING,367415240,1.16,Stage 2,2020-08-01
41.01,-70.889999,2020-04-09,d2d6e0603-3a0e-48f4-32d2-a4d0565980c7,USA,MATTIE AND MAREN,TRAWLERS,FISHING,367415240,0.77,Stage 2,2020-04-01
41.15,-71.379997,2020-07-27,0aa677a23-34d1-62cd-24ab-48ab0cf6fc9e,USA,BROOKE C,SET_GILLNETS,FISHING,338228458,0.89,Stage 2,2020-07-01
41.15,-71.339996,2020-10-02,44752569c-c00c-da61-1898-4d62b6314a40,USA,VIRGINIA MARISE,TRAWLERS,FISHING,367145360,1,Stage 2,2020-10-01
41.23,-71.169998,2020-05-22,d8bbf6380-05af-2b58-ca64-97ffb1eb319f,USA,ENTERPRISE,TRAWLERS,FISHING,367590310,1.25,Stage 2,2020-05-01
41.12,-71.260002,2020-08-20,6d414bc32-25f1-a36c-badb-1aa96fde74dd,USA,CAPT  SEAWEED,TRAWLERS,FISHING,368092280,0.55,Stage 2,2020-08-01
41.1,-71.300003,2020-09-17,d2d6e0603-3a0e-48f4-32d2-a4d0565980c7,USA,MATTIE AND MAREN,TRAWLERS,FISHING,367415240,0.99,Stage 2,2020-09-01
41.37,-71.099998,2020-12-17,271848233-3d03-0983-bb0e-69633237cda7,USA,DIAMOND GIRL,FISHING,FISHING,367522680,0.33,Stage 2,2020-12-01
41.18,-71.260002,2020-10-22,138335867-750f-7b39-06ff-645add8dbdc7,USA,BROOKE ELISE,TRAWLERS,FISHING,367687740,1.07,Stage 2,2020-10-01
41.24,-71.080002,2020-06-08,d8bbf6380-05af-2b58-ca64-97ffb1eb319f,USA,ENTERPRISE,TRAWLERS,FISHING,367590310,0.87,Stage 2,2020-06-01
41.25,-71.349998,2020-09-16,138335867-750f-7b39-06ff-645add8dbdc7,USA,BROOKE ELISE,TRAWLERS,FISHING,367687740,2.33,Stage 2,2020-09-01
41.23,-71.139999,2020-06-18,b91c9478b-bfa0-844e-f949-ccea31ce5ac1,USA,ELIZ AND KATHERINE,TRAWLERS,FISHING,367542540,0.7,Stage 2,2020-06-01
41,-71.379997,2020-10-09,f1a81b01f-f4f3-9448-2f7a-48c7f4f3f1d5,USA,OCEAN GOLD,FISHING,FISHING,367181730,1.01,Stage 2,2020-10-01
41.11,-71.129997,2020-06-12,25d7974a8-8ecf-4379-9b08-45e731dd11c9,USA,SAKONNET LOBSTER 2,POLE_AND_LINE,FISHING,338337752,2.47,Stage 2,2020-06-01
41.36,-71.139999,2020-08-29,d2d6e0603-3a0e-48f4-32d2-a4d0565980c7,USA,MATTIE AND MAREN,TRAWLERS,FISHING,367415240,1.61,Stage 2,2020-08-01
41.29,-71.199997,2020-08-04,d8bbf6380-05af-2b58-ca64-97ffb1eb319f,USA,ENTERPRISE,TRAWLERS,FISHING,367590310,2.71,Stage 2,2020-08-01
41.28,-71.410004,2020-08-21,0e485544c-c215-4bf8-08d1-16d51c6fb65c,USA,ATLANTIC QUEEN,TRAWLERS,FISHING,367335230,1.01,Stage 2,2020-08-01
41.08,-71.099998,2020-06-10,7104bfc82-2a20-d1f1-5400-f9295c4e0569,USA,F/V KRYSTLE JAMES,FISHING,FISHING,366893340,9.16,Stage 2,2020-06-01
41.05,-71.389999,2020-09-13,90b9eaea0-018d-1eaf-4055-36b770057d04,USA,GAIL FRANCES,INCONCLUSIVE,FISHING,366940990,1.85,Stage 2,2020-09-01
41.05,-71.379997,2020-12-08,c11057b39-90b8-89c0-7f09-0f5a46f8d730,USA,BELL SKY,TRAWLERS,FISHING,367637420,11.48,Stage 2,2020-12-01
41.12,-71.32,2020-09-25,c9804fdb4-469e-7f30-0a3f-044b6cc74b65,USA,KAREN ANN,SET_GILLNETS,FISHING,367105250,0.66,Stage 2,2020-09-01
40.9,-71.129997,2020-06-15,49acdf0f9-9904-5bfe-8b88-6a05cbcda2ce,USA,STARLIGHT,TRAWLERS,FISHING,367674070,1.68,Stage 2,2020-06-01
41.29,-71.400002,2020-11-08,c11057b39-90b8-89c0-7f09-0f5a46f8d730,USA,BELL SKY,TRAWLERS,FISHING,367637420,0.93,Stage 2,2020-11-01
41.31,-71.379997,2020-07-31,c9804fdb4-469e-7f30-0a3f-044b6cc74b65,USA,KAREN ANN,SET_GILLNETS,FISHING,367105250,2.9,Stage 2,2020-07-01
41.19,-71.239998,2020-08-06,d8bbf6380-05af-2b58-ca64-97ffb1eb319f,USA,ENTERPRISE,TRAWLERS,FISHING,367590310,1.34,Stage 2,2020-08-01
41.3,-71.400002,2020-06-21,d2d6e0603-3a0e-48f4-32d2-a4d0565980c7,USA,MATTIE AND MAREN,TRAWLERS,FISHING,367415240,8.25,Stage 2,2020-06-01
40.99,-71.220001,2020-11-10,d2d6e0603-3a0e-48f4-32d2-a4d0565980c7,USA,MATTIE AND MAREN,TRAWLERS,FISHING,367415240,0.7,Stage 2,2020-11-01
41.06,-71.389999,2020-10-21,90b9eaea0-018d-1eaf-4055-36b770057d04,USA,GAIL FRANCES,INCONCLUSIVE,FISHING,366940990,0.84,Stage 2,2020-10-01
41.15,-71.290001,2020-10-09,138335867-750f-7b39-06ff-645add8dbdc7,USA,BROOKE ELISE,TRAWLERS,FISHING,367687740,1.05,Stage 2,2020-10-01
40.93,-71.32,2020-06-21,fd96b30e3-3f77-f437-8122-20e7744dfdb4,USA,TIMBERLINE,DREDGE_FISHING,FISHING,367071460,1.72,Stage 2,2020-06-01
40.93,-71.370003,2020-05-17,a45b489d0-00f1-5dc5-64d8-6d681d72b4ba,USA,LADY BRITTANY,TRAWLERS,FISHING,366983260,2.31,Stage 2,2020-05-01
41.31,-71.339996,2020-09-03,8f987fea1-1754-c256-8d02-c8079a35624d,USA,RAYNA AND KERSTIN,TRAWLERS,FISHING,368102710,1.7,Stage 2,2020-09-01
41.11,-71.300003,2020-06-28,e835426b5-5325-4b79-ca28-832b6de511b0,USA,CONOR AND MICHAEL,TRAWLERS,FISHING,367301540,0.78,Stage 2,2020-06-01
40.83,-70.959999,2020-06-25,3138ae7c8-874e-0d84-49ab-e1824c726595,USA,EXCALIBUR,TRAWLERS,FISHING,367709870,0.88,Stage 2,2020-06-01
41.14,-71.300003,2020-08-06,c9804fdb4-469e-7f30-0a3f-044b6cc74b65,USA,KAREN ANN,SET_GILLNETS,FISHING,367105250,2.21,Stage 2,2020-08-01
40.92,-71.32,2020-08-07,fd96b30e3-3f77-f437-8122-20e7744dfdb4,USA,TIMBERLINE,DREDGE_FISHING,FISHING,367071460,1.41,Stage 2,2020-08-01
41.03,-71.199997,2020-09-26,90b9eaea0-018d-1eaf-4055-36b770057d04,USA,GAIL FRANCES,INCONCLUSIVE,FISHING,366940990,0.8,Stage 2,2020-09-01
41.37,-71.269997,2020-07-09,d2d6e0603-3a0e-48f4-32d2-a4d0565980c7,USA,MATTIE AND MAREN,TRAWLERS,FISHING,367415240,1.15,Stage 2,2020-07-01
41.22,-71.379997,2020-07-30,d8bbf6380-05af-2b58-ca64-97ffb1eb319f,USA,ENTERPRISE,TRAWLERS,FISHING,367590310,1.03,Stage 2,2020-07-01
41.3,-71.139999,2020-05-15,96387fde5-5d6d-7a69-ebed-0257ec09882a,USA,BELLA SKY,TRAWLERS,FISHING,367784820,0.72,Stage 2,2020-05-01
41.15,-71.290001,2020-10-28,d8bbf6380-05af-2b58-ca64-97ffb1eb319f,USA,ENTERPRISE,TRAWLERS,FISHING,367590310,1.25,Stage 2,2020-10-01
41.27,-71.400002,2020-07-22,d8bbf6380-05af-2b58-ca64-97ffb1eb319f,USA,ENTERPRISE,TRAWLERS,FISHING,367590310,1.03,Stage 2,2020-07-01
41.28,-71.389999,2020-08-16,59d8ab6e8-88ae-3379-7957-c3cf5af17475,USA,HOPE AND SYDNEY,TRAWLERS,FISHING,367084070,1.8,Stage 2,2020-08-01
41.24,-71.129997,2020-06-10,d8bbf6380-05af-2b58-ca64-97ffb1eb319f,USA,ENTERPRISE,TRAWLERS,FISHING,367590310,0.58,Stage 2,2020-06-01
41.05,-71.349998,2020-06-12,0aa677a23-34d1-62cd-24ab-48ab0cf6fc9e,USA,BROOKE C,SET_GILLNETS,FISHING,338228458,0.68,Stage 2,2020-06-01
40.94,-71.379997,2020-12-09,c11057b39-90b8-89c0-7f09-0f5a46f8d730,USA,BELL SKY,TRAWLERS,FISHING,367637420,11.21,Stage 2,2020-12-01
41,-71.099998,2020-04-26,49acdf0f9-9904-5bfe-8b88-6a05cbcda2ce,USA,STARLIGHT,TRAWLERS,FISHING,367674070,1.14,Stage 2,2020-04-01
41.07,-71.360001,2020-08-24,0aa677a23-34d1-62cd-24ab-48ab0cf6fc9e,USA,BROOKE C,SET_GILLNETS,FISHING,338228458,8.84,Stage 2,2020-08-01
41.13,-71.300003,2020-06-26,e835426b5-5325-4b79-ca28-832b6de511b0,USA,CONOR AND MICHAEL,TRAWLERS,FISHING,367301540,0.85,Stage 2,2020-06-01
41.26,-71.190002,2020-10-15,d8bbf6380-05af-2b58-ca64-97ffb1eb319f,USA,ENTERPRISE,TRAWLERS,FISHING,367590310,0.93,Stage 2,2020-10-01
41.38,-71.279999,2020-10-06,c11057b39-90b8-89c0-7f09-0f5a46f8d730,USA,BELL SKY,TRAWLERS,FISHING,367637420,1.2,Stage 2,2020-10-01
41.04,-71.169998,2020-10-02,90b9eaea0-018d-1eaf-4055-36b770057d04,USA,GAIL FRANCES,INCONCLUSIVE,FISHING,366940990,0.96,Stage 2,2020-10-01
41.16,-71.25,2020-08-25,d2d6e0603-3a0e-48f4-32d2-a4d0565980c7,USA,MATTIE AND MAREN,TRAWLERS,FISHING,367415240,1.12,Stage 2,2020-08-01
40.94,-71.360001,2020-01-02,0409d3e30-06fb-7dac-0e26-fbeae39606ab,USA,MARTHA ROSE,TRAWLERS,FISHING,368120430,1.17,Stage 2,2020-01-01
41.05,-71.379997,2020-11-17,d2d6e0603-3a0e-48f4-32d2-a4d0565980c7,USA,MATTIE AND MAREN,TRAWLERS,FISHING,367415240,1,Stage 2,2020-11-01
40.94,-70.830002,2020-11-23,410f103b3-3bf1-c50e-50ee-18fb85c0b8b9,USA,RAYDA CHERAMIE,FISHING,FISHING,366947090,6.78,Stage 2,2020-11-01
41.11,-71.300003,2020-09-23,d2d6e0603-3a0e-48f4-32d2-a4d0565980c7,USA,MATTIE AND MAREN,TRAWLERS,FISHING,367415240,1.08,Stage 2,2020-09-01
41.21,-71.220001,2020-08-02,d8bbf6380-05af-2b58-ca64-97ffb1eb319f,USA,ENTERPRISE,TRAWLERS,FISHING,367590310,0.88,Stage 2,2020-08-01
41.21,-71.160004,2020-07-26,6d414bc32-25f1-a36c-badb-1aa96fde74dd,USA,CAPT  SEAWEED,TRAWLERS,FISHING,368092280,0.8,Stage 2,2020-07-01
41.32,-71.059998,2020-05-16,cb1896d57-70fe-6792-627a-778aa3871f52,USA,QUINBY ALLIE,TRAWLERS,FISHING,368103130,1.8,Stage 2,2020-05-01
41.2,-71.260002,2020-10-22,d8bbf6380-05af-2b58-ca64-97ffb1eb319f,USA,ENTERPRISE,TRAWLERS,FISHING,367590310,0.73,Stage 2,2020-10-01
41.23,-71.150002,2020-06-16,d8bbf6380-05af-2b58-ca64-97ffb1eb319f,USA,ENTERPRISE,TRAWLERS,FISHING,367590310,0.8,Stage 2,2020-06-01
41.15,-71.309998,2020-09-14,d8bbf6380-05af-2b58-ca64-97ffb1eb319f,USA,ENTERPRISE,TRAWLERS,FISHING,367590310,1.06,Stage 2,2020-09-01
41.37,-71.260002,2020-11-10,c11057b39-90b8-89c0-7f09-0f5a46f8d730,USA,BELL SKY,TRAWLERS,FISHING,367637420,2.16,Stage 2,2020-11-01
41.22,-71.199997,2020-10-15,d8bbf6380-05af-2b58-ca64-97ffb1eb319f,USA,ENTERPRISE,TRAWLERS,FISHING,367590310,1.21,Stage 2,2020-10-01
41.2,-71.230003,2020-07-27,d8bbf6380-05af-2b58-ca64-97ffb1eb319f,USA,ENTERPRISE,TRAWLERS,FISHING,367590310,0.92,Stage 2,2020-07-01
41.18,-71.290001,2020-10-25,ba25e8c61-10ee-2748-6c9f-6002fc91bf2f,USA,JEAN MARIE,TRAWLERS,FISHING,367379110,0.73,Stage 2,2020-10-01
41.04,-71.389999,2020-12-27,90b9eaea0-018d-1eaf-4055-36b770057d04,USA,GAIL FRANCES,INCONCLUSIVE,FISHING,366940990,1.99,Stage 2,2020-12-01
41.24,-71.269997,2020-06-03,d8bbf6380-05af-2b58-ca64-97ffb1eb319f,USA,ENTERPRISE,TRAWLERS,FISHING,367590310,2.08,Stage 2,2020-06-01
41.21,-71.199997,2020-08-22,6d414bc32-25f1-a36c-badb-1aa96fde74dd,USA,CAPT  SEAWEED,TRAWLERS,FISHING,368092280,0.94,Stage 2,2020-08-01
41.34,-71.239998,2020-10-27,c11057b39-90b8-89c0-7f09-0f5a46f8d730,USA,BELL SKY,TRAWLERS,FISHING,367637420,1.22,Stage 2,2020-10-01
41.03,-71.400002,2020-11-28,d2d6e0603-3a0e-48f4-32d2-a4d0565980c7,USA,MATTIE AND MAREN,TRAWLERS,FISHING,367415240,1.32,Stage 2,2020-11-01
40.91,-71.290001,2020-05-18,a45b489d0-00f1-5dc5-64d8-6d681d72b4ba,USA,LADY BRITTANY,TRAWLERS,FISHING,366983260,1.77,Stage 2,2020-05-01
41.32,-71.059998,2020-05-16,96387fde5-5d6d-7a69-ebed-0257ec09882a,USA,BELLA SKY,TRAWLERS,FISHING,367784820,2.18,Stage 2,2020-05-01
41.28,-71.410004,2020-09-29,c11057b39-90b8-89c0-7f09-0f5a46f8d730,USA,BELL SKY,TRAWLERS,FISHING,367637420,2.17,Stage 2,2020-09-01
41.2,-71.239998,2020-07-31,d8bbf6380-05af-2b58-ca64-97ffb1eb319f,USA,ENTERPRISE,TRAWLERS,FISHING,367590310,1.42,Stage 2,2020-07-01
41.23,-71.160004,2020-10-15,d8bbf6380-05af-2b58-ca64-97ffb1eb319f,USA,ENTERPRISE,TRAWLERS,FISHING,367590310,0.97,Stage 2,2020-10-01
41.32,-71.269997,2020-11-10,c11057b39-90b8-89c0-7f09-0f5a46f8d730,USA,BELL SKY,TRAWLERS,FISHING,367637420,1.17,Stage 2,2020-11-01
40.95,-71.389999,2020-06-13,b7bc134b9-9a63-5e4d-6e37-c982edeaed55,USA,HELEN LOUISE,TRAWLERS,FISHING,367459470,2.42,Stage 2,2020-06-01
41.23,-71.150002,2020-06-23,138335867-750f-7b39-06ff-645add8dbdc7,USA,BROOKE ELISE,TRAWLERS,FISHING,367687740,0.84,Stage 2,2020-06-01
40.89,-70.910004,2020-06-25,d0eedd395-565b-d998-24e7-e6095fdc296f,USA,SHAMROCK,SET_GILLNETS,FISHING,367396080,1.11,Stage 2,2020-06-01
41.18,-71.349998,2020-08-07,c9804fdb4-469e-7f30-0a3f-044b6cc74b65,USA,KAREN ANN,SET_GILLNETS,FISHING,367105250,3.77,Stage 2,2020-08-01
41.35,-71.25,2020-10-11,c11057b39-90b8-89c0-7f09-0f5a46f8d730,USA,BELL SKY,TRAWLERS,FISHING,367637420,1.22,Stage 2,2020-10-01
41.32,-71.029999,2020-10-09,ff3830e6a-a93e-1d34-b439-f9f742984f72,USA,DARANA R,FISHING,FISHING,367174730,1.46,Stage 2,2020-10-01
41.12,-71.32,2020-07-22,c9804fdb4-469e-7f30-0a3f-044b6cc74b65,USA,KAREN ANN,SET_GILLNETS,FISHING,367105250,1.16,Stage 2,2020-07-01
41.31,-71.230003,2020-09-08,8f987fea1-1754-c256-8d02-c8079a35624d,USA,RAYNA AND KERSTIN,TRAWLERS,FISHING,368102710,0.92,Stage 2,2020-09-01
41.24,-71.120003,2020-06-13,d8bbf6380-05af-2b58-ca64-97ffb1eb319f,USA,ENTERPRISE,TRAWLERS,FISHING,367590310,23.54,Stage 2,2020-06-01
41.13,-71.300003,2020-07-26,d8bbf6380-05af-2b58-ca64-97ffb1eb319f,USA,ENTERPRISE,TRAWLERS,FISHING,367590310,5.65,Stage 2,2020-07-01
40.96,-71.279999,2020-11-09,d2d6e0603-3a0e-48f4-32d2-a4d0565980c7,USA,MATTIE AND MAREN,TRAWLERS,FISHING,367415240,1,Stage 2,2020-11-01
41.06,-71.379997,2020-11-14,b5c8f14ac-cc19-ce97-1589-8ed6d3b58f48,USA,STEPHANIE BRYAN,FISHING,FISHING,367428520,2.42,Stage 2,2020-11-01
41.26,-71.389999,2020-08-25,d12a18828-8cbb-8887-d07d-bea9f8e76229,USA,F/V HOPEFULL,TRAWLERS,FISHING,367325850,3.97,Stage 2,2020-08-01
41.05,-71.389999,2020-11-05,90b9eaea0-018d-1eaf-4055-36b770057d04,USA,GAIL FRANCES,INCONCLUSIVE,FISHING,366940990,1.9,Stage 2,2020-11-01
41.08,-70.82,2020-09-14,0409d3e30-06fb-7dac-0e26-fbeae39606ab,USA,MARTHA ROSE,TRAWLERS,FISHING,368120430,0.34,Stage 2,2020-09-01
40.91,-71.199997,2020-04-26,a45b489d0-00f1-5dc5-64d8-6d681d72b4ba,USA,LADY BRITTANY,TRAWLERS,FISHING,366983260,0.64,Stage 2,2020-04-01
40.89,-71.330002,2020-10-21,bf1b9272e-e3ae-6523-ea60-d3a49e0c01b2,USA,INHERITANCE,POLE_AND_LINE,FISHING,367037070,0.72,Stage 2,2020-10-01
41.13,-71.290001,2020-09-18,d2d6e0603-3a0e-48f4-32d2-a4d0565980c7,USA,MATTIE AND MAREN,TRAWLERS,FISHING,367415240,0.98,Stage 2,2020-09-01
41.18,-71.260002,2020-10-27,d8bbf6380-05af-2b58-ca64-97ffb1eb319f,USA,ENTERPRISE,TRAWLERS,FISHING,367590310,0.38,Stage 2,2020-10-01
41.25,-71.089996,2020-06-12,d8bbf6380-05af-2b58-ca64-97ffb1eb319f,USA,ENTERPRISE,TRAWLERS,FISHING,367590310,4.42,Stage 2,2020-06-01
41.1,-71.360001,2020-10-28,cec008aa2-264e-d098-8f9d-11769636d229,USA,KELSI & MORGAN,TRAWLERS,FISHING,338386525,0.57,Stage 2,2020-10-01
41.11,-71.339996,2020-10-28,cec008aa2-264e-d098-8f9d-11769636d229,USA,KELSI & MORGAN,TRAWLERS,FISHING,338386525,1.9,Stage 2,2020-10-01
41.24,-71.129997,2020-06-25,138335867-750f-7b39-06ff-645add8dbdc7,USA,BROOKE ELISE,TRAWLERS,FISHING,367687740,0.81,Stage 2,2020-06-01
40.92,-71.370003,2020-05-17,a45b489d0-00f1-5dc5-64d8-6d681d72b4ba,USA,LADY BRITTANY,TRAWLERS,FISHING,366983260,2.86,Stage 2,2020-05-01
41.05,-70.970001,2020-09-07,fd96b30e3-3f77-f437-8122-20e7744dfdb4,USA,TIMBERLINE,DREDGE_FISHING,FISHING,367071460,9.34,Stage 2,2020-09-01
41.39,-71.269997,2020-11-27,c11057b39-90b8-89c0-7f09-0f5a46f8d730,USA,BELL SKY,TRAWLERS,FISHING,367637420,0.82,Stage 2,2020-11-01
40.99,-71.129997,2020-06-02,49acdf0f9-9904-5bfe-8b88-6a05cbcda2ce,USA,STARLIGHT,TRAWLERS,FISHING,367674070,4.07,Stage 2,2020-06-01
40.98,-71.139999,2020-06-03,49acdf0f9-9904-5bfe-8b88-6a05cbcda2ce,USA,STARLIGHT,TRAWLERS,FISHING,367674070,1.42,Stage 2,2020-06-01
40.94,-71.379997,2020-09-01,49acdf0f9-9904-5bfe-8b88-6a05cbcda2ce,USA,STARLIGHT,TRAWLERS,FISHING,367674070,5.19,Stage 2,2020-09-01
41.04,-71.169998,2020-10-11,90b9eaea0-018d-1eaf-4055-36b770057d04,USA,GAIL FRANCES,INCONCLUSIVE,FISHING,366940990,1.49,Stage 2,2020-10-01
41.13,-71.300003,2020-10-29,138335867-750f-7b39-06ff-645add8dbdc7,USA,BROOKE ELISE,TRAWLERS,FISHING,367687740,0.43,Stage 2,2020-10-01
41.15,-71.330002,2020-11-08,d2d6e0603-3a0e-48f4-32d2-a4d0565980c7,USA,MATTIE AND MAREN,TRAWLERS,FISHING,367415240,2.05,Stage 2,2020-11-01
40.94,-71.360001,2020-11-10,dd6eb6d60-0fea-40b3-82c4-6fd4fe4b2e7c,USA,SEVEN SEAS,TRAWLERS,FISHING,367624610,1.46,Stage 2,2020-11-01
40.95,-70.75,2020-06-09,460bff8bc-c729-20f5-5a0e-e2a0612007e1,USA,ANN MARIE,SET_GILLNETS,FISHING,338132083,0.52,Stage 2,2020-06-01
41.21,-71.279999,2020-09-25,d2d6e0603-3a0e-48f4-32d2-a4d0565980c7,USA,MATTIE AND MAREN,TRAWLERS,FISHING,367415240,0.58,Stage 2,2020-09-01
41.21,-71.220001,2020-06-09,d8bbf6380-05af-2b58-ca64-97ffb1eb319f,USA,ENTERPRISE,TRAWLERS,FISHING,367590310,1.08,Stage 2,2020-06-01
41.14,-71.290001,2020-09-27,b91c9478b-bfa0-844e-f949-ccea31ce5ac1,USA,ELIZ AND KATHERINE,TRAWLERS,FISHING,367542540,1.03,Stage 2,2020-09-01
41.31,-71.400002,2020-09-24,f24e7875f-f61b-0cbe-f53f-b179dd5b9c21,USA,LINDA MARIE,TRAWLERS,FISHING,367588040,1.07,Stage 2,2020-09-01
41.33,-71.239998,2020-11-07,c11057b39-90b8-89c0-7f09-0f5a46f8d730,USA,BELL SKY,TRAWLERS,FISHING,367637420,2.16,Stage 2,2020-11-01
41.25,-71.169998,2020-09-04,31fd57464-4fc8-83a1-825b-94e59a587ef9,USA,DIAMOND GIRL,FISHING,FISHING,367522680,0.35,Stage 2,2020-09-01
41.32,-71.099998,2020-07-09,d2d6e0603-3a0e-48f4-32d2-a4d0565980c7,USA,MATTIE AND MAREN,TRAWLERS,FISHING,367415240,3.56,Stage 2,2020-07-01
40.9,-71.309998,2020-07-30,fd96b30e3-3f77-f437-8122-20e7744dfdb4,USA,TIMBERLINE,DREDGE_FISHING,FISHING,367071460,0.78,Stage 2,2020-07-01
41.04,-71.230003,2020-12-27,90b9eaea0-018d-1eaf-4055-36b770057d04,USA,GAIL FRANCES,INCONCLUSIVE,FISHING,366940990,0.44,Stage 2,2020-12-01
41.22,-71.269997,2020-06-25,138335867-750f-7b39-06ff-645add8dbdc7,USA,BROOKE ELISE,TRAWLERS,FISHING,367687740,0.95,Stage 2,2020-06-01
41.02,-70.910004,2020-06-24,355db86fa-ae7e-9cce-bfba-e9f6b287353c,USA,KASSIDY LYN,TRAWLERS,FISHING,368019940,0.84,Stage 2,2020-06-01
41.18,-71.260002,2020-11-07,138335867-750f-7b39-06ff-645add8dbdc7,USA,BROOKE ELISE,TRAWLERS,FISHING,367687740,0.58,Stage 2,2020-11-01
41.25,-71.169998,2020-04-16,cbfafe985-5d2a-7d35-bd3d-0b5997544a89,USA,OLIVIA CATHERINE,TRAWLERS,FISHING,366186640,1.93,Stage 2,2020-04-01
40.94,-71.370003,2020-03-06,d2d6e0603-3a0e-48f4-32d2-a4d0565980c7,USA,MATTIE AND MAREN,TRAWLERS,FISHING,367415240,3.9,Stage 2,2020-03-01
41.23,-71.150002,2020-08-13,138335867-750f-7b39-06ff-645add8dbdc7,USA,BROOKE ELISE,TRAWLERS,FISHING,367687740,1.44,Stage 2,2020-08-01
41.36,-71.260002,2020-07-19,b5c8f14ac-cc19-ce97-1589-8ed6d3b58f48,USA,STEPHANIE BRYAN,FISHING,FISHING,367428520,1.24,Stage 2,2020-07-01
41.01,-71.040001,2020-08-07,ad22a3fa5-5371-ddc3-4b45-7d536d49e01e,USA,EVENING PRAYER,FISHING,FISHING,367377130,0.88,Stage 2,2020-08-01
41.17,-71.279999,2020-11-09,138335867-750f-7b39-06ff-645add8dbdc7,USA,BROOKE ELISE,TRAWLERS,FISHING,367687740,0.82,Stage 2,2020-11-01
41.18,-71.269997,2020-10-14,d8bbf6380-05af-2b58-ca64-97ffb1eb319f,USA,ENTERPRISE,TRAWLERS,FISHING,367590310,0.91,Stage 2,2020-10-01
41.04,-70.879997,2020-06-15,fd96b30e3-3f77-f437-8122-20e7744dfdb4,USA,TIMBERLINE,DREDGE_FISHING,FISHING,367071460,1.17,Stage 2,2020-06-01
41.3,-71.07,2020-05-16,96387fde5-5d6d-7a69-ebed-0257ec09882a,USA,BELLA SKY,TRAWLERS,FISHING,367784820,0.82,Stage 2,2020-05-01
41.27,-71.370003,2020-10-27,d8bbf6380-05af-2b58-ca64-97ffb1eb319f,USA,ENTERPRISE,TRAWLERS,FISHING,367590310,0.53,Stage 2,2020-10-01
41.05,-71.379997,2020-11-22,d2d6e0603-3a0e-48f4-32d2-a4d0565980c7,USA,MATTIE AND MAREN,TRAWLERS,FISHING,367415240,1.12,Stage 2,2020-11-01
41.1,-71.300003,2020-10-29,cec008aa2-264e-d098-8f9d-11769636d229,USA,KELSI & MORGAN,TRAWLERS,FISHING,338386525,1.93,Stage 2,2020-10-01
40.85,-70.949997,2020-06-26,d0eedd395-565b-d998-24e7-e6095fdc296f,USA,SHAMROCK,SET_GILLNETS,FISHING,367396080,3.57,Stage 2,2020-06-01
40.98,-71.129997,2020-06-03,49acdf0f9-9904-5bfe-8b88-6a05cbcda2ce,USA,STARLIGHT,TRAWLERS,FISHING,367674070,3.06,Stage 2,2020-06-01
41.2,-71.309998,2020-09-23,d8bbf6380-05af-2b58-ca64-97ffb1eb319f,USA,ENTERPRISE,TRAWLERS,FISHING,367590310,1.07,Stage 2,2020-09-01
41.32,-70.989998,2020-05-19,cb1896d57-70fe-6792-627a-778aa3871f52,USA,QUINBY ALLIE,TRAWLERS,FISHING,368103130,0.76,Stage 2,2020-05-01
40.91,-71.110001,2020-06-27,a45b489d0-00f1-5dc5-64d8-6d681d72b4ba,USA,LADY BRITTANY,TRAWLERS,FISHING,366983260,0.91,Stage 2,2020-06-01
40.98,-71.209999,2020-12-30,c11057b39-90b8-89c0-7f09-0f5a46f8d730,USA,BELL SKY,TRAWLERS,FISHING,367637420,2.14,Stage 2,2020-12-01
41.25,-71.080002,2020-06-09,d8bbf6380-05af-2b58-ca64-97ffb1eb319f,USA,ENTERPRISE,TRAWLERS,FISHING,367590310,0.83,Stage 2,2020-06-01
40.95,-70.940002,2020-08-19,801708294-444d-635b-257a-9ba1ab825c3d,USA,M.F. HY-GRADER,TRAWLERS,FISHING,368088750,3.71,Stage 2,2020-08-01
41.23,-71.220001,2020-09-01,a15e533c5-505d-88e3-1794-2f973ee6df1a,USA,FV AMERICAN BEAUTY,POLE_AND_LINE,FISHING,367799120,8.88,Stage 2,2020-09-01
41.02,-71.190002,2020-01-28,d2d6e0603-3a0e-48f4-32d2-a4d0565980c7,USA,MATTIE AND MAREN,TRAWLERS,FISHING,367415240,0.72,Stage 2,2020-01-01
41.04,-71.220001,2020-09-25,90b9eaea0-018d-1eaf-4055-36b770057d04,USA,GAIL FRANCES,INCONCLUSIVE,FISHING,366940990,1.02,Stage 2,2020-09-01
41.13,-71.300003,2020-10-06,138335867-750f-7b39-06ff-645add8dbdc7,USA,BROOKE ELISE,TRAWLERS,FISHING,367687740,1.2,Stage 2,2020-10-01
41.3,-71.010002,2020-05-20,cb1896d57-70fe-6792-627a-778aa3871f52,USA,QUINBY ALLIE,TRAWLERS,FISHING,368103130,1.65,Stage 2,2020-05-01
41.22,-71.190002,2020-08-02,d8bbf6380-05af-2b58-ca64-97ffb1eb319f,USA,ENTERPRISE,TRAWLERS,FISHING,367590310,1.19,Stage 2,2020-08-01
40.84,-70.989998,2020-06-09,d0eedd395-565b-d998-24e7-e6095fdc296f,USA,SHAMROCK,SET_GILLNETS,FISHING,367396080,2.03,Stage 2,2020-06-01
40.96,-71.330002,2020-11-10,d2d6e0603-3a0e-48f4-32d2-a4d0565980c7,USA,MATTIE AND MAREN,TRAWLERS,FISHING,367415240,5.31,Stage 2,2020-11-01
41.15,-71.290001,2020-10-19,cec008aa2-264e-d098-8f9d-11769636d229,USA,KELSI & MORGAN,TRAWLERS,FISHING,338386525,0.97,Stage 2,2020-10-01
41.11,-71.349998,2020-10-09,cec008aa2-264e-d098-8f9d-11769636d229,USA,KELSI & MORGAN,TRAWLERS,FISHING,338386525,0.54,Stage 2,2020-10-01
41.03,-71.010002,2020-06-09,fd96b30e3-3f77-f437-8122-20e7744dfdb4,USA,TIMBERLINE,DREDGE_FISHING,FISHING,367071460,0.88,Stage 2,2020-06-01
41.13,-71.300003,2020-10-04,d8bbf6380-05af-2b58-ca64-97ffb1eb319f,USA,ENTERPRISE,TRAWLERS,FISHING,367590310,1.2,Stage 2,2020-10-01
40.96,-71.309998,2020-12-08,c11057b39-90b8-89c0-7f09-0f5a46f8d730,USA,BELL SKY,TRAWLERS,FISHING,367637420,2.81,Stage 2,2020-12-01
41.12,-71.290001,2020-08-22,6d414bc32-25f1-a36c-badb-1aa96fde74dd,USA,CAPT  SEAWEED,TRAWLERS,FISHING,368092280,1.29,Stage 2,2020-08-01
41.09,-71.290001,2020-08-10,d2d6e0603-3a0e-48f4-32d2-a4d0565980c7,USA,MATTIE AND MAREN,TRAWLERS,FISHING,367415240,0.98,Stage 2,2020-08-01
41.24,-71.129997,2020-06-17,d8bbf6380-05af-2b58-ca64-97ffb1eb319f,USA,ENTERPRISE,TRAWLERS,FISHING,367590310,0.6,Stage 2,2020-06-01
41.21,-71.220001,2020-07-29,d8bbf6380-05af-2b58-ca64-97ffb1eb319f,USA,ENTERPRISE,TRAWLERS,FISHING,367590310,0.98,Stage 2,2020-07-01
41.05,-71.400002,2020-11-21,90b9eaea0-018d-1eaf-4055-36b770057d04,USA,GAIL FRANCES,INCONCLUSIVE,FISHING,366940990,0.83,Stage 2,2020-11-01
41.14,-71.290001,2020-08-10,d2d6e0603-3a0e-48f4-32d2-a4d0565980c7,USA,MATTIE AND MAREN,TRAWLERS,FISHING,367415240,0.69,Stage 2,2020-08-01
40.91,-71.129997,2020-06-09,a45b489d0-00f1-5dc5-64d8-6d681d72b4ba,USA,LADY BRITTANY,TRAWLERS,FISHING,366983260,1.18,Stage 2,2020-06-01
41.14,-71.300003,2020-10-04,138335867-750f-7b39-06ff-645add8dbdc7,USA,BROOKE ELISE,TRAWLERS,FISHING,367687740,2.48,Stage 2,2020-10-01
41.05,-71.389999,2020-10-18,90b9eaea0-018d-1eaf-4055-36b770057d04,USA,GAIL FRANCES,INCONCLUSIVE,FISHING,366940990,3.92,Stage 2,2020-10-01
41.27,-71.339996,2020-07-17,d8bbf6380-05af-2b58-ca64-97ffb1eb319f,USA,ENTERPRISE,TRAWLERS,FISHING,367590310,1.13,Stage 2,2020-07-01
41.22,-71.239998,2020-08-25,d2d6e0603-3a0e-48f4-32d2-a4d0565980c7,USA,MATTIE AND MAREN,TRAWLERS,FISHING,367415240,0.85,Stage 2,2020-08-01
41.33,-71.139999,2020-05-15,96387fde5-5d6d-7a69-ebed-0257ec09882a,USA,BELLA SKY,TRAWLERS,FISHING,367784820,0.85,Stage 2,2020-05-01
41.36,-71.25,2020-10-28,c11057b39-90b8-89c0-7f09-0f5a46f8d730,USA,BELL SKY,TRAWLERS,FISHING,367637420,1.2,Stage 2,2020-10-01
40.98,-70.809998,2020-06-05,460bff8bc-c729-20f5-5a0e-e2a0612007e1,USA,ANN MARIE,SET_GILLNETS,FISHING,338132083,1.37,Stage 2,2020-06-01
41.12,-71.309998,2020-10-03,c9804fdb4-469e-7f30-0a3f-044b6cc74b65,USA,KAREN ANN,SET_GILLNETS,FISHING,367105250,1.95,Stage 2,2020-10-01
41.13,-71.300003,2020-09-28,c11057b39-90b8-89c0-7f09-0f5a46f8d730,USA,BELL SKY,TRAWLERS,FISHING,367637420,0.76,Stage 2,2020-09-01
41.07,-70.839996,2020-09-13,0409d3e30-06fb-7dac-0e26-fbeae39606ab,USA,MARTHA ROSE,TRAWLERS,FISHING,368120430,1.55,Stage 2,2020-09-01
41.32,-71.239998,2020-05-05,c11057b39-90b8-89c0-7f09-0f5a46f8d730,USA,BELL SKY,TRAWLERS,FISHING,367637420,1.34,Stage 2,2020-05-01
41.23,-71.300003,2020-10-18,d8bbf6380-05af-2b58-ca64-97ffb1eb319f,USA,ENTERPRISE,TRAWLERS,FISHING,367590310,1.09,Stage 2,2020-10-01
41.26,-71.290001,2020-08-06,94a980510-01b3-625f-8524-0b3b93600b8c,USA,CODY,TRAWLERS,FISHING,367190280,14.94,Stage 2,2020-08-01
41.05,-70.760002,2020-06-09,b562e83d9-9a4c-e7a9-3ac1-bd289fc0c328,USA,GREAT PUMPKIN,SET_GILLNETS,FISHING,338126698,1.69,Stage 2,2020-06-01
41.25,-71.330002,2020-08-25,6d414bc32-25f1-a36c-badb-1aa96fde74dd,USA,CAPT  SEAWEED,TRAWLERS,FISHING,368092280,0.97,Stage 2,2020-08-01
41.08,-70.900002,2020-11-16,25373aa10-051d-40cb-370e-680b29ed593f,USA,MISS EMMA,FIXED_GEAR,FISHING,368159010,2.05,Stage 2,2020-11-01
41.04,-71.379997,2020-02-17,d2d4a7623-3cb5-3aed-65b0-0866a70bfbb3,USA,OCEAN STATE,TRAWLERS,FISHING,366278770,3.34,Stage 2,2020-02-01
41.14,-71.290001,2020-10-27,d8bbf6380-05af-2b58-ca64-97ffb1eb319f,USA,ENTERPRISE,TRAWLERS,FISHING,367590310,0.96,Stage 2,2020-10-01
41.22,-71.190002,2020-07-02,d2d6e0603-3a0e-48f4-32d2-a4d0565980c7,USA,MATTIE AND MAREN,TRAWLERS,FISHING,367415240,0.36,Stage 2,2020-07-01
41.2,-71.230003,2020-10-14,d8bbf6380-05af-2b58-ca64-97ffb1eb319f,USA,ENTERPRISE,TRAWLERS,FISHING,367590310,0.54,Stage 2,2020-10-01
41.19,-71.160004,2020-09-01,a15e533c5-505d-88e3-1794-2f973ee6df1a,USA,FV AMERICAN BEAUTY,POLE_AND_LINE,FISHING,367799120,0.63,Stage 2,2020-09-01
41.28,-71.389999,2020-10-20,138335867-750f-7b39-06ff-645add8dbdc7,USA,BROOKE ELISE,TRAWLERS,FISHING,367687740,0.83,Stage 2,2020-10-01
41.03,-71.169998,2020-10-06,90b9eaea0-018d-1eaf-4055-36b770057d04,USA,GAIL FRANCES,INCONCLUSIVE,FISHING,366940990,0.81,Stage 2,2020-10-01
41.24,-71.239998,2020-10-19,d8bbf6380-05af-2b58-ca64-97ffb1eb319f,USA,ENTERPRISE,TRAWLERS,FISHING,367590310,2.16,Stage 2,2020-10-01
41.22,-71.199997,2020-08-25,d2d6e0603-3a0e-48f4-32d2-a4d0565980c7,USA,MATTIE AND MAREN,TRAWLERS,FISHING,367415240,0.73,Stage 2,2020-08-01
40.98,-71.089996,2020-06-02,49acdf0f9-9904-5bfe-8b88-6a05cbcda2ce,USA,STARLIGHT,TRAWLERS,FISHING,367674070,3.11,Stage 2,2020-06-01
41.01,-71.339996,2020-04-29,d2d6e0603-3a0e-48f4-32d2-a4d0565980c7,USA,MATTIE AND MAREN,TRAWLERS,FISHING,367415240,1.58,Stage 2,2020-04-01
41.29,-71.400002,2020-11-08,6ae903a95-5315-4633-05e6-edfa6b61c787,USA,PROUD MARY,TRAWLERS,FISHING,368102540,1.11,Stage 2,2020-11-01
41.38,-71.269997,2020-11-11,c11057b39-90b8-89c0-7f09-0f5a46f8d730,USA,BELL SKY,TRAWLERS,FISHING,367637420,2.38,Stage 2,2020-11-01
41.18,-71.260002,2020-07-29,d8bbf6380-05af-2b58-ca64-97ffb1eb319f,USA,ENTERPRISE,TRAWLERS,FISHING,367590310,1.22,Stage 2,2020-07-01
40.9,-71.339996,2020-06-28,a45b489d0-00f1-5dc5-64d8-6d681d72b4ba,USA,LADY BRITTANY,TRAWLERS,FISHING,366983260,1.53,Stage 2,2020-06-01
41.36,-71.260002,2020-10-29,c11057b39-90b8-89c0-7f09-0f5a46f8d730,USA,BELL SKY,TRAWLERS,FISHING,367637420,1.57,Stage 2,2020-10-01
41.05,-71.389999,2020-10-23,90b9eaea0-018d-1eaf-4055-36b770057d04,USA,GAIL FRANCES,INCONCLUSIVE,FISHING,366940990,1.73,Stage 2,2020-10-01
41.3,-71.389999,2020-08-07,f321a5bcb-b9a3-1da9-32d8-22077f65efcf,USA,DETERMINATION,TRAWLERS,FISHING,367518960,2.28,Stage 2,2020-08-01
41.18,-71.260002,2020-10-22,d8bbf6380-05af-2b58-ca64-97ffb1eb319f,USA,ENTERPRISE,TRAWLERS,FISHING,367590310,2.14,Stage 2,2020-10-01
41.39,-71.269997,2020-11-08,c11057b39-90b8-89c0-7f09-0f5a46f8d730,USA,BELL SKY,TRAWLERS,FISHING,367637420,0.88,Stage 2,2020-11-01
41.08,-71.379997,2020-08-10,d2d6e0603-3a0e-48f4-32d2-a4d0565980c7,USA,MATTIE AND MAREN,TRAWLERS,FISHING,367415240,0.65,Stage 2,2020-08-01
41.24,-71.110001,2020-06-03,d8bbf6380-05af-2b58-ca64-97ffb1eb319f,USA,ENTERPRISE,TRAWLERS,FISHING,367590310,0.95,Stage 2,2020-06-01
41.02,-71.040001,2020-06-09,fd96b30e3-3f77-f437-8122-20e7744dfdb4,USA,TIMBERLINE,DREDGE_FISHING,FISHING,367071460,3.21,Stage 2,2020-06-01
40.92,-70.940002,2020-06-17,d0eedd395-565b-d998-24e7-e6095fdc296f,USA,SHAMROCK,SET_GILLNETS,FISHING,367396080,0.78,Stage 2,2020-06-01
41.3,-71.400002,2020-11-07,c11057b39-90b8-89c0-7f09-0f5a46f8d730,USA,BELL SKY,TRAWLERS,FISHING,367637420,0.89,Stage 2,2020-11-01
40.89,-71.349998,2020-07-27,fd96b30e3-3f77-f437-8122-20e7744dfdb4,USA,TIMBERLINE,DREDGE_FISHING,FISHING,367071460,1.06,Stage 2,2020-07-01
41.18,-71.25,2020-08-13,138335867-750f-7b39-06ff-645add8dbdc7,USA,BROOKE ELISE,TRAWLERS,FISHING,367687740,0.73,Stage 2,2020-08-01
41.22,-71.269997,2020-08-18,b91c9478b-bfa0-844e-f949-ccea31ce5ac1,USA,ELIZ AND KATHERINE,TRAWLERS,FISHING,367542540,0.43,Stage 2,2020-08-01
41.18,-71.269997,2020-10-29,138335867-750f-7b39-06ff-645add8dbdc7,USA,BROOKE ELISE,TRAWLERS,FISHING,367687740,1.79,Stage 2,2020-10-01
41.03,-70.849998,2020-06-09,29a1a5b1f-f9c5-0b2e-14d0-105454e62b36,USA,SEA DANCER,SET_GILLNETS,FISHING,338181423,1.17,Stage 2,2020-06-01
41.12,-71.309998,2020-09-10,c9804fdb4-469e-7f30-0a3f-044b6cc74b65,USA,KAREN ANN,SET_GILLNETS,FISHING,367105250,2.26,Stage 2,2020-09-01
41,-71.160004,2020-04-16,49acdf0f9-9904-5bfe-8b88-6a05cbcda2ce,USA,STARLIGHT,TRAWLERS,FISHING,367674070,2.3,Stage 2,2020-04-01
41.23,-71.269997,2020-11-19,035ca6940-0817-2c05-ac48-cacdc88b5ff3,USA,F\V CHRISMAR,TRAWLERS,FISHING,366986220,0.84,Stage 2,2020-11-01
41.23,-71.220001,2020-08-23,6d414bc32-25f1-a36c-badb-1aa96fde74dd,USA,CAPT  SEAWEED,TRAWLERS,FISHING,368092280,2.23,Stage 2,2020-08-01
41.28,-71.410004,2020-10-27,c11057b39-90b8-89c0-7f09-0f5a46f8d730,USA,BELL SKY,TRAWLERS,FISHING,367637420,0.38,Stage 2,2020-10-01
40.89,-71.330002,2020-05-17,a45b489d0-00f1-5dc5-64d8-6d681d72b4ba,USA,LADY BRITTANY,TRAWLERS,FISHING,366983260,4.64,Stage 2,2020-05-01
41.3,-70.989998,2020-05-20,cb1896d57-70fe-6792-627a-778aa3871f52,USA,QUINBY ALLIE,TRAWLERS,FISHING,368103130,1,Stage 2,2020-05-01
40.92,-71.169998,2020-06-27,a45b489d0-00f1-5dc5-64d8-6d681d72b4ba,USA,LADY BRITTANY,TRAWLERS,FISHING,366983260,1.17,Stage 2,2020-06-01
41.37,-71.230003,2020-06-30,d12a18828-8cbb-8887-d07d-bea9f8e76229,USA,F/V HOPEFULL,TRAWLERS,FISHING,367325850,1.18,Stage 2,2020-06-01
41.22,-71.199997,2020-06-04,d8bbf6380-05af-2b58-ca64-97ffb1eb319f,USA,ENTERPRISE,TRAWLERS,FISHING,367590310,3.09,Stage 2,2020-06-01
41.19,-71.25,2020-11-09,138335867-750f-7b39-06ff-645add8dbdc7,USA,BROOKE ELISE,TRAWLERS,FISHING,367687740,0.76,Stage 2,2020-11-01
41.31,-71.389999,2020-07-02,c9804fdb4-469e-7f30-0a3f-044b6cc74b65,USA,KAREN ANN,SET_GILLNETS,FISHING,367105250,2.43,Stage 2,2020-07-01
41.33,-71.239998,2020-05-14,c11057b39-90b8-89c0-7f09-0f5a46f8d730,USA,BELL SKY,TRAWLERS,FISHING,367637420,1.5,Stage 2,2020-05-01
41.11,-71.300003,2020-10-03,d8bbf6380-05af-2b58-ca64-97ffb1eb319f,USA,ENTERPRISE,TRAWLERS,FISHING,367590310,1.12,Stage 2,2020-10-01
41.09,-71.370003,2020-05-07,8f987fea1-1754-c256-8d02-c8079a35624d,USA,RAYNA AND KERSTIN,TRAWLERS,FISHING,368102710,5.85,Stage 2,2020-05-01
41.26,-71.330002,2020-11-23,410f103b3-3bf1-c50e-50ee-18fb85c0b8b9,USA,RAYDA CHERAMIE,FISHING,FISHING,366947090,0.51,Stage 2,2020-11-01
41,-70.889999,2020-07-29,ef68d82c6-6d7e-ae58-2266-6ed164d98ce3,USA,MAX & EMMA,FISHING,FISHING,367792770,1.12,Stage 2,2020-07-01
41.29,-71.389999,2020-07-24,c9804fdb4-469e-7f30-0a3f-044b6cc74b65,USA,KAREN ANN,SET_GILLNETS,FISHING,367105250,0.92,Stage 2,2020-07-01
41.13,-71.300003,2020-11-11,d2d6e0603-3a0e-48f4-32d2-a4d0565980c7,USA,MATTIE AND MAREN,TRAWLERS,FISHING,367415240,0.75,Stage 2,2020-11-01
41.12,-71.300003,2020-09-14,138335867-750f-7b39-06ff-645add8dbdc7,USA,BROOKE ELISE,TRAWLERS,FISHING,367687740,2.97,Stage 2,2020-09-01
41.04,-70.860001,2020-06-13,29a1a5b1f-f9c5-0b2e-14d0-105454e62b36,USA,SEA DANCER,SET_GILLNETS,FISHING,338181423,2.42,Stage 2,2020-06-01
41.12,-71.300003,2020-10-20,cec008aa2-264e-d098-8f9d-11769636d229,USA,KELSI & MORGAN,TRAWLERS,FISHING,338386525,0.87,Stage 2,2020-10-01
41.3,-71.389999,2020-06-28,e835426b5-5325-4b79-ca28-832b6de511b0,USA,CONOR AND MICHAEL,TRAWLERS,FISHING,367301540,1.12,Stage 2,2020-06-01
41.36,-71.239998,2020-08-20,d12a18828-8cbb-8887-d07d-bea9f8e76229,USA,F/V HOPEFULL,TRAWLERS,FISHING,367325850,2.9,Stage 2,2020-08-01
41.11,-71.339996,2020-09-08,d8bbf6380-05af-2b58-ca64-97ffb1eb319f,USA,ENTERPRISE,TRAWLERS,FISHING,367590310,0.59,Stage 2,2020-09-01
40.91,-71.139999,2020-06-09,a45b489d0-00f1-5dc5-64d8-6d681d72b4ba,USA,LADY BRITTANY,TRAWLERS,FISHING,366983260,0.9,Stage 2,2020-06-01
41.24,-71.300003,2020-07-23,d8bbf6380-05af-2b58-ca64-97ffb1eb319f,USA,ENTERPRISE,TRAWLERS,FISHING,367590310,1.55,Stage 2,2020-07-01
41.28,-71.400002,2020-09-24,f24e7875f-f61b-0cbe-f53f-b179dd5b9c21,USA,LINDA MARIE,TRAWLERS,FISHING,367588040,1.49,Stage 2,2020-09-01
41.13,-71.300003,2020-10-18,138335867-750f-7b39-06ff-645add8dbdc7,USA,BROOKE ELISE,TRAWLERS,FISHING,367687740,1.76,Stage 2,2020-10-01
40.9,-71.269997,2020-04-26,ed62588e9-9a07-613d-f833-9937e65b1082,USA,BRIZO,FISHING,FISHING,367753640,0.97,Stage 2,2020-04-01
40.91,-71.120003,2020-06-27,a45b489d0-00f1-5dc5-64d8-6d681d72b4ba,USA,LADY BRITTANY,TRAWLERS,FISHING,366983260,1.41,Stage 2,2020-06-01
41.07,-71.110001,2020-07-29,3d433bba9-9dbe-42f7-b477-ef16d8cb9c81,USA,HATTRICK,OTHER,OTHER,367693470,0.39,Stage 2,2020-07-01
41.06,-70.75,2020-06-09,b562e83d9-9a4c-e7a9-3ac1-bd289fc0c328,USA,GREAT PUMPKIN,SET_GILLNETS,FISHING,338126698,0.98,Stage 2,2020-06-01
41.05,-70.970001,2020-08-20,fd96b30e3-3f77-f437-8122-20e7744dfdb4,USA,TIMBERLINE,DREDGE_FISHING,FISHING,367071460,1.73,Stage 2,2020-08-01
41.2,-71.309998,2020-11-19,035ca6940-0817-2c05-ac48-cacdc88b5ff3,USA,F\V CHRISMAR,TRAWLERS,FISHING,366986220,0.53,Stage 2,2020-11-01
41.33,-71.400002,2020-12-03,d2d4a7623-3cb5-3aed-65b0-0866a70bfbb3,USA,OCEAN STATE,TRAWLERS,FISHING,366278770,1.08,Stage 2,2020-12-01
41.06,-71.120003,2020-06-12,25d7974a8-8ecf-4379-9b08-45e731dd11c9,USA,SAKONNET LOBSTER 2,POLE_AND_LINE,FISHING,338337752,1.36,Stage 2,2020-06-01
41.08,-71.370003,2020-10-28,cec008aa2-264e-d098-8f9d-11769636d229,USA,KELSI & MORGAN,TRAWLERS,FISHING,338386525,1.11,Stage 2,2020-10-01
41.15,-71.349998,2020-11-30,d2d6e0603-3a0e-48f4-32d2-a4d0565980c7,USA,MATTIE AND MAREN,TRAWLERS,FISHING,367415240,0.93,Stage 2,2020-11-01
40.89,-71.32,2020-07-29,fd96b30e3-3f77-f437-8122-20e7744dfdb4,USA,TIMBERLINE,DREDGE_FISHING,FISHING,367071460,0.76,Stage 2,2020-07-01
41.15,-71.309998,2020-11-14,d2d6e0603-3a0e-48f4-32d2-a4d0565980c7,USA,MATTIE AND MAREN,TRAWLERS,FISHING,367415240,0.9,Stage 2,2020-11-01
41.06,-71.400002,2020-09-09,cb559898a-aba5-5632-5426-e3f2bbd4fba7,USA,TRANQUILITY,POLE_AND_LINE,FISHING,338215127,0.9,Stage 2,2020-09-01
41.38,-71.309998,2020-10-21,e5ad57b2d-d250-3691-821a-3d9e8d932fef,USA,SEVEN B S V,TRAWLERS,FISHING,367052470,0.67,Stage 2,2020-10-01
41.14,-71.32,2020-09-08,d8bbf6380-05af-2b58-ca64-97ffb1eb319f,USA,ENTERPRISE,TRAWLERS,FISHING,367590310,1,Stage 2,2020-09-01
41.34,-71.239998,2020-11-22,c11057b39-90b8-89c0-7f09-0f5a46f8d730,USA,BELL SKY,TRAWLERS,FISHING,367637420,1.87,Stage 2,2020-11-01
40.91,-71.309998,2020-07-30,fd96b30e3-3f77-f437-8122-20e7744dfdb4,USA,TIMBERLINE,DREDGE_FISHING,FISHING,367071460,0.87,Stage 2,2020-07-01
41.17,-71.269997,2020-07-28,d8bbf6380-05af-2b58-ca64-97ffb1eb319f,USA,ENTERPRISE,TRAWLERS,FISHING,367590310,3.04,Stage 2,2020-07-01
41.05,-70.919998,2020-08-19,fd96b30e3-3f77-f437-8122-20e7744dfdb4,USA,TIMBERLINE,DREDGE_FISHING,FISHING,367071460,4.09,Stage 2,2020-08-01
41.18,-71.279999,2020-09-17,d8bbf6380-05af-2b58-ca64-97ffb1eb319f,USA,ENTERPRISE,TRAWLERS,FISHING,367590310,1.13,Stage 2,2020-09-01
41.22,-71.190002,2020-07-29,d8bbf6380-05af-2b58-ca64-97ffb1eb319f,USA,ENTERPRISE,TRAWLERS,FISHING,367590310,0.93,Stage 2,2020-07-01
41.12,-71.330002,2020-10-14,cec008aa2-264e-d098-8f9d-11769636d229,USA,KELSI & MORGAN,TRAWLERS,FISHING,338386525,1.13,Stage 2,2020-10-01
41.02,-71.389999,2020-11-19,d2d6e0603-3a0e-48f4-32d2-a4d0565980c7,USA,MATTIE AND MAREN,TRAWLERS,FISHING,367415240,0.92,Stage 2,2020-11-01
41.19,-71.260002,2020-10-19,d8bbf6380-05af-2b58-ca64-97ffb1eb319f,USA,ENTERPRISE,TRAWLERS,FISHING,367590310,1.82,Stage 2,2020-10-01
41.24,-71.110001,2020-07-21,d8bbf6380-05af-2b58-ca64-97ffb1eb319f,USA,ENTERPRISE,TRAWLERS,FISHING,367590310,1.18,Stage 2,2020-07-01
41.16,-71.330002,2020-11-08,d2d6e0603-3a0e-48f4-32d2-a4d0565980c7,USA,MATTIE AND MAREN,TRAWLERS,FISHING,367415240,1.1,Stage 2,2020-11-01
41.19,-70.989998,2020-06-02,d8bbf6380-05af-2b58-ca64-97ffb1eb319f,USA,ENTERPRISE,TRAWLERS,FISHING,367590310,0.84,Stage 2,2020-06-01
41.14,-71.309998,2020-08-06,c9804fdb4-469e-7f30-0a3f-044b6cc74b65,USA,KAREN ANN,SET_GILLNETS,FISHING,367105250,2.23,Stage 2,2020-08-01
41.16,-71,2020-09-03,d8bbf6380-05af-2b58-ca64-97ffb1eb319f,USA,ENTERPRISE,TRAWLERS,FISHING,367590310,3.02,Stage 2,2020-09-01
41.25,-71.040001,2020-06-24,5b08cefbc-cda8-90e4-57a7-25ac2eadd608,USA,SHELBY ANN,TRAWLERS,FISHING,367687850,0.78,Stage 2,2020-06-01
41.16,-71.309998,2020-08-10,d2d6e0603-3a0e-48f4-32d2-a4d0565980c7,USA,MATTIE AND MAREN,TRAWLERS,FISHING,367415240,1.17,Stage 2,2020-08-01
41.22,-71.199997,2020-06-03,d8bbf6380-05af-2b58-ca64-97ffb1eb319f,USA,ENTERPRISE,TRAWLERS,FISHING,367590310,2.13,Stage 2,2020-06-01
40.91,-71.089996,2020-06-09,a45b489d0-00f1-5dc5-64d8-6d681d72b4ba,USA,LADY BRITTANY,TRAWLERS,FISHING,366983260,0.87,Stage 2,2020-06-01
40.97,-71.120003,2020-06-03,49acdf0f9-9904-5bfe-8b88-6a05cbcda2ce,USA,STARLIGHT,TRAWLERS,FISHING,367674070,2.16,Stage 2,2020-06-01
41.1,-71.349998,2020-10-22,cec008aa2-264e-d098-8f9d-11769636d229,USA,KELSI & MORGAN,TRAWLERS,FISHING,338386525,0.81,Stage 2,2020-10-01
41.18,-71.260002,2020-10-20,d8bbf6380-05af-2b58-ca64-97ffb1eb319f,USA,ENTERPRISE,TRAWLERS,FISHING,367590310,1.52,Stage 2,2020-10-01
41.03,-71.029999,2020-06-08,fd96b30e3-3f77-f437-8122-20e7744dfdb4,USA,TIMBERLINE,DREDGE_FISHING,FISHING,367071460,0.64,Stage 2,2020-06-01
41.18,-71.25,2020-11-07,138335867-750f-7b39-06ff-645add8dbdc7,USA,BROOKE ELISE,TRAWLERS,FISHING,367687740,1.43,Stage 2,2020-11-01
40.93,-71.309998,2020-08-07,fd96b30e3-3f77-f437-8122-20e7744dfdb4,USA,TIMBERLINE,DREDGE_FISHING,FISHING,367071460,2.66,Stage 2,2020-08-01
41.23,-71.150002,2020-06-18,d8bbf6380-05af-2b58-ca64-97ffb1eb319f,USA,ENTERPRISE,TRAWLERS,FISHING,367590310,1.52,Stage 2,2020-06-01
41.23,-71.129997,2020-06-25,d2d6e0603-3a0e-48f4-32d2-a4d0565980c7,USA,MATTIE AND MAREN,TRAWLERS,FISHING,367415240,1.19,Stage 2,2020-06-01
41.05,-71.389999,2020-10-19,90b9eaea0-018d-1eaf-4055-36b770057d04,USA,GAIL FRANCES,INCONCLUSIVE,FISHING,366940990,1.68,Stage 2,2020-10-01
41.21,-71.290001,2020-10-22,138335867-750f-7b39-06ff-645add8dbdc7,USA,BROOKE ELISE,TRAWLERS,FISHING,367687740,1.08,Stage 2,2020-10-01
41.37,-71.120003,2020-08-09,dd6eb6d60-0fea-40b3-82c4-6fd4fe4b2e7c,USA,SEVEN SEAS,TRAWLERS,FISHING,367624610,0.64,Stage 2,2020-08-01
41.15,-71.309998,2020-10-03,d8bbf6380-05af-2b58-ca64-97ffb1eb319f,USA,ENTERPRISE,TRAWLERS,FISHING,367590310,3.09,Stage 2,2020-10-01
40.91,-71.099998,2020-06-14,49acdf0f9-9904-5bfe-8b88-6a05cbcda2ce,USA,STARLIGHT,TRAWLERS,FISHING,367674070,5.8,Stage 2,2020-06-01
41.13,-71.300003,2020-09-16,138335867-750f-7b39-06ff-645add8dbdc7,USA,BROOKE ELISE,TRAWLERS,FISHING,367687740,3.2,Stage 2,2020-09-01
41.23,-71.18,2020-08-07,d2d6e0603-3a0e-48f4-32d2-a4d0565980c7,USA,MATTIE AND MAREN,TRAWLERS,FISHING,367415240,0.68,Stage 2,2020-08-01
41.06,-70.730003,2020-06-02,d8bbf6380-05af-2b58-ca64-97ffb1eb319f,USA,ENTERPRISE,TRAWLERS,FISHING,367590310,0.83,Stage 2,2020-06-01
41.06,-71.349998,2020-06-12,0aa677a23-34d1-62cd-24ab-48ab0cf6fc9e,USA,BROOKE C,SET_GILLNETS,FISHING,338228458,1.1,Stage 2,2020-06-01
41.12,-71.309998,2020-07-22,c9804fdb4-469e-7f30-0a3f-044b6cc74b65,USA,KAREN ANN,SET_GILLNETS,FISHING,367105250,2.58,Stage 2,2020-07-01
41.1,-71.360001,2020-11-24,d2d6e0603-3a0e-48f4-32d2-a4d0565980c7,USA,MATTIE AND MAREN,TRAWLERS,FISHING,367415240,1.03,Stage 2,2020-11-01
40.98,-71.129997,2020-06-02,49acdf0f9-9904-5bfe-8b88-6a05cbcda2ce,USA,STARLIGHT,TRAWLERS,FISHING,367674070,2.43,Stage 2,2020-06-01
41.31,-71.389999,2020-06-02,d8bbf6380-05af-2b58-ca64-97ffb1eb319f,USA,ENTERPRISE,TRAWLERS,FISHING,367590310,1.27,Stage 2,2020-06-01
41.06,-71.379997,2020-11-21,d2d6e0603-3a0e-48f4-32d2-a4d0565980c7,USA,MATTIE AND MAREN,TRAWLERS,FISHING,367415240,3.07,Stage 2,2020-11-01
41.18,-71.260002,2020-10-02,138335867-750f-7b39-06ff-645add8dbdc7,USA,BROOKE ELISE,TRAWLERS,FISHING,367687740,0.68,Stage 2,2020-10-01
41.15,-71.309998,2020-11-09,30039633e-e65b-e85b-a838-221883cbc42a,USA,HERITAGE,FISHING,FISHING,367142820,2.57,Stage 2,2020-11-01
41.06,-71.379997,2020-10-27,cec008aa2-264e-d098-8f9d-11769636d229,USA,KELSI & MORGAN,TRAWLERS,FISHING,338386525,1.14,Stage 2,2020-10-01
41.13,-71.349998,2020-11-21,d2d6e0603-3a0e-48f4-32d2-a4d0565980c7,USA,MATTIE AND MAREN,TRAWLERS,FISHING,367415240,0.47,Stage 2,2020-11-01
41.15,-71.32,2020-07-29,c9804fdb4-469e-7f30-0a3f-044b6cc74b65,USA,KAREN ANN,SET_GILLNETS,FISHING,367105250,0.86,Stage 2,2020-07-01
41.14,-71.290001,2020-09-14,d8bbf6380-05af-2b58-ca64-97ffb1eb319f,USA,ENTERPRISE,TRAWLERS,FISHING,367590310,0.86,Stage 2,2020-09-01
40.95,-71.349998,2020-04-25,d2d6e0603-3a0e-48f4-32d2-a4d0565980c7,USA,MATTIE AND MAREN,TRAWLERS,FISHING,367415240,6.51,Stage 2,2020-04-01
41.33,-71.150002,2020-09-01,e262d6055-5ca7-21ca-7dbc-f48f76c919fd,USA,F/V ENTERPRISE,FISHING,FISHING,367658950,0.78,Stage 2,2020-09-01
40.89,-70.93,2020-06-04,d0eedd395-565b-d998-24e7-e6095fdc296f,USA,SHAMROCK,SET_GILLNETS,FISHING,367396080,0.95,Stage 2,2020-06-01
41.22,-71.32,2020-10-03,d8bbf6380-05af-2b58-ca64-97ffb1eb319f,USA,ENTERPRISE,TRAWLERS,FISHING,367590310,1.63,Stage 2,2020-10-01
41.15,-71.32,2020-09-24,c9804fdb4-469e-7f30-0a3f-044b6cc74b65,USA,KAREN ANN,SET_GILLNETS,FISHING,367105250,0.78,Stage 2,2020-09-01
41.33,-70.989998,2020-06-25,8d12aac2c-c77b-9401-6f32-e5c3e2c31f6e,USA,KELLY MARIE,FISHING,FISHING,367383970,0.58,Stage 2,2020-06-01
41.05,-71.389999,2020-10-31,90b9eaea0-018d-1eaf-4055-36b770057d04,USA,GAIL FRANCES,INCONCLUSIVE,FISHING,366940990,1.15,Stage 2,2020-10-01
41.13,-71.309998,2020-10-06,c9804fdb4-469e-7f30-0a3f-044b6cc74b65,USA,KAREN ANN,SET_GILLNETS,FISHING,367105250,0.89,Stage 2,2020-10-01
41.28,-71.349998,2020-10-02,138335867-750f-7b39-06ff-645add8dbdc7,USA,BROOKE ELISE,TRAWLERS,FISHING,367687740,0.51,Stage 2,2020-10-01
40.96,-71.309998,2020-03-06,d2d6e0603-3a0e-48f4-32d2-a4d0565980c7,USA,MATTIE AND MAREN,TRAWLERS,FISHING,367415240,0.43,Stage 2,2020-03-01
41.15,-71.32,2020-09-10,c9804fdb4-469e-7f30-0a3f-044b6cc74b65,USA,KAREN ANN,SET_GILLNETS,FISHING,367105250,0.44,Stage 2,2020-09-01
41.23,-71.279999,2020-10-11,d8bbf6380-05af-2b58-ca64-97ffb1eb319f,USA,ENTERPRISE,TRAWLERS,FISHING,367590310,0.54,Stage 2,2020-10-01
41.04,-71.379997,2020-11-10,d2d6e0603-3a0e-48f4-32d2-a4d0565980c7,USA,MATTIE AND MAREN,TRAWLERS,FISHING,367415240,4.38,Stage 2,2020-11-01
41.13,-71.32,2020-12-03,d2d6e0603-3a0e-48f4-32d2-a4d0565980c7,USA,MATTIE AND MAREN,TRAWLERS,FISHING,367415240,0.84,Stage 2,2020-12-01
41.23,-71.169998,2020-06-09,138335867-750f-7b39-06ff-645add8dbdc7,USA,BROOKE ELISE,TRAWLERS,FISHING,367687740,1.08,Stage 2,2020-06-01
40.92,-71.290001,2020-05-18,a45b489d0-00f1-5dc5-64d8-6d681d72b4ba,USA,LADY BRITTANY,TRAWLERS,FISHING,366983260,4.88,Stage 2,2020-05-01
41.16,-71.290001,2020-07-30,d8bbf6380-05af-2b58-ca64-97ffb1eb319f,USA,ENTERPRISE,TRAWLERS,FISHING,367590310,1.07,Stage 2,2020-07-01
41.11,-71.339996,2020-11-09,dc7503a12-2012-2b23-c830-41a97164309d,USA,CHARLIES PRIDE,TRAWLERS,FISHING,366472920,0.8,Stage 2,2020-11-01
41.08,-71.120003,2020-09-06,801708294-444d-635b-257a-9ba1ab825c3d,USA,M.F. HY-GRADER,TRAWLERS,FISHING,368088750,2.07,Stage 2,2020-09-01
41.17,-71.279999,2020-10-28,d8bbf6380-05af-2b58-ca64-97ffb1eb319f,USA,ENTERPRISE,TRAWLERS,FISHING,367590310,1.61,Stage 2,2020-10-01
41.22,-71.190002,2020-07-22,d8bbf6380-05af-2b58-ca64-97ffb1eb319f,USA,ENTERPRISE,TRAWLERS,FISHING,367590310,2.16,Stage 2,2020-07-01
41.07,-71.379997,2020-11-17,d2d6e0603-3a0e-48f4-32d2-a4d0565980c7,USA,MATTIE AND MAREN,TRAWLERS,FISHING,367415240,0.97,Stage 2,2020-11-01
40.95,-71.360001,2020-11-10,d2d6e0603-3a0e-48f4-32d2-a4d0565980c7,USA,MATTIE AND MAREN,TRAWLERS,FISHING,367415240,2.16,Stage 2,2020-11-01
41.12,-71.300003,2020-08-21,d2d6e0603-3a0e-48f4-32d2-a4d0565980c7,USA,MATTIE AND MAREN,TRAWLERS,FISHING,367415240,0.91,Stage 2,2020-08-01
41.18,-71.360001,2020-10-22,d8bbf6380-05af-2b58-ca64-97ffb1eb319f,USA,ENTERPRISE,TRAWLERS,FISHING,367590310,1.01,Stage 2,2020-10-01
41.23,-71.139999,2020-06-26,0e485544c-c215-4bf8-08d1-16d51c6fb65c,USA,ATLANTIC QUEEN,TRAWLERS,FISHING,367335230,1.57,Stage 2,2020-06-01
41.36,-71.25,2020-11-11,c11057b39-90b8-89c0-7f09-0f5a46f8d730,USA,BELL SKY,TRAWLERS,FISHING,367637420,1.13,Stage 2,2020-11-01
41.13,-71.300003,2020-10-19,138335867-750f-7b39-06ff-645add8dbdc7,USA,BROOKE ELISE,TRAWLERS,FISHING,367687740,3.21,Stage 2,2020-10-01
41.29,-71.389999,2020-10-09,138335867-750f-7b39-06ff-645add8dbdc7,USA,BROOKE ELISE,TRAWLERS,FISHING,367687740,1.32,Stage 2,2020-10-01
40.93,-71.349998,2020-11-10,dd6eb6d60-0fea-40b3-82c4-6fd4fe4b2e7c,USA,SEVEN SEAS,TRAWLERS,FISHING,367624610,0.59,Stage 2,2020-11-01
40.86,-71,2020-05-10,ef68d82c6-6d7e-ae58-2266-6ed164d98ce3,USA,MAX & EMMA,FISHING,FISHING,367792770,4.29,Stage 2,2020-05-01
41.04,-71.379997,2020-11-29,d2d6e0603-3a0e-48f4-32d2-a4d0565980c7,USA,MATTIE AND MAREN,TRAWLERS,FISHING,367415240,0.69,Stage 2,2020-11-01
41.2,-71.089996,2020-08-15,8f987fea1-1754-c256-8d02-c8079a35624d,USA,RAYNA AND KERSTIN,TRAWLERS,FISHING,368102710,3.49,Stage 2,2020-08-01
41.24,-71.379997,2020-11-15,30039633e-e65b-e85b-a838-221883cbc42a,USA,HERITAGE,FISHING,FISHING,367142820,0.58,Stage 2,2020-11-01
41.09,-71.370003,2020-11-08,d2d6e0603-3a0e-48f4-32d2-a4d0565980c7,USA,MATTIE AND MAREN,TRAWLERS,FISHING,367415240,0.83,Stage 2,2020-11-01
41.04,-71.379997,2020-12-12,c11057b39-90b8-89c0-7f09-0f5a46f8d730,USA,BELL SKY,TRAWLERS,FISHING,367637420,0.45,Stage 2,2020-12-01
41.09,-71.370003,2020-10-14,cec008aa2-264e-d098-8f9d-11769636d229,USA,KELSI & MORGAN,TRAWLERS,FISHING,338386525,1.11,Stage 2,2020-10-01
41.22,-71.18,2020-06-18,d8bbf6380-05af-2b58-ca64-97ffb1eb319f,USA,ENTERPRISE,TRAWLERS,FISHING,367590310,2.79,Stage 2,2020-06-01
41.14,-71.349998,2020-02-17,90b9eaea0-018d-1eaf-4055-36b770057d04,USA,GAIL FRANCES,INCONCLUSIVE,FISHING,366940990,2.96,Stage 2,2020-02-01
40.91,-71.110001,2020-06-21,a45b489d0-00f1-5dc5-64d8-6d681d72b4ba,USA,LADY BRITTANY,TRAWLERS,FISHING,366983260,1.68,Stage 2,2020-06-01
41.23,-71.18,2020-06-25,dc7503a12-2012-2b23-c830-41a97164309d,USA,CHARLIES PRIDE,TRAWLERS,FISHING,366472920,2.61,Stage 2,2020-06-01
41.05,-71.389999,2020-11-28,90b9eaea0-018d-1eaf-4055-36b770057d04,USA,GAIL FRANCES,INCONCLUSIVE,FISHING,366940990,4.5,Stage 2,2020-11-01
41.13,-71.32,2020-11-08,d2d6e0603-3a0e-48f4-32d2-a4d0565980c7,USA,MATTIE AND MAREN,TRAWLERS,FISHING,367415240,0.93,Stage 2,2020-11-01
41.16,-71.290001,2020-10-04,d8bbf6380-05af-2b58-ca64-97ffb1eb319f,USA,ENTERPRISE,TRAWLERS,FISHING,367590310,0.87,Stage 2,2020-10-01
41.33,-71.239998,2020-10-11,c11057b39-90b8-89c0-7f09-0f5a46f8d730,USA,BELL SKY,TRAWLERS,FISHING,367637420,1.17,Stage 2,2020-10-01
41.05,-71.389999,2020-10-28,90b9eaea0-018d-1eaf-4055-36b770057d04,USA,GAIL FRANCES,INCONCLUSIVE,FISHING,366940990,3.72,Stage 2,2020-10-01
40.9,-71.32,2020-07-30,fd96b30e3-3f77-f437-8122-20e7744dfdb4,USA,TIMBERLINE,DREDGE_FISHING,FISHING,367071460,0.75,Stage 2,2020-07-01
41.24,-71.110001,2020-06-25,6ef3f36d8-8897-1f24-ba04-94bbb291d8d7,USA,JAMES AND MATTHEW,TRAWLERS,FISHING,367087280,0.46,Stage 2,2020-06-01
41.1,-71.300003,2020-10-19,cec008aa2-264e-d098-8f9d-11769636d229,USA,KELSI & MORGAN,TRAWLERS,FISHING,338386525,1.12,Stage 2,2020-10-01
41,-71.360001,2020-11-09,30039633e-e65b-e85b-a838-221883cbc42a,USA,HERITAGE,FISHING,FISHING,367142820,1.28,Stage 2,2020-11-01
41.05,-71.379997,2020-03-03,d2d4a7623-3cb5-3aed-65b0-0866a70bfbb3,USA,OCEAN STATE,TRAWLERS,FISHING,366278770,1.59,Stage 2,2020-03-01
41.09,-71.330002,2020-10-10,d8bbf6380-05af-2b58-ca64-97ffb1eb319f,USA,ENTERPRISE,TRAWLERS,FISHING,367590310,6.55,Stage 2,2020-10-01
40.94,-71.339996,2020-03-12,0c5aded4c-cbdc-435c-3a09-a261df2e531a,USA,EXPLORER,POLE_AND_LINE,FISHING,368008390,2.98,Stage 2,2020-03-01
40.9,-71.099998,2020-06-15,49acdf0f9-9904-5bfe-8b88-6a05cbcda2ce,USA,STARLIGHT,TRAWLERS,FISHING,367674070,3.44,Stage 2,2020-06-01
41.31,-71.07,2020-05-16,cb1896d57-70fe-6792-627a-778aa3871f52,USA,QUINBY ALLIE,TRAWLERS,FISHING,368103130,2.26,Stage 2,2020-05-01
41.12,-71.309998,2020-09-09,c9804fdb4-469e-7f30-0a3f-044b6cc74b65,USA,KAREN ANN,SET_GILLNETS,FISHING,367105250,3.87,Stage 2,2020-09-01
41.05,-70.860001,2020-06-15,fd96b30e3-3f77-f437-8122-20e7744dfdb4,USA,TIMBERLINE,DREDGE_FISHING,FISHING,367071460,1.77,Stage 2,2020-06-01
41.08,-71.379997,2020-01-06,b91c9478b-bfa0-844e-f949-ccea31ce5ac1,USA,ELIZ AND KATHERINE,TRAWLERS,FISHING,367542540,2.29,Stage 2,2020-01-01
41.22,-71.279999,2020-07-23,d8bbf6380-05af-2b58-ca64-97ffb1eb319f,USA,ENTERPRISE,TRAWLERS,FISHING,367590310,8.46,Stage 2,2020-07-01
41.14,-71.309998,2020-08-12,c9804fdb4-469e-7f30-0a3f-044b6cc74b65,USA,KAREN ANN,SET_GILLNETS,FISHING,367105250,5.49,Stage 2,2020-08-01
41.32,-71.379997,2020-10-15,d8bbf6380-05af-2b58-ca64-97ffb1eb319f,USA,ENTERPRISE,TRAWLERS,FISHING,367590310,0.69,Stage 2,2020-10-01
40.79,-71.07,2020-05-10,ef68d82c6-6d7e-ae58-2266-6ed164d98ce3,USA,MAX & EMMA,FISHING,FISHING,367792770,3.4,Stage 2,2020-05-01
41.15,-71.290001,2020-10-18,138335867-750f-7b39-06ff-645add8dbdc7,USA,BROOKE ELISE,TRAWLERS,FISHING,367687740,0.5,Stage 2,2020-10-01
41.2,-71.230003,2020-08-06,d8bbf6380-05af-2b58-ca64-97ffb1eb319f,USA,ENTERPRISE,TRAWLERS,FISHING,367590310,1.15,Stage 2,2020-08-01
41.24,-71.110001,2020-06-25,8f987fea1-1754-c256-8d02-c8079a35624d,USA,RAYNA AND KERSTIN,TRAWLERS,FISHING,368102710,1.12,Stage 2,2020-06-01
41.11,-71.360001,2020-09-28,d2d6e0603-3a0e-48f4-32d2-a4d0565980c7,USA,MATTIE AND MAREN,TRAWLERS,FISHING,367415240,0.86,Stage 2,2020-09-01
41.06,-71.379997,2020-11-22,d2d6e0603-3a0e-48f4-32d2-a4d0565980c7,USA,MATTIE AND MAREN,TRAWLERS,FISHING,367415240,0.92,Stage 2,2020-11-01
41.07,-71.379997,2020-10-27,cec008aa2-264e-d098-8f9d-11769636d229,USA,KELSI & MORGAN,TRAWLERS,FISHING,338386525,0.8,Stage 2,2020-10-01
41.08,-71.360001,2020-10-02,44752569c-c00c-da61-1898-4d62b6314a40,USA,VIRGINIA MARISE,TRAWLERS,FISHING,367145360,1.21,Stage 2,2020-10-01
41.31,-71.07,2020-05-16,96387fde5-5d6d-7a69-ebed-0257ec09882a,USA,BELLA SKY,TRAWLERS,FISHING,367784820,0.48,Stage 2,2020-05-01
40.9,-71.370003,2020-09-01,49acdf0f9-9904-5bfe-8b88-6a05cbcda2ce,USA,STARLIGHT,TRAWLERS,FISHING,367674070,1.11,Stage 2,2020-09-01
41.28,-71.300003,2020-10-04,d8bbf6380-05af-2b58-ca64-97ffb1eb319f,USA,ENTERPRISE,TRAWLERS,FISHING,367590310,4.16,Stage 2,2020-10-01
41.18,-71.260002,2020-05-05,d2d6e0603-3a0e-48f4-32d2-a4d0565980c7,USA,MATTIE AND MAREN,TRAWLERS,FISHING,367415240,5.95,Stage 2,2020-05-01
41.23,-71.160004,2020-06-16,d8bbf6380-05af-2b58-ca64-97ffb1eb319f,USA,ENTERPRISE,TRAWLERS,FISHING,367590310,0.86,Stage 2,2020-06-01
41.19,-71.239998,2020-07-30,d8bbf6380-05af-2b58-ca64-97ffb1eb319f,USA,ENTERPRISE,TRAWLERS,FISHING,367590310,0.85,Stage 2,2020-07-01
41.02,-71.400002,2020-01-18,44752569c-c00c-da61-1898-4d62b6314a40,USA,VIRGINIA MARISE,TRAWLERS,FISHING,367145360,0.92,Stage 2,2020-01-01
40.87,-71.330002,2020-09-08,afcf4d4a1-1bf2-3cd8-05a9-d23a91e68ee9,USA,YELLOW FIN,SET_LONGLINES,FISHING,338182319,5.62,Stage 2,2020-09-01
41.11,-71.300003,2020-09-03,6d414bc32-25f1-a36c-badb-1aa96fde74dd,USA,CAPT  SEAWEED,TRAWLERS,FISHING,368092280,1.06,Stage 2,2020-09-01
40.92,-71.330002,2020-08-26,49acdf0f9-9904-5bfe-8b88-6a05cbcda2ce,USA,STARLIGHT,TRAWLERS,FISHING,367674070,7.59,Stage 2,2020-08-01
41.23,-71.330002,2020-10-05,d8bbf6380-05af-2b58-ca64-97ffb1eb319f,USA,ENTERPRISE,TRAWLERS,FISHING,367590310,0.53,Stage 2,2020-10-01
41.07,-71.379997,2020-10-16,cec008aa2-264e-d098-8f9d-11769636d229,USA,KELSI & MORGAN,TRAWLERS,FISHING,338386525,0.84,Stage 2,2020-10-01
41.05,-71.07,2020-07-29,3d433bba9-9dbe-42f7-b477-ef16d8cb9c81,USA,HATTRICK,OTHER,OTHER,367693470,2.31,Stage 2,2020-07-01
41.22,-71.199997,2020-06-23,138335867-750f-7b39-06ff-645add8dbdc7,USA,BROOKE ELISE,TRAWLERS,FISHING,367687740,1.53,Stage 2,2020-06-01
41.21,-71.209999,2020-06-25,0e485544c-c215-4bf8-08d1-16d51c6fb65c,USA,ATLANTIC QUEEN,TRAWLERS,FISHING,367335230,5.35,Stage 2,2020-06-01
41.24,-71.089996,2020-07-20,d8bbf6380-05af-2b58-ca64-97ffb1eb319f,USA,ENTERPRISE,TRAWLERS,FISHING,367590310,1.26,Stage 2,2020-07-01
41.18,-71.260002,2020-08-13,d8bbf6380-05af-2b58-ca64-97ffb1eb319f,USA,ENTERPRISE,TRAWLERS,FISHING,367590310,1.4,Stage 2,2020-08-01
41.12,-71.309998,2020-08-13,c9804fdb4-469e-7f30-0a3f-044b6cc74b65,USA,KAREN ANN,SET_GILLNETS,FISHING,367105250,1.16,Stage 2,2020-08-01
41.32,-71,2020-05-16,cb1896d57-70fe-6792-627a-778aa3871f52,USA,QUINBY ALLIE,TRAWLERS,FISHING,368103130,0.97,Stage 2,2020-05-01
41.2,-70.900002,2020-09-08,ef68d82c6-6d7e-ae58-2266-6ed164d98ce3,USA,MAX & EMMA,FISHING,FISHING,367792770,1.62,Stage 2,2020-09-01
40.93,-71.269997,2020-04-26,ed62588e9-9a07-613d-f833-9937e65b1082,USA,BRIZO,FISHING,FISHING,367753640,3.06,Stage 2,2020-04-01
41.09,-71.370003,2020-11-30,d2d6e0603-3a0e-48f4-32d2-a4d0565980c7,USA,MATTIE AND MAREN,TRAWLERS,FISHING,367415240,1.07,Stage 2,2020-11-01
41.11,-71.339996,2020-12-03,d2d6e0603-3a0e-48f4-32d2-a4d0565980c7,USA,MATTIE AND MAREN,TRAWLERS,FISHING,367415240,0.65,Stage 2,2020-12-01
41.12,-70.779999,2020-08-21,ef68d82c6-6d7e-ae58-2266-6ed164d98ce3,USA,MAX & EMMA,FISHING,FISHING,367792770,0.87,Stage 2,2020-08-01
41.22,-71.339996,2020-09-17,59d8ab6e8-88ae-3379-7957-c3cf5af17475,USA,HOPE AND SYDNEY,TRAWLERS,FISHING,367084070,1.69,Stage 2,2020-09-01
41.24,-71.330002,2020-10-02,138335867-750f-7b39-06ff-645add8dbdc7,USA,BROOKE ELISE,TRAWLERS,FISHING,367687740,0.43,Stage 2,2020-10-01
41.16,-71.339996,2020-09-04,c9804fdb4-469e-7f30-0a3f-044b6cc74b65,USA,KAREN ANN,SET_GILLNETS,FISHING,367105250,0.73,Stage 2,2020-09-01
41.1,-70.779999,2020-06-13,29a1a5b1f-f9c5-0b2e-14d0-105454e62b36,USA,SEA DANCER,SET_GILLNETS,FISHING,338181423,0.61,Stage 2,2020-06-01
41.22,-71.190002,2020-06-16,138335867-750f-7b39-06ff-645add8dbdc7,USA,BROOKE ELISE,TRAWLERS,FISHING,367687740,1.14,Stage 2,2020-06-01
41.23,-71.230003,2020-07-26,6d414bc32-25f1-a36c-badb-1aa96fde74dd,USA,CAPT  SEAWEED,TRAWLERS,FISHING,368092280,0.97,Stage 2,2020-07-01
41.03,-71.18,2020-10-02,90b9eaea0-018d-1eaf-4055-36b770057d04,USA,GAIL FRANCES,INCONCLUSIVE,FISHING,366940990,1.05,Stage 2,2020-10-01
41.08,-71.239998,2020-11-29,d2d6e0603-3a0e-48f4-32d2-a4d0565980c7,USA,MATTIE AND MAREN,TRAWLERS,FISHING,367415240,0.78,Stage 2,2020-11-01
41.27,-71.339996,2020-11-14,30039633e-e65b-e85b-a838-221883cbc42a,USA,HERITAGE,FISHING,FISHING,367142820,0.95,Stage 2,2020-11-01
41.32,-71.029999,2020-05-15,96387fde5-5d6d-7a69-ebed-0257ec09882a,USA,BELLA SKY,TRAWLERS,FISHING,367784820,0.84,Stage 2,2020-05-01
41.05,-71.389999,2020-11-29,90b9eaea0-018d-1eaf-4055-36b770057d04,USA,GAIL FRANCES,INCONCLUSIVE,FISHING,366940990,0.63,Stage 2,2020-11-01
41.24,-71.089996,2020-06-07,d8bbf6380-05af-2b58-ca64-97ffb1eb319f,USA,ENTERPRISE,TRAWLERS,FISHING,367590310,1.17,Stage 2,2020-06-01
41.12,-71.330002,2020-11-28,d2d6e0603-3a0e-48f4-32d2-a4d0565980c7,USA,MATTIE AND MAREN,TRAWLERS,FISHING,367415240,0.91,Stage 2,2020-11-01
41.14,-71.309998,2020-10-06,c9804fdb4-469e-7f30-0a3f-044b6cc74b65,USA,KAREN ANN,SET_GILLNETS,FISHING,367105250,1.84,Stage 2,2020-10-01
41.14,-71.279999,2020-08-20,6d414bc32-25f1-a36c-badb-1aa96fde74dd,USA,CAPT  SEAWEED,TRAWLERS,FISHING,368092280,1.68,Stage 2,2020-08-01
41.05,-70.959999,2020-08-19,fd96b30e3-3f77-f437-8122-20e7744dfdb4,USA,TIMBERLINE,DREDGE_FISHING,FISHING,367071460,0.85,Stage 2,2020-08-01
41.12,-71.330002,2020-07-30,c9804fdb4-469e-7f30-0a3f-044b6cc74b65,USA,KAREN ANN,SET_GILLNETS,FISHING,367105250,0.79,Stage 2,2020-07-01
40.92,-71.120003,2020-06-20,a45b489d0-00f1-5dc5-64d8-6d681d72b4ba,USA,LADY BRITTANY,TRAWLERS,FISHING,366983260,2.19,Stage 2,2020-06-01
41.16,-71.290001,2020-10-18,d8bbf6380-05af-2b58-ca64-97ffb1eb319f,USA,ENTERPRISE,TRAWLERS,FISHING,367590310,1.27,Stage 2,2020-10-01
41.22,-71.190002,2020-06-16,d2d6e0603-3a0e-48f4-32d2-a4d0565980c7,USA,MATTIE AND MAREN,TRAWLERS,FISHING,367415240,0.8,Stage 2,2020-06-01
41.1,-71.290001,2020-08-20,6d414bc32-25f1-a36c-badb-1aa96fde74dd,USA,CAPT  SEAWEED,TRAWLERS,FISHING,368092280,1.08,Stage 2,2020-08-01
41.11,-71.300003,2020-10-20,cec008aa2-264e-d098-8f9d-11769636d229,USA,KELSI & MORGAN,TRAWLERS,FISHING,338386525,1.1,Stage 2,2020-10-01
41.31,-71.129997,2020-05-15,96387fde5-5d6d-7a69-ebed-0257ec09882a,USA,BELLA SKY,TRAWLERS,FISHING,367784820,2.17,Stage 2,2020-05-01
41.37,-71.260002,2020-10-12,c11057b39-90b8-89c0-7f09-0f5a46f8d730,USA,BELL SKY,TRAWLERS,FISHING,367637420,0.54,Stage 2,2020-10-01
41.18,-71.370003,2020-12-18,59d8ab6e8-88ae-3379-7957-c3cf5af17475,USA,HOPE AND SYDNEY,TRAWLERS,FISHING,367084070,0.51,Stage 2,2020-12-01
41.23,-71.150002,2020-06-09,138335867-750f-7b39-06ff-645add8dbdc7,USA,BROOKE ELISE,TRAWLERS,FISHING,367687740,0.88,Stage 2,2020-06-01
41.23,-71.129997,2020-08-07,d2d6e0603-3a0e-48f4-32d2-a4d0565980c7,USA,MATTIE AND MAREN,TRAWLERS,FISHING,367415240,2.82,Stage 2,2020-08-01
41.24,-71.099998,2020-06-26,0e485544c-c215-4bf8-08d1-16d51c6fb65c,USA,ATLANTIC QUEEN,TRAWLERS,FISHING,367335230,0.61,Stage 2,2020-06-01
40.97,-71.120003,2020-06-12,27b1b25c5-5c87-d760-1c00-53752cdf5bcf,USA,SEAFARER,TRAWLERS,FISHING,367179650,0.92,Stage 2,2020-06-01
41.1,-70.769997,2020-06-13,29a1a5b1f-f9c5-0b2e-14d0-105454e62b36,USA,SEA DANCER,SET_GILLNETS,FISHING,338181423,1.35,Stage 2,2020-06-01
41.24,-71.099998,2020-06-25,d2d6e0603-3a0e-48f4-32d2-a4d0565980c7,USA,MATTIE AND MAREN,TRAWLERS,FISHING,367415240,0.87,Stage 2,2020-06-01
41.36,-71.190002,2020-06-05,6ae903a95-5315-4633-05e6-edfa6b61c787,USA,PROUD MARY,TRAWLERS,FISHING,368102540,18.37,Stage 2,2020-06-01
41.04,-70.959999,2020-06-09,fd96b30e3-3f77-f437-8122-20e7744dfdb4,USA,TIMBERLINE,DREDGE_FISHING,FISHING,367071460,1.57,Stage 2,2020-06-01
41.03,-71.169998,2020-09-27,90b9eaea0-018d-1eaf-4055-36b770057d04,USA,GAIL FRANCES,INCONCLUSIVE,FISHING,366940990,0.91,Stage 2,2020-09-01
41.12,-71.300003,2020-09-29,d8bbf6380-05af-2b58-ca64-97ffb1eb319f,USA,ENTERPRISE,TRAWLERS,FISHING,367590310,1.77,Stage 2,2020-09-01
41.2,-71.300003,2020-09-03,6d414bc32-25f1-a36c-badb-1aa96fde74dd,USA,CAPT  SEAWEED,TRAWLERS,FISHING,368092280,0.97,Stage 2,2020-09-01
41.05,-70.959999,2020-09-07,fd96b30e3-3f77-f437-8122-20e7744dfdb4,USA,TIMBERLINE,DREDGE_FISHING,FISHING,367071460,2.76,Stage 2,2020-09-01
41.18,-71.269997,2020-10-09,138335867-750f-7b39-06ff-645add8dbdc7,USA,BROOKE ELISE,TRAWLERS,FISHING,367687740,0.72,Stage 2,2020-10-01
41.13,-71.32,2020-11-05,cec008aa2-264e-d098-8f9d-11769636d229,USA,KELSI & MORGAN,TRAWLERS,FISHING,338386525,0.86,Stage 2,2020-11-01
41.36,-71.32,2020-06-07,6ae903a95-5315-4633-05e6-edfa6b61c787,USA,PROUD MARY,TRAWLERS,FISHING,368102540,0.92,Stage 2,2020-06-01
41.06,-71.379997,2020-12-08,c11057b39-90b8-89c0-7f09-0f5a46f8d730,USA,BELL SKY,TRAWLERS,FISHING,367637420,0.72,Stage 2,2020-12-01
40.85,-71,2020-06-09,d0eedd395-565b-d998-24e7-e6095fdc296f,USA,SHAMROCK,SET_GILLNETS,FISHING,367396080,0.82,Stage 2,2020-06-01
40.92,-71.309998,2020-08-07,fd96b30e3-3f77-f437-8122-20e7744dfdb4,USA,TIMBERLINE,DREDGE_FISHING,FISHING,367071460,4.15,Stage 2,2020-08-01
41.22,-71.18,2020-06-09,138335867-750f-7b39-06ff-645add8dbdc7,USA,BROOKE ELISE,TRAWLERS,FISHING,367687740,0.89,Stage 2,2020-06-01
41.11,-71.300003,2020-06-27,e835426b5-5325-4b79-ca28-832b6de511b0,USA,CONOR AND MICHAEL,TRAWLERS,FISHING,367301540,1.99,Stage 2,2020-06-01
41.33,-71.400002,2020-07-01,d2d6e0603-3a0e-48f4-32d2-a4d0565980c7,USA,MATTIE AND MAREN,TRAWLERS,FISHING,367415240,0.43,Stage 2,2020-07-01
41.05,-71.389999,2020-11-10,90b9eaea0-018d-1eaf-4055-36b770057d04,USA,GAIL FRANCES,INCONCLUSIVE,FISHING,366940990,5.69,Stage 2,2020-11-01
40.92,-71.300003,2020-07-27,fd96b30e3-3f77-f437-8122-20e7744dfdb4,USA,TIMBERLINE,DREDGE_FISHING,FISHING,367071460,1.2,Stage 2,2020-07-01
41.28,-71.190002,2020-10-25,ba25e8c61-10ee-2748-6c9f-6002fc91bf2f,USA,JEAN MARIE,TRAWLERS,FISHING,367379110,0.66,Stage 2,2020-10-01
41.18,-71.260002,2020-09-03,6d414bc32-25f1-a36c-badb-1aa96fde74dd,USA,CAPT  SEAWEED,TRAWLERS,FISHING,368092280,1.1,Stage 2,2020-09-01
41.1,-71.360001,2020-11-08,d2d6e0603-3a0e-48f4-32d2-a4d0565980c7,USA,MATTIE AND MAREN,TRAWLERS,FISHING,367415240,1.1,Stage 2,2020-11-01
40.99,-71.129997,2020-04-26,49acdf0f9-9904-5bfe-8b88-6a05cbcda2ce,USA,STARLIGHT,TRAWLERS,FISHING,367674070,4.23,Stage 2,2020-04-01
41.21,-71.209999,2020-06-09,d8bbf6380-05af-2b58-ca64-97ffb1eb319f,USA,ENTERPRISE,TRAWLERS,FISHING,367590310,1.14,Stage 2,2020-06-01
41.04,-71.230003,2020-09-26,90b9eaea0-018d-1eaf-4055-36b770057d04,USA,GAIL FRANCES,INCONCLUSIVE,FISHING,366940990,2.89,Stage 2,2020-09-01
41.06,-71.379997,2020-10-16,cec008aa2-264e-d098-8f9d-11769636d229,USA,KELSI & MORGAN,TRAWLERS,FISHING,338386525,1.14,Stage 2,2020-10-01
40.99,-70.82,2020-06-09,29a1a5b1f-f9c5-0b2e-14d0-105454e62b36,USA,SEA DANCER,SET_GILLNETS,FISHING,338181423,0.58,Stage 2,2020-06-01
41.15,-71.290001,2020-09-17,d2d6e0603-3a0e-48f4-32d2-a4d0565980c7,USA,MATTIE AND MAREN,TRAWLERS,FISHING,367415240,2.17,Stage 2,2020-09-01
41.17,-71.290001,2020-07-24,d8bbf6380-05af-2b58-ca64-97ffb1eb319f,USA,ENTERPRISE,TRAWLERS,FISHING,367590310,0.79,Stage 2,2020-07-01
40.91,-71.32,2020-08-07,fd96b30e3-3f77-f437-8122-20e7744dfdb4,USA,TIMBERLINE,DREDGE_FISHING,FISHING,367071460,0.89,Stage 2,2020-08-01
41.11,-71.339996,2020-09-17,138335867-750f-7b39-06ff-645add8dbdc7,USA,BROOKE ELISE,TRAWLERS,FISHING,367687740,5.45,Stage 2,2020-09-01
40.98,-71.099998,2020-06-03,49acdf0f9-9904-5bfe-8b88-6a05cbcda2ce,USA,STARLIGHT,TRAWLERS,FISHING,367674070,1.13,Stage 2,2020-06-01
41.11,-71.349998,2020-11-13,d2d6e0603-3a0e-48f4-32d2-a4d0565980c7,USA,MATTIE AND MAREN,TRAWLERS,FISHING,367415240,0.85,Stage 2,2020-11-01
40.97,-71.370003,2020-10-16,389637863-3481-a9e0-f2fa-26caa690db3f,USA,IBERIA II,TRAWLERS,FISHING,367455330,12.17,Stage 2,2020-10-01
41.2,-71.339996,2020-09-17,d2d6e0603-3a0e-48f4-32d2-a4d0565980c7,USA,MATTIE AND MAREN,TRAWLERS,FISHING,367415240,1.22,Stage 2,2020-09-01
40.93,-71.309998,2020-06-21,fd96b30e3-3f77-f437-8122-20e7744dfdb4,USA,TIMBERLINE,DREDGE_FISHING,FISHING,367071460,14.66,Stage 2,2020-06-01
41.31,-71.019997,2020-05-15,cb1896d57-70fe-6792-627a-778aa3871f52,USA,QUINBY ALLIE,TRAWLERS,FISHING,368103130,2.16,Stage 2,2020-05-01
41.22,-71.379997,2020-08-19,c9804fdb4-469e-7f30-0a3f-044b6cc74b65,USA,KAREN ANN,SET_GILLNETS,FISHING,367105250,2.74,Stage 2,2020-08-01
41.23,-71.379997,2020-09-10,c9804fdb4-469e-7f30-0a3f-044b6cc74b65,USA,KAREN ANN,SET_GILLNETS,FISHING,367105250,1.7,Stage 2,2020-09-01
41.18,-71.25,2020-06-28,e835426b5-5325-4b79-ca28-832b6de511b0,USA,CONOR AND MICHAEL,TRAWLERS,FISHING,367301540,1.58,Stage 2,2020-06-01
41.15,-71.290001,2020-11-09,138335867-750f-7b39-06ff-645add8dbdc7,USA,BROOKE ELISE,TRAWLERS,FISHING,367687740,0.75,Stage 2,2020-11-01
41.32,-71.279999,2020-10-06,c11057b39-90b8-89c0-7f09-0f5a46f8d730,USA,BELL SKY,TRAWLERS,FISHING,367637420,2.09,Stage 2,2020-10-01
41.11,-71.339996,2020-09-17,d2d6e0603-3a0e-48f4-32d2-a4d0565980c7,USA,MATTIE AND MAREN,TRAWLERS,FISHING,367415240,0.57,Stage 2,2020-09-01
41.23,-71.139999,2020-08-14,d8bbf6380-05af-2b58-ca64-97ffb1eb319f,USA,ENTERPRISE,TRAWLERS,FISHING,367590310,16.8,Stage 2,2020-08-01
41.17,-71.269997,2020-10-19,cec008aa2-264e-d098-8f9d-11769636d229,USA,KELSI & MORGAN,TRAWLERS,FISHING,338386525,1.23,Stage 2,2020-10-01
40.96,-71.349998,2020-11-08,d2d6e0603-3a0e-48f4-32d2-a4d0565980c7,USA,MATTIE AND MAREN,TRAWLERS,FISHING,367415240,1.92,Stage 2,2020-11-01
41.05,-71.379997,2020-08-11,d2d6e0603-3a0e-48f4-32d2-a4d0565980c7,USA,MATTIE AND MAREN,TRAWLERS,FISHING,367415240,0.86,Stage 2,2020-08-01
41.03,-71.18,2020-10-11,90b9eaea0-018d-1eaf-4055-36b770057d04,USA,GAIL FRANCES,INCONCLUSIVE,FISHING,366940990,1,Stage 2,2020-10-01
41.19,-71.25,2020-08-22,6d414bc32-25f1-a36c-badb-1aa96fde74dd,USA,CAPT  SEAWEED,TRAWLERS,FISHING,368092280,1.02,Stage 2,2020-08-01
41.13,-71.32,2020-10-29,cec008aa2-264e-d098-8f9d-11769636d229,USA,KELSI & MORGAN,TRAWLERS,FISHING,338386525,0.56,Stage 2,2020-10-01
41.16,-71.279999,2020-10-29,cec008aa2-264e-d098-8f9d-11769636d229,USA,KELSI & MORGAN,TRAWLERS,FISHING,338386525,1.04,Stage 2,2020-10-01
41.05,-71.389999,2020-11-07,0f6f9408d-da22-0c23-aab7-cbd167b479af,USA,VIKING STAR,PASSENGER,PASSENGER,367337990,2.56,Stage 2,2020-11-01
41,-71.099998,2020-06-02,49acdf0f9-9904-5bfe-8b88-6a05cbcda2ce,USA,STARLIGHT,TRAWLERS,FISHING,367674070,1.12,Stage 2,2020-06-01
41.33,-71.239998,2020-11-18,c11057b39-90b8-89c0-7f09-0f5a46f8d730,USA,BELL SKY,TRAWLERS,FISHING,367637420,2.85,Stage 2,2020-11-01
41.05,-71.389999,2020-10-21,90b9eaea0-018d-1eaf-4055-36b770057d04,USA,GAIL FRANCES,INCONCLUSIVE,FISHING,366940990,2.18,Stage 2,2020-10-01
41.09,-71.230003,2020-08-20,6d414bc32-25f1-a36c-badb-1aa96fde74dd,USA,CAPT  SEAWEED,TRAWLERS,FISHING,368092280,0.95,Stage 2,2020-08-01
40.98,-71.220001,2020-11-10,d2d6e0603-3a0e-48f4-32d2-a4d0565980c7,USA,MATTIE AND MAREN,TRAWLERS,FISHING,367415240,1.7,Stage 2,2020-11-01
41.22,-71.290001,2020-10-09,138335867-750f-7b39-06ff-645add8dbdc7,USA,BROOKE ELISE,TRAWLERS,FISHING,367687740,1.13,Stage 2,2020-10-01
41.28,-71.400002,2020-08-14,d2d6e0603-3a0e-48f4-32d2-a4d0565980c7,USA,MATTIE AND MAREN,TRAWLERS,FISHING,367415240,0.81,Stage 2,2020-08-01
41.09,-70.760002,2020-06-13,b562e83d9-9a4c-e7a9-3ac1-bd289fc0c328,USA,GREAT PUMPKIN,SET_GILLNETS,FISHING,338126698,0.98,Stage 2,2020-06-01
41.18,-71.260002,2020-10-20,cec008aa2-264e-d098-8f9d-11769636d229,USA,KELSI & MORGAN,TRAWLERS,FISHING,338386525,0.94,Stage 2,2020-10-01
40.92,-71.269997,2020-07-29,cddaf9db4-4d38-6444-99df-1ffe3e476648,USA,SANDRA JANE,TRAWLERS,FISHING,367327960,1.09,Stage 2,2020-07-01
41.31,-71.029999,2020-05-15,cb1896d57-70fe-6792-627a-778aa3871f52,USA,QUINBY ALLIE,TRAWLERS,FISHING,368103130,0.98,Stage 2,2020-05-01
41.37,-71.260002,2020-10-06,c11057b39-90b8-89c0-7f09-0f5a46f8d730,USA,BELL SKY,TRAWLERS,FISHING,367637420,1.12,Stage 2,2020-10-01
40.91,-71.120003,2020-06-10,a45b489d0-00f1-5dc5-64d8-6d681d72b4ba,USA,LADY BRITTANY,TRAWLERS,FISHING,366983260,2.3,Stage 2,2020-06-01
41.18,-71.269997,2020-06-05,138335867-750f-7b39-06ff-645add8dbdc7,USA,BROOKE ELISE,TRAWLERS,FISHING,367687740,1.31,Stage 2,2020-06-01
41,-71.370003,2020-09-08,afcf4d4a1-1bf2-3cd8-05a9-d23a91e68ee9,USA,YELLOW FIN,SET_LONGLINES,FISHING,338182319,1.1,Stage 2,2020-09-01
41.14,-71.300003,2020-09-09,c9804fdb4-469e-7f30-0a3f-044b6cc74b65,USA,KAREN ANN,SET_GILLNETS,FISHING,367105250,1.42,Stage 2,2020-09-01
40.96,-71.32,2020-11-10,d2d6e0603-3a0e-48f4-32d2-a4d0565980c7,USA,MATTIE AND MAREN,TRAWLERS,FISHING,367415240,0.73,Stage 2,2020-11-01
41,-71.110001,2020-04-26,49acdf0f9-9904-5bfe-8b88-6a05cbcda2ce,USA,STARLIGHT,TRAWLERS,FISHING,367674070,0.57,Stage 2,2020-04-01
41.13,-71.300003,2020-10-22,138335867-750f-7b39-06ff-645add8dbdc7,USA,BROOKE ELISE,TRAWLERS,FISHING,367687740,2.81,Stage 2,2020-10-01
40.94,-71.389999,2020-08-12,8372af007-7b7f-f7fa-4ee4-c5227c164207,USA,BLUE WAVE,FISHING,FISHING,367723140,0.59,Stage 2,2020-08-01
41.21,-71.349998,2020-09-17,59d8ab6e8-88ae-3379-7957-c3cf5af17475,USA,HOPE AND SYDNEY,TRAWLERS,FISHING,367084070,1.06,Stage 2,2020-09-01
41.06,-71.389999,2020-09-09,cb559898a-aba5-5632-5426-e3f2bbd4fba7,USA,TRANQUILITY,POLE_AND_LINE,FISHING,338215127,1,Stage 2,2020-09-01
41.23,-71.139999,2020-06-13,138335867-750f-7b39-06ff-645add8dbdc7,USA,BROOKE ELISE,TRAWLERS,FISHING,367687740,0.83,Stage 2,2020-06-01
40.97,-71.230003,2020-11-10,d2d6e0603-3a0e-48f4-32d2-a4d0565980c7,USA,MATTIE AND MAREN,TRAWLERS,FISHING,367415240,0.84,Stage 2,2020-11-01
41.23,-71.330002,2020-08-26,6d414bc32-25f1-a36c-badb-1aa96fde74dd,USA,CAPT  SEAWEED,TRAWLERS,FISHING,368092280,1.11,Stage 2,2020-08-01
41.34,-71.230003,2020-10-07,c11057b39-90b8-89c0-7f09-0f5a46f8d730,USA,BELL SKY,TRAWLERS,FISHING,367637420,0.81,Stage 2,2020-10-01
41.05,-71.169998,2020-09-27,dac061149-9def-2b22-0c93-feee524b7099,USA,NECESSITY,POLE_AND_LINE,FISHING,366789890,3.09,Stage 2,2020-09-01
41.25,-71.080002,2020-06-10,d8bbf6380-05af-2b58-ca64-97ffb1eb319f,USA,ENTERPRISE,TRAWLERS,FISHING,367590310,1.05,Stage 2,2020-06-01
40.94,-71.300003,2020-07-27,fd96b30e3-3f77-f437-8122-20e7744dfdb4,USA,TIMBERLINE,DREDGE_FISHING,FISHING,367071460,1.05,Stage 2,2020-07-01
41.08,-71.379997,2020-10-14,cec008aa2-264e-d098-8f9d-11769636d229,USA,KELSI & MORGAN,TRAWLERS,FISHING,338386525,0.92,Stage 2,2020-10-01
41.05,-71.389999,2020-11-13,d2d6e0603-3a0e-48f4-32d2-a4d0565980c7,USA,MATTIE AND MAREN,TRAWLERS,FISHING,367415240,0.88,Stage 2,2020-11-01
41.13,-71.290001,2020-09-13,d8bbf6380-05af-2b58-ca64-97ffb1eb319f,USA,ENTERPRISE,TRAWLERS,FISHING,367590310,0.35,Stage 2,2020-09-01
41.32,-71.25,2020-11-11,c11057b39-90b8-89c0-7f09-0f5a46f8d730,USA,BELL SKY,TRAWLERS,FISHING,367637420,0.57,Stage 2,2020-11-01
41,-71.349998,2020-01-07,d2d6e0603-3a0e-48f4-32d2-a4d0565980c7,USA,MATTIE AND MAREN,TRAWLERS,FISHING,367415240,2.98,Stage 2,2020-01-01
41.01,-71.389999,2020-11-17,d2d6e0603-3a0e-48f4-32d2-a4d0565980c7,USA,MATTIE AND MAREN,TRAWLERS,FISHING,367415240,2.07,Stage 2,2020-11-01
41.14,-71.309998,2020-07-21,c9804fdb4-469e-7f30-0a3f-044b6cc74b65,USA,KAREN ANN,SET_GILLNETS,FISHING,367105250,2.12,Stage 2,2020-07-01
41.16,-71.290001,2020-10-20,cec008aa2-264e-d098-8f9d-11769636d229,USA,KELSI & MORGAN,TRAWLERS,FISHING,338386525,1.27,Stage 2,2020-10-01
41.03,-71.18,2020-11-05,90b9eaea0-018d-1eaf-4055-36b770057d04,USA,GAIL FRANCES,INCONCLUSIVE,FISHING,366940990,1.15,Stage 2,2020-11-01
41.37,-71.260002,2020-10-11,c11057b39-90b8-89c0-7f09-0f5a46f8d730,USA,BELL SKY,TRAWLERS,FISHING,367637420,1.43,Stage 2,2020-10-01
41.21,-71.239998,2020-05-28,d8bbf6380-05af-2b58-ca64-97ffb1eb319f,USA,ENTERPRISE,TRAWLERS,FISHING,367590310,2.64,Stage 2,2020-05-01
41.29,-71.410004,2020-10-19,138335867-750f-7b39-06ff-645add8dbdc7,USA,BROOKE ELISE,TRAWLERS,FISHING,367687740,0.73,Stage 2,2020-10-01
40.93,-71.300003,2020-08-27,49acdf0f9-9904-5bfe-8b88-6a05cbcda2ce,USA,STARLIGHT,TRAWLERS,FISHING,367674070,7.26,Stage 2,2020-08-01
41.24,-71.129997,2020-06-25,0e485544c-c215-4bf8-08d1-16d51c6fb65c,USA,ATLANTIC QUEEN,TRAWLERS,FISHING,367335230,0.88,Stage 2,2020-06-01
41.13,-71.290001,2020-06-27,a09f06a71-199e-483a-0477-d0598a9f1fd4,USA,RHONDA DENISE,FISHING,FISHING,367758940,1.34,Stage 2,2020-06-01
41.33,-71.239998,2020-11-27,c11057b39-90b8-89c0-7f09-0f5a46f8d730,USA,BELL SKY,TRAWLERS,FISHING,367637420,2.61,Stage 2,2020-11-01
41.16,-71.300003,2020-09-06,d8bbf6380-05af-2b58-ca64-97ffb1eb319f,USA,ENTERPRISE,TRAWLERS,FISHING,367590310,2.5,Stage 2,2020-09-01
41.33,-71.019997,2020-05-20,cb1896d57-70fe-6792-627a-778aa3871f52,USA,QUINBY ALLIE,TRAWLERS,FISHING,368103130,0.74,Stage 2,2020-05-01
41.22,-71.370003,2020-08-12,c9804fdb4-469e-7f30-0a3f-044b6cc74b65,USA,KAREN ANN,SET_GILLNETS,FISHING,367105250,1.83,Stage 2,2020-08-01
41.17,-71.25,2020-08-22,6d414bc32-25f1-a36c-badb-1aa96fde74dd,USA,CAPT  SEAWEED,TRAWLERS,FISHING,368092280,1.97,Stage 2,2020-08-01
41.05,-71.389999,2020-11-22,90b9eaea0-018d-1eaf-4055-36b770057d04,USA,GAIL FRANCES,INCONCLUSIVE,FISHING,366940990,4.39,Stage 2,2020-11-01
41.23,-71.169998,2020-06-08,d8bbf6380-05af-2b58-ca64-97ffb1eb319f,USA,ENTERPRISE,TRAWLERS,FISHING,367590310,2.02,Stage 2,2020-06-01
40.98,-71.389999,2020-04-06,6ae903a95-5315-4633-05e6-edfa6b61c787,USA,PROUD MARY,TRAWLERS,FISHING,368102540,5.31,Stage 2,2020-04-01
41.03,-71.18,2020-10-06,90b9eaea0-018d-1eaf-4055-36b770057d04,USA,GAIL FRANCES,INCONCLUSIVE,FISHING,366940990,1.68,Stage 2,2020-10-01
41.27,-71.330002,2020-06-28,e835426b5-5325-4b79-ca28-832b6de511b0,USA,CONOR AND MICHAEL,TRAWLERS,FISHING,367301540,1.07,Stage 2,2020-06-01
41.02,-70.849998,2020-06-09,29a1a5b1f-f9c5-0b2e-14d0-105454e62b36,USA,SEA DANCER,SET_GILLNETS,FISHING,338181423,1.2,Stage 2,2020-06-01
41.05,-71.389999,2020-09-05,90b9eaea0-018d-1eaf-4055-36b770057d04,USA,GAIL FRANCES,INCONCLUSIVE,FISHING,366940990,0.78,Stage 2,2020-09-01
41.19,-71.239998,2020-10-02,138335867-750f-7b39-06ff-645add8dbdc7,USA,BROOKE ELISE,TRAWLERS,FISHING,367687740,1.35,Stage 2,2020-10-01
41.08,-71.370003,2020-11-18,d2d6e0603-3a0e-48f4-32d2-a4d0565980c7,USA,MATTIE AND MAREN,TRAWLERS,FISHING,367415240,1.18,Stage 2,2020-11-01
41.26,-71.339996,2020-06-27,e835426b5-5325-4b79-ca28-832b6de511b0,USA,CONOR AND MICHAEL,TRAWLERS,FISHING,367301540,0.85,Stage 2,2020-06-01
41.22,-71.199997,2020-07-17,d8bbf6380-05af-2b58-ca64-97ffb1eb319f,USA,ENTERPRISE,TRAWLERS,FISHING,367590310,6.76,Stage 2,2020-07-01
41.2,-71.230003,2020-06-28,e835426b5-5325-4b79-ca28-832b6de511b0,USA,CONOR AND MICHAEL,TRAWLERS,FISHING,367301540,0.97,Stage 2,2020-06-01
41.38,-71.269997,2020-05-29,dd6eb6d60-0fea-40b3-82c4-6fd4fe4b2e7c,USA,SEVEN SEAS,TRAWLERS,FISHING,367624610,0.33,Stage 2,2020-05-01
41.03,-71.040001,2020-06-09,fd96b30e3-3f77-f437-8122-20e7744dfdb4,USA,TIMBERLINE,DREDGE_FISHING,FISHING,367071460,2.02,Stage 2,2020-06-01
41.23,-71.339996,2020-08-26,6d414bc32-25f1-a36c-badb-1aa96fde74dd,USA,CAPT  SEAWEED,TRAWLERS,FISHING,368092280,1.32,Stage 2,2020-08-01
41.16,-71.300003,2020-10-28,cec008aa2-264e-d098-8f9d-11769636d229,USA,KELSI & MORGAN,TRAWLERS,FISHING,338386525,1.15,Stage 2,2020-10-01
41.12,-71.330002,2020-10-16,cec008aa2-264e-d098-8f9d-11769636d229,USA,KELSI & MORGAN,TRAWLERS,FISHING,338386525,0.83,Stage 2,2020-10-01
41.11,-71.349998,2020-11-04,cec008aa2-264e-d098-8f9d-11769636d229,USA,KELSI & MORGAN,TRAWLERS,FISHING,338386525,0.58,Stage 2,2020-11-01
41.26,-71.309998,2020-09-04,d8bbf6380-05af-2b58-ca64-97ffb1eb319f,USA,ENTERPRISE,TRAWLERS,FISHING,367590310,1.12,Stage 2,2020-09-01
41.24,-71.339996,2020-10-06,138335867-750f-7b39-06ff-645add8dbdc7,USA,BROOKE ELISE,TRAWLERS,FISHING,367687740,0.33,Stage 2,2020-10-01
40.91,-71.080002,2020-06-20,a45b489d0-00f1-5dc5-64d8-6d681d72b4ba,USA,LADY BRITTANY,TRAWLERS,FISHING,366983260,1.52,Stage 2,2020-06-01
41.23,-71.379997,2020-09-13,d8bbf6380-05af-2b58-ca64-97ffb1eb319f,USA,ENTERPRISE,TRAWLERS,FISHING,367590310,15.64,Stage 2,2020-09-01
41.05,-71.389999,2020-10-28,0f6f9408d-da22-0c23-aab7-cbd167b479af,USA,VIKING STAR,PASSENGER,PASSENGER,367337990,4.41,Stage 2,2020-10-01
40.92,-71.18,2020-06-27,a45b489d0-00f1-5dc5-64d8-6d681d72b4ba,USA,LADY BRITTANY,TRAWLERS,FISHING,366983260,0.87,Stage 2,2020-06-01
40.96,-71.309998,2020-12-13,c11057b39-90b8-89c0-7f09-0f5a46f8d730,USA,BELL SKY,TRAWLERS,FISHING,367637420,2.47,Stage 2,2020-12-01
41.3,-71.400002,2020-11-28,f24e7875f-f61b-0cbe-f53f-b179dd5b9c21,USA,LINDA MARIE,TRAWLERS,FISHING,367588040,0.83,Stage 2,2020-11-01
41.14,-71.300003,2020-10-27,d8bbf6380-05af-2b58-ca64-97ffb1eb319f,USA,ENTERPRISE,TRAWLERS,FISHING,367590310,1.35,Stage 2,2020-10-01
41.23,-71.190002,2020-06-02,d8bbf6380-05af-2b58-ca64-97ffb1eb319f,USA,ENTERPRISE,TRAWLERS,FISHING,367590310,0.44,Stage 2,2020-06-01
41.05,-71.389999,2020-11-06,90b9eaea0-018d-1eaf-4055-36b770057d04,USA,GAIL FRANCES,INCONCLUSIVE,FISHING,366940990,1.84,Stage 2,2020-11-01
41.14,-71.300003,2020-07-22,c9804fdb4-469e-7f30-0a3f-044b6cc74b65,USA,KAREN ANN,SET_GILLNETS,FISHING,367105250,1.67,Stage 2,2020-07-01
41.05,-71.389999,2020-11-21,90b9eaea0-018d-1eaf-4055-36b770057d04,USA,GAIL FRANCES,INCONCLUSIVE,FISHING,366940990,3.91,Stage 2,2020-11-01
41.37,-71.25,2020-07-02,8f987fea1-1754-c256-8d02-c8079a35624d,USA,RAYNA AND KERSTIN,TRAWLERS,FISHING,368102710,0.89,Stage 2,2020-07-01
41.14,-71.300003,2020-08-02,d8bbf6380-05af-2b58-ca64-97ffb1eb319f,USA,ENTERPRISE,TRAWLERS,FISHING,367590310,0.62,Stage 2,2020-08-01
40.99,-71.110001,2020-04-26,49acdf0f9-9904-5bfe-8b88-6a05cbcda2ce,USA,STARLIGHT,TRAWLERS,FISHING,367674070,1.79,Stage 2,2020-04-01
41.18,-71.260002,2020-10-18,d8bbf6380-05af-2b58-ca64-97ffb1eb319f,USA,ENTERPRISE,TRAWLERS,FISHING,367590310,1.97,Stage 2,2020-10-01
40.93,-71.339996,2020-03-12,0c5aded4c-cbdc-435c-3a09-a261df2e531a,USA,EXPLORER,POLE_AND_LINE,FISHING,368008390,2.41,Stage 2,2020-03-01
41.34,-71.239998,2020-11-11,c11057b39-90b8-89c0-7f09-0f5a46f8d730,USA,BELL SKY,TRAWLERS,FISHING,367637420,1.52,Stage 2,2020-11-01
41.08,-70.809998,2020-06-09,29a1a5b1f-f9c5-0b2e-14d0-105454e62b36,USA,SEA DANCER,SET_GILLNETS,FISHING,338181423,0.85,Stage 2,2020-06-01
41.14,-71.300003,2020-09-28,138335867-750f-7b39-06ff-645add8dbdc7,USA,BROOKE ELISE,TRAWLERS,FISHING,367687740,1.25,Stage 2,2020-09-01
41.19,-71.269997,2020-08-22,6d414bc32-25f1-a36c-badb-1aa96fde74dd,USA,CAPT  SEAWEED,TRAWLERS,FISHING,368092280,0.99,Stage 2,2020-08-01
40.98,-71.07,2020-06-02,49acdf0f9-9904-5bfe-8b88-6a05cbcda2ce,USA,STARLIGHT,TRAWLERS,FISHING,367674070,1.18,Stage 2,2020-06-01
41.13,-71.290001,2020-10-04,d8bbf6380-05af-2b58-ca64-97ffb1eb319f,USA,ENTERPRISE,TRAWLERS,FISHING,367590310,0.47,Stage 2,2020-10-01
41.16,-71.32,2020-11-08,d2d6e0603-3a0e-48f4-32d2-a4d0565980c7,USA,MATTIE AND MAREN,TRAWLERS,FISHING,367415240,0.85,Stage 2,2020-11-01
41.12,-71.300003,2020-08-22,6d414bc32-25f1-a36c-badb-1aa96fde74dd,USA,CAPT  SEAWEED,TRAWLERS,FISHING,368092280,0.64,Stage 2,2020-08-01
41.02,-71.010002,2020-06-09,fd96b30e3-3f77-f437-8122-20e7744dfdb4,USA,TIMBERLINE,DREDGE_FISHING,FISHING,367071460,2.5,Stage 2,2020-06-01
41.37,-71.25,2020-08-21,d12a18828-8cbb-8887-d07d-bea9f8e76229,USA,F/V HOPEFULL,TRAWLERS,FISHING,367325850,1.49,Stage 2,2020-08-01
41.1,-71.300003,2020-06-25,e835426b5-5325-4b79-ca28-832b6de511b0,USA,CONOR AND MICHAEL,TRAWLERS,FISHING,367301540,0.85,Stage 2,2020-06-01
41.29,-71.309998,2020-08-21,e835426b5-5325-4b79-ca28-832b6de511b0,USA,CONOR AND MICHAEL,TRAWLERS,FISHING,367301540,0.49,Stage 2,2020-08-01
40.94,-71.279999,2020-07-29,fd96b30e3-3f77-f437-8122-20e7744dfdb4,USA,TIMBERLINE,DREDGE_FISHING,FISHING,367071460,0.62,Stage 2,2020-07-01
41.28,-71.25,2020-10-05,d8bbf6380-05af-2b58-ca64-97ffb1eb319f,USA,ENTERPRISE,TRAWLERS,FISHING,367590310,2.95,Stage 2,2020-10-01
41.13,-71.32,2020-11-14,d2d6e0603-3a0e-48f4-32d2-a4d0565980c7,USA,MATTIE AND MAREN,TRAWLERS,FISHING,367415240,1.13,Stage 2,2020-11-01
41.17,-71.279999,2020-11-07,138335867-750f-7b39-06ff-645add8dbdc7,USA,BROOKE ELISE,TRAWLERS,FISHING,367687740,0.47,Stage 2,2020-11-01
41.07,-71.379997,2020-11-19,d2d6e0603-3a0e-48f4-32d2-a4d0565980c7,USA,MATTIE AND MAREN,TRAWLERS,FISHING,367415240,0.87,Stage 2,2020-11-01
41.13,-71.349998,2020-02-24,90b9eaea0-018d-1eaf-4055-36b770057d04,USA,GAIL FRANCES,INCONCLUSIVE,FISHING,366940990,0.79,Stage 2,2020-02-01
41.25,-71.07,2020-06-10,cb5d14ca7-7f63-40e7-c760-492ec6f726cf,USA,TRADITION,FISHING,FISHING,367134030,0.42,Stage 2,2020-06-01
41.05,-71.379997,2020-12-08,d2d6e0603-3a0e-48f4-32d2-a4d0565980c7,USA,MATTIE AND MAREN,TRAWLERS,FISHING,367415240,1.17,Stage 2,2020-12-01
41.07,-71.389999,2020-11-15,e4a69e8d8-8768-d8d9-aa04-c12941bc58ec,USA,LAURA PEGGY,SET_GILLNETS,FISHING,338130869,1.22,Stage 2,2020-11-01
41.36,-71.260002,2020-11-22,c11057b39-90b8-89c0-7f09-0f5a46f8d730,USA,BELL SKY,TRAWLERS,FISHING,367637420,0.91,Stage 2,2020-11-01
41.21,-71.220001,2020-08-13,b91c9478b-bfa0-844e-f949-ccea31ce5ac1,USA,ELIZ AND KATHERINE,TRAWLERS,FISHING,367542540,1,Stage 2,2020-08-01
40.98,-70.760002,2020-10-15,389637863-3481-a9e0-f2fa-26caa690db3f,USA,IBERIA II,TRAWLERS,FISHING,367455330,1.23,Stage 2,2020-10-01
41.1,-71.300003,2020-09-24,d2d6e0603-3a0e-48f4-32d2-a4d0565980c7,USA,MATTIE AND MAREN,TRAWLERS,FISHING,367415240,0.87,Stage 2,2020-09-01
41.32,-71.25,2020-10-29,c11057b39-90b8-89c0-7f09-0f5a46f8d730,USA,BELL SKY,TRAWLERS,FISHING,367637420,0.89,Stage 2,2020-10-01
41.02,-71.18,2020-10-03,90b9eaea0-018d-1eaf-4055-36b770057d04,USA,GAIL FRANCES,INCONCLUSIVE,FISHING,366940990,2.59,Stage 2,2020-10-01
40.89,-71.330002,2020-07-29,fd96b30e3-3f77-f437-8122-20e7744dfdb4,USA,TIMBERLINE,DREDGE_FISHING,FISHING,367071460,1.03,Stage 2,2020-07-01
41.14,-71.309998,2020-11-21,d2d6e0603-3a0e-48f4-32d2-a4d0565980c7,USA,MATTIE AND MAREN,TRAWLERS,FISHING,367415240,1.08,Stage 2,2020-11-01
41.12,-71.300003,2020-08-26,6d414bc32-25f1-a36c-badb-1aa96fde74dd,USA,CAPT  SEAWEED,TRAWLERS,FISHING,368092280,0.77,Stage 2,2020-08-01
40.94,-71.370003,2020-04-18,d2d6e0603-3a0e-48f4-32d2-a4d0565980c7,USA,MATTIE AND MAREN,TRAWLERS,FISHING,367415240,2.48,Stage 2,2020-04-01
41.05,-71.379997,2020-11-09,dc7503a12-2012-2b23-c830-41a97164309d,USA,CHARLIES PRIDE,TRAWLERS,FISHING,366472920,0.87,Stage 2,2020-11-01
41.04,-71.260002,2020-10-14,b5c8f14ac-cc19-ce97-1589-8ed6d3b58f48,USA,STEPHANIE BRYAN,FISHING,FISHING,367428520,1.53,Stage 2,2020-10-01
41.03,-71.379997,2020-11-28,d2d6e0603-3a0e-48f4-32d2-a4d0565980c7,USA,MATTIE AND MAREN,TRAWLERS,FISHING,367415240,0.96,Stage 2,2020-11-01
41.05,-70.830002,2020-06-13,460bff8bc-c729-20f5-5a0e-e2a0612007e1,USA,ANN MARIE,SET_GILLNETS,FISHING,338132083,0.58,Stage 2,2020-06-01
41.14,-71.309998,2020-11-17,d2d6e0603-3a0e-48f4-32d2-a4d0565980c7,USA,MATTIE AND MAREN,TRAWLERS,FISHING,367415240,1.25,Stage 2,2020-11-01
40.88,-70.93,2020-10-17,410f103b3-3bf1-c50e-50ee-18fb85c0b8b9,USA,RAYDA CHERAMIE,FISHING,FISHING,366947090,3.93,Stage 2,2020-10-01
41.32,-71.379997,2020-05-06,d8bbf6380-05af-2b58-ca64-97ffb1eb319f,USA,ENTERPRISE,TRAWLERS,FISHING,367590310,0.41,Stage 2,2020-05-01
40.89,-71.32,2020-08-07,fd96b30e3-3f77-f437-8122-20e7744dfdb4,USA,TIMBERLINE,DREDGE_FISHING,FISHING,367071460,0.59,Stage 2,2020-08-01
41.21,-71.32,2020-09-21,355db86fa-ae7e-9cce-bfba-e9f6b287353c,USA,KASSIDY LYN,TRAWLERS,FISHING,368019940,12.68,Stage 2,2020-09-01
41.16,-71.339996,2020-09-29,d8bbf6380-05af-2b58-ca64-97ffb1eb319f,USA,ENTERPRISE,TRAWLERS,FISHING,367590310,1.79,Stage 2,2020-09-01
41.25,-71.32,2020-08-22,6d414bc32-25f1-a36c-badb-1aa96fde74dd,USA,CAPT  SEAWEED,TRAWLERS,FISHING,368092280,0.98,Stage 2,2020-08-01
41.21,-71.209999,2020-06-08,d8bbf6380-05af-2b58-ca64-97ffb1eb319f,USA,ENTERPRISE,TRAWLERS,FISHING,367590310,0.86,Stage 2,2020-06-01
41.23,-71.129997,2020-06-23,d2d6e0603-3a0e-48f4-32d2-a4d0565980c7,USA,MATTIE AND MAREN,TRAWLERS,FISHING,367415240,2.43,Stage 2,2020-06-01
40.97,-71.290001,2020-02-22,d2d6e0603-3a0e-48f4-32d2-a4d0565980c7,USA,MATTIE AND MAREN,TRAWLERS,FISHING,367415240,1.17,Stage 2,2020-02-01
41.33,-71.239998,2020-11-08,c11057b39-90b8-89c0-7f09-0f5a46f8d730,USA,BELL SKY,TRAWLERS,FISHING,367637420,0.94,Stage 2,2020-11-01
40.96,-71.25,2020-12-20,c11057b39-90b8-89c0-7f09-0f5a46f8d730,USA,BELL SKY,TRAWLERS,FISHING,367637420,4.05,Stage 2,2020-12-01
41.07,-70.769997,2020-06-13,b562e83d9-9a4c-e7a9-3ac1-bd289fc0c328,USA,GREAT PUMPKIN,SET_GILLNETS,FISHING,338126698,0.36,Stage 2,2020-06-01
41.08,-71.379997,2020-12-13,c11057b39-90b8-89c0-7f09-0f5a46f8d730,USA,BELL SKY,TRAWLERS,FISHING,367637420,0.87,Stage 2,2020-12-01
41.21,-71.209999,2020-09-06,d8bbf6380-05af-2b58-ca64-97ffb1eb319f,USA,ENTERPRISE,TRAWLERS,FISHING,367590310,1.9,Stage 2,2020-09-01
41.14,-71.300003,2020-07-31,d8bbf6380-05af-2b58-ca64-97ffb1eb319f,USA,ENTERPRISE,TRAWLERS,FISHING,367590310,1.02,Stage 2,2020-07-01
41.03,-70.949997,2020-06-22,744aa207c-c2fd-9d39-afb2-1c4a0162c4a4,USA,BELLA SKY,TRAWLERS,FISHING,367784820,0.74,Stage 2,2020-06-01
41.26,-71.279999,2020-09-01,e262d6055-5ca7-21ca-7dbc-f48f76c919fd,USA,F/V ENTERPRISE,FISHING,FISHING,367658950,0.35,Stage 2,2020-09-01
41.24,-71.129997,2020-07-29,d8bbf6380-05af-2b58-ca64-97ffb1eb319f,USA,ENTERPRISE,TRAWLERS,FISHING,367590310,3.27,Stage 2,2020-07-01
41.1,-71.300003,2020-10-22,138335867-750f-7b39-06ff-645add8dbdc7,USA,BROOKE ELISE,TRAWLERS,FISHING,367687740,0.85,Stage 2,2020-10-01
41.24,-71.099998,2020-06-03,d8bbf6380-05af-2b58-ca64-97ffb1eb319f,USA,ENTERPRISE,TRAWLERS,FISHING,367590310,1.61,Stage 2,2020-06-01
41.21,-71.220001,2020-06-17,d8bbf6380-05af-2b58-ca64-97ffb1eb319f,USA,ENTERPRISE,TRAWLERS,FISHING,367590310,2.19,Stage 2,2020-06-01
40.99,-71.190002,2020-09-02,49acdf0f9-9904-5bfe-8b88-6a05cbcda2ce,USA,STARLIGHT,TRAWLERS,FISHING,367674070,1.6,Stage 2,2020-09-01
41.32,-71.260002,2020-10-28,c11057b39-90b8-89c0-7f09-0f5a46f8d730,USA,BELL SKY,TRAWLERS,FISHING,367637420,2.99,Stage 2,2020-10-01
41.01,-70.900002,2020-07-29,ef68d82c6-6d7e-ae58-2266-6ed164d98ce3,USA,MAX & EMMA,FISHING,FISHING,367792770,0.84,Stage 2,2020-07-01
41.18,-71.269997,2020-06-25,e835426b5-5325-4b79-ca28-832b6de511b0,USA,CONOR AND MICHAEL,TRAWLERS,FISHING,367301540,2.2,Stage 2,2020-06-01
41.17,-71.260002,2020-06-27,a09f06a71-199e-483a-0477-d0598a9f1fd4,USA,RHONDA DENISE,FISHING,FISHING,367758940,0.95,Stage 2,2020-06-01
41.39,-71.269997,2020-05-14,c11057b39-90b8-89c0-7f09-0f5a46f8d730,USA,BELL SKY,TRAWLERS,FISHING,367637420,2.39,Stage 2,2020-05-01
41.04,-71.220001,2020-11-29,90b9eaea0-018d-1eaf-4055-36b770057d04,USA,GAIL FRANCES,INCONCLUSIVE,FISHING,366940990,2.11,Stage 2,2020-11-01
41,-71.190002,2020-09-02,49acdf0f9-9904-5bfe-8b88-6a05cbcda2ce,USA,STARLIGHT,TRAWLERS,FISHING,367674070,0.82,Stage 2,2020-09-01
41.25,-71.089996,2020-06-17,d8bbf6380-05af-2b58-ca64-97ffb1eb319f,USA,ENTERPRISE,TRAWLERS,FISHING,367590310,0.89,Stage 2,2020-06-01
40.99,-71.120003,2020-04-26,49acdf0f9-9904-5bfe-8b88-6a05cbcda2ce,USA,STARLIGHT,TRAWLERS,FISHING,367674070,5.49,Stage 2,2020-04-01
41.36,-71.25,2020-05-05,c11057b39-90b8-89c0-7f09-0f5a46f8d730,USA,BELL SKY,TRAWLERS,FISHING,367637420,0.96,Stage 2,2020-05-01
41.11,-71.300003,2020-11-09,138335867-750f-7b39-06ff-645add8dbdc7,USA,BROOKE ELISE,TRAWLERS,FISHING,367687740,1.88,Stage 2,2020-11-01
40.95,-71.339996,2020-03-12,0c5aded4c-cbdc-435c-3a09-a261df2e531a,USA,EXPLORER,POLE_AND_LINE,FISHING,368008390,0.91,Stage 2,2020-03-01
41.18,-71.309998,2020-09-17,59d8ab6e8-88ae-3379-7957-c3cf5af17475,USA,HOPE AND SYDNEY,TRAWLERS,FISHING,367084070,1.66,Stage 2,2020-09-01
41.19,-71.269997,2020-08-07,49acdf0f9-9904-5bfe-8b88-6a05cbcda2ce,USA,STARLIGHT,TRAWLERS,FISHING,367674070,0.46,Stage 2,2020-08-01
41.2,-71.230003,2020-12-09,d8bbf6380-05af-2b58-ca64-97ffb1eb319f,USA,ENTERPRISE,TRAWLERS,FISHING,367590310,3.26,Stage 2,2020-12-01
40.92,-71.199997,2020-06-22,a45b489d0-00f1-5dc5-64d8-6d681d72b4ba,USA,LADY BRITTANY,TRAWLERS,FISHING,366983260,2.08,Stage 2,2020-06-01
41.12,-71.300003,2020-10-28,138335867-750f-7b39-06ff-645add8dbdc7,USA,BROOKE ELISE,TRAWLERS,FISHING,367687740,1.66,Stage 2,2020-10-01
41.23,-71.120003,2020-06-15,d8bbf6380-05af-2b58-ca64-97ffb1eb319f,USA,ENTERPRISE,TRAWLERS,FISHING,367590310,4.13,Stage 2,2020-06-01
41.18,-71.260002,2020-10-06,d8bbf6380-05af-2b58-ca64-97ffb1eb319f,USA,ENTERPRISE,TRAWLERS,FISHING,367590310,1.52,Stage 2,2020-10-01
40.92,-71.339996,2020-07-27,fd96b30e3-3f77-f437-8122-20e7744dfdb4,USA,TIMBERLINE,DREDGE_FISHING,FISHING,367071460,2.5,Stage 2,2020-07-01
41.26,-71.25,2020-09-09,cb5d14ca7-7f63-40e7-c760-492ec6f726cf,USA,TRADITION,FISHING,FISHING,367134030,1.54,Stage 2,2020-09-01
41.22,-71.190002,2020-06-15,d2d6e0603-3a0e-48f4-32d2-a4d0565980c7,USA,MATTIE AND MAREN,TRAWLERS,FISHING,367415240,1.05,Stage 2,2020-06-01
41.31,-71.32,2020-09-07,8f987fea1-1754-c256-8d02-c8079a35624d,USA,RAYNA AND KERSTIN,TRAWLERS,FISHING,368102710,1.72,Stage 2,2020-09-01
41.19,-71.239998,2020-09-25,d2d6e0603-3a0e-48f4-32d2-a4d0565980c7,USA,MATTIE AND MAREN,TRAWLERS,FISHING,367415240,1.97,Stage 2,2020-09-01
41.12,-71.32,2020-10-19,c9804fdb4-469e-7f30-0a3f-044b6cc74b65,USA,KAREN ANN,SET_GILLNETS,FISHING,367105250,0.58,Stage 2,2020-10-01
41.33,-71.239998,2020-10-04,c11057b39-90b8-89c0-7f09-0f5a46f8d730,USA,BELL SKY,TRAWLERS,FISHING,367637420,1.12,Stage 2,2020-10-01
41.32,-71,2020-05-28,cb1896d57-70fe-6792-627a-778aa3871f52,USA,QUINBY ALLIE,TRAWLERS,FISHING,368103130,0.8,Stage 2,2020-05-01
41.31,-71.360001,2020-09-23,d2d6e0603-3a0e-48f4-32d2-a4d0565980c7,USA,MATTIE AND MAREN,TRAWLERS,FISHING,367415240,3.47,Stage 2,2020-09-01
41.14,-71.230003,2020-07-20,3bf0a38cb-b2be-efb0-3ce1-cf112105af80,USA,MACKENZIE PAIGE,TRAWLERS,FISHING,367326980,0.35,Stage 2,2020-07-01
41.13,-71.309998,2020-10-20,c9804fdb4-469e-7f30-0a3f-044b6cc74b65,USA,KAREN ANN,SET_GILLNETS,FISHING,367105250,1.29,Stage 2,2020-10-01
40.91,-71.300003,2020-05-18,a45b489d0-00f1-5dc5-64d8-6d681d72b4ba,USA,LADY BRITTANY,TRAWLERS,FISHING,366983260,0.91,Stage 2,2020-05-01
41.11,-71.339996,2020-10-04,44752569c-c00c-da61-1898-4d62b6314a40,USA,VIRGINIA MARISE,TRAWLERS,FISHING,367145360,0.81,Stage 2,2020-10-01
41.26,-71,2020-06-22,5b08cefbc-cda8-90e4-57a7-25ac2eadd608,USA,SHELBY ANN,TRAWLERS,FISHING,367687850,20.18,Stage 2,2020-06-01
41.15,-71.260002,2020-08-26,6d414bc32-25f1-a36c-badb-1aa96fde74dd,USA,CAPT  SEAWEED,TRAWLERS,FISHING,368092280,1.03,Stage 2,2020-08-01
41.06,-71.389999,2020-09-24,fda33ad3b-b3d7-9afb-257d-126bd7b77f81,USA,LADY FRANCES,INCONCLUSIVE,FISHING,367155670,0.66,Stage 2,2020-09-01
41.23,-71.309998,2020-10-15,d8bbf6380-05af-2b58-ca64-97ffb1eb319f,USA,ENTERPRISE,TRAWLERS,FISHING,367590310,1.09,Stage 2,2020-10-01
41.12,-71.309998,2020-08-07,c9804fdb4-469e-7f30-0a3f-044b6cc74b65,USA,KAREN ANN,SET_GILLNETS,FISHING,367105250,1.48,Stage 2,2020-08-01
41.13,-71.309998,2020-12-12,c9804fdb4-469e-7f30-0a3f-044b6cc74b65,USA,KAREN ANN,SET_GILLNETS,FISHING,367105250,1.44,Stage 2,2020-12-01
41.02,-71.18,2020-11-08,dac061149-9def-2b22-0c93-feee524b7099,USA,NECESSITY,POLE_AND_LINE,FISHING,366789890,0.54,Stage 2,2020-11-01
41.24,-71.339996,2020-09-17,59d8ab6e8-88ae-3379-7957-c3cf5af17475,USA,HOPE AND SYDNEY,TRAWLERS,FISHING,367084070,1.99,Stage 2,2020-09-01
40.91,-71.129997,2020-06-10,a45b489d0-00f1-5dc5-64d8-6d681d72b4ba,USA,LADY BRITTANY,TRAWLERS,FISHING,366983260,2.02,Stage 2,2020-06-01
41.09,-71.370003,2020-11-04,cec008aa2-264e-d098-8f9d-11769636d229,USA,KELSI & MORGAN,TRAWLERS,FISHING,338386525,1.15,Stage 2,2020-11-01
40.92,-71.139999,2020-06-20,a45b489d0-00f1-5dc5-64d8-6d681d72b4ba,USA,LADY BRITTANY,TRAWLERS,FISHING,366983260,3.5,Stage 2,2020-06-01
41.21,-71.32,2020-09-27,b91c9478b-bfa0-844e-f949-ccea31ce5ac1,USA,ELIZ AND KATHERINE,TRAWLERS,FISHING,367542540,1.79,Stage 2,2020-09-01
41.17,-71.279999,2020-08-10,d2d6e0603-3a0e-48f4-32d2-a4d0565980c7,USA,MATTIE AND MAREN,TRAWLERS,FISHING,367415240,1.32,Stage 2,2020-08-01
41.32,-71.32,2020-08-06,410f103b3-3bf1-c50e-50ee-18fb85c0b8b9,USA,RAYDA CHERAMIE,FISHING,FISHING,366947090,0.43,Stage 2,2020-08-01
41.23,-71.18,2020-07-21,d8bbf6380-05af-2b58-ca64-97ffb1eb319f,USA,ENTERPRISE,TRAWLERS,FISHING,367590310,2.09,Stage 2,2020-07-01
41.14,-71.300003,2020-10-22,d8bbf6380-05af-2b58-ca64-97ffb1eb319f,USA,ENTERPRISE,TRAWLERS,FISHING,367590310,0.61,Stage 2,2020-10-01
41.03,-71.169998,2020-10-03,90b9eaea0-018d-1eaf-4055-36b770057d04,USA,GAIL FRANCES,INCONCLUSIVE,FISHING,366940990,1.96,Stage 2,2020-10-01
41.22,-71.040001,2020-03-07,59c757235-5638-b364-a6ec-0694ac3f69c8,CAN,FISHIN ADDICTION 17,POLE_AND_LINE,FISHING,316036131,1.52,Stage 2,2020-03-01
41.21,-71.209999,2020-06-25,138335867-750f-7b39-06ff-645add8dbdc7,USA,BROOKE ELISE,TRAWLERS,FISHING,367687740,1.09,Stage 2,2020-06-01
41.12,-71.290001,2020-11-07,138335867-750f-7b39-06ff-645add8dbdc7,USA,BROOKE ELISE,TRAWLERS,FISHING,367687740,1.64,Stage 2,2020-11-01
41.23,-71.150002,2020-06-19,138335867-750f-7b39-06ff-645add8dbdc7,USA,BROOKE ELISE,TRAWLERS,FISHING,367687740,1.03,Stage 2,2020-06-01
40.92,-71.199997,2020-06-27,a45b489d0-00f1-5dc5-64d8-6d681d72b4ba,USA,LADY BRITTANY,TRAWLERS,FISHING,366983260,0.48,Stage 2,2020-06-01
41.23,-71.150002,2020-06-22,d2d6e0603-3a0e-48f4-32d2-a4d0565980c7,USA,MATTIE AND MAREN,TRAWLERS,FISHING,367415240,0.77,Stage 2,2020-06-01
41.25,-71.07,2020-06-16,d2d6e0603-3a0e-48f4-32d2-a4d0565980c7,USA,MATTIE AND MAREN,TRAWLERS,FISHING,367415240,3.47,Stage 2,2020-06-01
41.23,-71.139999,2020-06-25,8f987fea1-1754-c256-8d02-c8079a35624d,USA,RAYNA AND KERSTIN,TRAWLERS,FISHING,368102710,0.87,Stage 2,2020-06-01
40.87,-70.830002,2020-07-19,cb559898a-aba5-5632-5426-e3f2bbd4fba7,USA,TRANQUILITY,POLE_AND_LINE,FISHING,338215127,1.52,Stage 2,2020-07-01
41.18,-71.260002,2020-10-19,138335867-750f-7b39-06ff-645add8dbdc7,USA,BROOKE ELISE,TRAWLERS,FISHING,367687740,1.08,Stage 2,2020-10-01
41.35,-71.190002,2020-08-29,d2d6e0603-3a0e-48f4-32d2-a4d0565980c7,USA,MATTIE AND MAREN,TRAWLERS,FISHING,367415240,0.34,Stage 2,2020-08-01
41.19,-71.239998,2020-08-09,d8bbf6380-05af-2b58-ca64-97ffb1eb319f,USA,ENTERPRISE,TRAWLERS,FISHING,367590310,0.39,Stage 2,2020-08-01
40.91,-71.120003,2020-06-09,a45b489d0-00f1-5dc5-64d8-6d681d72b4ba,USA,LADY BRITTANY,TRAWLERS,FISHING,366983260,1.82,Stage 2,2020-06-01
41.15,-71.32,2020-08-12,c9804fdb4-469e-7f30-0a3f-044b6cc74b65,USA,KAREN ANN,SET_GILLNETS,FISHING,367105250,0.82,Stage 2,2020-08-01
40.91,-71.32,2020-07-29,fd96b30e3-3f77-f437-8122-20e7744dfdb4,USA,TIMBERLINE,DREDGE_FISHING,FISHING,367071460,5.68,Stage 2,2020-07-01
41.05,-71.379997,2020-11-10,d2d6e0603-3a0e-48f4-32d2-a4d0565980c7,USA,MATTIE AND MAREN,TRAWLERS,FISHING,367415240,3.28,Stage 2,2020-11-01
41.24,-71.120003,2020-07-27,138335867-750f-7b39-06ff-645add8dbdc7,USA,BROOKE ELISE,TRAWLERS,FISHING,367687740,1.17,Stage 2,2020-07-01
41.24,-71.120003,2020-06-15,d2d6e0603-3a0e-48f4-32d2-a4d0565980c7,USA,MATTIE AND MAREN,TRAWLERS,FISHING,367415240,3.52,Stage 2,2020-06-01
41.28,-71.389999,2020-10-08,c11057b39-90b8-89c0-7f09-0f5a46f8d730,USA,BELL SKY,TRAWLERS,FISHING,367637420,1.66,Stage 2,2020-10-01
40.88,-70.959999,2020-06-11,d0eedd395-565b-d998-24e7-e6095fdc296f,USA,SHAMROCK,SET_GILLNETS,FISHING,367396080,2.3,Stage 2,2020-06-01
41.24,-71.080002,2020-06-02,d8bbf6380-05af-2b58-ca64-97ffb1eb319f,USA,ENTERPRISE,TRAWLERS,FISHING,367590310,2.9,Stage 2,2020-06-01
41.18,-71.25,2020-06-26,e835426b5-5325-4b79-ca28-832b6de511b0,USA,CONOR AND MICHAEL,TRAWLERS,FISHING,367301540,0.65,Stage 2,2020-06-01
41.2,-71.360001,2020-07-26,d8bbf6380-05af-2b58-ca64-97ffb1eb319f,USA,ENTERPRISE,TRAWLERS,FISHING,367590310,1.17,Stage 2,2020-07-01
41.04,-70.949997,2020-06-09,fd96b30e3-3f77-f437-8122-20e7744dfdb4,USA,TIMBERLINE,DREDGE_FISHING,FISHING,367071460,0.95,Stage 2,2020-06-01
41.22,-71.209999,2020-06-16,d8bbf6380-05af-2b58-ca64-97ffb1eb319f,USA,ENTERPRISE,TRAWLERS,FISHING,367590310,0.72,Stage 2,2020-06-01
41.13,-71.32,2020-10-22,cec008aa2-264e-d098-8f9d-11769636d229,USA,KELSI & MORGAN,TRAWLERS,FISHING,338386525,0.85,Stage 2,2020-10-01
41.11,-71.339996,2020-10-15,cec008aa2-264e-d098-8f9d-11769636d229,USA,KELSI & MORGAN,TRAWLERS,FISHING,338386525,0.95,Stage 2,2020-10-01
40.9,-71.339996,2020-10-21,bf1b9272e-e3ae-6523-ea60-d3a49e0c01b2,USA,INHERITANCE,POLE_AND_LINE,FISHING,367037070,0.92,Stage 2,2020-10-01
41.18,-71.260002,2020-08-22,6d414bc32-25f1-a36c-badb-1aa96fde74dd,USA,CAPT  SEAWEED,TRAWLERS,FISHING,368092280,1.66,Stage 2,2020-08-01
41.22,-71.32,2020-10-18,138335867-750f-7b39-06ff-645add8dbdc7,USA,BROOKE ELISE,TRAWLERS,FISHING,367687740,1.74,Stage 2,2020-10-01
40.92,-71.139999,2020-06-21,a45b489d0-00f1-5dc5-64d8-6d681d72b4ba,USA,LADY BRITTANY,TRAWLERS,FISHING,366983260,0.94,Stage 2,2020-06-01
41.11,-71.290001,2020-10-11,d8bbf6380-05af-2b58-ca64-97ffb1eb319f,USA,ENTERPRISE,TRAWLERS,FISHING,367590310,0.84,Stage 2,2020-10-01
41.05,-70.949997,2020-08-19,fd96b30e3-3f77-f437-8122-20e7744dfdb4,USA,TIMBERLINE,DREDGE_FISHING,FISHING,367071460,3.84,Stage 2,2020-08-01
41.23,-71.150002,2020-08-23,d2d6e0603-3a0e-48f4-32d2-a4d0565980c7,USA,MATTIE AND MAREN,TRAWLERS,FISHING,367415240,4.55,Stage 2,2020-08-01
41.2,-71.129997,2020-07-19,cb559898a-aba5-5632-5426-e3f2bbd4fba7,USA,TRANQUILITY,POLE_AND_LINE,FISHING,338215127,0.62,Stage 2,2020-07-01
41.29,-71.279999,2020-09-02,a15e533c5-505d-88e3-1794-2f973ee6df1a,USA,FV AMERICAN BEAUTY,POLE_AND_LINE,FISHING,367799120,0.89,Stage 2,2020-09-01
41.13,-71.300003,2020-10-19,3138ae7c8-874e-0d84-49ab-e1824c726595,USA,EXCALIBUR,TRAWLERS,FISHING,367709870,17.76,Stage 2,2020-10-01
41.14,-71.349998,2020-11-06,90b9eaea0-018d-1eaf-4055-36b770057d04,USA,GAIL FRANCES,INCONCLUSIVE,FISHING,366940990,0.45,Stage 2,2020-11-01
41.24,-71.110001,2020-06-25,d2d6e0603-3a0e-48f4-32d2-a4d0565980c7,USA,MATTIE AND MAREN,TRAWLERS,FISHING,367415240,0.82,Stage 2,2020-06-01
41.11,-71.330002,2020-11-09,30039633e-e65b-e85b-a838-221883cbc42a,USA,HERITAGE,FISHING,FISHING,367142820,0.94,Stage 2,2020-11-01
41.08,-71.089996,2020-07-27,ad22a3fa5-5371-ddc3-4b45-7d536d49e01e,USA,EVENING PRAYER,FISHING,FISHING,367377130,0.58,Stage 2,2020-07-01
41.35,-71.220001,2020-10-07,c11057b39-90b8-89c0-7f09-0f5a46f8d730,USA,BELL SKY,TRAWLERS,FISHING,367637420,3,Stage 2,2020-10-01
40.92,-71.25,2020-06-28,a45b489d0-00f1-5dc5-64d8-6d681d72b4ba,USA,LADY BRITTANY,TRAWLERS,FISHING,366983260,7.77,Stage 2,2020-06-01
41.19,-71.25,2020-10-20,cec008aa2-264e-d098-8f9d-11769636d229,USA,KELSI & MORGAN,TRAWLERS,FISHING,338386525,0.9,Stage 2,2020-10-01
41.23,-71.160004,2020-10-28,d8bbf6380-05af-2b58-ca64-97ffb1eb319f,USA,ENTERPRISE,TRAWLERS,FISHING,367590310,1.12,Stage 2,2020-10-01
41.19,-71.309998,2020-10-15,138335867-750f-7b39-06ff-645add8dbdc7,USA,BROOKE ELISE,TRAWLERS,FISHING,367687740,1.36,Stage 2,2020-10-01
41.39,-71.269997,2020-06-30,d12a18828-8cbb-8887-d07d-bea9f8e76229,USA,F/V HOPEFULL,TRAWLERS,FISHING,367325850,1.12,Stage 2,2020-06-01
41.08,-71.019997,2020-06-24,355db86fa-ae7e-9cce-bfba-e9f6b287353c,USA,KASSIDY LYN,TRAWLERS,FISHING,368019940,1.14,Stage 2,2020-06-01
41.24,-71.089996,2020-06-02,d8bbf6380-05af-2b58-ca64-97ffb1eb319f,USA,ENTERPRISE,TRAWLERS,FISHING,367590310,1.08,Stage 2,2020-06-01
41.22,-71.209999,2020-05-26,d8bbf6380-05af-2b58-ca64-97ffb1eb319f,USA,ENTERPRISE,TRAWLERS,FISHING,367590310,2.41,Stage 2,2020-05-01
40.9,-71.339996,2020-06-22,fd96b30e3-3f77-f437-8122-20e7744dfdb4,USA,TIMBERLINE,DREDGE_FISHING,FISHING,367071460,8.76,Stage 2,2020-06-01
41.13,-71.290001,2020-06-17,ed62588e9-9a07-613d-f833-9937e65b1082,USA,BRIZO,FISHING,FISHING,367753640,1.55,Stage 2,2020-06-01
41.15,-71.309998,2020-11-30,d2d6e0603-3a0e-48f4-32d2-a4d0565980c7,USA,MATTIE AND MAREN,TRAWLERS,FISHING,367415240,1,Stage 2,2020-11-01
41.23,-71.18,2020-06-09,d8bbf6380-05af-2b58-ca64-97ffb1eb319f,USA,ENTERPRISE,TRAWLERS,FISHING,367590310,1.1,Stage 2,2020-06-01
40.93,-71.300003,2020-07-29,cddaf9db4-4d38-6444-99df-1ffe3e476648,USA,SANDRA JANE,TRAWLERS,FISHING,367327960,0.63,Stage 2,2020-07-01
41.14,-71.309998,2020-09-24,c9804fdb4-469e-7f30-0a3f-044b6cc74b65,USA,KAREN ANN,SET_GILLNETS,FISHING,367105250,2.22,Stage 2,2020-09-01
41.15,-71.290001,2020-10-22,d8bbf6380-05af-2b58-ca64-97ffb1eb319f,USA,ENTERPRISE,TRAWLERS,FISHING,367590310,1.2,Stage 2,2020-10-01
40.93,-71.389999,2020-07-27,fd96b30e3-3f77-f437-8122-20e7744dfdb4,USA,TIMBERLINE,DREDGE_FISHING,FISHING,367071460,0.6,Stage 2,2020-07-01
41.2,-71.349998,2020-11-22,d2d6e0603-3a0e-48f4-32d2-a4d0565980c7,USA,MATTIE AND MAREN,TRAWLERS,FISHING,367415240,0.53,Stage 2,2020-11-01
41.35,-71.25,2020-10-29,c11057b39-90b8-89c0-7f09-0f5a46f8d730,USA,BELL SKY,TRAWLERS,FISHING,367637420,2.75,Stage 2,2020-10-01
41,-70.830002,2020-06-09,29a1a5b1f-f9c5-0b2e-14d0-105454e62b36,USA,SEA DANCER,SET_GILLNETS,FISHING,338181423,1.28,Stage 2,2020-06-01
41.25,-71.32,2020-10-06,d8bbf6380-05af-2b58-ca64-97ffb1eb319f,USA,ENTERPRISE,TRAWLERS,FISHING,367590310,1.42,Stage 2,2020-10-01
41.23,-71.139999,2020-07-13,d8bbf6380-05af-2b58-ca64-97ffb1eb319f,USA,ENTERPRISE,TRAWLERS,FISHING,367590310,1.02,Stage 2,2020-07-01
41.12,-71.32,2020-07-30,c9804fdb4-469e-7f30-0a3f-044b6cc74b65,USA,KAREN ANN,SET_GILLNETS,FISHING,367105250,1.01,Stage 2,2020-07-01
40.91,-71.129997,2020-06-27,a45b489d0-00f1-5dc5-64d8-6d681d72b4ba,USA,LADY BRITTANY,TRAWLERS,FISHING,366983260,1.97,Stage 2,2020-06-01
41.14,-71.339996,2020-11-08,d2d6e0603-3a0e-48f4-32d2-a4d0565980c7,USA,MATTIE AND MAREN,TRAWLERS,FISHING,367415240,2.95,Stage 2,2020-11-01
40.9,-71.309998,2020-01-29,fd96b30e3-3f77-f437-8122-20e7744dfdb4,USA,TIMBERLINE,DREDGE_FISHING,FISHING,367071460,0.67,Stage 2,2020-01-01
41.24,-71.129997,2020-06-16,138335867-750f-7b39-06ff-645add8dbdc7,USA,BROOKE ELISE,TRAWLERS,FISHING,367687740,0.93,Stage 2,2020-06-01
40.98,-71.110001,2020-06-03,49acdf0f9-9904-5bfe-8b88-6a05cbcda2ce,USA,STARLIGHT,TRAWLERS,FISHING,367674070,1.59,Stage 2,2020-06-01
41.01,-71.300003,2020-11-28,d2d6e0603-3a0e-48f4-32d2-a4d0565980c7,USA,MATTIE AND MAREN,TRAWLERS,FISHING,367415240,2.44,Stage 2,2020-11-01
40.91,-71.32,2020-05-18,a45b489d0-00f1-5dc5-64d8-6d681d72b4ba,USA,LADY BRITTANY,TRAWLERS,FISHING,366983260,1.62,Stage 2,2020-05-01
41.11,-71.339996,2020-10-03,d8bbf6380-05af-2b58-ca64-97ffb1eb319f,USA,ENTERPRISE,TRAWLERS,FISHING,367590310,0.81,Stage 2,2020-10-01
41.26,-71.040001,2020-08-19,d2d6e0603-3a0e-48f4-32d2-a4d0565980c7,USA,MATTIE AND MAREN,TRAWLERS,FISHING,367415240,0.91,Stage 2,2020-08-01
41.12,-71.330002,2020-10-04,44752569c-c00c-da61-1898-4d62b6314a40,USA,VIRGINIA MARISE,TRAWLERS,FISHING,367145360,2.26,Stage 2,2020-10-01
41.06,-71.379997,2020-12-13,c11057b39-90b8-89c0-7f09-0f5a46f8d730,USA,BELL SKY,TRAWLERS,FISHING,367637420,0.38,Stage 2,2020-12-01
41.3,-71.410004,2020-10-22,138335867-750f-7b39-06ff-645add8dbdc7,USA,BROOKE ELISE,TRAWLERS,FISHING,367687740,1.03,Stage 2,2020-10-01
41.03,-71.379997,2020-11-09,d2d6e0603-3a0e-48f4-32d2-a4d0565980c7,USA,MATTIE AND MAREN,TRAWLERS,FISHING,367415240,1.07,Stage 2,2020-11-01
40.91,-70.940002,2020-06-04,d0eedd395-565b-d998-24e7-e6095fdc296f,USA,SHAMROCK,SET_GILLNETS,FISHING,367396080,2.1,Stage 2,2020-06-01
41.13,-71.300003,2020-08-11,d2d6e0603-3a0e-48f4-32d2-a4d0565980c7,USA,MATTIE AND MAREN,TRAWLERS,FISHING,367415240,1.13,Stage 2,2020-08-01
41.05,-71.389999,2020-11-14,90b9eaea0-018d-1eaf-4055-36b770057d04,USA,GAIL FRANCES,INCONCLUSIVE,FISHING,366940990,4.68,Stage 2,2020-11-01
41.24,-71.379997,2020-09-17,138335867-750f-7b39-06ff-645add8dbdc7,USA,BROOKE ELISE,TRAWLERS,FISHING,367687740,0.33,Stage 2,2020-09-01
41.11,-71.32,2020-09-29,c11057b39-90b8-89c0-7f09-0f5a46f8d730,USA,BELL SKY,TRAWLERS,FISHING,367637420,1.16,Stage 2,2020-09-01
41.23,-71.139999,2020-08-25,d2d6e0603-3a0e-48f4-32d2-a4d0565980c7,USA,MATTIE AND MAREN,TRAWLERS,FISHING,367415240,1.83,Stage 2,2020-08-01
41.25,-71.160004,2020-07-22,d8bbf6380-05af-2b58-ca64-97ffb1eb319f,USA,ENTERPRISE,TRAWLERS,FISHING,367590310,0.85,Stage 2,2020-07-01
41.13,-71.300003,2020-08-20,6d414bc32-25f1-a36c-badb-1aa96fde74dd,USA,CAPT  SEAWEED,TRAWLERS,FISHING,368092280,1.07,Stage 2,2020-08-01
41.25,-71.040001,2020-06-28,d2d6e0603-3a0e-48f4-32d2-a4d0565980c7,USA,MATTIE AND MAREN,TRAWLERS,FISHING,367415240,1.3,Stage 2,2020-06-01
41.29,-71.410004,2020-08-12,d2d6e0603-3a0e-48f4-32d2-a4d0565980c7,USA,MATTIE AND MAREN,TRAWLERS,FISHING,367415240,0.9,Stage 2,2020-08-01
41.26,-71.339996,2020-09-28,138335867-750f-7b39-06ff-645add8dbdc7,USA,BROOKE ELISE,TRAWLERS,FISHING,367687740,0.92,Stage 2,2020-09-01
40.99,-71.379997,2020-01-07,d2d6e0603-3a0e-48f4-32d2-a4d0565980c7,USA,MATTIE AND MAREN,TRAWLERS,FISHING,367415240,3.93,Stage 2,2020-01-01
41.27,-71.379997,2020-09-21,355db86fa-ae7e-9cce-bfba-e9f6b287353c,USA,KASSIDY LYN,TRAWLERS,FISHING,368019940,0.6,Stage 2,2020-09-01
41.1,-71.349998,2020-09-17,d2d6e0603-3a0e-48f4-32d2-a4d0565980c7,USA,MATTIE AND MAREN,TRAWLERS,FISHING,367415240,1.08,Stage 2,2020-09-01
40.92,-71.389999,2020-10-21,bf1b9272e-e3ae-6523-ea60-d3a49e0c01b2,USA,INHERITANCE,POLE_AND_LINE,FISHING,367037070,10.91,Stage 2,2020-10-01
40.9,-71.330002,2020-07-28,fd96b30e3-3f77-f437-8122-20e7744dfdb4,USA,TIMBERLINE,DREDGE_FISHING,FISHING,367071460,1.31,Stage 2,2020-07-01
41.32,-71.260002,2020-11-08,c11057b39-90b8-89c0-7f09-0f5a46f8d730,USA,BELL SKY,TRAWLERS,FISHING,367637420,0.94,Stage 2,2020-11-01
41.05,-70.849998,2020-06-22,744aa207c-c2fd-9d39-afb2-1c4a0162c4a4,USA,BELLA SKY,TRAWLERS,FISHING,367784820,0.53,Stage 2,2020-06-01
41.29,-71.019997,2020-10-09,ff3830e6a-a93e-1d34-b439-f9f742984f72,USA,DARANA R,FISHING,FISHING,367174730,1.11,Stage 2,2020-10-01
41.32,-71.400002,2020-11-29,f24e7875f-f61b-0cbe-f53f-b179dd5b9c21,USA,LINDA MARIE,TRAWLERS,FISHING,367588040,0.96,Stage 2,2020-11-01
41.3,-71.25,2020-08-07,f321a5bcb-b9a3-1da9-32d8-22077f65efcf,USA,DETERMINATION,TRAWLERS,FISHING,367518960,0.93,Stage 2,2020-08-01
41.33,-71.160004,2020-07-09,d2d6e0603-3a0e-48f4-32d2-a4d0565980c7,USA,MATTIE AND MAREN,TRAWLERS,FISHING,367415240,0.98,Stage 2,2020-07-01
41.05,-70.830002,2020-06-09,460bff8bc-c729-20f5-5a0e-e2a0612007e1,USA,ANN MARIE,SET_GILLNETS,FISHING,338132083,0.61,Stage 2,2020-06-01
41.2,-71.25,2020-10-29,cec008aa2-264e-d098-8f9d-11769636d229,USA,KELSI & MORGAN,TRAWLERS,FISHING,338386525,0.85,Stage 2,2020-10-01
41.03,-71.379997,2020-11-08,d2d6e0603-3a0e-48f4-32d2-a4d0565980c7,USA,MATTIE AND MAREN,TRAWLERS,FISHING,367415240,2.56,Stage 2,2020-11-01
41.25,-71.269997,2020-07-05,d2d6e0603-3a0e-48f4-32d2-a4d0565980c7,USA,MATTIE AND MAREN,TRAWLERS,FISHING,367415240,0.97,Stage 2,2020-07-01
41.32,-71.379997,2020-08-21,e835426b5-5325-4b79-ca28-832b6de511b0,USA,CONOR AND MICHAEL,TRAWLERS,FISHING,367301540,0.37,Stage 2,2020-08-01
41.04,-71.400002,2020-01-15,90b9eaea0-018d-1eaf-4055-36b770057d04,USA,GAIL FRANCES,INCONCLUSIVE,FISHING,366940990,0.4,Stage 2,2020-01-01
41.16,-71.279999,2020-09-18,d2d6e0603-3a0e-48f4-32d2-a4d0565980c7,USA,MATTIE AND MAREN,TRAWLERS,FISHING,367415240,1.37,Stage 2,2020-09-01
41.27,-71.370003,2020-08-22,6d414bc32-25f1-a36c-badb-1aa96fde74dd,USA,CAPT  SEAWEED,TRAWLERS,FISHING,368092280,1.03,Stage 2,2020-08-01
41.16,-71.290001,2020-10-05,d8bbf6380-05af-2b58-ca64-97ffb1eb319f,USA,ENTERPRISE,TRAWLERS,FISHING,367590310,1.28,Stage 2,2020-10-01
41.33,-71.239998,2020-10-28,c11057b39-90b8-89c0-7f09-0f5a46f8d730,USA,BELL SKY,TRAWLERS,FISHING,367637420,0.91,Stage 2,2020-10-01
41.05,-71.379997,2020-11-29,d2d6e0603-3a0e-48f4-32d2-a4d0565980c7,USA,MATTIE AND MAREN,TRAWLERS,FISHING,367415240,1.13,Stage 2,2020-11-01
41.24,-71.110001,2020-06-28,d2d6e0603-3a0e-48f4-32d2-a4d0565980c7,USA,MATTIE AND MAREN,TRAWLERS,FISHING,367415240,2.77,Stage 2,2020-06-01
41.25,-71.230003,2020-08-15,8f987fea1-1754-c256-8d02-c8079a35624d,USA,RAYNA AND KERSTIN,TRAWLERS,FISHING,368102710,0.49,Stage 2,2020-08-01
41.03,-71.370003,2020-10-04,355db86fa-ae7e-9cce-bfba-e9f6b287353c,USA,KASSIDY LYN,TRAWLERS,FISHING,368019940,5.15,Stage 2,2020-10-01
41.27,-71.110001,2020-04-08,6ae903a95-5315-4633-05e6-edfa6b61c787,USA,PROUD MARY,TRAWLERS,FISHING,368102540,1.4,Stage 2,2020-04-01
41.21,-71.349998,2020-09-17,138335867-750f-7b39-06ff-645add8dbdc7,USA,BROOKE ELISE,TRAWLERS,FISHING,367687740,1.82,Stage 2,2020-09-01
41.23,-71.160004,2020-08-13,b91c9478b-bfa0-844e-f949-ccea31ce5ac1,USA,ELIZ AND KATHERINE,TRAWLERS,FISHING,367542540,0.87,Stage 2,2020-08-01
41.21,-71.239998,2020-07-22,d8bbf6380-05af-2b58-ca64-97ffb1eb319f,USA,ENTERPRISE,TRAWLERS,FISHING,367590310,0.97,Stage 2,2020-07-01
41.2,-71.290001,2020-09-18,d2d6e0603-3a0e-48f4-32d2-a4d0565980c7,USA,MATTIE AND MAREN,TRAWLERS,FISHING,367415240,1.6,Stage 2,2020-09-01
41.18,-71.260002,2020-09-04,d8bbf6380-05af-2b58-ca64-97ffb1eb319f,USA,ENTERPRISE,TRAWLERS,FISHING,367590310,0.59,Stage 2,2020-09-01
41.05,-71.379997,2020-02-23,d2d4a7623-3cb5-3aed-65b0-0866a70bfbb3,USA,OCEAN STATE,TRAWLERS,FISHING,366278770,1.32,Stage 2,2020-02-01
41.03,-70.980003,2020-06-09,fd96b30e3-3f77-f437-8122-20e7744dfdb4,USA,TIMBERLINE,DREDGE_FISHING,FISHING,367071460,0.78,Stage 2,2020-06-01
41.3,-70.980003,2020-05-20,cb1896d57-70fe-6792-627a-778aa3871f52,USA,QUINBY ALLIE,TRAWLERS,FISHING,368103130,1.1,Stage 2,2020-05-01
40.92,-71.199997,2020-06-21,a45b489d0-00f1-5dc5-64d8-6d681d72b4ba,USA,LADY BRITTANY,TRAWLERS,FISHING,366983260,8.32,Stage 2,2020-06-01
41.13,-71.300003,2020-09-09,c9804fdb4-469e-7f30-0a3f-044b6cc74b65,USA,KAREN ANN,SET_GILLNETS,FISHING,367105250,1.55,Stage 2,2020-09-01
41.23,-71.199997,2020-06-19,5b08cefbc-cda8-90e4-57a7-25ac2eadd608,USA,SHELBY ANN,TRAWLERS,FISHING,367687850,23.66,Stage 2,2020-06-01
41.09,-71.300003,2020-09-29,d2d6e0603-3a0e-48f4-32d2-a4d0565980c7,USA,MATTIE AND MAREN,TRAWLERS,FISHING,367415240,1.16,Stage 2,2020-09-01
41.24,-71.139999,2020-06-04,d8bbf6380-05af-2b58-ca64-97ffb1eb319f,USA,ENTERPRISE,TRAWLERS,FISHING,367590310,0.83,Stage 2,2020-06-01
40.98,-71.110001,2020-06-02,49acdf0f9-9904-5bfe-8b88-6a05cbcda2ce,USA,STARLIGHT,TRAWLERS,FISHING,367674070,1.27,Stage 2,2020-06-01
41.3,-71.410004,2020-08-13,d8bbf6380-05af-2b58-ca64-97ffb1eb319f,USA,ENTERPRISE,TRAWLERS,FISHING,367590310,1.26,Stage 2,2020-08-01
41.14,-71.300003,2020-09-25,c9804fdb4-469e-7f30-0a3f-044b6cc74b65,USA,KAREN ANN,SET_GILLNETS,FISHING,367105250,0.94,Stage 2,2020-09-01
40.99,-71.110001,2020-04-25,49acdf0f9-9904-5bfe-8b88-6a05cbcda2ce,USA,STARLIGHT,TRAWLERS,FISHING,367674070,4.73,Stage 2,2020-04-01
40.89,-71.32,2020-07-27,fd96b30e3-3f77-f437-8122-20e7744dfdb4,USA,TIMBERLINE,DREDGE_FISHING,FISHING,367071460,1.93,Stage 2,2020-07-01
41.1,-71.349998,2020-10-21,cec008aa2-264e-d098-8f9d-11769636d229,USA,KELSI & MORGAN,TRAWLERS,FISHING,338386525,1.39,Stage 2,2020-10-01
41.14,-71.290001,2020-06-27,a09f06a71-199e-483a-0477-d0598a9f1fd4,USA,RHONDA DENISE,FISHING,FISHING,367758940,1.77,Stage 2,2020-06-01
41.08,-71.379997,2020-10-06,cec008aa2-264e-d098-8f9d-11769636d229,USA,KELSI & MORGAN,TRAWLERS,FISHING,338386525,1.08,Stage 2,2020-10-01
40.95,-70.739998,2020-06-05,460bff8bc-c729-20f5-5a0e-e2a0612007e1,USA,ANN MARIE,SET_GILLNETS,FISHING,338132083,2.55,Stage 2,2020-06-01
41.27,-71.029999,2020-06-28,d9a3b251d-db12-2ab9-60a9-bc0a029a0701,USA,DEBBIE ANN,FISHING,FISHING,367313950,0.97,Stage 2,2020-06-01
41.22,-71.199997,2020-08-06,94a980510-01b3-625f-8524-0b3b93600b8c,USA,CODY,TRAWLERS,FISHING,367190280,0.34,Stage 2,2020-08-01
41.25,-71.089996,2020-06-26,6ef3f36d8-8897-1f24-ba04-94bbb291d8d7,USA,JAMES AND MATTHEW,TRAWLERS,FISHING,367087280,0.47,Stage 2,2020-06-01
41.21,-71.220001,2020-09-04,d8bbf6380-05af-2b58-ca64-97ffb1eb319f,USA,ENTERPRISE,TRAWLERS,FISHING,367590310,1.61,Stage 2,2020-09-01
41.12,-71.330002,2020-10-27,cec008aa2-264e-d098-8f9d-11769636d229,USA,KELSI & MORGAN,TRAWLERS,FISHING,338386525,0.83,Stage 2,2020-10-01
41.31,-71.300003,2020-09-08,8f987fea1-1754-c256-8d02-c8079a35624d,USA,RAYNA AND KERSTIN,TRAWLERS,FISHING,368102710,0.88,Stage 2,2020-09-01
41.11,-71.300003,2020-09-17,d8bbf6380-05af-2b58-ca64-97ffb1eb319f,USA,ENTERPRISE,TRAWLERS,FISHING,367590310,0.6,Stage 2,2020-09-01
41.19,-71.239998,2020-09-03,6d414bc32-25f1-a36c-badb-1aa96fde74dd,USA,CAPT  SEAWEED,TRAWLERS,FISHING,368092280,1.36,Stage 2,2020-09-01
41.19,-71.25,2020-06-25,e835426b5-5325-4b79-ca28-832b6de511b0,USA,CONOR AND MICHAEL,TRAWLERS,FISHING,367301540,0.63,Stage 2,2020-06-01
41.22,-71.190002,2020-07-27,d8bbf6380-05af-2b58-ca64-97ffb1eb319f,USA,ENTERPRISE,TRAWLERS,FISHING,367590310,0.87,Stage 2,2020-07-01
41.13,-71.309998,2020-07-21,c9804fdb4-469e-7f30-0a3f-044b6cc74b65,USA,KAREN ANN,SET_GILLNETS,FISHING,367105250,0.98,Stage 2,2020-07-01
41.33,-71.239998,2020-10-06,c11057b39-90b8-89c0-7f09-0f5a46f8d730,USA,BELL SKY,TRAWLERS,FISHING,367637420,0.82,Stage 2,2020-10-01
41.09,-71.300003,2020-09-24,d2d6e0603-3a0e-48f4-32d2-a4d0565980c7,USA,MATTIE AND MAREN,TRAWLERS,FISHING,367415240,0.34,Stage 2,2020-09-01
41.07,-71.389999,2020-11-27,e4a69e8d8-8768-d8d9-aa04-c12941bc58ec,USA,LAURA PEGGY,SET_GILLNETS,FISHING,338130869,1.11,Stage 2,2020-11-01
41.04,-71.199997,2020-10-11,fda33ad3b-b3d7-9afb-257d-126bd7b77f81,USA,LADY FRANCES,INCONCLUSIVE,FISHING,367155670,2.28,Stage 2,2020-10-01
41.37,-71.260002,2020-11-18,c11057b39-90b8-89c0-7f09-0f5a46f8d730,USA,BELL SKY,TRAWLERS,FISHING,367637420,1.11,Stage 2,2020-11-01
41.11,-71.32,2020-08-07,c9804fdb4-469e-7f30-0a3f-044b6cc74b65,USA,KAREN ANN,SET_GILLNETS,FISHING,367105250,0.99,Stage 2,2020-08-01
41.14,-71.290001,2020-10-29,cec008aa2-264e-d098-8f9d-11769636d229,USA,KELSI & MORGAN,TRAWLERS,FISHING,338386525,1.09,Stage 2,2020-10-01
41.32,-71.160004,2020-07-26,25d7974a8-8ecf-4379-9b08-45e731dd11c9,USA,SAKONNET LOBSTER 2,POLE_AND_LINE,FISHING,338337752,1.46,Stage 2,2020-07-01
41.1,-71.25,2020-08-20,6d414bc32-25f1-a36c-badb-1aa96fde74dd,USA,CAPT  SEAWEED,TRAWLERS,FISHING,368092280,0.8,Stage 2,2020-08-01
41.38,-71.269997,2020-11-07,c11057b39-90b8-89c0-7f09-0f5a46f8d730,USA,BELL SKY,TRAWLERS,FISHING,367637420,1.07,Stage 2,2020-11-01
41.32,-71.18,2020-06-04,bcdb1c19c-c908-47d9-0a87-08b9ae8d10a3,USA,F/V BLUE COVE,TRAWLERS,FISHING,367669960,2.39,Stage 2,2020-06-01
41.02,-71.019997,2020-06-10,fd96b30e3-3f77-f437-8122-20e7744dfdb4,USA,TIMBERLINE,DREDGE_FISHING,FISHING,367071460,4.03,Stage 2,2020-06-01
41.2,-71.230003,2020-10-27,d8bbf6380-05af-2b58-ca64-97ffb1eb319f,USA,ENTERPRISE,TRAWLERS,FISHING,367590310,0.76,Stage 2,2020-10-01
41.14,-71.349998,2020-10-23,e5ad57b2d-d250-3691-821a-3d9e8d932fef,USA,SEVEN B S V,TRAWLERS,FISHING,367052470,1.24,Stage 2,2020-10-01
41.22,-71.209999,2020-07-02,d2d6e0603-3a0e-48f4-32d2-a4d0565980c7,USA,MATTIE AND MAREN,TRAWLERS,FISHING,367415240,0.98,Stage 2,2020-07-01
41.07,-70.720001,2020-06-27,59c757235-5638-b364-a6ec-0694ac3f69c8,CAN,FISHIN ADDICTION 17,POLE_AND_LINE,FISHING,316036131,1,Stage 2,2020-06-01
41.04,-71.230003,2020-10-06,90b9eaea0-018d-1eaf-4055-36b770057d04,USA,GAIL FRANCES,INCONCLUSIVE,FISHING,366940990,0.51,Stage 2,2020-10-01
40.96,-71.290001,2020-03-10,d2d6e0603-3a0e-48f4-32d2-a4d0565980c7,USA,MATTIE AND MAREN,TRAWLERS,FISHING,367415240,2.01,Stage 2,2020-03-01
41.32,-71.080002,2020-09-08,8f987fea1-1754-c256-8d02-c8079a35624d,USA,RAYNA AND KERSTIN,TRAWLERS,FISHING,368102710,1.17,Stage 2,2020-09-01
41.21,-71.220001,2020-07-30,d8bbf6380-05af-2b58-ca64-97ffb1eb319f,USA,ENTERPRISE,TRAWLERS,FISHING,367590310,1.2,Stage 2,2020-07-01
40.92,-71.309998,2020-08-26,49acdf0f9-9904-5bfe-8b88-6a05cbcda2ce,USA,STARLIGHT,TRAWLERS,FISHING,367674070,1.18,Stage 2,2020-08-01
41.12,-71.309998,2020-11-08,c9804fdb4-469e-7f30-0a3f-044b6cc74b65,USA,KAREN ANN,SET_GILLNETS,FISHING,367105250,2.38,Stage 2,2020-11-01
41.16,-71.300003,2020-05-18,d8bbf6380-05af-2b58-ca64-97ffb1eb319f,USA,ENTERPRISE,TRAWLERS,FISHING,367590310,3.36,Stage 2,2020-05-01
41.11,-71.300003,2020-10-29,138335867-750f-7b39-06ff-645add8dbdc7,USA,BROOKE ELISE,TRAWLERS,FISHING,367687740,2.95,Stage 2,2020-10-01
41.04,-71.230003,2020-11-05,90b9eaea0-018d-1eaf-4055-36b770057d04,USA,GAIL FRANCES,INCONCLUSIVE,FISHING,366940990,1.38,Stage 2,2020-11-01
41.28,-71.410004,2020-11-27,c11057b39-90b8-89c0-7f09-0f5a46f8d730,USA,BELL SKY,TRAWLERS,FISHING,367637420,0.42,Stage 2,2020-11-01
41.18,-71.269997,2020-07-31,d8bbf6380-05af-2b58-ca64-97ffb1eb319f,USA,ENTERPRISE,TRAWLERS,FISHING,367590310,0.93,Stage 2,2020-07-01
40.92,-71.339996,2020-08-07,fd96b30e3-3f77-f437-8122-20e7744dfdb4,USA,TIMBERLINE,DREDGE_FISHING,FISHING,367071460,0.77,Stage 2,2020-08-01
41.34,-71.239998,2020-06-01,c11057b39-90b8-89c0-7f09-0f5a46f8d730,USA,BELL SKY,TRAWLERS,FISHING,367637420,1.59,Stage 2,2020-06-01
41.16,-71.339996,2020-12-18,59d8ab6e8-88ae-3379-7957-c3cf5af17475,USA,HOPE AND SYDNEY,TRAWLERS,FISHING,367084070,1.19,Stage 2,2020-12-01
41.2,-71.230003,2020-10-05,d8bbf6380-05af-2b58-ca64-97ffb1eb319f,USA,ENTERPRISE,TRAWLERS,FISHING,367590310,2.42,Stage 2,2020-10-01
41.18,-71.25,2020-09-08,d8bbf6380-05af-2b58-ca64-97ffb1eb319f,USA,ENTERPRISE,TRAWLERS,FISHING,367590310,1.13,Stage 2,2020-09-01
41.28,-71.410004,2020-08-24,f24e7875f-f61b-0cbe-f53f-b179dd5b9c21,USA,LINDA MARIE,TRAWLERS,FISHING,367588040,0.96,Stage 2,2020-08-01
41.2,-71.080002,2020-06-10,7104bfc82-2a20-d1f1-5400-f9295c4e0569,USA,F/V KRYSTLE JAMES,FISHING,FISHING,366893340,0.7,Stage 2,2020-06-01
41.18,-71.279999,2020-06-22,8f987fea1-1754-c256-8d02-c8079a35624d,USA,RAYNA AND KERSTIN,TRAWLERS,FISHING,368102710,1.59,Stage 2,2020-06-01
40.92,-71.260002,2020-06-28,a45b489d0-00f1-5dc5-64d8-6d681d72b4ba,USA,LADY BRITTANY,TRAWLERS,FISHING,366983260,1.47,Stage 2,2020-06-01
41.3,-71.410004,2020-06-16,d2d6e0603-3a0e-48f4-32d2-a4d0565980c7,USA,MATTIE AND MAREN,TRAWLERS,FISHING,367415240,0.5,Stage 2,2020-06-01
41.22,-71.370003,2020-10-06,c9804fdb4-469e-7f30-0a3f-044b6cc74b65,USA,KAREN ANN,SET_GILLNETS,FISHING,367105250,1.76,Stage 2,2020-10-01
40.94,-71.370003,2020-02-21,d2d6e0603-3a0e-48f4-32d2-a4d0565980c7,USA,MATTIE AND MAREN,TRAWLERS,FISHING,367415240,0.92,Stage 2,2020-02-01
41.29,-71.400002,2020-12-19,6ae903a95-5315-4633-05e6-edfa6b61c787,USA,PROUD MARY,TRAWLERS,FISHING,368102540,0.84,Stage 2,2020-12-01
41.13,-71.300003,2020-12-12,c9804fdb4-469e-7f30-0a3f-044b6cc74b65,USA,KAREN ANN,SET_GILLNETS,FISHING,367105250,1.36,Stage 2,2020-12-01
41.12,-71.300003,2020-08-07,c9804fdb4-469e-7f30-0a3f-044b6cc74b65,USA,KAREN ANN,SET_GILLNETS,FISHING,367105250,0.74,Stage 2,2020-08-01
41.18,-71.260002,2020-07-27,d8bbf6380-05af-2b58-ca64-97ffb1eb319f,USA,ENTERPRISE,TRAWLERS,FISHING,367590310,1.1,Stage 2,2020-07-01
41.06,-71.379997,2020-12-12,c11057b39-90b8-89c0-7f09-0f5a46f8d730,USA,BELL SKY,TRAWLERS,FISHING,367637420,1.1,Stage 2,2020-12-01
41.25,-71.050003,2020-06-23,d2d6e0603-3a0e-48f4-32d2-a4d0565980c7,USA,MATTIE AND MAREN,TRAWLERS,FISHING,367415240,1.05,Stage 2,2020-06-01
41.18,-71.25,2020-08-26,6d414bc32-25f1-a36c-badb-1aa96fde74dd,USA,CAPT  SEAWEED,TRAWLERS,FISHING,368092280,0.8,Stage 2,2020-08-01
41.36,-71.260002,2020-05-14,c11057b39-90b8-89c0-7f09-0f5a46f8d730,USA,BELL SKY,TRAWLERS,FISHING,367637420,0.84,Stage 2,2020-05-01
41.19,-71.239998,2020-06-27,e835426b5-5325-4b79-ca28-832b6de511b0,USA,CONOR AND MICHAEL,TRAWLERS,FISHING,367301540,0.97,Stage 2,2020-06-01
41.13,-71.300003,2020-09-28,138335867-750f-7b39-06ff-645add8dbdc7,USA,BROOKE ELISE,TRAWLERS,FISHING,367687740,2.51,Stage 2,2020-09-01
41.24,-71.199997,2020-09-01,a15e533c5-505d-88e3-1794-2f973ee6df1a,USA,FV AMERICAN BEAUTY,POLE_AND_LINE,FISHING,367799120,0.85,Stage 2,2020-09-01
40.95,-71.300003,2020-04-26,d2d6e0603-3a0e-48f4-32d2-a4d0565980c7,USA,MATTIE AND MAREN,TRAWLERS,FISHING,367415240,1.24,Stage 2,2020-04-01
41.3,-71.199997,2020-09-05,7703fe352-2006-3272-91c4-ed55cf08a2bf,USA,THUNDER BAY,TRAWLERS,FISHING,367426660,1.06,Stage 2,2020-09-01
40.92,-71.129997,2020-06-27,a45b489d0-00f1-5dc5-64d8-6d681d72b4ba,USA,LADY BRITTANY,TRAWLERS,FISHING,366983260,0.84,Stage 2,2020-06-01
41.06,-71.379997,2020-10-09,cec008aa2-264e-d098-8f9d-11769636d229,USA,KELSI & MORGAN,TRAWLERS,FISHING,338386525,0.86,Stage 2,2020-10-01
41.18,-71.25,2020-08-22,6d414bc32-25f1-a36c-badb-1aa96fde74dd,USA,CAPT  SEAWEED,TRAWLERS,FISHING,368092280,1.07,Stage 2,2020-08-01
41.05,-71.349998,2020-08-26,6d414bc32-25f1-a36c-badb-1aa96fde74dd,USA,CAPT  SEAWEED,TRAWLERS,FISHING,368092280,1,Stage 2,2020-08-01
41.33,-71.230003,2020-05-14,c11057b39-90b8-89c0-7f09-0f5a46f8d730,USA,BELL SKY,TRAWLERS,FISHING,367637420,1.13,Stage 2,2020-05-01
41.15,-71.309998,2020-10-28,cec008aa2-264e-d098-8f9d-11769636d229,USA,KELSI & MORGAN,TRAWLERS,FISHING,338386525,1.41,Stage 2,2020-10-01
41.32,-71.139999,2020-12-18,2ec2f04e7-7bcd-890f-e70a-b717568f5113,USA,ENDEAVOUR,POLE_AND_LINE,FISHING,367160010,0.61,Stage 2,2020-12-01
41.12,-71.330002,2020-11-22,d2d6e0603-3a0e-48f4-32d2-a4d0565980c7,USA,MATTIE AND MAREN,TRAWLERS,FISHING,367415240,1.95,Stage 2,2020-11-01
41.21,-71.32,2020-12-18,59d8ab6e8-88ae-3379-7957-c3cf5af17475,USA,HOPE AND SYDNEY,TRAWLERS,FISHING,367084070,0.41,Stage 2,2020-12-01
41.05,-71.389999,2020-10-15,90b9eaea0-018d-1eaf-4055-36b770057d04,USA,GAIL FRANCES,INCONCLUSIVE,FISHING,366940990,4.45,Stage 2,2020-10-01
41.25,-71.07,2020-07-13,d8bbf6380-05af-2b58-ca64-97ffb1eb319f,USA,ENTERPRISE,TRAWLERS,FISHING,367590310,5.1,Stage 2,2020-07-01
41.16,-71.339996,2020-09-29,d2d6e0603-3a0e-48f4-32d2-a4d0565980c7,USA,MATTIE AND MAREN,TRAWLERS,FISHING,367415240,1.12,Stage 2,2020-09-01
41.27,-71.360001,2020-07-20,d8bbf6380-05af-2b58-ca64-97ffb1eb319f,USA,ENTERPRISE,TRAWLERS,FISHING,367590310,0.67,Stage 2,2020-07-01
41.37,-71.260002,2020-05-05,c11057b39-90b8-89c0-7f09-0f5a46f8d730,USA,BELL SKY,TRAWLERS,FISHING,367637420,0.62,Stage 2,2020-05-01
41.04,-71.230003,2020-09-06,90b9eaea0-018d-1eaf-4055-36b770057d04,USA,GAIL FRANCES,INCONCLUSIVE,FISHING,366940990,0.86,Stage 2,2020-09-01
40.96,-70.739998,2020-11-09,35eb371c0-088a-1382-098a-c7fea019d959,USA,STARBRITE,FISHING,FISHING,367707710,0.33,Stage 2,2020-11-01
41.31,-71.080002,2020-05-16,cb1896d57-70fe-6792-627a-778aa3871f52,USA,QUINBY ALLIE,TRAWLERS,FISHING,368103130,1.72,Stage 2,2020-05-01
41.19,-71.230003,2020-06-23,410f103b3-3bf1-c50e-50ee-18fb85c0b8b9,USA,RAYDA CHERAMIE,FISHING,FISHING,366947090,1.06,Stage 2,2020-06-01
41.13,-71.300003,2020-09-03,6d414bc32-25f1-a36c-badb-1aa96fde74dd,USA,CAPT  SEAWEED,TRAWLERS,FISHING,368092280,0.85,Stage 2,2020-09-01
41.36,-71.129997,2020-07-02,dd6eb6d60-0fea-40b3-82c4-6fd4fe4b2e7c,USA,SEVEN SEAS,TRAWLERS,FISHING,367624610,0.81,Stage 2,2020-07-01
41.22,-71.309998,2020-10-28,d8bbf6380-05af-2b58-ca64-97ffb1eb319f,USA,ENTERPRISE,TRAWLERS,FISHING,367590310,0.35,Stage 2,2020-10-01
41.06,-71.360001,2020-06-12,0aa677a23-34d1-62cd-24ab-48ab0cf6fc9e,USA,BROOKE C,SET_GILLNETS,FISHING,338228458,0.99,Stage 2,2020-06-01
41.03,-71.379997,2020-12-08,d2d6e0603-3a0e-48f4-32d2-a4d0565980c7,USA,MATTIE AND MAREN,TRAWLERS,FISHING,367415240,0.56,Stage 2,2020-12-01
41.16,-70.919998,2020-08-25,d12a18828-8cbb-8887-d07d-bea9f8e76229,USA,F/V HOPEFULL,TRAWLERS,FISHING,367325850,3.46,Stage 2,2020-08-01
41.29,-71.260002,2020-05-06,d8bbf6380-05af-2b58-ca64-97ffb1eb319f,USA,ENTERPRISE,TRAWLERS,FISHING,367590310,8.14,Stage 2,2020-05-01
41.03,-71.379997,2020-11-24,d2d6e0603-3a0e-48f4-32d2-a4d0565980c7,USA,MATTIE AND MAREN,TRAWLERS,FISHING,367415240,1.07,Stage 2,2020-11-01
41.08,-71.389999,2020-11-08,e4a69e8d8-8768-d8d9-aa04-c12941bc58ec,USA,LAURA PEGGY,SET_GILLNETS,FISHING,338130869,0.92,Stage 2,2020-11-01
41.37,-71.260002,2020-11-07,c11057b39-90b8-89c0-7f09-0f5a46f8d730,USA,BELL SKY,TRAWLERS,FISHING,367637420,0.97,Stage 2,2020-11-01
41.16,-71.300003,2020-11-05,cec008aa2-264e-d098-8f9d-11769636d229,USA,KELSI & MORGAN,TRAWLERS,FISHING,338386525,0.72,Stage 2,2020-11-01
40.94,-71.360001,2020-11-08,d2d6e0603-3a0e-48f4-32d2-a4d0565980c7,USA,MATTIE AND MAREN,TRAWLERS,FISHING,367415240,3.72,Stage 2,2020-11-01
41.24,-71.339996,2020-10-28,138335867-750f-7b39-06ff-645add8dbdc7,USA,BROOKE ELISE,TRAWLERS,FISHING,367687740,2.41,Stage 2,2020-10-01
41.31,-71.050003,2020-05-28,cb1896d57-70fe-6792-627a-778aa3871f52,USA,QUINBY ALLIE,TRAWLERS,FISHING,368103130,1.32,Stage 2,2020-05-01
41.05,-71.389999,2020-10-23,e5ad57b2d-d250-3691-821a-3d9e8d932fef,USA,SEVEN B S V,TRAWLERS,FISHING,367052470,1.74,Stage 2,2020-10-01
41.34,-71.25,2020-07-19,b5c8f14ac-cc19-ce97-1589-8ed6d3b58f48,USA,STEPHANIE BRYAN,FISHING,FISHING,367428520,1.85,Stage 2,2020-07-01
41.23,-71.139999,2020-08-04,d8bbf6380-05af-2b58-ca64-97ffb1eb319f,USA,ENTERPRISE,TRAWLERS,FISHING,367590310,0.47,Stage 2,2020-08-01
41.05,-71.400002,2020-10-21,355db86fa-ae7e-9cce-bfba-e9f6b287353c,USA,KASSIDY LYN,TRAWLERS,FISHING,368019940,2.27,Stage 2,2020-10-01
41.03,-71.18,2020-12-12,287fc1cbf-fbc0-3baa-ae98-f20768f5d10f,USA,VIKING STARSHIP,PASSENGER,PASSENGER,367661740,1.66,Stage 2,2020-12-01
41.22,-71.209999,2020-06-03,d8bbf6380-05af-2b58-ca64-97ffb1eb319f,USA,ENTERPRISE,TRAWLERS,FISHING,367590310,1.15,Stage 2,2020-06-01
41.07,-71.379997,2020-10-23,cec008aa2-264e-d098-8f9d-11769636d229,USA,KELSI & MORGAN,TRAWLERS,FISHING,338386525,0.87,Stage 2,2020-10-01
41.21,-71.230003,2020-07-27,138335867-750f-7b39-06ff-645add8dbdc7,USA,BROOKE ELISE,TRAWLERS,FISHING,367687740,1.09,Stage 2,2020-07-01
41.11,-71.309998,2020-02-24,90b9eaea0-018d-1eaf-4055-36b770057d04,USA,GAIL FRANCES,INCONCLUSIVE,FISHING,366940990,4.85,Stage 2,2020-02-01
41.23,-71.160004,2020-06-08,d8bbf6380-05af-2b58-ca64-97ffb1eb319f,USA,ENTERPRISE,TRAWLERS,FISHING,367590310,1.22,Stage 2,2020-06-01
41.1,-71.349998,2020-12-08,d2d6e0603-3a0e-48f4-32d2-a4d0565980c7,USA,MATTIE AND MAREN,TRAWLERS,FISHING,367415240,0.91,Stage 2,2020-12-01
41.03,-71.18,2020-10-31,90b9eaea0-018d-1eaf-4055-36b770057d04,USA,GAIL FRANCES,INCONCLUSIVE,FISHING,366940990,2.38,Stage 2,2020-10-01
41.11,-71.300003,2020-10-21,138335867-750f-7b39-06ff-645add8dbdc7,USA,BROOKE ELISE,TRAWLERS,FISHING,367687740,1.39,Stage 2,2020-10-01
41.14,-71.279999,2020-08-22,6d414bc32-25f1-a36c-badb-1aa96fde74dd,USA,CAPT  SEAWEED,TRAWLERS,FISHING,368092280,2.48,Stage 2,2020-08-01
41.02,-70.959999,2020-06-11,d0eedd395-565b-d998-24e7-e6095fdc296f,USA,SHAMROCK,SET_GILLNETS,FISHING,367396080,0.33,Stage 2,2020-06-01
41.23,-71.150002,2020-06-17,d8bbf6380-05af-2b58-ca64-97ffb1eb319f,USA,ENTERPRISE,TRAWLERS,FISHING,367590310,0.99,Stage 2,2020-06-01
41.31,-71.050003,2020-05-15,cb1896d57-70fe-6792-627a-778aa3871f52,USA,QUINBY ALLIE,TRAWLERS,FISHING,368103130,3.08,Stage 2,2020-05-01
41.33,-71.400002,2020-08-13,d2d6e0603-3a0e-48f4-32d2-a4d0565980c7,USA,MATTIE AND MAREN,TRAWLERS,FISHING,367415240,1.26,Stage 2,2020-08-01
41.24,-71.099998,2020-07-13,d8bbf6380-05af-2b58-ca64-97ffb1eb319f,USA,ENTERPRISE,TRAWLERS,FISHING,367590310,0.83,Stage 2,2020-07-01
41.16,-71.300003,2020-10-29,cec008aa2-264e-d098-8f9d-11769636d229,USA,KELSI & MORGAN,TRAWLERS,FISHING,338386525,0.83,Stage 2,2020-10-01
40.87,-70.949997,2020-06-26,d0eedd395-565b-d998-24e7-e6095fdc296f,USA,SHAMROCK,SET_GILLNETS,FISHING,367396080,1.76,Stage 2,2020-06-01
41.24,-71.330002,2020-10-19,138335867-750f-7b39-06ff-645add8dbdc7,USA,BROOKE ELISE,TRAWLERS,FISHING,367687740,0.96,Stage 2,2020-10-01
41.02,-71.18,2020-09-29,fda33ad3b-b3d7-9afb-257d-126bd7b77f81,USA,LADY FRANCES,INCONCLUSIVE,FISHING,367155670,0.38,Stage 2,2020-09-01
41.27,-71.379997,2020-08-21,d2d6e0603-3a0e-48f4-32d2-a4d0565980c7,USA,MATTIE AND MAREN,TRAWLERS,FISHING,367415240,1.16,Stage 2,2020-08-01
41.23,-71.150002,2020-08-19,d2d6e0603-3a0e-48f4-32d2-a4d0565980c7,USA,MATTIE AND MAREN,TRAWLERS,FISHING,367415240,1.11,Stage 2,2020-08-01
41.12,-71.290001,2020-12-18,59d8ab6e8-88ae-3379-7957-c3cf5af17475,USA,HOPE AND SYDNEY,TRAWLERS,FISHING,367084070,2.77,Stage 2,2020-12-01
40.94,-71.360001,2020-07-27,fd96b30e3-3f77-f437-8122-20e7744dfdb4,USA,TIMBERLINE,DREDGE_FISHING,FISHING,367071460,0.55,Stage 2,2020-07-01
41.23,-71.169998,2020-06-22,138335867-750f-7b39-06ff-645add8dbdc7,USA,BROOKE ELISE,TRAWLERS,FISHING,367687740,1.29,Stage 2,2020-06-01
41.14,-71.279999,2020-08-26,6d414bc32-25f1-a36c-badb-1aa96fde74dd,USA,CAPT  SEAWEED,TRAWLERS,FISHING,368092280,0.66,Stage 2,2020-08-01
41.12,-71.300003,2020-10-18,138335867-750f-7b39-06ff-645add8dbdc7,USA,BROOKE ELISE,TRAWLERS,FISHING,367687740,0.73,Stage 2,2020-10-01
41.28,-71.400002,2020-10-06,dd6eb6d60-0fea-40b3-82c4-6fd4fe4b2e7c,USA,SEVEN SEAS,TRAWLERS,FISHING,367624610,0.53,Stage 2,2020-10-01
40.92,-71.099998,2020-06-27,a45b489d0-00f1-5dc5-64d8-6d681d72b4ba,USA,LADY BRITTANY,TRAWLERS,FISHING,366983260,1.17,Stage 2,2020-06-01
41.19,-71.239998,2020-08-02,d8bbf6380-05af-2b58-ca64-97ffb1eb319f,USA,ENTERPRISE,TRAWLERS,FISHING,367590310,1.07,Stage 2,2020-08-01
41.13,-71.309998,2020-07-29,c9804fdb4-469e-7f30-0a3f-044b6cc74b65,USA,KAREN ANN,SET_GILLNETS,FISHING,367105250,2.4,Stage 2,2020-07-01
41.28,-71.410004,2020-11-09,b91c9478b-bfa0-844e-f949-ccea31ce5ac1,USA,ELIZ AND KATHERINE,TRAWLERS,FISHING,367542540,0.72,Stage 2,2020-11-01
41.31,-71.389999,2020-11-07,c11057b39-90b8-89c0-7f09-0f5a46f8d730,USA,BELL SKY,TRAWLERS,FISHING,367637420,2.1,Stage 2,2020-11-01
41.05,-71.379997,2020-09-09,cb559898a-aba5-5632-5426-e3f2bbd4fba7,USA,TRANQUILITY,POLE_AND_LINE,FISHING,338215127,1.07,Stage 2,2020-09-01
41.08,-70.82,2020-06-09,29a1a5b1f-f9c5-0b2e-14d0-105454e62b36,USA,SEA DANCER,SET_GILLNETS,FISHING,338181423,1.16,Stage 2,2020-06-01
41.09,-71.199997,2020-01-02,0409d3e30-06fb-7dac-0e26-fbeae39606ab,USA,MARTHA ROSE,TRAWLERS,FISHING,368120430,3.37,Stage 2,2020-01-01
41.04,-71.230003,2020-11-29,90b9eaea0-018d-1eaf-4055-36b770057d04,USA,GAIL FRANCES,INCONCLUSIVE,FISHING,366940990,1.19,Stage 2,2020-11-01
41.18,-71.339996,2020-11-22,d2d6e0603-3a0e-48f4-32d2-a4d0565980c7,USA,MATTIE AND MAREN,TRAWLERS,FISHING,367415240,0.75,Stage 2,2020-11-01
40.93,-71.309998,2020-07-29,fd96b30e3-3f77-f437-8122-20e7744dfdb4,USA,TIMBERLINE,DREDGE_FISHING,FISHING,367071460,0.4,Stage 2,2020-07-01
41.29,-71.389999,2020-10-22,c9804fdb4-469e-7f30-0a3f-044b6cc74b65,USA,KAREN ANN,SET_GILLNETS,FISHING,367105250,1.66,Stage 2,2020-10-01
41.29,-71.25,2020-10-10,781fe70b0-0a86-87fe-c6e8-1a1a0a2016a7,USA,F/V FORTUNE HUNTER,TRAWLERS,FISHING,367141890,0.55,Stage 2,2020-10-01
41.26,-71.400002,2020-08-26,6d414bc32-25f1-a36c-badb-1aa96fde74dd,USA,CAPT  SEAWEED,TRAWLERS,FISHING,368092280,0.82,Stage 2,2020-08-01
40.92,-71.18,2020-06-21,a45b489d0-00f1-5dc5-64d8-6d681d72b4ba,USA,LADY BRITTANY,TRAWLERS,FISHING,366983260,2.03,Stage 2,2020-06-01
41.33,-71.239998,2020-11-10,c11057b39-90b8-89c0-7f09-0f5a46f8d730,USA,BELL SKY,TRAWLERS,FISHING,367637420,3.15,Stage 2,2020-11-01
41.25,-71.080002,2020-07-15,d8bbf6380-05af-2b58-ca64-97ffb1eb319f,USA,ENTERPRISE,TRAWLERS,FISHING,367590310,6.34,Stage 2,2020-07-01
40.92,-71.300003,2020-04-25,ed62588e9-9a07-613d-f833-9937e65b1082,USA,BRIZO,FISHING,FISHING,367753640,7.4,Stage 2,2020-04-01
41.28,-71.410004,2020-08-13,d2d6e0603-3a0e-48f4-32d2-a4d0565980c7,USA,MATTIE AND MAREN,TRAWLERS,FISHING,367415240,0.79,Stage 2,2020-08-01
41.17,-71.279999,2020-09-25,138335867-750f-7b39-06ff-645add8dbdc7,USA,BROOKE ELISE,TRAWLERS,FISHING,367687740,1.07,Stage 2,2020-09-01
41.15,-71.32,2020-10-06,c9804fdb4-469e-7f30-0a3f-044b6cc74b65,USA,KAREN ANN,SET_GILLNETS,FISHING,367105250,2.1,Stage 2,2020-10-01
41.13,-71.309998,2020-09-10,c9804fdb4-469e-7f30-0a3f-044b6cc74b65,USA,KAREN ANN,SET_GILLNETS,FISHING,367105250,2.74,Stage 2,2020-09-01
41.14,-71.290001,2020-06-17,ed62588e9-9a07-613d-f833-9937e65b1082,USA,BRIZO,FISHING,FISHING,367753640,0.57,Stage 2,2020-06-01
41.06,-71.379997,2020-11-13,d2d6e0603-3a0e-48f4-32d2-a4d0565980c7,USA,MATTIE AND MAREN,TRAWLERS,FISHING,367415240,1.97,Stage 2,2020-11-01
41.16,-71.300003,2020-12-08,d2d6e0603-3a0e-48f4-32d2-a4d0565980c7,USA,MATTIE AND MAREN,TRAWLERS,FISHING,367415240,0.63,Stage 2,2020-12-01
41.01,-71.019997,2020-07-19,8514072b7-7353-a081-0442-ed2c6958eae8,USA,DEBBIE SUE,FISHING,FISHING,367171320,13.22,Stage 2,2020-07-01
40.93,-71.360001,2020-11-10,dd6eb6d60-0fea-40b3-82c4-6fd4fe4b2e7c,USA,SEVEN SEAS,TRAWLERS,FISHING,367624610,0.97,Stage 2,2020-11-01
41.13,-71.309998,2020-09-24,c9804fdb4-469e-7f30-0a3f-044b6cc74b65,USA,KAREN ANN,SET_GILLNETS,FISHING,367105250,1.98,Stage 2,2020-09-01
41.32,-71.400002,2020-10-19,f24e7875f-f61b-0cbe-f53f-b179dd5b9c21,USA,LINDA MARIE,TRAWLERS,FISHING,367588040,0.65,Stage 2,2020-10-01
40.9,-71.110001,2020-06-15,49acdf0f9-9904-5bfe-8b88-6a05cbcda2ce,USA,STARLIGHT,TRAWLERS,FISHING,367674070,4.55,Stage 2,2020-06-01
41.2,-71.309998,2020-09-06,d8bbf6380-05af-2b58-ca64-97ffb1eb319f,USA,ENTERPRISE,TRAWLERS,FISHING,367590310,0.59,Stage 2,2020-09-01
41.19,-71.32,2020-08-13,d8bbf6380-05af-2b58-ca64-97ffb1eb319f,USA,ENTERPRISE,TRAWLERS,FISHING,367590310,0.65,Stage 2,2020-08-01
41.04,-71.32,2020-10-12,d8bbf6380-05af-2b58-ca64-97ffb1eb319f,USA,ENTERPRISE,TRAWLERS,FISHING,367590310,13.15,Stage 2,2020-10-01
41.13,-71.309998,2020-10-03,c9804fdb4-469e-7f30-0a3f-044b6cc74b65,USA,KAREN ANN,SET_GILLNETS,FISHING,367105250,2.25,Stage 2,2020-10-01
41.12,-71.300003,2020-09-28,c11057b39-90b8-89c0-7f09-0f5a46f8d730,USA,BELL SKY,TRAWLERS,FISHING,367637420,0.6,Stage 2,2020-09-01
40.91,-71.120003,2020-06-15,49acdf0f9-9904-5bfe-8b88-6a05cbcda2ce,USA,STARLIGHT,TRAWLERS,FISHING,367674070,1.88,Stage 2,2020-06-01
41.04,-70.989998,2020-07-23,5a7bd0854-4b15-d8e8-585b-13287e33e124,USA,MARGARET HOLLEY,TRAWLERS,FISHING,367401480,4.12,Stage 2,2020-07-01
41.15,-71.089996,2020-06-10,7104bfc82-2a20-d1f1-5400-f9295c4e0569,USA,F/V KRYSTLE JAMES,FISHING,FISHING,366893340,1.17,Stage 2,2020-06-01
41.18,-71.260002,2020-10-21,138335867-750f-7b39-06ff-645add8dbdc7,USA,BROOKE ELISE,TRAWLERS,FISHING,367687740,1.12,Stage 2,2020-10-01
41.22,-71.230003,2020-05-23,d8bbf6380-05af-2b58-ca64-97ffb1eb319f,USA,ENTERPRISE,TRAWLERS,FISHING,367590310,6.66,Stage 2,2020-05-01
40.91,-71.089996,2020-06-10,a45b489d0-00f1-5dc5-64d8-6d681d72b4ba,USA,LADY BRITTANY,TRAWLERS,FISHING,366983260,1.48,Stage 2,2020-06-01
41.01,-70.970001,2020-09-14,0409d3e30-06fb-7dac-0e26-fbeae39606ab,USA,MARTHA ROSE,TRAWLERS,FISHING,368120430,1.68,Stage 2,2020-09-01
41.24,-71.400002,2020-09-12,d8bbf6380-05af-2b58-ca64-97ffb1eb319f,USA,ENTERPRISE,TRAWLERS,FISHING,367590310,1.5,Stage 2,2020-09-01
41.03,-71.18,2020-08-07,ad22a3fa5-5371-ddc3-4b45-7d536d49e01e,USA,EVENING PRAYER,FISHING,FISHING,367377130,0.58,Stage 2,2020-08-01
41.12,-71.330002,2020-08-11,d2d6e0603-3a0e-48f4-32d2-a4d0565980c7,USA,MATTIE AND MAREN,TRAWLERS,FISHING,367415240,0.88,Stage 2,2020-08-01
41.24,-71.099998,2020-06-25,8f987fea1-1754-c256-8d02-c8079a35624d,USA,RAYNA AND KERSTIN,TRAWLERS,FISHING,368102710,2,Stage 2,2020-06-01
41.1,-71.349998,2020-10-06,cec008aa2-264e-d098-8f9d-11769636d229,USA,KELSI & MORGAN,TRAWLERS,FISHING,338386525,0.82,Stage 2,2020-10-01
40.93,-71.379997,2020-02-01,d2d6e0603-3a0e-48f4-32d2-a4d0565980c7,USA,MATTIE AND MAREN,TRAWLERS,FISHING,367415240,0.95,Stage 2,2020-02-01
41.17,-71.260002,2020-08-26,6d414bc32-25f1-a36c-badb-1aa96fde74dd,USA,CAPT  SEAWEED,TRAWLERS,FISHING,368092280,0.91,Stage 2,2020-08-01
41.17,-71.269997,2020-09-14,d8bbf6380-05af-2b58-ca64-97ffb1eb319f,USA,ENTERPRISE,TRAWLERS,FISHING,367590310,1.88,Stage 2,2020-09-01
41.37,-71.269997,2020-08-20,6ae903a95-5315-4633-05e6-edfa6b61c787,USA,PROUD MARY,TRAWLERS,FISHING,368102540,2.01,Stage 2,2020-08-01
41.31,-71.400002,2020-11-28,f24e7875f-f61b-0cbe-f53f-b179dd5b9c21,USA,LINDA MARIE,TRAWLERS,FISHING,367588040,1.11,Stage 2,2020-11-01
41.32,-70.989998,2020-05-15,cb1896d57-70fe-6792-627a-778aa3871f52,USA,QUINBY ALLIE,TRAWLERS,FISHING,368103130,0.52,Stage 2,2020-05-01
41.08,-71.379997,2020-10-21,cec008aa2-264e-d098-8f9d-11769636d229,USA,KELSI & MORGAN,TRAWLERS,FISHING,338386525,1.13,Stage 2,2020-10-01
41.14,-71.290001,2020-11-09,94a980510-01b3-625f-8524-0b3b93600b8c,USA,CODY,TRAWLERS,FISHING,367190280,0.97,Stage 2,2020-11-01
41.36,-71.25,2020-10-08,c11057b39-90b8-89c0-7f09-0f5a46f8d730,USA,BELL SKY,TRAWLERS,FISHING,367637420,1,Stage 2,2020-10-01
40.97,-71.25,2020-11-10,d2d6e0603-3a0e-48f4-32d2-a4d0565980c7,USA,MATTIE AND MAREN,TRAWLERS,FISHING,367415240,1.19,Stage 2,2020-11-01
41.2,-71.25,2020-09-24,d2d6e0603-3a0e-48f4-32d2-a4d0565980c7,USA,MATTIE AND MAREN,TRAWLERS,FISHING,367415240,0.52,Stage 2,2020-09-01
41.07,-71.379997,2020-11-09,30039633e-e65b-e85b-a838-221883cbc42a,USA,HERITAGE,FISHING,FISHING,367142820,0.35,Stage 2,2020-11-01
40.93,-70.739998,2020-06-02,b562e83d9-9a4c-e7a9-3ac1-bd289fc0c328,USA,GREAT PUMPKIN,SET_GILLNETS,FISHING,338126698,0.98,Stage 2,2020-06-01
41.11,-71.290001,2020-08-26,6d414bc32-25f1-a36c-badb-1aa96fde74dd,USA,CAPT  SEAWEED,TRAWLERS,FISHING,368092280,2.09,Stage 2,2020-08-01
41.22,-71.199997,2020-07-22,d8bbf6380-05af-2b58-ca64-97ffb1eb319f,USA,ENTERPRISE,TRAWLERS,FISHING,367590310,1.03,Stage 2,2020-07-01
41.1,-71.290001,2020-09-05,31fd57464-4fc8-83a1-825b-94e59a587ef9,USA,DIAMOND GIRL,FISHING,FISHING,367522680,1.35,Stage 2,2020-09-01
41.28,-71.400002,2020-12-03,d2d4a7623-3cb5-3aed-65b0-0866a70bfbb3,USA,OCEAN STATE,TRAWLERS,FISHING,366278770,0.68,Stage 2,2020-12-01
40.93,-71.309998,2020-07-27,fd96b30e3-3f77-f437-8122-20e7744dfdb4,USA,TIMBERLINE,DREDGE_FISHING,FISHING,367071460,1.71,Stage 2,2020-07-01
41.14,-71.349998,2020-12-08,90b9eaea0-018d-1eaf-4055-36b770057d04,USA,GAIL FRANCES,INCONCLUSIVE,FISHING,366940990,1.28,Stage 2,2020-12-01
41.12,-71.300003,2020-10-05,d8bbf6380-05af-2b58-ca64-97ffb1eb319f,USA,ENTERPRISE,TRAWLERS,FISHING,367590310,0.88,Stage 2,2020-10-01
41.24,-71.339996,2020-07-12,d8bbf6380-05af-2b58-ca64-97ffb1eb319f,USA,ENTERPRISE,TRAWLERS,FISHING,367590310,2.25,Stage 2,2020-07-01
41.02,-71.379997,2020-11-08,d2d6e0603-3a0e-48f4-32d2-a4d0565980c7,USA,MATTIE AND MAREN,TRAWLERS,FISHING,367415240,1.19,Stage 2,2020-11-01
41.13,-71.309998,2020-11-09,c9804fdb4-469e-7f30-0a3f-044b6cc74b65,USA,KAREN ANN,SET_GILLNETS,FISHING,367105250,1.32,Stage 2,2020-11-01
41.27,-71.370003,2020-08-23,6d414bc32-25f1-a36c-badb-1aa96fde74dd,USA,CAPT  SEAWEED,TRAWLERS,FISHING,368092280,1.19,Stage 2,2020-08-01
41.25,-71.360001,2020-07-16,8514072b7-7353-a081-0442-ed2c6958eae8,USA,DEBBIE SUE,FISHING,FISHING,367171320,0.69,Stage 2,2020-07-01
41.24,-71.129997,2020-06-08,d8bbf6380-05af-2b58-ca64-97ffb1eb319f,USA,ENTERPRISE,TRAWLERS,FISHING,367590310,2.47,Stage 2,2020-06-01
41.33,-71.300003,2020-09-26,c11057b39-90b8-89c0-7f09-0f5a46f8d730,USA,BELL SKY,TRAWLERS,FISHING,367637420,2.41,Stage 2,2020-09-01
41.18,-71.269997,2020-07-24,d8bbf6380-05af-2b58-ca64-97ffb1eb319f,USA,ENTERPRISE,TRAWLERS,FISHING,367590310,0.92,Stage 2,2020-07-01
40.9,-71.330002,2020-05-18,a45b489d0-00f1-5dc5-64d8-6d681d72b4ba,USA,LADY BRITTANY,TRAWLERS,FISHING,366983260,7.18,Stage 2,2020-05-01
41.19,-71.300003,2020-09-07,d8bbf6380-05af-2b58-ca64-97ffb1eb319f,USA,ENTERPRISE,TRAWLERS,FISHING,367590310,1.2,Stage 2,2020-09-01
41.11,-71.290001,2020-08-22,6d414bc32-25f1-a36c-badb-1aa96fde74dd,USA,CAPT  SEAWEED,TRAWLERS,FISHING,368092280,2.03,Stage 2,2020-08-01
40.92,-71.279999,2020-05-18,a45b489d0-00f1-5dc5-64d8-6d681d72b4ba,USA,LADY BRITTANY,TRAWLERS,FISHING,366983260,3.17,Stage 2,2020-05-01
41.22,-71.239998,2020-10-02,138335867-750f-7b39-06ff-645add8dbdc7,USA,BROOKE ELISE,TRAWLERS,FISHING,367687740,1,Stage 2,2020-10-01
41.14,-71.290001,2020-06-27,e835426b5-5325-4b79-ca28-832b6de511b0,USA,CONOR AND MICHAEL,TRAWLERS,FISHING,367301540,1.01,Stage 2,2020-06-01
41.25,-71.029999,2020-06-24,5b08cefbc-cda8-90e4-57a7-25ac2eadd608,USA,SHELBY ANN,TRAWLERS,FISHING,367687850,0.92,Stage 2,2020-06-01
40.94,-71.309998,2020-08-27,49acdf0f9-9904-5bfe-8b88-6a05cbcda2ce,USA,STARLIGHT,TRAWLERS,FISHING,367674070,8.86,Stage 2,2020-08-01
41.31,-71.400002,2020-05-03,d2d4a7623-3cb5-3aed-65b0-0866a70bfbb3,USA,OCEAN STATE,TRAWLERS,FISHING,366278770,0.89,Stage 2,2020-05-01
41.11,-71.300003,2020-10-20,138335867-750f-7b39-06ff-645add8dbdc7,USA,BROOKE ELISE,TRAWLERS,FISHING,367687740,2.92,Stage 2,2020-10-01
41.16,-71.349998,2020-07-24,d8bbf6380-05af-2b58-ca64-97ffb1eb319f,USA,ENTERPRISE,TRAWLERS,FISHING,367590310,1.53,Stage 2,2020-07-01
41.13,-71.309998,2020-11-08,c9804fdb4-469e-7f30-0a3f-044b6cc74b65,USA,KAREN ANN,SET_GILLNETS,FISHING,367105250,0.54,Stage 2,2020-11-01
41.02,-71.379997,2020-11-09,d2d6e0603-3a0e-48f4-32d2-a4d0565980c7,USA,MATTIE AND MAREN,TRAWLERS,FISHING,367415240,0.92,Stage 2,2020-11-01
41.22,-71.209999,2020-07-23,d8bbf6380-05af-2b58-ca64-97ffb1eb319f,USA,ENTERPRISE,TRAWLERS,FISHING,367590310,0.82,Stage 2,2020-07-01
41.22,-71.199997,2020-07-05,d2d6e0603-3a0e-48f4-32d2-a4d0565980c7,USA,MATTIE AND MAREN,TRAWLERS,FISHING,367415240,7.07,Stage 2,2020-07-01
40.94,-71.400002,2020-01-24,d2d6e0603-3a0e-48f4-32d2-a4d0565980c7,USA,MATTIE AND MAREN,TRAWLERS,FISHING,367415240,0.5,Stage 2,2020-01-01
41.22,-71.269997,2020-11-23,410f103b3-3bf1-c50e-50ee-18fb85c0b8b9,USA,RAYDA CHERAMIE,FISHING,FISHING,366947090,3.61,Stage 2,2020-11-01
40.95,-70.779999,2020-06-24,355db86fa-ae7e-9cce-bfba-e9f6b287353c,USA,KASSIDY LYN,TRAWLERS,FISHING,368019940,4.48,Stage 2,2020-06-01
41.13,-71.309998,2020-08-19,c9804fdb4-469e-7f30-0a3f-044b6cc74b65,USA,KAREN ANN,SET_GILLNETS,FISHING,367105250,0.86,Stage 2,2020-08-01
41.14,-71.330002,2020-08-02,d8bbf6380-05af-2b58-ca64-97ffb1eb319f,USA,ENTERPRISE,TRAWLERS,FISHING,367590310,1.03,Stage 2,2020-08-01
41.04,-71.379997,2020-12-14,c11057b39-90b8-89c0-7f09-0f5a46f8d730,USA,BELL SKY,TRAWLERS,FISHING,367637420,17.32,Stage 2,2020-12-01
41.05,-71.389999,2020-12-11,287fc1cbf-fbc0-3baa-ae98-f20768f5d10f,USA,VIKING STARSHIP,PASSENGER,PASSENGER,367661740,0.39,Stage 2,2020-12-01
41.16,-71.279999,2020-06-26,e835426b5-5325-4b79-ca28-832b6de511b0,USA,CONOR AND MICHAEL,TRAWLERS,FISHING,367301540,0.92,Stage 2,2020-06-01
41.03,-71.190002,2020-12-27,90b9eaea0-018d-1eaf-4055-36b770057d04,USA,GAIL FRANCES,INCONCLUSIVE,FISHING,366940990,0.88,Stage 2,2020-12-01
41.12,-71.370003,2020-07-29,0aa677a23-34d1-62cd-24ab-48ab0cf6fc9e,USA,BROOKE C,SET_GILLNETS,FISHING,338228458,1.15,Stage 2,2020-07-01
40.92,-71.309998,2020-07-28,fd96b30e3-3f77-f437-8122-20e7744dfdb4,USA,TIMBERLINE,DREDGE_FISHING,FISHING,367071460,2.01,Stage 2,2020-07-01
40.94,-71.400002,2020-11-10,dd6eb6d60-0fea-40b3-82c4-6fd4fe4b2e7c,USA,SEVEN SEAS,TRAWLERS,FISHING,367624610,8.16,Stage 2,2020-11-01
40.92,-71.330002,2020-08-31,49acdf0f9-9904-5bfe-8b88-6a05cbcda2ce,USA,STARLIGHT,TRAWLERS,FISHING,367674070,2.19,Stage 2,2020-08-01
41.24,-71.279999,2020-06-09,d8bbf6380-05af-2b58-ca64-97ffb1eb319f,USA,ENTERPRISE,TRAWLERS,FISHING,367590310,0.62,Stage 2,2020-06-01
41,-71,2020-06-08,fd96b30e3-3f77-f437-8122-20e7744dfdb4,USA,TIMBERLINE,DREDGE_FISHING,FISHING,367071460,0.59,Stage 2,2020-06-01
41.17,-71.269997,2020-08-26,6d414bc32-25f1-a36c-badb-1aa96fde74dd,USA,CAPT  SEAWEED,TRAWLERS,FISHING,368092280,1.81,Stage 2,2020-08-01
41.2,-71.239998,2020-08-13,d8bbf6380-05af-2b58-ca64-97ffb1eb319f,USA,ENTERPRISE,TRAWLERS,FISHING,367590310,0.53,Stage 2,2020-08-01
41.36,-71.25,2020-11-27,c11057b39-90b8-89c0-7f09-0f5a46f8d730,USA,BELL SKY,TRAWLERS,FISHING,367637420,1.13,Stage 2,2020-11-01
41.32,-71.269997,2020-11-11,c11057b39-90b8-89c0-7f09-0f5a46f8d730,USA,BELL SKY,TRAWLERS,FISHING,367637420,0.55,Stage 2,2020-11-01
41.14,-71.300003,2020-10-19,cec008aa2-264e-d098-8f9d-11769636d229,USA,KELSI & MORGAN,TRAWLERS,FISHING,338386525,0.85,Stage 2,2020-10-01
40.86,-71,2020-06-24,3138ae7c8-874e-0d84-49ab-e1824c726595,USA,EXCALIBUR,TRAWLERS,FISHING,367709870,0.54,Stage 2,2020-06-01
41.28,-71.410004,2020-07-22,cf82ed35c-c219-f8c2-745a-24c38db5d7cf,USA,BLACK SHEEP,TRAWLERS,FISHING,366831480,1.21,Stage 2,2020-07-01
41.28,-71.410004,2020-11-04,c11057b39-90b8-89c0-7f09-0f5a46f8d730,USA,BELL SKY,TRAWLERS,FISHING,367637420,0.7,Stage 2,2020-11-01
41.12,-71.300003,2020-10-15,138335867-750f-7b39-06ff-645add8dbdc7,USA,BROOKE ELISE,TRAWLERS,FISHING,367687740,2.9,Stage 2,2020-10-01
40.91,-71.110001,2020-06-10,a45b489d0-00f1-5dc5-64d8-6d681d72b4ba,USA,LADY BRITTANY,TRAWLERS,FISHING,366983260,2.83,Stage 2,2020-06-01
41.07,-71.379997,2020-10-15,cec008aa2-264e-d098-8f9d-11769636d229,USA,KELSI & MORGAN,TRAWLERS,FISHING,338386525,0.91,Stage 2,2020-10-01
41.14,-71.309998,2020-11-29,d2d6e0603-3a0e-48f4-32d2-a4d0565980c7,USA,MATTIE AND MAREN,TRAWLERS,FISHING,367415240,2.54,Stage 2,2020-11-01
41.24,-71.110001,2020-06-10,cb5d14ca7-7f63-40e7-c760-492ec6f726cf,USA,TRADITION,FISHING,FISHING,367134030,3.05,Stage 2,2020-06-01
41.05,-71.169998,2020-10-03,dac061149-9def-2b22-0c93-feee524b7099,USA,NECESSITY,POLE_AND_LINE,FISHING,366789890,1.83,Stage 2,2020-10-01
40.94,-71.330002,2020-11-09,d2d6e0603-3a0e-48f4-32d2-a4d0565980c7,USA,MATTIE AND MAREN,TRAWLERS,FISHING,367415240,1.12,Stage 2,2020-11-01
41.01,-70.970001,2020-09-01,a15e533c5-505d-88e3-1794-2f973ee6df1a,USA,FV AMERICAN BEAUTY,POLE_AND_LINE,FISHING,367799120,1.13,Stage 2,2020-09-01
41.15,-71.309998,2020-09-29,d2d6e0603-3a0e-48f4-32d2-a4d0565980c7,USA,MATTIE AND MAREN,TRAWLERS,FISHING,367415240,1.18,Stage 2,2020-09-01
41.06,-71.379997,2020-11-09,30039633e-e65b-e85b-a838-221883cbc42a,USA,HERITAGE,FISHING,FISHING,367142820,1.09,Stage 2,2020-11-01
41.01,-71.209999,2020-04-15,49acdf0f9-9904-5bfe-8b88-6a05cbcda2ce,USA,STARLIGHT,TRAWLERS,FISHING,367674070,2.33,Stage 2,2020-04-01
41.14,-71.300003,2020-08-20,c9804fdb4-469e-7f30-0a3f-044b6cc74b65,USA,KAREN ANN,SET_GILLNETS,FISHING,367105250,6.28,Stage 2,2020-08-01
41.14,-71.300003,2020-10-21,d8bbf6380-05af-2b58-ca64-97ffb1eb319f,USA,ENTERPRISE,TRAWLERS,FISHING,367590310,0.89,Stage 2,2020-10-01
40.94,-71.349998,2020-03-12,0c5aded4c-cbdc-435c-3a09-a261df2e531a,USA,EXPLORER,POLE_AND_LINE,FISHING,368008390,0.91,Stage 2,2020-03-01
41.32,-71.120003,2020-09-03,8f987fea1-1754-c256-8d02-c8079a35624d,USA,RAYNA AND KERSTIN,TRAWLERS,FISHING,368102710,1.02,Stage 2,2020-09-01
41.2,-71.209999,2020-08-22,6d414bc32-25f1-a36c-badb-1aa96fde74dd,USA,CAPT  SEAWEED,TRAWLERS,FISHING,368092280,1.27,Stage 2,2020-08-01
40.9,-71.089996,2020-06-15,49acdf0f9-9904-5bfe-8b88-6a05cbcda2ce,USA,STARLIGHT,TRAWLERS,FISHING,367674070,0.83,Stage 2,2020-06-01
41.36,-71.379997,2020-10-24,e5ad57b2d-d250-3691-821a-3d9e8d932fef,USA,SEVEN B S V,TRAWLERS,FISHING,367052470,0.91,Stage 2,2020-10-01
41.09,-71.370003,2020-10-23,cec008aa2-264e-d098-8f9d-11769636d229,USA,KELSI & MORGAN,TRAWLERS,FISHING,338386525,1.91,Stage 2,2020-10-01
41.1,-71.349998,2020-10-16,cec008aa2-264e-d098-8f9d-11769636d229,USA,KELSI & MORGAN,TRAWLERS,FISHING,338386525,1.12,Stage 2,2020-10-01
41.11,-71.339996,2020-12-13,c11057b39-90b8-89c0-7f09-0f5a46f8d730,USA,BELL SKY,TRAWLERS,FISHING,367637420,4,Stage 2,2020-12-01
41.13,-71.330002,2020-09-24,d2d6e0603-3a0e-48f4-32d2-a4d0565980c7,USA,MATTIE AND MAREN,TRAWLERS,FISHING,367415240,1.63,Stage 2,2020-09-01
41.04,-71.230003,2020-12-30,90b9eaea0-018d-1eaf-4055-36b770057d04,USA,GAIL FRANCES,INCONCLUSIVE,FISHING,366940990,1.39,Stage 2,2020-12-01
41.24,-71.089996,2020-06-17,138335867-750f-7b39-06ff-645add8dbdc7,USA,BROOKE ELISE,TRAWLERS,FISHING,367687740,0.87,Stage 2,2020-06-01
41.01,-71.339996,2020-05-03,d2d6e0603-3a0e-48f4-32d2-a4d0565980c7,USA,MATTIE AND MAREN,TRAWLERS,FISHING,367415240,6.21,Stage 2,2020-05-01
41.24,-70.910004,2020-09-09,ef68d82c6-6d7e-ae58-2266-6ed164d98ce3,USA,MAX & EMMA,FISHING,FISHING,367792770,0.91,Stage 2,2020-09-01
41.15,-71.279999,2020-09-13,d8bbf6380-05af-2b58-ca64-97ffb1eb319f,USA,ENTERPRISE,TRAWLERS,FISHING,367590310,3.57,Stage 2,2020-09-01
41.24,-71.339996,2020-09-25,138335867-750f-7b39-06ff-645add8dbdc7,USA,BROOKE ELISE,TRAWLERS,FISHING,367687740,0.88,Stage 2,2020-09-01
41.19,-71.239998,2020-06-27,a09f06a71-199e-483a-0477-d0598a9f1fd4,USA,RHONDA DENISE,FISHING,FISHING,367758940,1.12,Stage 2,2020-06-01
41.03,-70.949997,2020-03-15,fd96b30e3-3f77-f437-8122-20e7744dfdb4,USA,TIMBERLINE,DREDGE_FISHING,FISHING,367071460,6.29,Stage 2,2020-03-01
41.03,-71.169998,2020-09-06,90b9eaea0-018d-1eaf-4055-36b770057d04,USA,GAIL FRANCES,INCONCLUSIVE,FISHING,366940990,3.26,Stage 2,2020-09-01
41.23,-71.139999,2020-06-07,d8bbf6380-05af-2b58-ca64-97ffb1eb319f,USA,ENTERPRISE,TRAWLERS,FISHING,367590310,2.48,Stage 2,2020-06-01
41.2,-71.220001,2020-06-25,d2d6e0603-3a0e-48f4-32d2-a4d0565980c7,USA,MATTIE AND MAREN,TRAWLERS,FISHING,367415240,0.96,Stage 2,2020-06-01
41.3,-71.400002,2020-10-19,d8bbf6380-05af-2b58-ca64-97ffb1eb319f,USA,ENTERPRISE,TRAWLERS,FISHING,367590310,1.08,Stage 2,2020-10-01
41.12,-71.300003,2020-09-23,d2d6e0603-3a0e-48f4-32d2-a4d0565980c7,USA,MATTIE AND MAREN,TRAWLERS,FISHING,367415240,0.72,Stage 2,2020-09-01
41.23,-71.150002,2020-06-04,d8bbf6380-05af-2b58-ca64-97ffb1eb319f,USA,ENTERPRISE,TRAWLERS,FISHING,367590310,1.17,Stage 2,2020-06-01
41.12,-71.339996,2020-12-12,90b9eaea0-018d-1eaf-4055-36b770057d04,USA,GAIL FRANCES,INCONCLUSIVE,FISHING,366940990,0.64,Stage 2,2020-12-01
41.18,-71.260002,2020-10-20,138335867-750f-7b39-06ff-645add8dbdc7,USA,BROOKE ELISE,TRAWLERS,FISHING,367687740,1.52,Stage 2,2020-10-01
41.37,-71.260002,2020-11-11,c11057b39-90b8-89c0-7f09-0f5a46f8d730,USA,BELL SKY,TRAWLERS,FISHING,367637420,1.16,Stage 2,2020-11-01
41.1,-71.349998,2020-08-10,d2d6e0603-3a0e-48f4-32d2-a4d0565980c7,USA,MATTIE AND MAREN,TRAWLERS,FISHING,367415240,1.4,Stage 2,2020-08-01
41.11,-70.809998,2020-01-02,0409d3e30-06fb-7dac-0e26-fbeae39606ab,USA,MARTHA ROSE,TRAWLERS,FISHING,368120430,0.57,Stage 2,2020-01-01
41.25,-71.040001,2020-07-02,d2d6e0603-3a0e-48f4-32d2-a4d0565980c7,USA,MATTIE AND MAREN,TRAWLERS,FISHING,367415240,3.19,Stage 2,2020-07-01
41.24,-71.330002,2020-11-15,410f103b3-3bf1-c50e-50ee-18fb85c0b8b9,USA,RAYDA CHERAMIE,FISHING,FISHING,366947090,12.03,Stage 2,2020-11-01
41.2,-71.260002,2020-09-03,6d414bc32-25f1-a36c-badb-1aa96fde74dd,USA,CAPT  SEAWEED,TRAWLERS,FISHING,368092280,0.93,Stage 2,2020-09-01
41.14,-71.300003,2020-08-12,c9804fdb4-469e-7f30-0a3f-044b6cc74b65,USA,KAREN ANN,SET_GILLNETS,FISHING,367105250,0.44,Stage 2,2020-08-01
41.2,-71.349998,2020-09-13,d8bbf6380-05af-2b58-ca64-97ffb1eb319f,USA,ENTERPRISE,TRAWLERS,FISHING,367590310,0.33,Stage 2,2020-09-01
41.32,-71.160004,2020-09-03,8f987fea1-1754-c256-8d02-c8079a35624d,USA,RAYNA AND KERSTIN,TRAWLERS,FISHING,368102710,0.83,Stage 2,2020-09-01
41.13,-71.360001,2020-11-08,d2d6e0603-3a0e-48f4-32d2-a4d0565980c7,USA,MATTIE AND MAREN,TRAWLERS,FISHING,367415240,1.36,Stage 2,2020-11-01
41.24,-71.120003,2020-06-09,d8bbf6380-05af-2b58-ca64-97ffb1eb319f,USA,ENTERPRISE,TRAWLERS,FISHING,367590310,1.16,Stage 2,2020-06-01
41.13,-71.300003,2020-09-16,d8bbf6380-05af-2b58-ca64-97ffb1eb319f,USA,ENTERPRISE,TRAWLERS,FISHING,367590310,0.35,Stage 2,2020-09-01
41.17,-71.269997,2020-08-06,d8bbf6380-05af-2b58-ca64-97ffb1eb319f,USA,ENTERPRISE,TRAWLERS,FISHING,367590310,1.21,Stage 2,2020-08-01
40.99,-70.720001,2020-10-22,b562e83d9-9a4c-e7a9-3ac1-bd289fc0c328,USA,GREAT PUMPKIN,SET_GILLNETS,FISHING,338126698,2.04,Stage 2,2020-10-01
41.36,-71.269997,2020-06-07,6ae903a95-5315-4633-05e6-edfa6b61c787,USA,PROUD MARY,TRAWLERS,FISHING,368102540,0.56,Stage 2,2020-06-01
41.31,-71.400002,2020-09-17,f24e7875f-f61b-0cbe-f53f-b179dd5b9c21,USA,LINDA MARIE,TRAWLERS,FISHING,367588040,0.87,Stage 2,2020-09-01
41.18,-71.360001,2020-10-09,d8bbf6380-05af-2b58-ca64-97ffb1eb319f,USA,ENTERPRISE,TRAWLERS,FISHING,367590310,0.82,Stage 2,2020-10-01
41.2,-71.279999,2020-07-29,d8bbf6380-05af-2b58-ca64-97ffb1eb319f,USA,ENTERPRISE,TRAWLERS,FISHING,367590310,0.49,Stage 2,2020-07-01
41.23,-71.139999,2020-07-21,d8bbf6380-05af-2b58-ca64-97ffb1eb319f,USA,ENTERPRISE,TRAWLERS,FISHING,367590310,0.47,Stage 2,2020-07-01
41.05,-70.940002,2020-08-24,fd96b30e3-3f77-f437-8122-20e7744dfdb4,USA,TIMBERLINE,DREDGE_FISHING,FISHING,367071460,11.55,Stage 2,2020-08-01
41.13,-71.309998,2020-09-25,c9804fdb4-469e-7f30-0a3f-044b6cc74b65,USA,KAREN ANN,SET_GILLNETS,FISHING,367105250,2.03,Stage 2,2020-09-01
41.17,-71.290001,2020-06-22,8f987fea1-1754-c256-8d02-c8079a35624d,USA,RAYNA AND KERSTIN,TRAWLERS,FISHING,368102710,0.38,Stage 2,2020-06-01
40.91,-71.330002,2020-08-30,49acdf0f9-9904-5bfe-8b88-6a05cbcda2ce,USA,STARLIGHT,TRAWLERS,FISHING,367674070,2.68,Stage 2,2020-08-01
41.03,-71.379997,2020-11-10,d2d6e0603-3a0e-48f4-32d2-a4d0565980c7,USA,MATTIE AND MAREN,TRAWLERS,FISHING,367415240,1.02,Stage 2,2020-11-01
40.92,-71.309998,2020-08-31,49acdf0f9-9904-5bfe-8b88-6a05cbcda2ce,USA,STARLIGHT,TRAWLERS,FISHING,367674070,0.65,Stage 2,2020-08-01
40.91,-71.080002,2020-06-27,a45b489d0-00f1-5dc5-64d8-6d681d72b4ba,USA,LADY BRITTANY,TRAWLERS,FISHING,366983260,0.61,Stage 2,2020-06-01
41.24,-71.129997,2020-06-09,138335867-750f-7b39-06ff-645add8dbdc7,USA,BROOKE ELISE,TRAWLERS,FISHING,367687740,0.85,Stage 2,2020-06-01
41.18,-71.269997,2020-08-02,d8bbf6380-05af-2b58-ca64-97ffb1eb319f,USA,ENTERPRISE,TRAWLERS,FISHING,367590310,1.63,Stage 2,2020-08-01
40.95,-71.349998,2020-02-02,d2d6e0603-3a0e-48f4-32d2-a4d0565980c7,USA,MATTIE AND MAREN,TRAWLERS,FISHING,367415240,6.36,Stage 2,2020-02-01
41.11,-71.300003,2020-06-23,410f103b3-3bf1-c50e-50ee-18fb85c0b8b9,USA,RAYDA CHERAMIE,FISHING,FISHING,366947090,0.36,Stage 2,2020-06-01
41.08,-70.82,2020-06-13,29a1a5b1f-f9c5-0b2e-14d0-105454e62b36,USA,SEA DANCER,SET_GILLNETS,FISHING,338181423,1.1,Stage 2,2020-06-01
41.23,-71.169998,2020-07-23,d8bbf6380-05af-2b58-ca64-97ffb1eb319f,USA,ENTERPRISE,TRAWLERS,FISHING,367590310,0.62,Stage 2,2020-07-01
41.16,-71.269997,2020-09-03,6d414bc32-25f1-a36c-badb-1aa96fde74dd,USA,CAPT  SEAWEED,TRAWLERS,FISHING,368092280,1.47,Stage 2,2020-09-01
40.88,-70.82,2020-07-19,cb559898a-aba5-5632-5426-e3f2bbd4fba7,USA,TRANQUILITY,POLE_AND_LINE,FISHING,338215127,0.62,Stage 2,2020-07-01
40.9,-71.099998,2020-06-16,49acdf0f9-9904-5bfe-8b88-6a05cbcda2ce,USA,STARLIGHT,TRAWLERS,FISHING,367674070,3.61,Stage 2,2020-06-01
41.14,-71.290001,2020-10-06,138335867-750f-7b39-06ff-645add8dbdc7,USA,BROOKE ELISE,TRAWLERS,FISHING,367687740,1.68,Stage 2,2020-10-01
41.1,-71.290001,2020-09-29,c11057b39-90b8-89c0-7f09-0f5a46f8d730,USA,BELL SKY,TRAWLERS,FISHING,367637420,3.19,Stage 2,2020-09-01
41.09,-71.360001,2020-12-14,d8bbf6380-05af-2b58-ca64-97ffb1eb319f,USA,ENTERPRISE,TRAWLERS,FISHING,367590310,0.38,Stage 2,2020-12-01
41.23,-71.379997,2020-09-15,59d8ab6e8-88ae-3379-7957-c3cf5af17475,USA,HOPE AND SYDNEY,TRAWLERS,FISHING,367084070,2.22,Stage 2,2020-09-01
40.9,-71.309998,2020-07-29,fd96b30e3-3f77-f437-8122-20e7744dfdb4,USA,TIMBERLINE,DREDGE_FISHING,FISHING,367071460,9.81,Stage 2,2020-07-01
41.31,-71.07,2020-05-15,cb1896d57-70fe-6792-627a-778aa3871f52,USA,QUINBY ALLIE,TRAWLERS,FISHING,368103130,2.27,Stage 2,2020-05-01
41.25,-71.07,2020-06-02,d8bbf6380-05af-2b58-ca64-97ffb1eb319f,USA,ENTERPRISE,TRAWLERS,FISHING,367590310,1.02,Stage 2,2020-06-01
41.13,-71.300003,2020-09-27,b91c9478b-bfa0-844e-f949-ccea31ce5ac1,USA,ELIZ AND KATHERINE,TRAWLERS,FISHING,367542540,0.62,Stage 2,2020-09-01
41.22,-71.330002,2020-09-14,138335867-750f-7b39-06ff-645add8dbdc7,USA,BROOKE ELISE,TRAWLERS,FISHING,367687740,1.78,Stage 2,2020-09-01
41.33,-71.129997,2020-10-08,bd0b882f9-9de5-ab38-5f76-90e38e2bc888,USA,OCEAN WAVE,FISHING,FISHING,367401240,1.88,Stage 2,2020-10-01
41.14,-71.300003,2020-07-21,c9804fdb4-469e-7f30-0a3f-044b6cc74b65,USA,KAREN ANN,SET_GILLNETS,FISHING,367105250,0.64,Stage 2,2020-07-01
40.98,-71.120003,2020-06-02,49acdf0f9-9904-5bfe-8b88-6a05cbcda2ce,USA,STARLIGHT,TRAWLERS,FISHING,367674070,5.12,Stage 2,2020-06-01
41.37,-71.110001,2020-07-01,dd6eb6d60-0fea-40b3-82c4-6fd4fe4b2e7c,USA,SEVEN SEAS,TRAWLERS,FISHING,367624610,0.43,Stage 2,2020-07-01
40.9,-71.139999,2020-06-21,a45b489d0-00f1-5dc5-64d8-6d681d72b4ba,USA,LADY BRITTANY,TRAWLERS,FISHING,366983260,3.19,Stage 2,2020-06-01
41.05,-71.379997,2020-12-03,d2d6e0603-3a0e-48f4-32d2-a4d0565980c7,USA,MATTIE AND MAREN,TRAWLERS,FISHING,367415240,1,Stage 2,2020-12-01
41.22,-71.199997,2020-06-25,138335867-750f-7b39-06ff-645add8dbdc7,USA,BROOKE ELISE,TRAWLERS,FISHING,367687740,1.94,Stage 2,2020-06-01
40.92,-71.349998,2020-06-21,fd96b30e3-3f77-f437-8122-20e7744dfdb4,USA,TIMBERLINE,DREDGE_FISHING,FISHING,367071460,1.17,Stage 2,2020-06-01
41.24,-71.099998,2020-06-23,138335867-750f-7b39-06ff-645add8dbdc7,USA,BROOKE ELISE,TRAWLERS,FISHING,367687740,0.76,Stage 2,2020-06-01
40.91,-71.099998,2020-06-20,a45b489d0-00f1-5dc5-64d8-6d681d72b4ba,USA,LADY BRITTANY,TRAWLERS,FISHING,366983260,1.24,Stage 2,2020-06-01
41.03,-71.389999,2020-05-07,8f987fea1-1754-c256-8d02-c8079a35624d,USA,RAYNA AND KERSTIN,TRAWLERS,FISHING,368102710,1.47,Stage 2,2020-05-01
40.92,-71.330002,2020-09-01,49acdf0f9-9904-5bfe-8b88-6a05cbcda2ce,USA,STARLIGHT,TRAWLERS,FISHING,367674070,3.45,Stage 2,2020-09-01
41.33,-71.239998,2020-11-11,c11057b39-90b8-89c0-7f09-0f5a46f8d730,USA,BELL SKY,TRAWLERS,FISHING,367637420,2.42,Stage 2,2020-11-01
40.96,-71.379997,2020-05-19,cb1896d57-70fe-6792-627a-778aa3871f52,USA,QUINBY ALLIE,TRAWLERS,FISHING,368103130,1.1,Stage 2,2020-05-01
41.08,-71.379997,2020-08-31,cb559898a-aba5-5632-5426-e3f2bbd4fba7,USA,TRANQUILITY,POLE_AND_LINE,FISHING,338215127,0.83,Stage 2,2020-08-01
40.98,-71.300003,2020-04-29,d2d6e0603-3a0e-48f4-32d2-a4d0565980c7,USA,MATTIE AND MAREN,TRAWLERS,FISHING,367415240,3.4,Stage 2,2020-04-01
41.33,-71.290001,2020-10-08,c11057b39-90b8-89c0-7f09-0f5a46f8d730,USA,BELL SKY,TRAWLERS,FISHING,367637420,0.4,Stage 2,2020-10-01
41.31,-71.400002,2020-08-13,d2d6e0603-3a0e-48f4-32d2-a4d0565980c7,USA,MATTIE AND MAREN,TRAWLERS,FISHING,367415240,0.62,Stage 2,2020-08-01
40.99,-70.739998,2020-06-25,dc7503a12-2012-2b23-c830-41a97164309d,USA,CHARLIES PRIDE,TRAWLERS,FISHING,366472920,0.74,Stage 2,2020-06-01
40.92,-71.18,2020-07-29,cddaf9db4-4d38-6444-99df-1ffe3e476648,USA,SANDRA JANE,TRAWLERS,FISHING,367327960,0.58,Stage 2,2020-07-01
41.11,-71.300003,2020-09-17,59d8ab6e8-88ae-3379-7957-c3cf5af17475,USA,HOPE AND SYDNEY,TRAWLERS,FISHING,367084070,4.46,Stage 2,2020-09-01
41.28,-71.410004,2020-07-28,cf82ed35c-c219-f8c2-745a-24c38db5d7cf,USA,BLACK SHEEP,TRAWLERS,FISHING,366831480,1.47,Stage 2,2020-07-01
41.28,-71.410004,2020-11-08,c11057b39-90b8-89c0-7f09-0f5a46f8d730,USA,BELL SKY,TRAWLERS,FISHING,367637420,0.88,Stage 2,2020-11-01
41.15,-71.32,2020-07-30,d8bbf6380-05af-2b58-ca64-97ffb1eb319f,USA,ENTERPRISE,TRAWLERS,FISHING,367590310,1.09,Stage 2,2020-07-01
41.35,-71.25,2020-11-19,c11057b39-90b8-89c0-7f09-0f5a46f8d730,USA,BELL SKY,TRAWLERS,FISHING,367637420,2.31,Stage 2,2020-11-01
40.93,-71.370003,2020-08-12,8372af007-7b7f-f7fa-4ee4-c5227c164207,USA,BLUE WAVE,FISHING,FISHING,367723140,0.54,Stage 2,2020-08-01
41.13,-71.32,2020-10-04,44752569c-c00c-da61-1898-4d62b6314a40,USA,VIRGINIA MARISE,TRAWLERS,FISHING,367145360,1.01,Stage 2,2020-10-01
41.24,-71.279999,2020-10-21,138335867-750f-7b39-06ff-645add8dbdc7,USA,BROOKE ELISE,TRAWLERS,FISHING,367687740,1.29,Stage 2,2020-10-01
41.25,-71.089996,2020-07-20,d8bbf6380-05af-2b58-ca64-97ffb1eb319f,USA,ENTERPRISE,TRAWLERS,FISHING,367590310,3.6,Stage 2,2020-07-01
41.03,-71.18,2020-10-04,90b9eaea0-018d-1eaf-4055-36b770057d04,USA,GAIL FRANCES,INCONCLUSIVE,FISHING,366940990,1,Stage 2,2020-10-01
41.2,-71.25,2020-08-26,6d414bc32-25f1-a36c-badb-1aa96fde74dd,USA,CAPT  SEAWEED,TRAWLERS,FISHING,368092280,0.83,Stage 2,2020-08-01
41.14,-71.300003,2020-10-15,d8bbf6380-05af-2b58-ca64-97ffb1eb319f,USA,ENTERPRISE,TRAWLERS,FISHING,367590310,3.55,Stage 2,2020-10-01
41.2,-71.230003,2020-07-06,138335867-750f-7b39-06ff-645add8dbdc7,USA,BROOKE ELISE,TRAWLERS,FISHING,367687740,1.11,Stage 2,2020-07-01
41.12,-71.309998,2020-11-27,c9804fdb4-469e-7f30-0a3f-044b6cc74b65,USA,KAREN ANN,SET_GILLNETS,FISHING,367105250,0.55,Stage 2,2020-11-01
41.34,-71.32,2020-05-22,d8bbf6380-05af-2b58-ca64-97ffb1eb319f,USA,ENTERPRISE,TRAWLERS,FISHING,367590310,0.82,Stage 2,2020-05-01
40.93,-71.25,2020-07-29,cddaf9db4-4d38-6444-99df-1ffe3e476648,USA,SANDRA JANE,TRAWLERS,FISHING,367327960,0.43,Stage 2,2020-07-01
41.22,-71.190002,2020-06-22,138335867-750f-7b39-06ff-645add8dbdc7,USA,BROOKE ELISE,TRAWLERS,FISHING,367687740,0.91,Stage 2,2020-06-01
41.3,-71.389999,2020-07-24,c9804fdb4-469e-7f30-0a3f-044b6cc74b65,USA,KAREN ANN,SET_GILLNETS,FISHING,367105250,0.59,Stage 2,2020-07-01
41.22,-71.129997,2020-11-29,d2d6e0603-3a0e-48f4-32d2-a4d0565980c7,USA,MATTIE AND MAREN,TRAWLERS,FISHING,367415240,1.44,Stage 2,2020-11-01
41.11,-71.339996,2020-11-04,cec008aa2-264e-d098-8f9d-11769636d229,USA,KELSI & MORGAN,TRAWLERS,FISHING,338386525,1.16,Stage 2,2020-11-01
41.24,-71.089996,2020-06-16,d2d6e0603-3a0e-48f4-32d2-a4d0565980c7,USA,MATTIE AND MAREN,TRAWLERS,FISHING,367415240,0.84,Stage 2,2020-06-01
41.35,-71.260002,2020-07-19,b5c8f14ac-cc19-ce97-1589-8ed6d3b58f48,USA,STEPHANIE BRYAN,FISHING,FISHING,367428520,1.13,Stage 2,2020-07-01
40.9,-71.150002,2020-06-15,49acdf0f9-9904-5bfe-8b88-6a05cbcda2ce,USA,STARLIGHT,TRAWLERS,FISHING,367674070,2.23,Stage 2,2020-06-01
41.04,-70.940002,2020-08-18,fd96b30e3-3f77-f437-8122-20e7744dfdb4,USA,TIMBERLINE,DREDGE_FISHING,FISHING,367071460,1.7,Stage 2,2020-08-01
41,-71.290001,2020-05-04,d2d6e0603-3a0e-48f4-32d2-a4d0565980c7,USA,MATTIE AND MAREN,TRAWLERS,FISHING,367415240,5.12,Stage 2,2020-05-01
41.23,-71.139999,2020-06-13,d8bbf6380-05af-2b58-ca64-97ffb1eb319f,USA,ENTERPRISE,TRAWLERS,FISHING,367590310,1.07,Stage 2,2020-06-01
41.14,-71.349998,2020-01-15,90b9eaea0-018d-1eaf-4055-36b770057d04,USA,GAIL FRANCES,INCONCLUSIVE,FISHING,366940990,2.79,Stage 2,2020-01-01
40.91,-71.160004,2020-04-26,a45b489d0-00f1-5dc5-64d8-6d681d72b4ba,USA,LADY BRITTANY,TRAWLERS,FISHING,366983260,2.21,Stage 2,2020-04-01
41.05,-71.379997,2020-10-14,cec008aa2-264e-d098-8f9d-11769636d229,USA,KELSI & MORGAN,TRAWLERS,FISHING,338386525,0.85,Stage 2,2020-10-01
41.03,-71.029999,2020-06-09,fd96b30e3-3f77-f437-8122-20e7744dfdb4,USA,TIMBERLINE,DREDGE_FISHING,FISHING,367071460,1.97,Stage 2,2020-06-01
41.3,-71.029999,2020-05-20,cb1896d57-70fe-6792-627a-778aa3871f52,USA,QUINBY ALLIE,TRAWLERS,FISHING,368103130,1.39,Stage 2,2020-05-01
41.09,-71.290001,2020-06-26,e835426b5-5325-4b79-ca28-832b6de511b0,USA,CONOR AND MICHAEL,TRAWLERS,FISHING,367301540,1.23,Stage 2,2020-06-01
41.18,-71.260002,2020-10-14,d8bbf6380-05af-2b58-ca64-97ffb1eb319f,USA,ENTERPRISE,TRAWLERS,FISHING,367590310,1.2,Stage 2,2020-10-01
41.24,-71.330002,2020-10-06,d8bbf6380-05af-2b58-ca64-97ffb1eb319f,USA,ENTERPRISE,TRAWLERS,FISHING,367590310,0.87,Stage 2,2020-10-01
41.13,-71.300003,2020-10-22,d8bbf6380-05af-2b58-ca64-97ffb1eb319f,USA,ENTERPRISE,TRAWLERS,FISHING,367590310,0.74,Stage 2,2020-10-01
41.16,-71.279999,2020-06-27,e835426b5-5325-4b79-ca28-832b6de511b0,USA,CONOR AND MICHAEL,TRAWLERS,FISHING,367301540,1.13,Stage 2,2020-06-01
41.18,-71.269997,2020-08-04,d8bbf6380-05af-2b58-ca64-97ffb1eb319f,USA,ENTERPRISE,TRAWLERS,FISHING,367590310,1,Stage 2,2020-08-01
41.26,-71.360001,2020-10-19,138335867-750f-7b39-06ff-645add8dbdc7,USA,BROOKE ELISE,TRAWLERS,FISHING,367687740,0.82,Stage 2,2020-10-01
41.02,-71.25,2020-09-02,49acdf0f9-9904-5bfe-8b88-6a05cbcda2ce,USA,STARLIGHT,TRAWLERS,FISHING,367674070,4.39,Stage 2,2020-09-01
40.82,-70.93,2020-06-12,27b1b25c5-5c87-d760-1c00-53752cdf5bcf,USA,SEAFARER,TRAWLERS,FISHING,367179650,0.85,Stage 2,2020-06-01
41.18,-71.269997,2020-09-23,d2d6e0603-3a0e-48f4-32d2-a4d0565980c7,USA,MATTIE AND MAREN,TRAWLERS,FISHING,367415240,0.75,Stage 2,2020-09-01
40.95,-71.349998,2020-02-25,d2d6e0603-3a0e-48f4-32d2-a4d0565980c7,USA,MATTIE AND MAREN,TRAWLERS,FISHING,367415240,3.57,Stage 2,2020-02-01
41.08,-70.800003,2020-06-09,29a1a5b1f-f9c5-0b2e-14d0-105454e62b36,USA,SEA DANCER,SET_GILLNETS,FISHING,338181423,0.6,Stage 2,2020-06-01
41.27,-71.410004,2020-06-27,a09f06a71-199e-483a-0477-d0598a9f1fd4,USA,RHONDA DENISE,FISHING,FISHING,367758940,0.68,Stage 2,2020-06-01
41.2,-71.290001,2020-06-25,e835426b5-5325-4b79-ca28-832b6de511b0,USA,CONOR AND MICHAEL,TRAWLERS,FISHING,367301540,1.05,Stage 2,2020-06-01
41.23,-71.290001,2020-09-09,cb5d14ca7-7f63-40e7-c760-492ec6f726cf,USA,TRADITION,FISHING,FISHING,367134030,1.01,Stage 2,2020-09-01
41.23,-71.360001,2020-08-04,d8bbf6380-05af-2b58-ca64-97ffb1eb319f,USA,ENTERPRISE,TRAWLERS,FISHING,367590310,0.58,Stage 2,2020-08-01
40.91,-71.129997,2020-06-20,a45b489d0-00f1-5dc5-64d8-6d681d72b4ba,USA,LADY BRITTANY,TRAWLERS,FISHING,366983260,1,Stage 2,2020-06-01
41.17,-71.349998,2020-11-19,035ca6940-0817-2c05-ac48-cacdc88b5ff3,USA,F\V CHRISMAR,TRAWLERS,FISHING,366986220,1.15,Stage 2,2020-11-01
40.93,-71.080002,2020-11-22,d9a3b251d-db12-2ab9-60a9-bc0a029a0701,USA,DEBBIE ANN,FISHING,FISHING,367313950,5.06,Stage 2,2020-11-01
40.92,-71.300003,2020-07-29,fd96b30e3-3f77-f437-8122-20e7744dfdb4,USA,TIMBERLINE,DREDGE_FISHING,FISHING,367071460,1.42,Stage 2,2020-07-01
41.15,-71.290001,2020-08-09,d8bbf6380-05af-2b58-ca64-97ffb1eb319f,USA,ENTERPRISE,TRAWLERS,FISHING,367590310,1.45,Stage 2,2020-08-01
41.08,-71.379997,2020-11-29,d2d6e0603-3a0e-48f4-32d2-a4d0565980c7,USA,MATTIE AND MAREN,TRAWLERS,FISHING,367415240,1.22,Stage 2,2020-11-01
41.13,-71.290001,2020-08-26,6d414bc32-25f1-a36c-badb-1aa96fde74dd,USA,CAPT  SEAWEED,TRAWLERS,FISHING,368092280,1.33,Stage 2,2020-08-01
41.37,-71.260002,2020-05-14,c11057b39-90b8-89c0-7f09-0f5a46f8d730,USA,BELL SKY,TRAWLERS,FISHING,367637420,0.37,Stage 2,2020-05-01
41.24,-71.25,2020-07-26,6d414bc32-25f1-a36c-badb-1aa96fde74dd,USA,CAPT  SEAWEED,TRAWLERS,FISHING,368092280,1.04,Stage 2,2020-07-01
41.15,-71.290001,2020-06-25,e835426b5-5325-4b79-ca28-832b6de511b0,USA,CONOR AND MICHAEL,TRAWLERS,FISHING,367301540,1.14,Stage 2,2020-06-01
41.12,-71.300003,2020-08-07,d2d6e0603-3a0e-48f4-32d2-a4d0565980c7,USA,MATTIE AND MAREN,TRAWLERS,FISHING,367415240,0.87,Stage 2,2020-08-01
40.94,-71.330002,2020-07-29,cddaf9db4-4d38-6444-99df-1ffe3e476648,USA,SANDRA JANE,TRAWLERS,FISHING,367327960,0.73,Stage 2,2020-07-01
40.95,-71.330002,2020-02-21,d2d6e0603-3a0e-48f4-32d2-a4d0565980c7,USA,MATTIE AND MAREN,TRAWLERS,FISHING,367415240,0.75,Stage 2,2020-02-01
41.11,-71.339996,2020-11-21,d2d6e0603-3a0e-48f4-32d2-a4d0565980c7,USA,MATTIE AND MAREN,TRAWLERS,FISHING,367415240,0.97,Stage 2,2020-11-01
41.06,-70.730003,2020-08-21,ef68d82c6-6d7e-ae58-2266-6ed164d98ce3,USA,MAX & EMMA,FISHING,FISHING,367792770,8.11,Stage 2,2020-08-01
40.9,-71.349998,2020-10-21,bf1b9272e-e3ae-6523-ea60-d3a49e0c01b2,USA,INHERITANCE,POLE_AND_LINE,FISHING,367037070,1.03,Stage 2,2020-10-01
41.22,-71.379997,2020-09-14,d8bbf6380-05af-2b58-ca64-97ffb1eb319f,USA,ENTERPRISE,TRAWLERS,FISHING,367590310,0.53,Stage 2,2020-09-01
40.94,-71.150002,2020-06-27,a45b489d0-00f1-5dc5-64d8-6d681d72b4ba,USA,LADY BRITTANY,TRAWLERS,FISHING,366983260,2.82,Stage 2,2020-06-01
41.04,-71.400002,2020-02-09,90b9eaea0-018d-1eaf-4055-36b770057d04,USA,GAIL FRANCES,INCONCLUSIVE,FISHING,366940990,1.25,Stage 2,2020-02-01
41.15,-71.290001,2020-11-17,d2d6e0603-3a0e-48f4-32d2-a4d0565980c7,USA,MATTIE AND MAREN,TRAWLERS,FISHING,367415240,2.33,Stage 2,2020-11-01
40.96,-71.25,2020-02-25,d2d6e0603-3a0e-48f4-32d2-a4d0565980c7,USA,MATTIE AND MAREN,TRAWLERS,FISHING,367415240,1.77,Stage 2,2020-02-01
41.36,-71.260002,2020-05-05,c11057b39-90b8-89c0-7f09-0f5a46f8d730,USA,BELL SKY,TRAWLERS,FISHING,367637420,1.18,Stage 2,2020-05-01
41.21,-71.209999,2020-06-19,138335867-750f-7b39-06ff-645add8dbdc7,USA,BROOKE ELISE,TRAWLERS,FISHING,367687740,0.86,Stage 2,2020-06-01
41.22,-71.199997,2020-08-06,d8bbf6380-05af-2b58-ca64-97ffb1eb319f,USA,ENTERPRISE,TRAWLERS,FISHING,367590310,0.62,Stage 2,2020-08-01
41.25,-71.269997,2020-08-23,6d414bc32-25f1-a36c-badb-1aa96fde74dd,USA,CAPT  SEAWEED,TRAWLERS,FISHING,368092280,0.63,Stage 2,2020-08-01
41.24,-71.099998,2020-06-09,138335867-750f-7b39-06ff-645add8dbdc7,USA,BROOKE ELISE,TRAWLERS,FISHING,367687740,1.23,Stage 2,2020-06-01
41.15,-71.290001,2020-09-29,d2d6e0603-3a0e-48f4-32d2-a4d0565980c7,USA,MATTIE AND MAREN,TRAWLERS,FISHING,367415240,0.55,Stage 2,2020-09-01
41.3,-71.379997,2020-08-14,c9804fdb4-469e-7f30-0a3f-044b6cc74b65,USA,KAREN ANN,SET_GILLNETS,FISHING,367105250,3.75,Stage 2,2020-08-01
41.16,-71.300003,2020-09-04,d8bbf6380-05af-2b58-ca64-97ffb1eb319f,USA,ENTERPRISE,TRAWLERS,FISHING,367590310,2.7,Stage 2,2020-09-01
41.23,-71.330002,2020-06-27,a09f06a71-199e-483a-0477-d0598a9f1fd4,USA,RHONDA DENISE,FISHING,FISHING,367758940,1.01,Stage 2,2020-06-01
40.9,-71.129997,2020-06-16,49acdf0f9-9904-5bfe-8b88-6a05cbcda2ce,USA,STARLIGHT,TRAWLERS,FISHING,367674070,1.32,Stage 2,2020-06-01
41.25,-71.019997,2020-06-25,d2d6e0603-3a0e-48f4-32d2-a4d0565980c7,USA,MATTIE AND MAREN,TRAWLERS,FISHING,367415240,1.17,Stage 2,2020-06-01
41.06,-71.379997,2020-10-02,44752569c-c00c-da61-1898-4d62b6314a40,USA,VIRGINIA MARISE,TRAWLERS,FISHING,367145360,0.97,Stage 2,2020-10-01
40.91,-71.330002,2020-07-27,fd96b30e3-3f77-f437-8122-20e7744dfdb4,USA,TIMBERLINE,DREDGE_FISHING,FISHING,367071460,1.88,Stage 2,2020-07-01
41.24,-71.07,2020-06-25,d2d6e0603-3a0e-48f4-32d2-a4d0565980c7,USA,MATTIE AND MAREN,TRAWLERS,FISHING,367415240,1.01,Stage 2,2020-06-01
41.11,-71.339996,2020-11-17,d2d6e0603-3a0e-48f4-32d2-a4d0565980c7,USA,MATTIE AND MAREN,TRAWLERS,FISHING,367415240,0.87,Stage 2,2020-11-01
41.14,-71.32,2020-10-27,cec008aa2-264e-d098-8f9d-11769636d229,USA,KELSI & MORGAN,TRAWLERS,FISHING,338386525,1.11,Stage 2,2020-10-01
41.36,-71.139999,2020-08-10,dd6eb6d60-0fea-40b3-82c4-6fd4fe4b2e7c,USA,SEVEN SEAS,TRAWLERS,FISHING,367624610,0.54,Stage 2,2020-08-01
40.92,-70.919998,2020-06-17,d0eedd395-565b-d998-24e7-e6095fdc296f,USA,SHAMROCK,SET_GILLNETS,FISHING,367396080,1.51,Stage 2,2020-06-01
41.3,-71.400002,2020-11-10,c11057b39-90b8-89c0-7f09-0f5a46f8d730,USA,BELL SKY,TRAWLERS,FISHING,367637420,2.26,Stage 2,2020-11-01
41.28,-71.230003,2020-07-02,8f987fea1-1754-c256-8d02-c8079a35624d,USA,RAYNA AND KERSTIN,TRAWLERS,FISHING,368102710,0.83,Stage 2,2020-07-01
41.32,-71.010002,2020-05-15,cb1896d57-70fe-6792-627a-778aa3871f52,USA,QUINBY ALLIE,TRAWLERS,FISHING,368103130,1.01,Stage 2,2020-05-01
41.22,-71.349998,2020-09-23,d8bbf6380-05af-2b58-ca64-97ffb1eb319f,USA,ENTERPRISE,TRAWLERS,FISHING,367590310,0.9,Stage 2,2020-09-01
41.11,-70.839996,2020-06-02,d8bbf6380-05af-2b58-ca64-97ffb1eb319f,USA,ENTERPRISE,TRAWLERS,FISHING,367590310,1.16,Stage 2,2020-06-01
40.97,-71.099998,2020-06-03,49acdf0f9-9904-5bfe-8b88-6a05cbcda2ce,USA,STARLIGHT,TRAWLERS,FISHING,367674070,1.01,Stage 2,2020-06-01
41.24,-71.269997,2020-08-07,d2d6e0603-3a0e-48f4-32d2-a4d0565980c7,USA,MATTIE AND MAREN,TRAWLERS,FISHING,367415240,1.42,Stage 2,2020-08-01
40.92,-71.190002,2020-06-27,a45b489d0-00f1-5dc5-64d8-6d681d72b4ba,USA,LADY BRITTANY,TRAWLERS,FISHING,366983260,1,Stage 2,2020-06-01
41.04,-71.230003,2020-10-14,fda33ad3b-b3d7-9afb-257d-126bd7b77f81,USA,LADY FRANCES,INCONCLUSIVE,FISHING,367155670,1.2,Stage 2,2020-10-01
41.13,-71.290001,2020-10-28,138335867-750f-7b39-06ff-645add8dbdc7,USA,BROOKE ELISE,TRAWLERS,FISHING,367687740,1.63,Stage 2,2020-10-01
41.14,-71.300003,2020-09-24,c9804fdb4-469e-7f30-0a3f-044b6cc74b65,USA,KAREN ANN,SET_GILLNETS,FISHING,367105250,0.42,Stage 2,2020-09-01
41.05,-70.919998,2020-08-18,fd96b30e3-3f77-f437-8122-20e7744dfdb4,USA,TIMBERLINE,DREDGE_FISHING,FISHING,367071460,0.74,Stage 2,2020-08-01
41.23,-71.129997,2020-07-02,d2d6e0603-3a0e-48f4-32d2-a4d0565980c7,USA,MATTIE AND MAREN,TRAWLERS,FISHING,367415240,1.22,Stage 2,2020-07-01
41.15,-71.290001,2020-09-12,d8bbf6380-05af-2b58-ca64-97ffb1eb319f,USA,ENTERPRISE,TRAWLERS,FISHING,367590310,0.64,Stage 2,2020-09-01
41.14,-71.300003,2020-09-10,c9804fdb4-469e-7f30-0a3f-044b6cc74b65,USA,KAREN ANN,SET_GILLNETS,FISHING,367105250,1.91,Stage 2,2020-09-01
40.94,-71.379997,2020-04-26,d2d6e0603-3a0e-48f4-32d2-a4d0565980c7,USA,MATTIE AND MAREN,TRAWLERS,FISHING,367415240,1.42,Stage 2,2020-04-01
41.04,-71.199997,2020-09-26,90b9eaea0-018d-1eaf-4055-36b770057d04,USA,GAIL FRANCES,INCONCLUSIVE,FISHING,366940990,1,Stage 2,2020-09-01
40.85,-70.949997,2020-09-09,a308ad837-781e-40e6-6725-11a724f8a1f6,USA,MEGAN MARIE,TRAWLERS,FISHING,366756530,2.07,Stage 2,2020-09-01
41.07,-71.330002,2020-08-26,6d414bc32-25f1-a36c-badb-1aa96fde74dd,USA,CAPT  SEAWEED,TRAWLERS,FISHING,368092280,1.02,Stage 2,2020-08-01
41.03,-71.379997,2020-11-13,d2d6e0603-3a0e-48f4-32d2-a4d0565980c7,USA,MATTIE AND MAREN,TRAWLERS,FISHING,367415240,1.18,Stage 2,2020-11-01
41.13,-71.300003,2020-11-07,c9804fdb4-469e-7f30-0a3f-044b6cc74b65,USA,KAREN ANN,SET_GILLNETS,FISHING,367105250,0.93,Stage 2,2020-11-01
40.92,-71.129997,2020-06-10,a45b489d0-00f1-5dc5-64d8-6d681d72b4ba,USA,LADY BRITTANY,TRAWLERS,FISHING,366983260,2.62,Stage 2,2020-06-01
41.31,-71.190002,2020-09-01,e262d6055-5ca7-21ca-7dbc-f48f76c919fd,USA,F/V ENTERPRISE,FISHING,FISHING,367658950,1.4,Stage 2,2020-09-01
41.05,-71.389999,2020-09-29,fda33ad3b-b3d7-9afb-257d-126bd7b77f81,USA,LADY FRANCES,INCONCLUSIVE,FISHING,367155670,0.89,Stage 2,2020-09-01
41.14,-71.300003,2020-07-29,c9804fdb4-469e-7f30-0a3f-044b6cc74b65,USA,KAREN ANN,SET_GILLNETS,FISHING,367105250,1.33,Stage 2,2020-07-01
40.98,-71.120003,2020-04-26,49acdf0f9-9904-5bfe-8b88-6a05cbcda2ce,USA,STARLIGHT,TRAWLERS,FISHING,367674070,1.6,Stage 2,2020-04-01
41.2,-71.029999,2020-09-03,d9a3b251d-db12-2ab9-60a9-bc0a029a0701,USA,DEBBIE ANN,FISHING,FISHING,367313950,1.76,Stage 2,2020-09-01
40.86,-71.139999,2020-06-28,a45b489d0-00f1-5dc5-64d8-6d681d72b4ba,USA,LADY BRITTANY,TRAWLERS,FISHING,366983260,4.28,Stage 2,2020-06-01
41.14,-71.339996,2020-10-14,b5c8f14ac-cc19-ce97-1589-8ed6d3b58f48,USA,STEPHANIE BRYAN,FISHING,FISHING,367428520,0.45,Stage 2,2020-10-01
41.23,-71.169998,2020-07-30,d8bbf6380-05af-2b58-ca64-97ffb1eb319f,USA,ENTERPRISE,TRAWLERS,FISHING,367590310,1.17,Stage 2,2020-07-01
41.21,-71.209999,2020-06-10,138335867-750f-7b39-06ff-645add8dbdc7,USA,BROOKE ELISE,TRAWLERS,FISHING,367687740,2.47,Stage 2,2020-06-01
41.29,-71.389999,2020-08-21,c9804fdb4-469e-7f30-0a3f-044b6cc74b65,USA,KAREN ANN,SET_GILLNETS,FISHING,367105250,4.53,Stage 2,2020-08-01
41.35,-71.25,2020-11-08,c11057b39-90b8-89c0-7f09-0f5a46f8d730,USA,BELL SKY,TRAWLERS,FISHING,367637420,3.62,Stage 2,2020-11-01
40.93,-71.330002,2020-08-30,49acdf0f9-9904-5bfe-8b88-6a05cbcda2ce,USA,STARLIGHT,TRAWLERS,FISHING,367674070,0.81,Stage 2,2020-08-01
40.95,-71.330002,2020-02-22,d2d6e0603-3a0e-48f4-32d2-a4d0565980c7,USA,MATTIE AND MAREN,TRAWLERS,FISHING,367415240,0.87,Stage 2,2020-02-01
41.1,-71.349998,2020-11-13,d2d6e0603-3a0e-48f4-32d2-a4d0565980c7,USA,MATTIE AND MAREN,TRAWLERS,FISHING,367415240,1.16,Stage 2,2020-11-01
41.24,-71.400002,2020-11-10,44752569c-c00c-da61-1898-4d62b6314a40,USA,VIRGINIA MARISE,TRAWLERS,FISHING,367145360,0.92,Stage 2,2020-11-01
41.23,-71.150002,2020-06-28,d2d6e0603-3a0e-48f4-32d2-a4d0565980c7,USA,MATTIE AND MAREN,TRAWLERS,FISHING,367415240,1.35,Stage 2,2020-06-01
40.94,-70.75,2020-08-27,ef68d82c6-6d7e-ae58-2266-6ed164d98ce3,USA,MAX & EMMA,FISHING,FISHING,367792770,2.19,Stage 2,2020-08-01
41.35,-71.169998,2020-07-27,138335867-750f-7b39-06ff-645add8dbdc7,USA,BROOKE ELISE,TRAWLERS,FISHING,367687740,1.16,Stage 2,2020-07-01
41.29,-71.300003,2020-05-15,96387fde5-5d6d-7a69-ebed-0257ec09882a,USA,BELLA SKY,TRAWLERS,FISHING,367784820,1.33,Stage 2,2020-05-01
41,-71.190002,2020-04-15,49acdf0f9-9904-5bfe-8b88-6a05cbcda2ce,USA,STARLIGHT,TRAWLERS,FISHING,367674070,6.02,Stage 2,2020-04-01
41.16,-71.300003,2020-09-07,d8bbf6380-05af-2b58-ca64-97ffb1eb319f,USA,ENTERPRISE,TRAWLERS,FISHING,367590310,3.23,Stage 2,2020-09-01
41.18,-71.260002,2020-10-19,d8bbf6380-05af-2b58-ca64-97ffb1eb319f,USA,ENTERPRISE,TRAWLERS,FISHING,367590310,0.59,Stage 2,2020-10-01
41.31,-71.370003,2020-07-31,c9804fdb4-469e-7f30-0a3f-044b6cc74b65,USA,KAREN ANN,SET_GILLNETS,FISHING,367105250,21.4,Stage 2,2020-07-01
41.12,-71.309998,2020-10-19,c9804fdb4-469e-7f30-0a3f-044b6cc74b65,USA,KAREN ANN,SET_GILLNETS,FISHING,367105250,0.38,Stage 2,2020-10-01
41.32,-71.389999,2020-10-05,dd6eb6d60-0fea-40b3-82c4-6fd4fe4b2e7c,USA,SEVEN SEAS,TRAWLERS,FISHING,367624610,0.37,Stage 2,2020-10-01
41.3,-71.389999,2020-08-14,c9804fdb4-469e-7f30-0a3f-044b6cc74b65,USA,KAREN ANN,SET_GILLNETS,FISHING,367105250,2.51,Stage 2,2020-08-01
41.26,-71.389999,2020-09-14,138335867-750f-7b39-06ff-645add8dbdc7,USA,BROOKE ELISE,TRAWLERS,FISHING,367687740,1.31,Stage 2,2020-09-01
40.97,-70.779999,2020-06-09,460bff8bc-c729-20f5-5a0e-e2a0612007e1,USA,ANN MARIE,SET_GILLNETS,FISHING,338132083,0.9,Stage 2,2020-06-01
41.23,-71.18,2020-06-02,d8bbf6380-05af-2b58-ca64-97ffb1eb319f,USA,ENTERPRISE,TRAWLERS,FISHING,367590310,1.18,Stage 2,2020-06-01
41.04,-71.230003,2020-10-09,90b9eaea0-018d-1eaf-4055-36b770057d04,USA,GAIL FRANCES,INCONCLUSIVE,FISHING,366940990,1.86,Stage 2,2020-10-01
41.12,-71.32,2020-09-03,c9804fdb4-469e-7f30-0a3f-044b6cc74b65,USA,KAREN ANN,SET_GILLNETS,FISHING,367105250,0.98,Stage 2,2020-09-01
40.89,-71.309998,2020-05-17,a45b489d0-00f1-5dc5-64d8-6d681d72b4ba,USA,LADY BRITTANY,TRAWLERS,FISHING,366983260,3.31,Stage 2,2020-05-01
41.02,-71.029999,2020-06-08,fd96b30e3-3f77-f437-8122-20e7744dfdb4,USA,TIMBERLINE,DREDGE_FISHING,FISHING,367071460,1.11,Stage 2,2020-06-01
40.91,-71.339996,2020-07-27,fd96b30e3-3f77-f437-8122-20e7744dfdb4,USA,TIMBERLINE,DREDGE_FISHING,FISHING,367071460,3,Stage 2,2020-07-01
40.95,-70.769997,2020-06-02,b562e83d9-9a4c-e7a9-3ac1-bd289fc0c328,USA,GREAT PUMPKIN,SET_GILLNETS,FISHING,338126698,0.89,Stage 2,2020-06-01
41.1,-71.349998,2020-10-23,cec008aa2-264e-d098-8f9d-11769636d229,USA,KELSI & MORGAN,TRAWLERS,FISHING,338386525,0.86,Stage 2,2020-10-01
40.9,-71.139999,2020-06-16,49acdf0f9-9904-5bfe-8b88-6a05cbcda2ce,USA,STARLIGHT,TRAWLERS,FISHING,367674070,10.61,Stage 2,2020-06-01
41.32,-71.129997,2020-05-22,d8bbf6380-05af-2b58-ca64-97ffb1eb319f,USA,ENTERPRISE,TRAWLERS,FISHING,367590310,5.05,Stage 2,2020-05-01
41.07,-71.379997,2020-10-02,44752569c-c00c-da61-1898-4d62b6314a40,USA,VIRGINIA MARISE,TRAWLERS,FISHING,367145360,0.96,Stage 2,2020-10-01
41.14,-71.300003,2020-10-03,c9804fdb4-469e-7f30-0a3f-044b6cc74b65,USA,KAREN ANN,SET_GILLNETS,FISHING,367105250,1.1,Stage 2,2020-10-01
41.25,-71.050003,2020-06-24,5b08cefbc-cda8-90e4-57a7-25ac2eadd608,USA,SHELBY ANN,TRAWLERS,FISHING,367687850,0.68,Stage 2,2020-06-01
41.12,-71.339996,2021-12-27,fda33ad3b-b3d7-9afb-257d-126bd7b77f81,USA,LADY FRANCES,INCONCLUSIVE,FISHING,367155670,0.65,Stage 2,2021-12-01
41.11,-71.339996,2021-05-12,cec008aa2-264e-d098-8f9d-11769636d229,USA,KELSI & MORGAN,TRAWLERS,FISHING,338386525,0.91,Stage 2,2021-05-01
41.03,-71.18,2021-09-30,90b9eaea0-018d-1eaf-4055-36b770057d04,USA,GAIL FRANCES,INCONCLUSIVE,FISHING,366940990,1.56,Stage 2,2021-09-01
41.11,-71.339996,2021-12-03,943ab90cb-b546-44a3-62a6-6f2035449a91,USA,STORMY ELIZABETH,FISHING,FISHING,367151950,7.89,Stage 2,2021-12-01
41.01,-71.260002,2021-03-31,f24e7875f-f61b-0cbe-f53f-b179dd5b9c21,USA,LINDA MARIE,TRAWLERS,FISHING,367588040,2.65,Stage 2,2021-03-01
40.94,-71.400002,2021-04-14,f24e7875f-f61b-0cbe-f53f-b179dd5b9c21,USA,LINDA MARIE,TRAWLERS,FISHING,367588040,1.42,Stage 2,2021-04-01
41.37,-71.269997,2021-07-12,b5c8f14ac-cc19-ce97-1589-8ed6d3b58f48,USA,STEPHANIE BRYAN,FISHING,FISHING,367428520,1.32,Stage 2,2021-07-01
41.09,-71.360001,2021-05-17,d8bbf6380-05af-2b58-ca64-97ffb1eb319f,USA,ENTERPRISE,TRAWLERS,FISHING,367590310,0.98,Stage 2,2021-05-01
41.21,-71.209999,2021-06-18,138335867-750f-7b39-06ff-645add8dbdc7,USA,BROOKE ELISE,TRAWLERS,FISHING,367687740,0.94,Stage 2,2021-06-01
40.94,-71.050003,2021-05-11,cddaf9db4-4d38-6444-99df-1ffe3e476648,USA,SANDRA JANE,TRAWLERS,FISHING,367327960,2.03,Stage 2,2021-05-01
40.94,-71.110001,2021-05-04,cddaf9db4-4d38-6444-99df-1ffe3e476648,USA,SANDRA JANE,TRAWLERS,FISHING,367327960,1.82,Stage 2,2021-05-01
41.19,-70.889999,2021-07-12,90b9eaea0-018d-1eaf-4055-36b770057d04,USA,GAIL FRANCES,INCONCLUSIVE,FISHING,366940990,0.38,Stage 2,2021-07-01
41.03,-71.18,2021-12-15,90b9eaea0-018d-1eaf-4055-36b770057d04,USA,GAIL FRANCES,INCONCLUSIVE,FISHING,366940990,1.77,Stage 2,2021-12-01
41.05,-71.389999,2021-11-06,90b9eaea0-018d-1eaf-4055-36b770057d04,USA,GAIL FRANCES,INCONCLUSIVE,FISHING,366940990,4.74,Stage 2,2021-11-01
41.05,-71.379997,2021-09-26,2326efd2e-ef2b-34f0-f4e7-9a078f8cb4c4,USA,BELL SKY,TRAWLERS,FISHING,367637420,0.45,Stage 2,2021-09-01
40.95,-71.089996,2021-05-10,cddaf9db4-4d38-6444-99df-1ffe3e476648,USA,SANDRA JANE,TRAWLERS,FISHING,367327960,5.17,Stage 2,2021-05-01
41.22,-71.190002,2021-09-01,3bf0a38cb-b2be-efb0-3ce1-cf112105af80,USA,MACKENZIE PAIGE,TRAWLERS,FISHING,367326980,1.11,Stage 2,2021-09-01
41.33,-71.239998,2021-12-04,c11057b39-90b8-89c0-7f09-0f5a46f8d730,USA,BELL SKY,TRAWLERS,FISHING,367637420,0.82,Stage 2,2021-12-01
41.09,-71.300003,2021-09-18,b097aee49-9296-14bc-670c-988bdfdf52ae,USA,SAO PAULO,FISHING,FISHING,366215330,2.21,Stage 2,2021-09-01
40.95,-71.050003,2021-05-05,cddaf9db4-4d38-6444-99df-1ffe3e476648,USA,SANDRA JANE,TRAWLERS,FISHING,367327960,1.09,Stage 2,2021-05-01
41.01,-71.330002,2021-02-12,d2d6e0603-3a0e-48f4-32d2-a4d0565980c7,USA,MATTIE AND MAREN,TRAWLERS,FISHING,367415240,0.63,Stage 2,2021-02-01
41.03,-71.389999,2021-03-08,6ae903a95-5315-4633-05e6-edfa6b61c787,USA,PROUD MARY,TRAWLERS,FISHING,368102540,2.46,Stage 2,2021-03-01
40.95,-71.099998,2021-05-12,cddaf9db4-4d38-6444-99df-1ffe3e476648,USA,SANDRA JANE,TRAWLERS,FISHING,367327960,1.76,Stage 2,2021-05-01
41.25,-71.279999,2021-06-25,138335867-750f-7b39-06ff-645add8dbdc7,USA,BROOKE ELISE,TRAWLERS,FISHING,367687740,7.51,Stage 2,2021-06-01
40.95,-71.330002,2021-09-01,2326efd2e-ef2b-34f0-f4e7-9a078f8cb4c4,USA,BELL SKY,TRAWLERS,FISHING,367637420,1.48,Stage 2,2021-09-01
40.95,-71.150002,2021-05-07,cddaf9db4-4d38-6444-99df-1ffe3e476648,USA,SANDRA JANE,TRAWLERS,FISHING,367327960,1.09,Stage 2,2021-05-01
41.26,-71.029999,2021-06-24,cc83751ec-c92d-3712-ea87-a31cca1f910d,USA,ASHER AND ARIANA,TRAWLERS,FISHING,367522070,1.47,Stage 2,2021-06-01
41.22,-71.300003,2021-10-23,d8bbf6380-05af-2b58-ca64-97ffb1eb319f,USA,ENTERPRISE,TRAWLERS,FISHING,367590310,0.33,Stage 2,2021-10-01
41.35,-71.25,2021-11-11,c11057b39-90b8-89c0-7f09-0f5a46f8d730,USA,BELL SKY,TRAWLERS,FISHING,367637420,3.21,Stage 2,2021-11-01
41.04,-70.900002,2021-11-03,a45b489d0-00f1-5dc5-64d8-6d681d72b4ba,USA,LADY BRITTANY,TRAWLERS,FISHING,366983260,3.93,Stage 2,2021-11-01
40.95,-71.309998,2021-04-13,59d8ab6e8-88ae-3379-7957-c3cf5af17475,USA,HOPE AND SYDNEY,TRAWLERS,FISHING,367084070,3.27,Stage 2,2021-04-01
40.97,-71.059998,2021-05-14,cddaf9db4-4d38-6444-99df-1ffe3e476648,USA,SANDRA JANE,TRAWLERS,FISHING,367327960,1.46,Stage 2,2021-05-01
41.14,-71.32,2021-05-12,cec008aa2-264e-d098-8f9d-11769636d229,USA,KELSI & MORGAN,TRAWLERS,FISHING,338386525,1.11,Stage 2,2021-05-01
41.04,-71.389999,2021-09-16,59d8ab6e8-88ae-3379-7957-c3cf5af17475,USA,HOPE AND SYDNEY,TRAWLERS,FISHING,367084070,5.5,Stage 2,2021-09-01
40.97,-71.18,2021-05-20,fd96b30e3-3f77-f437-8122-20e7744dfdb4,USA,TIMBERLINE,DREDGE_FISHING,FISHING,367071460,1.7,Stage 2,2021-05-01
41.04,-71.32,2021-03-21,287fc1cbf-fbc0-3baa-ae98-f20768f5d10f,USA,VIKING STARSHIP,PASSENGER,PASSENGER,367661740,0.9,Stage 2,2021-03-01
41.03,-71.370003,2021-03-24,c11057b39-90b8-89c0-7f09-0f5a46f8d730,USA,BELL SKY,TRAWLERS,FISHING,367637420,1.28,Stage 2,2021-03-01
41.09,-71.360001,2021-08-08,2326efd2e-ef2b-34f0-f4e7-9a078f8cb4c4,USA,BELL SKY,TRAWLERS,FISHING,367637420,1.17,Stage 2,2021-08-01
41.05,-71.379997,2021-02-10,f24e7875f-f61b-0cbe-f53f-b179dd5b9c21,USA,LINDA MARIE,TRAWLERS,FISHING,367588040,0.88,Stage 2,2021-02-01
40.97,-71.089996,2021-05-11,cddaf9db4-4d38-6444-99df-1ffe3e476648,USA,SANDRA JANE,TRAWLERS,FISHING,367327960,1.08,Stage 2,2021-05-01
40.96,-71.239998,2021-04-10,d2d6e0603-3a0e-48f4-32d2-a4d0565980c7,USA,MATTIE AND MAREN,TRAWLERS,FISHING,367415240,3.88,Stage 2,2021-04-01
41.11,-71.339996,2021-05-17,138335867-750f-7b39-06ff-645add8dbdc7,USA,BROOKE ELISE,TRAWLERS,FISHING,367687740,1.02,Stage 2,2021-05-01
40.91,-71.330002,2021-03-21,d2d6e0603-3a0e-48f4-32d2-a4d0565980c7,USA,MATTIE AND MAREN,TRAWLERS,FISHING,367415240,1.56,Stage 2,2021-03-01
40.98,-71.099998,2021-07-02,cddaf9db4-4d38-6444-99df-1ffe3e476648,USA,SANDRA JANE,TRAWLERS,FISHING,367327960,1.03,Stage 2,2021-07-01
41.15,-71.290001,2021-11-03,d8bbf6380-05af-2b58-ca64-97ffb1eb319f,USA,ENTERPRISE,TRAWLERS,FISHING,367590310,1.55,Stage 2,2021-11-01
40.96,-71.269997,2021-04-24,d2d6e0603-3a0e-48f4-32d2-a4d0565980c7,USA,MATTIE AND MAREN,TRAWLERS,FISHING,367415240,0.78,Stage 2,2021-04-01
41.24,-71.059998,2021-08-11,94a980510-01b3-625f-8524-0b3b93600b8c,USA,CODY,TRAWLERS,FISHING,367190280,1.09,Stage 2,2021-08-01
41.12,-71.139999,2021-12-10,0145509de-ed6b-9073-9887-0af2b28b0534,USA,MR G,POTS_AND_TRAPS,FISHING,338229941,0.7,Stage 2,2021-12-01
40.94,-71.07,2021-05-21,d9a3b251d-db12-2ab9-60a9-bc0a029a0701,USA,DEBBIE ANN,FISHING,FISHING,367313950,0.41,Stage 2,2021-05-01
41.28,-71.410004,2021-05-06,8f987fea1-1754-c256-8d02-c8079a35624d,USA,RAYNA AND KERSTIN,TRAWLERS,FISHING,368102710,1.1,Stage 2,2021-05-01
41,-71.290001,2021-04-28,d2d6e0603-3a0e-48f4-32d2-a4d0565980c7,USA,MATTIE AND MAREN,TRAWLERS,FISHING,367415240,1.73,Stage 2,2021-04-01
41.12,-71.330002,2021-09-16,59d8ab6e8-88ae-3379-7957-c3cf5af17475,USA,HOPE AND SYDNEY,TRAWLERS,FISHING,367084070,4.62,Stage 2,2021-09-01
40.92,-71.370003,2021-11-17,b55b1fc75-5ca4-e97b-7e71-e40ed228c37a,USA,SEA WATCHER II,DREDGE_FISHING,FISHING,367788350,1.18,Stage 2,2021-11-01
41.31,-71.400002,2021-05-17,d2d4a7623-3cb5-3aed-65b0-0866a70bfbb3,USA,OCEAN STATE,TRAWLERS,FISHING,366278770,0.66,Stage 2,2021-05-01
41.33,-71.400002,2021-12-31,6ae903a95-5315-4633-05e6-edfa6b61c787,USA,PROUD MARY,TRAWLERS,FISHING,368102540,1.17,Stage 2,2021-12-01
41.26,-71.139999,2021-06-18,d9a3b251d-db12-2ab9-60a9-bc0a029a0701,USA,DEBBIE ANN,FISHING,FISHING,367313950,0.93,Stage 2,2021-06-01
41.08,-71.370003,2021-09-13,59d8ab6e8-88ae-3379-7957-c3cf5af17475,USA,HOPE AND SYDNEY,TRAWLERS,FISHING,367084070,0.93,Stage 2,2021-09-01
41.08,-71.370003,2021-11-14,f24e7875f-f61b-0cbe-f53f-b179dd5b9c21,USA,LINDA MARIE,TRAWLERS,FISHING,367588040,1,Stage 2,2021-11-01
41.13,-71.169998,2021-06-18,01cb82c60-0ac5-1e19-f436-98a40a63f1a5,USA,WATERPROOF,POLE_AND_LINE,FISHING,338019005,1.05,Stage 2,2021-06-01
40.94,-71.099998,2021-05-06,cddaf9db4-4d38-6444-99df-1ffe3e476648,USA,SANDRA JANE,TRAWLERS,FISHING,367327960,3.12,Stage 2,2021-05-01
41,-71.089996,2021-05-07,fd96b30e3-3f77-f437-8122-20e7744dfdb4,USA,TIMBERLINE,DREDGE_FISHING,FISHING,367071460,2.4,Stage 2,2021-05-01
41.06,-70.980003,2021-04-28,fd96b30e3-3f77-f437-8122-20e7744dfdb4,USA,TIMBERLINE,DREDGE_FISHING,FISHING,367071460,1.98,Stage 2,2021-04-01
41.05,-71.389999,2021-09-08,59d8ab6e8-88ae-3379-7957-c3cf5af17475,USA,HOPE AND SYDNEY,TRAWLERS,FISHING,367084070,1.98,Stage 2,2021-09-01
41.23,-71.150002,2021-06-18,d8bbf6380-05af-2b58-ca64-97ffb1eb319f,USA,ENTERPRISE,TRAWLERS,FISHING,367590310,0.81,Stage 2,2021-06-01
41.14,-71.080002,2021-10-07,59c757235-5638-b364-a6ec-0694ac3f69c8,CAN,FISHIN ADDICTION 17,POLE_AND_LINE,FISHING,316036131,0.44,Stage 2,2021-10-01
41.05,-71.389999,2021-11-10,0f6f9408d-da22-0c23-aab7-cbd167b479af,USA,VIKING STAR,PASSENGER,PASSENGER,367337990,2.74,Stage 2,2021-11-01
40.94,-71.370003,2021-03-21,d2d6e0603-3a0e-48f4-32d2-a4d0565980c7,USA,MATTIE AND MAREN,TRAWLERS,FISHING,367415240,1.25,Stage 2,2021-03-01
41.35,-71.25,2021-11-02,c11057b39-90b8-89c0-7f09-0f5a46f8d730,USA,BELL SKY,TRAWLERS,FISHING,367637420,1.22,Stage 2,2021-11-01
41.04,-71.379997,2021-03-24,c11057b39-90b8-89c0-7f09-0f5a46f8d730,USA,BELL SKY,TRAWLERS,FISHING,367637420,0.51,Stage 2,2021-03-01
40.96,-71.099998,2021-05-07,cddaf9db4-4d38-6444-99df-1ffe3e476648,USA,SANDRA JANE,TRAWLERS,FISHING,367327960,1.12,Stage 2,2021-05-01
40.99,-71.339996,2021-08-03,4f95fa8d9-93bb-0748-e166-751a185af5c2,USA,BLUE MOON,FISHING,FISHING,338251733,0.38,Stage 2,2021-08-01
41.3,-71.400002,2021-05-21,d2d4a7623-3cb5-3aed-65b0-0866a70bfbb3,USA,OCEAN STATE,TRAWLERS,FISHING,366278770,2.07,Stage 2,2021-05-01
41.03,-71.389999,2021-11-10,cec008aa2-264e-d098-8f9d-11769636d229,USA,KELSI & MORGAN,TRAWLERS,FISHING,338386525,0.84,Stage 2,2021-11-01
41.29,-71.309998,2021-11-17,c11057b39-90b8-89c0-7f09-0f5a46f8d730,USA,BELL SKY,TRAWLERS,FISHING,367637420,1.32,Stage 2,2021-11-01
41.05,-70.919998,2021-11-02,a45b489d0-00f1-5dc5-64d8-6d681d72b4ba,USA,LADY BRITTANY,TRAWLERS,FISHING,366983260,1.61,Stage 2,2021-11-01
40.92,-71.129997,2021-05-04,cddaf9db4-4d38-6444-99df-1ffe3e476648,USA,SANDRA JANE,TRAWLERS,FISHING,367327960,1.02,Stage 2,2021-05-01
41.12,-71.209999,2021-06-12,801708294-444d-635b-257a-9ba1ab825c3d,USA,M.F. HY-GRADER,TRAWLERS,FISHING,368088750,16.85,Stage 2,2021-06-01
40.93,-71.370003,2021-04-10,d2d6e0603-3a0e-48f4-32d2-a4d0565980c7,USA,MATTIE AND MAREN,TRAWLERS,FISHING,367415240,8.36,Stage 2,2021-04-01
40.94,-71.07,2021-05-05,cddaf9db4-4d38-6444-99df-1ffe3e476648,USA,SANDRA JANE,TRAWLERS,FISHING,367327960,0.9,Stage 2,2021-05-01
40.94,-71.389999,2021-08-25,2326efd2e-ef2b-34f0-f4e7-9a078f8cb4c4,USA,BELL SKY,TRAWLERS,FISHING,367637420,0.7,Stage 2,2021-08-01
40.99,-71.32,2021-08-08,2326efd2e-ef2b-34f0-f4e7-9a078f8cb4c4,USA,BELL SKY,TRAWLERS,FISHING,367637420,1.65,Stage 2,2021-08-01
41.24,-71.099998,2021-07-13,138335867-750f-7b39-06ff-645add8dbdc7,USA,BROOKE ELISE,TRAWLERS,FISHING,367687740,5.31,Stage 2,2021-07-01
41.02,-71.230003,2021-03-30,d2d6e0603-3a0e-48f4-32d2-a4d0565980c7,USA,MATTIE AND MAREN,TRAWLERS,FISHING,367415240,2.34,Stage 2,2021-03-01
41.04,-71.300003,2021-01-08,fda33ad3b-b3d7-9afb-257d-126bd7b77f81,USA,LADY FRANCES,INCONCLUSIVE,FISHING,367155670,1.21,Stage 2,2021-01-01
41.15,-71.309998,2021-05-17,138335867-750f-7b39-06ff-645add8dbdc7,USA,BROOKE ELISE,TRAWLERS,FISHING,367687740,0.62,Stage 2,2021-05-01
41.05,-71.389999,2021-09-16,59d8ab6e8-88ae-3379-7957-c3cf5af17475,USA,HOPE AND SYDNEY,TRAWLERS,FISHING,367084070,0.82,Stage 2,2021-09-01
41.12,-71.32,2021-04-11,d2d4a7623-3cb5-3aed-65b0-0866a70bfbb3,USA,OCEAN STATE,TRAWLERS,FISHING,366278770,0.63,Stage 2,2021-04-01
41,-71.360001,2021-07-01,bb78a986c-ca0e-f163-4eee-3b904068aabf,USA,HIGH FLIER,POLE_AND_LINE,FISHING,338362858,1.78,Stage 2,2021-07-01
40.97,-71.199997,2021-05-15,59d8ab6e8-88ae-3379-7957-c3cf5af17475,USA,HOPE AND SYDNEY,TRAWLERS,FISHING,367084070,1.06,Stage 2,2021-05-01
40.96,-71.099998,2021-07-01,cddaf9db4-4d38-6444-99df-1ffe3e476648,USA,SANDRA JANE,TRAWLERS,FISHING,367327960,2.45,Stage 2,2021-07-01
40.95,-71.330002,2021-02-05,d2d6e0603-3a0e-48f4-32d2-a4d0565980c7,USA,MATTIE AND MAREN,TRAWLERS,FISHING,367415240,5.43,Stage 2,2021-02-01
40.99,-71.25,2021-04-10,f24e7875f-f61b-0cbe-f53f-b179dd5b9c21,USA,LINDA MARIE,TRAWLERS,FISHING,367588040,1,Stage 2,2021-04-01
41.13,-71.330002,2021-05-17,138335867-750f-7b39-06ff-645add8dbdc7,USA,BROOKE ELISE,TRAWLERS,FISHING,367687740,1.39,Stage 2,2021-05-01
41.37,-71.269997,2021-08-30,6ae903a95-5315-4633-05e6-edfa6b61c787,USA,PROUD MARY,TRAWLERS,FISHING,368102540,0.74,Stage 2,2021-08-01
41.01,-71.190002,2021-04-28,d2d6e0603-3a0e-48f4-32d2-a4d0565980c7,USA,MATTIE AND MAREN,TRAWLERS,FISHING,367415240,3.99,Stage 2,2021-04-01
41.37,-71.260002,2021-11-10,c11057b39-90b8-89c0-7f09-0f5a46f8d730,USA,BELL SKY,TRAWLERS,FISHING,367637420,1.86,Stage 2,2021-11-01
41,-71.290001,2021-04-10,d2d6e0603-3a0e-48f4-32d2-a4d0565980c7,USA,MATTIE AND MAREN,TRAWLERS,FISHING,367415240,1.97,Stage 2,2021-04-01
41.24,-71.129997,2021-08-26,d2d6e0603-3a0e-48f4-32d2-a4d0565980c7,USA,MATTIE AND MAREN,TRAWLERS,FISHING,367415240,0.87,Stage 2,2021-08-01
41.12,-71.330002,2021-09-08,59d8ab6e8-88ae-3379-7957-c3cf5af17475,USA,HOPE AND SYDNEY,TRAWLERS,FISHING,367084070,1.37,Stage 2,2021-09-01
41.06,-71.379997,2021-04-20,44752569c-c00c-da61-1898-4d62b6314a40,USA,VIRGINIA MARISE,TRAWLERS,FISHING,367145360,1.14,Stage 2,2021-04-01
41.05,-71.400002,2021-08-25,2326efd2e-ef2b-34f0-f4e7-9a078f8cb4c4,USA,BELL SKY,TRAWLERS,FISHING,367637420,1.63,Stage 2,2021-08-01
41.2,-71.230003,2021-09-01,d8bbf6380-05af-2b58-ca64-97ffb1eb319f,USA,ENTERPRISE,TRAWLERS,FISHING,367590310,1.12,Stage 2,2021-09-01
41.31,-71.410004,2021-07-14,138335867-750f-7b39-06ff-645add8dbdc7,USA,BROOKE ELISE,TRAWLERS,FISHING,367687740,15.7,Stage 2,2021-07-01
41.02,-71.389999,2021-03-16,6ae903a95-5315-4633-05e6-edfa6b61c787,USA,PROUD MARY,TRAWLERS,FISHING,368102540,0.82,Stage 2,2021-03-01
41.02,-71.089996,2021-02-11,3682cb23a-a5b4-316d-0a73-2c88711b0477,USA,ROST,TRAWLERS,FISHING,367535770,1.18,Stage 2,2021-02-01
40.95,-71.019997,2021-05-08,cddaf9db4-4d38-6444-99df-1ffe3e476648,USA,SANDRA JANE,TRAWLERS,FISHING,367327960,1.1,Stage 2,2021-05-01
41.28,-71.18,2021-08-13,801708294-444d-635b-257a-9ba1ab825c3d,USA,M.F. HY-GRADER,TRAWLERS,FISHING,368088750,2.1,Stage 2,2021-08-01
41.23,-71.129997,2021-06-18,138335867-750f-7b39-06ff-645add8dbdc7,USA,BROOKE ELISE,TRAWLERS,FISHING,367687740,0.93,Stage 2,2021-06-01
40.95,-71.150002,2021-05-04,cddaf9db4-4d38-6444-99df-1ffe3e476648,USA,SANDRA JANE,TRAWLERS,FISHING,367327960,1.09,Stage 2,2021-05-01
40.96,-70.769997,2021-06-02,460bff8bc-c729-20f5-5a0e-e2a0612007e1,USA,ANN MARIE,SET_GILLNETS,FISHING,338132083,1.83,Stage 2,2021-06-01
40.93,-70.800003,2021-07-06,ef68d82c6-6d7e-ae58-2266-6ed164d98ce3,USA,MAX & EMMA,FISHING,FISHING,367792770,1.1,Stage 2,2021-07-01
40.93,-70.93,2021-08-18,bdf59862d-dee2-4d2f-0d97-4983bcb3d066,USA,NOAA GLORIA MICHELLE,TRAWLERS,FISHING,338066383,0.85,Stage 2,2021-08-01
41.37,-71.260002,2021-02-09,c11057b39-90b8-89c0-7f09-0f5a46f8d730,USA,BELL SKY,TRAWLERS,FISHING,367637420,0.88,Stage 2,2021-02-01
40.93,-71.389999,2021-04-09,d2d6e0603-3a0e-48f4-32d2-a4d0565980c7,USA,MATTIE AND MAREN,TRAWLERS,FISHING,367415240,0.5,Stage 2,2021-04-01
41.03,-71.169998,2021-10-23,90b9eaea0-018d-1eaf-4055-36b770057d04,USA,GAIL FRANCES,INCONCLUSIVE,FISHING,366940990,2.88,Stage 2,2021-10-01
40.95,-71.129997,2021-05-08,cddaf9db4-4d38-6444-99df-1ffe3e476648,USA,SANDRA JANE,TRAWLERS,FISHING,367327960,2.07,Stage 2,2021-05-01
41.12,-71.330002,2021-05-07,d8bbf6380-05af-2b58-ca64-97ffb1eb319f,USA,ENTERPRISE,TRAWLERS,FISHING,367590310,1.36,Stage 2,2021-05-01
41.13,-71.32,2021-04-29,94a980510-01b3-625f-8524-0b3b93600b8c,USA,CODY,TRAWLERS,FISHING,367190280,0.59,Stage 2,2021-04-01
40.94,-71.07,2021-05-08,cddaf9db4-4d38-6444-99df-1ffe3e476648,USA,SANDRA JANE,TRAWLERS,FISHING,367327960,0.89,Stage 2,2021-05-01
41.07,-71.379997,2021-06-27,6bd1ee253-36e1-429c-1007-19d66b5968b2,USA,TUF GUY,POLE_AND_LINE,FISHING,338207725,1.65,Stage 2,2021-06-01
41.05,-71.389999,2021-10-23,cb559898a-aba5-5632-5426-e3f2bbd4fba7,USA,TRANQUILITY,POLE_AND_LINE,FISHING,338215127,0.4,Stage 2,2021-10-01
41.08,-71.370003,2021-10-16,138335867-750f-7b39-06ff-645add8dbdc7,USA,BROOKE ELISE,TRAWLERS,FISHING,367687740,0.68,Stage 2,2021-10-01
41.21,-71.209999,2021-10-21,3c32ced74-4560-e6f1-77f3-0660a2f14f55,USA,ELIZ AND KATHERINE,TRAWLERS,FISHING,367542540,0.93,Stage 2,2021-10-01
41.19,-70.849998,2021-08-14,801708294-444d-635b-257a-9ba1ab825c3d,USA,M.F. HY-GRADER,TRAWLERS,FISHING,368088750,0.61,Stage 2,2021-08-01
41.06,-71.379997,2021-08-08,2326efd2e-ef2b-34f0-f4e7-9a078f8cb4c4,USA,BELL SKY,TRAWLERS,FISHING,367637420,0.6,Stage 2,2021-08-01
40.97,-71.190002,2021-07-15,fd96b30e3-3f77-f437-8122-20e7744dfdb4,USA,TIMBERLINE,DREDGE_FISHING,FISHING,367071460,21.8,Stage 2,2021-07-01
40.97,-71.099998,2021-07-03,cddaf9db4-4d38-6444-99df-1ffe3e476648,USA,SANDRA JANE,TRAWLERS,FISHING,367327960,0.76,Stage 2,2021-07-01
41.04,-71.230003,2021-09-25,90b9eaea0-018d-1eaf-4055-36b770057d04,USA,GAIL FRANCES,INCONCLUSIVE,FISHING,366940990,1.57,Stage 2,2021-09-01
41.28,-71.410004,2021-06-11,cec008aa2-264e-d098-8f9d-11769636d229,USA,KELSI & MORGAN,TRAWLERS,FISHING,338386525,1.18,Stage 2,2021-06-01
40.98,-71.150002,2021-05-08,cddaf9db4-4d38-6444-99df-1ffe3e476648,USA,SANDRA JANE,TRAWLERS,FISHING,367327960,1.04,Stage 2,2021-05-01
41.11,-71.169998,2021-06-18,01cb82c60-0ac5-1e19-f436-98a40a63f1a5,USA,WATERPROOF,POLE_AND_LINE,FISHING,338019005,0.98,Stage 2,2021-06-01
41.02,-71.32,2021-05-14,ddc11a0d9-9b3f-a4c0-3b39-2bdff6fcf9fc,USA,LITTLE GULL,POTS_AND_TRAPS,FISHING,367645090,0.78,Stage 2,2021-05-01
40.95,-71.400002,2021-08-08,cb559898a-aba5-5632-5426-e3f2bbd4fba7,USA,TRANQUILITY,POLE_AND_LINE,FISHING,338215127,0.92,Stage 2,2021-08-01
41.28,-71.389999,2021-07-12,b5c8f14ac-cc19-ce97-1589-8ed6d3b58f48,USA,STEPHANIE BRYAN,FISHING,FISHING,367428520,1.85,Stage 2,2021-07-01
40.98,-71.300003,2021-02-12,d2d6e0603-3a0e-48f4-32d2-a4d0565980c7,USA,MATTIE AND MAREN,TRAWLERS,FISHING,367415240,4.85,Stage 2,2021-02-01
41.12,-71.330002,2021-12-05,c11057b39-90b8-89c0-7f09-0f5a46f8d730,USA,BELL SKY,TRAWLERS,FISHING,367637420,1.77,Stage 2,2021-12-01
40.94,-71.080002,2021-05-09,cddaf9db4-4d38-6444-99df-1ffe3e476648,USA,SANDRA JANE,TRAWLERS,FISHING,367327960,0.95,Stage 2,2021-05-01
40.99,-71.360001,2021-07-01,bb78a986c-ca0e-f163-4eee-3b904068aabf,USA,HIGH FLIER,POLE_AND_LINE,FISHING,338362858,1.17,Stage 2,2021-07-01
40.95,-71.339996,2021-04-24,d2d6e0603-3a0e-48f4-32d2-a4d0565980c7,USA,MATTIE AND MAREN,TRAWLERS,FISHING,367415240,1.18,Stage 2,2021-04-01
41.24,-70.959999,2021-12-21,a60bb8c1a-a9cd-5892-2581-2bea9933c8e0,USA,NEW SEA ROVER,TRAWLERS,FISHING,367346010,2.21,Stage 2,2021-12-01
41.27,-71.410004,2021-09-26,6ae903a95-5315-4633-05e6-edfa6b61c787,USA,PROUD MARY,TRAWLERS,FISHING,368102540,0.33,Stage 2,2021-09-01
41.01,-70.709999,2021-03-08,bdf59862d-dee2-4d2f-0d97-4983bcb3d066,USA,NOAA GLORIA MICHELLE,TRAWLERS,FISHING,338066383,1.29,Stage 2,2021-03-01
41.11,-71.339996,2021-04-27,cec008aa2-264e-d098-8f9d-11769636d229,USA,KELSI & MORGAN,TRAWLERS,FISHING,338386525,1.15,Stage 2,2021-04-01
40.95,-71.089996,2021-07-02,cddaf9db4-4d38-6444-99df-1ffe3e476648,USA,SANDRA JANE,TRAWLERS,FISHING,367327960,1.98,Stage 2,2021-07-01
41.09,-71.370003,2021-04-29,94a980510-01b3-625f-8524-0b3b93600b8c,USA,CODY,TRAWLERS,FISHING,367190280,1.06,Stage 2,2021-04-01
41.02,-71.379997,2021-03-16,6ae903a95-5315-4633-05e6-edfa6b61c787,USA,PROUD MARY,TRAWLERS,FISHING,368102540,1.18,Stage 2,2021-03-01
40.95,-71.040001,2021-05-07,cddaf9db4-4d38-6444-99df-1ffe3e476648,USA,SANDRA JANE,TRAWLERS,FISHING,367327960,1.57,Stage 2,2021-05-01
41.04,-71.379997,2021-05-07,d8bbf6380-05af-2b58-ca64-97ffb1eb319f,USA,ENTERPRISE,TRAWLERS,FISHING,367590310,1.43,Stage 2,2021-05-01
40.99,-70.970001,2021-09-16,73341188b-b740-ca59-0b57-f560aa504bc0,USA,SHADOWFAX,TRAWLERS,FISHING,366549190,1.39,Stage 2,2021-09-01
41.14,-71.300003,2021-06-15,d8bbf6380-05af-2b58-ca64-97ffb1eb319f,USA,ENTERPRISE,TRAWLERS,FISHING,367590310,2.34,Stage 2,2021-06-01
40.96,-71.370003,2021-07-19,cb559898a-aba5-5632-5426-e3f2bbd4fba7,USA,TRANQUILITY,POLE_AND_LINE,FISHING,338215127,3,Stage 2,2021-07-01
41.05,-71.379997,2021-04-28,cec008aa2-264e-d098-8f9d-11769636d229,USA,KELSI & MORGAN,TRAWLERS,FISHING,338386525,1.1,Stage 2,2021-04-01
41.11,-71.339996,2021-10-16,138335867-750f-7b39-06ff-645add8dbdc7,USA,BROOKE ELISE,TRAWLERS,FISHING,367687740,1.92,Stage 2,2021-10-01
41.08,-71.379997,2021-04-11,d2d4a7623-3cb5-3aed-65b0-0866a70bfbb3,USA,OCEAN STATE,TRAWLERS,FISHING,366278770,1.23,Stage 2,2021-04-01
41.05,-71.379997,2021-04-24,d2d6e0603-3a0e-48f4-32d2-a4d0565980c7,USA,MATTIE AND MAREN,TRAWLERS,FISHING,367415240,0.91,Stage 2,2021-04-01
41.28,-71.410004,2021-04-29,d2d4a7623-3cb5-3aed-65b0-0866a70bfbb3,USA,OCEAN STATE,TRAWLERS,FISHING,366278770,0.46,Stage 2,2021-04-01
40.95,-71.309998,2021-03-30,d2d6e0603-3a0e-48f4-32d2-a4d0565980c7,USA,MATTIE AND MAREN,TRAWLERS,FISHING,367415240,0.73,Stage 2,2021-03-01
41.06,-71.379997,2021-09-09,59d8ab6e8-88ae-3379-7957-c3cf5af17475,USA,HOPE AND SYDNEY,TRAWLERS,FISHING,367084070,0.65,Stage 2,2021-09-01
40.88,-71.32,2021-11-17,b55b1fc75-5ca4-e97b-7e71-e40ed228c37a,USA,SEA WATCHER II,DREDGE_FISHING,FISHING,367788350,1.07,Stage 2,2021-11-01
41.15,-71.330002,2021-11-01,c11057b39-90b8-89c0-7f09-0f5a46f8d730,USA,BELL SKY,TRAWLERS,FISHING,367637420,3.04,Stage 2,2021-11-01
41.32,-71.260002,2021-11-03,c11057b39-90b8-89c0-7f09-0f5a46f8d730,USA,BELL SKY,TRAWLERS,FISHING,367637420,0.82,Stage 2,2021-11-01
41.08,-71.370003,2021-05-07,94a980510-01b3-625f-8524-0b3b93600b8c,USA,CODY,TRAWLERS,FISHING,367190280,0.62,Stage 2,2021-05-01
40.94,-71.160004,2021-05-07,cddaf9db4-4d38-6444-99df-1ffe3e476648,USA,SANDRA JANE,TRAWLERS,FISHING,367327960,1.01,Stage 2,2021-05-01
40.95,-71.370003,2021-04-14,f24e7875f-f61b-0cbe-f53f-b179dd5b9c21,USA,LINDA MARIE,TRAWLERS,FISHING,367588040,1.05,Stage 2,2021-04-01
40.94,-71.379997,2021-04-06,c11057b39-90b8-89c0-7f09-0f5a46f8d730,USA,BELL SKY,TRAWLERS,FISHING,367637420,4.14,Stage 2,2021-04-01
41.3,-71.389999,2021-10-23,cb559898a-aba5-5632-5426-e3f2bbd4fba7,USA,TRANQUILITY,POLE_AND_LINE,FISHING,338215127,0.6,Stage 2,2021-10-01
40.96,-71.059998,2021-07-04,cddaf9db4-4d38-6444-99df-1ffe3e476648,USA,SANDRA JANE,TRAWLERS,FISHING,367327960,3.16,Stage 2,2021-07-01
41.02,-71.339996,2021-01-27,287fc1cbf-fbc0-3baa-ae98-f20768f5d10f,USA,VIKING STARSHIP,PASSENGER,PASSENGER,367661740,1.07,Stage 2,2021-01-01
41.05,-71.389999,2021-12-31,90b9eaea0-018d-1eaf-4055-36b770057d04,USA,GAIL FRANCES,INCONCLUSIVE,FISHING,366940990,1.91,Stage 2,2021-12-01
41.31,-70.970001,2021-03-18,0145509de-ed6b-9073-9887-0af2b28b0534,USA,MR G,POTS_AND_TRAPS,FISHING,338229941,0.67,Stage 2,2021-03-01
41.07,-71.379997,2021-09-15,59d8ab6e8-88ae-3379-7957-c3cf5af17475,USA,HOPE AND SYDNEY,TRAWLERS,FISHING,367084070,0.7,Stage 2,2021-09-01
41.31,-71.400002,2021-05-18,d2d4a7623-3cb5-3aed-65b0-0866a70bfbb3,USA,OCEAN STATE,TRAWLERS,FISHING,366278770,1.97,Stage 2,2021-05-01
41.06,-70.980003,2021-04-20,fd96b30e3-3f77-f437-8122-20e7744dfdb4,USA,TIMBERLINE,DREDGE_FISHING,FISHING,367071460,1.73,Stage 2,2021-04-01
41.28,-71.019997,2021-12-28,59c757235-5638-b364-a6ec-0694ac3f69c8,CAN,FISHIN ADDICTION 17,POLE_AND_LINE,FISHING,316036131,0.99,Stage 2,2021-12-01
41.1,-71.040001,2021-05-22,d9a3b251d-db12-2ab9-60a9-bc0a029a0701,USA,DEBBIE ANN,FISHING,FISHING,367313950,0.94,Stage 2,2021-05-01
41.09,-71.360001,2021-11-10,cec008aa2-264e-d098-8f9d-11769636d229,USA,KELSI & MORGAN,TRAWLERS,FISHING,338386525,0.85,Stage 2,2021-11-01
41.09,-71.339996,2021-05-17,d8bbf6380-05af-2b58-ca64-97ffb1eb319f,USA,ENTERPRISE,TRAWLERS,FISHING,367590310,0.77,Stage 2,2021-05-01
40.97,-71.099998,2021-07-02,cddaf9db4-4d38-6444-99df-1ffe3e476648,USA,SANDRA JANE,TRAWLERS,FISHING,367327960,0.8,Stage 2,2021-07-01
41.01,-71.330002,2021-03-16,6ae903a95-5315-4633-05e6-edfa6b61c787,USA,PROUD MARY,TRAWLERS,FISHING,368102540,1.95,Stage 2,2021-03-01
40.96,-71.199997,2021-05-20,fd96b30e3-3f77-f437-8122-20e7744dfdb4,USA,TIMBERLINE,DREDGE_FISHING,FISHING,367071460,1.5,Stage 2,2021-05-01
41.01,-71.269997,2021-03-31,f24e7875f-f61b-0cbe-f53f-b179dd5b9c21,USA,LINDA MARIE,TRAWLERS,FISHING,367588040,0.53,Stage 2,2021-03-01
41.11,-71.330002,2021-05-24,94a980510-01b3-625f-8524-0b3b93600b8c,USA,CODY,TRAWLERS,FISHING,367190280,1.49,Stage 2,2021-05-01
40.95,-71.18,2021-05-07,cddaf9db4-4d38-6444-99df-1ffe3e476648,USA,SANDRA JANE,TRAWLERS,FISHING,367327960,1.95,Stage 2,2021-05-01
41.38,-71.269997,2021-05-26,b4dc0ac5f-fa14-71d0-69b0-1d5b63e4421e,USA,MICHELE JEAN 2,TRAWLERS,FISHING,367518040,2.29,Stage 2,2021-05-01
40.89,-70.889999,2021-05-21,c807dc5db-b12d-7ea3-c70e-ff88529f864d,USA,NA,SET_GILLNETS,FISHING,367118070,0.36,Stage 2,2021-05-01
41.11,-71.139999,2021-06-17,0145509de-ed6b-9073-9887-0af2b28b0534,USA,MR G,POTS_AND_TRAPS,FISHING,338229941,0.39,Stage 2,2021-06-01
40.96,-71.18,2021-09-15,fd96b30e3-3f77-f437-8122-20e7744dfdb4,USA,TIMBERLINE,DREDGE_FISHING,FISHING,367071460,1.38,Stage 2,2021-09-01
41.04,-71.379997,2021-09-01,2326efd2e-ef2b-34f0-f4e7-9a078f8cb4c4,USA,BELL SKY,TRAWLERS,FISHING,367637420,0.78,Stage 2,2021-09-01
40.96,-71.199997,2021-06-02,fd96b30e3-3f77-f437-8122-20e7744dfdb4,USA,TIMBERLINE,DREDGE_FISHING,FISHING,367071460,1.03,Stage 2,2021-06-01
41.14,-71.32,2021-10-16,138335867-750f-7b39-06ff-645add8dbdc7,USA,BROOKE ELISE,TRAWLERS,FISHING,367687740,1.4,Stage 2,2021-10-01
40.94,-71.370003,2021-02-12,d2d6e0603-3a0e-48f4-32d2-a4d0565980c7,USA,MATTIE AND MAREN,TRAWLERS,FISHING,367415240,1.28,Stage 2,2021-02-01
41.37,-71.339996,2021-09-20,43f53617c-c08e-b2f5-79de-9618f2e30980,USA,TENACITY,TRAWLERS,FISHING,367651150,1.44,Stage 2,2021-09-01
41.02,-71.349998,2021-09-01,2326efd2e-ef2b-34f0-f4e7-9a078f8cb4c4,USA,BELL SKY,TRAWLERS,FISHING,367637420,2.01,Stage 2,2021-09-01
41.36,-71.25,2021-11-02,c11057b39-90b8-89c0-7f09-0f5a46f8d730,USA,BELL SKY,TRAWLERS,FISHING,367637420,5.13,Stage 2,2021-11-01
41.14,-71.330002,2021-09-17,59d8ab6e8-88ae-3379-7957-c3cf5af17475,USA,HOPE AND SYDNEY,TRAWLERS,FISHING,367084070,1.02,Stage 2,2021-09-01
41.34,-71.389999,2021-10-28,cb559898a-aba5-5632-5426-e3f2bbd4fba7,USA,TRANQUILITY,POLE_AND_LINE,FISHING,338215127,0.67,Stage 2,2021-10-01
41.12,-71.339996,2021-09-14,59d8ab6e8-88ae-3379-7957-c3cf5af17475,USA,HOPE AND SYDNEY,TRAWLERS,FISHING,367084070,0.35,Stage 2,2021-09-01
41.05,-71.389999,2021-10-23,90b9eaea0-018d-1eaf-4055-36b770057d04,USA,GAIL FRANCES,INCONCLUSIVE,FISHING,366940990,0.79,Stage 2,2021-10-01
41.03,-71.18,2021-10-01,90b9eaea0-018d-1eaf-4055-36b770057d04,USA,GAIL FRANCES,INCONCLUSIVE,FISHING,366940990,1.41,Stage 2,2021-10-01
41.06,-71.139999,2021-06-01,fd96b30e3-3f77-f437-8122-20e7744dfdb4,USA,TIMBERLINE,DREDGE_FISHING,FISHING,367071460,0.9,Stage 2,2021-06-01
40.94,-71.400002,2021-02-05,d2d6e0603-3a0e-48f4-32d2-a4d0565980c7,USA,MATTIE AND MAREN,TRAWLERS,FISHING,367415240,1.08,Stage 2,2021-02-01
41.01,-70.730003,2021-07-21,ef68d82c6-6d7e-ae58-2266-6ed164d98ce3,USA,MAX & EMMA,FISHING,FISHING,367792770,0.94,Stage 2,2021-07-01
41.03,-71.18,2021-12-08,90b9eaea0-018d-1eaf-4055-36b770057d04,USA,GAIL FRANCES,INCONCLUSIVE,FISHING,366940990,0.78,Stage 2,2021-12-01
41.14,-70.839996,2021-03-02,d7832e5ee-e258-fb10-0dad-d9758a4eb42b,USA,HANNAH BODEN,FISHING,FISHING,366951350,11.36,Stage 2,2021-03-01
40.94,-71.040001,2021-05-10,cddaf9db4-4d38-6444-99df-1ffe3e476648,USA,SANDRA JANE,TRAWLERS,FISHING,367327960,0.99,Stage 2,2021-05-01
41.12,-71.300003,2021-05-17,d8bbf6380-05af-2b58-ca64-97ffb1eb319f,USA,ENTERPRISE,TRAWLERS,FISHING,367590310,0.71,Stage 2,2021-05-01
41.07,-71.379997,2021-09-09,59d8ab6e8-88ae-3379-7957-c3cf5af17475,USA,HOPE AND SYDNEY,TRAWLERS,FISHING,367084070,1.68,Stage 2,2021-09-01
41.05,-71.389999,2021-09-11,d2d4a7623-3cb5-3aed-65b0-0866a70bfbb3,USA,OCEAN STATE,TRAWLERS,FISHING,366278770,1.08,Stage 2,2021-09-01
41.38,-71.339996,2021-06-25,e5ad57b2d-d250-3691-821a-3d9e8d932fef,USA,SEVEN B S V,TRAWLERS,FISHING,367052470,0.74,Stage 2,2021-06-01
40.97,-71.190002,2021-07-03,cddaf9db4-4d38-6444-99df-1ffe3e476648,USA,SANDRA JANE,TRAWLERS,FISHING,367327960,0.61,Stage 2,2021-07-01
41.03,-71.379997,2021-08-08,2326efd2e-ef2b-34f0-f4e7-9a078f8cb4c4,USA,BELL SKY,TRAWLERS,FISHING,367637420,0.58,Stage 2,2021-08-01
40.99,-71.290001,2021-04-20,d2d6e0603-3a0e-48f4-32d2-a4d0565980c7,USA,MATTIE AND MAREN,TRAWLERS,FISHING,367415240,1.18,Stage 2,2021-04-01
41.15,-71.32,2021-10-14,c9804fdb4-469e-7f30-0a3f-044b6cc74b65,USA,KAREN ANN,SET_GILLNETS,FISHING,367105250,3.35,Stage 2,2021-10-01
41.29,-71.400002,2021-06-10,d2d4a7623-3cb5-3aed-65b0-0866a70bfbb3,USA,OCEAN STATE,TRAWLERS,FISHING,366278770,1.58,Stage 2,2021-06-01
40.9,-70.849998,2021-03-11,410f103b3-3bf1-c50e-50ee-18fb85c0b8b9,USA,RAYDA CHERAMIE,FISHING,FISHING,366947090,1.22,Stage 2,2021-03-01
41.23,-71.18,2021-06-18,d8bbf6380-05af-2b58-ca64-97ffb1eb319f,USA,ENTERPRISE,TRAWLERS,FISHING,367590310,0.98,Stage 2,2021-06-01
41.07,-71.389999,2021-01-14,0145509de-ed6b-9073-9887-0af2b28b0534,USA,MR G,POTS_AND_TRAPS,FISHING,338229941,1.17,Stage 2,2021-01-01
41.01,-70.970001,2021-09-16,73341188b-b740-ca59-0b57-f560aa504bc0,USA,SHADOWFAX,TRAWLERS,FISHING,366549190,0.35,Stage 2,2021-09-01
41.27,-71.050003,2021-08-11,94a980510-01b3-625f-8524-0b3b93600b8c,USA,CODY,TRAWLERS,FISHING,367190280,0.44,Stage 2,2021-08-01
41.14,-71.300003,2021-03-21,c9804fdb4-469e-7f30-0a3f-044b6cc74b65,USA,KAREN ANN,SET_GILLNETS,FISHING,367105250,0.86,Stage 2,2021-03-01
41.14,-71.309998,2021-05-15,c9804fdb4-469e-7f30-0a3f-044b6cc74b65,USA,KAREN ANN,SET_GILLNETS,FISHING,367105250,2.16,Stage 2,2021-05-01
41.14,-71.349998,2021-04-10,fda33ad3b-b3d7-9afb-257d-126bd7b77f81,USA,LADY FRANCES,INCONCLUSIVE,FISHING,367155670,0.54,Stage 2,2021-04-01
41.13,-71.330002,2021-09-13,59d8ab6e8-88ae-3379-7957-c3cf5af17475,USA,HOPE AND SYDNEY,TRAWLERS,FISHING,367084070,1.13,Stage 2,2021-09-01
41.05,-71.389999,2021-09-14,90b9eaea0-018d-1eaf-4055-36b770057d04,USA,GAIL FRANCES,INCONCLUSIVE,FISHING,366940990,1.18,Stage 2,2021-09-01
41.04,-71.230003,2021-09-19,90b9eaea0-018d-1eaf-4055-36b770057d04,USA,GAIL FRANCES,INCONCLUSIVE,FISHING,366940990,0.6,Stage 2,2021-09-01
41.06,-70.949997,2021-04-28,fd96b30e3-3f77-f437-8122-20e7744dfdb4,USA,TIMBERLINE,DREDGE_FISHING,FISHING,367071460,1.07,Stage 2,2021-04-01
41.01,-71.360001,2021-07-01,bb78a986c-ca0e-f163-4eee-3b904068aabf,USA,HIGH FLIER,POLE_AND_LINE,FISHING,338362858,0.85,Stage 2,2021-07-01
41.05,-71.389999,2021-10-12,90b9eaea0-018d-1eaf-4055-36b770057d04,USA,GAIL FRANCES,INCONCLUSIVE,FISHING,366940990,2.16,Stage 2,2021-10-01
41.03,-71.169998,2021-10-08,90b9eaea0-018d-1eaf-4055-36b770057d04,USA,GAIL FRANCES,INCONCLUSIVE,FISHING,366940990,2.95,Stage 2,2021-10-01
41.2,-71.309998,2021-10-19,d8bbf6380-05af-2b58-ca64-97ffb1eb319f,USA,ENTERPRISE,TRAWLERS,FISHING,367590310,2.67,Stage 2,2021-10-01
41.09,-71.349998,2021-06-18,cb559898a-aba5-5632-5426-e3f2bbd4fba7,USA,TRANQUILITY,POLE_AND_LINE,FISHING,338215127,0.6,Stage 2,2021-06-01
41.11,-71.300003,2021-06-17,138335867-750f-7b39-06ff-645add8dbdc7,USA,BROOKE ELISE,TRAWLERS,FISHING,367687740,3.46,Stage 2,2021-06-01
41.07,-71.379997,2021-11-03,cec008aa2-264e-d098-8f9d-11769636d229,USA,KELSI & MORGAN,TRAWLERS,FISHING,338386525,0.56,Stage 2,2021-11-01
41.14,-71.32,2021-05-15,d8bbf6380-05af-2b58-ca64-97ffb1eb319f,USA,ENTERPRISE,TRAWLERS,FISHING,367590310,0.85,Stage 2,2021-05-01
41.06,-71.379997,2021-10-17,c11057b39-90b8-89c0-7f09-0f5a46f8d730,USA,BELL SKY,TRAWLERS,FISHING,367637420,0.57,Stage 2,2021-10-01
41.02,-71.330002,2021-01-27,287fc1cbf-fbc0-3baa-ae98-f20768f5d10f,USA,VIKING STARSHIP,PASSENGER,PASSENGER,367661740,0.56,Stage 2,2021-01-01
41.04,-71.050003,2021-05-22,d9a3b251d-db12-2ab9-60a9-bc0a029a0701,USA,DEBBIE ANN,FISHING,FISHING,367313950,1.02,Stage 2,2021-05-01
41.12,-71.169998,2021-06-18,01cb82c60-0ac5-1e19-f436-98a40a63f1a5,USA,WATERPROOF,POLE_AND_LINE,FISHING,338019005,2.96,Stage 2,2021-06-01
40.91,-71.370003,2021-03-11,cec008aa2-264e-d098-8f9d-11769636d229,USA,KELSI & MORGAN,TRAWLERS,FISHING,338386525,1.36,Stage 2,2021-03-01
40.94,-71.099998,2021-05-12,cddaf9db4-4d38-6444-99df-1ffe3e476648,USA,SANDRA JANE,TRAWLERS,FISHING,367327960,5.11,Stage 2,2021-05-01
40.94,-71.110001,2021-07-03,cddaf9db4-4d38-6444-99df-1ffe3e476648,USA,SANDRA JANE,TRAWLERS,FISHING,367327960,1.04,Stage 2,2021-07-01
40.95,-71.309998,2021-04-14,f24e7875f-f61b-0cbe-f53f-b179dd5b9c21,USA,LINDA MARIE,TRAWLERS,FISHING,367588040,2.62,Stage 2,2021-04-01
41.17,-71.290001,2021-05-06,94a980510-01b3-625f-8524-0b3b93600b8c,USA,CODY,TRAWLERS,FISHING,367190280,0.53,Stage 2,2021-05-01
40.96,-71.07,2021-07-02,cddaf9db4-4d38-6444-99df-1ffe3e476648,USA,SANDRA JANE,TRAWLERS,FISHING,367327960,1.13,Stage 2,2021-07-01
40.94,-71.150002,2021-05-07,cddaf9db4-4d38-6444-99df-1ffe3e476648,USA,SANDRA JANE,TRAWLERS,FISHING,367327960,0.93,Stage 2,2021-05-01
40.92,-71.209999,2021-05-09,cddaf9db4-4d38-6444-99df-1ffe3e476648,USA,SANDRA JANE,TRAWLERS,FISHING,367327960,1.08,Stage 2,2021-05-01
40.93,-71.110001,2021-05-09,cddaf9db4-4d38-6444-99df-1ffe3e476648,USA,SANDRA JANE,TRAWLERS,FISHING,367327960,1.13,Stage 2,2021-05-01
41.15,-71.300003,2021-10-15,cec008aa2-264e-d098-8f9d-11769636d229,USA,KELSI & MORGAN,TRAWLERS,FISHING,338386525,0.56,Stage 2,2021-10-01
41.03,-71.18,2021-10-24,90b9eaea0-018d-1eaf-4055-36b770057d04,USA,GAIL FRANCES,INCONCLUSIVE,FISHING,366940990,1.11,Stage 2,2021-10-01
41.05,-70.970001,2021-02-11,fd96b30e3-3f77-f437-8122-20e7744dfdb4,USA,TIMBERLINE,DREDGE_FISHING,FISHING,367071460,6.33,Stage 2,2021-02-01
40.96,-71.139999,2021-05-09,cddaf9db4-4d38-6444-99df-1ffe3e476648,USA,SANDRA JANE,TRAWLERS,FISHING,367327960,1.06,Stage 2,2021-05-01
41.31,-71.400002,2021-10-25,6ae903a95-5315-4633-05e6-edfa6b61c787,USA,PROUD MARY,TRAWLERS,FISHING,368102540,0.9,Stage 2,2021-10-01
41.36,-71.25,2021-11-18,c11057b39-90b8-89c0-7f09-0f5a46f8d730,USA,BELL SKY,TRAWLERS,FISHING,367637420,0.97,Stage 2,2021-11-01
41.36,-71.07,2021-01-30,cbfafe985-5d2a-7d35-bd3d-0b5997544a89,USA,OLIVIA CATHERINE,TRAWLERS,FISHING,366186640,0.6,Stage 2,2021-01-01
41.11,-71.339996,2021-09-08,59d8ab6e8-88ae-3379-7957-c3cf5af17475,USA,HOPE AND SYDNEY,TRAWLERS,FISHING,367084070,0.87,Stage 2,2021-09-01
40.95,-71.120003,2021-05-09,cddaf9db4-4d38-6444-99df-1ffe3e476648,USA,SANDRA JANE,TRAWLERS,FISHING,367327960,1.71,Stage 2,2021-05-01
41.1,-71.360001,2021-04-29,cec008aa2-264e-d098-8f9d-11769636d229,USA,KELSI & MORGAN,TRAWLERS,FISHING,338386525,0.82,Stage 2,2021-04-01
40.98,-71.07,2021-05-07,cddaf9db4-4d38-6444-99df-1ffe3e476648,USA,SANDRA JANE,TRAWLERS,FISHING,367327960,0.8,Stage 2,2021-05-01
41,-71.300003,2021-04-07,59d8ab6e8-88ae-3379-7957-c3cf5af17475,USA,HOPE AND SYDNEY,TRAWLERS,FISHING,367084070,0.9,Stage 2,2021-04-01
40.94,-71.059998,2021-05-07,cddaf9db4-4d38-6444-99df-1ffe3e476648,USA,SANDRA JANE,TRAWLERS,FISHING,367327960,1.04,Stage 2,2021-05-01
41.2,-70.949997,2021-12-28,59c757235-5638-b364-a6ec-0694ac3f69c8,CAN,FISHIN ADDICTION 17,POLE_AND_LINE,FISHING,316036131,0.84,Stage 2,2021-12-01
40.91,-70.900002,2021-05-21,c807dc5db-b12d-7ea3-c70e-ff88529f864d,USA,NA,SET_GILLNETS,FISHING,367118070,0.67,Stage 2,2021-05-01
40.95,-71.120003,2021-05-13,cddaf9db4-4d38-6444-99df-1ffe3e476648,USA,SANDRA JANE,TRAWLERS,FISHING,367327960,0.73,Stage 2,2021-05-01
41.2,-71.309998,2021-06-12,801708294-444d-635b-257a-9ba1ab825c3d,USA,M.F. HY-GRADER,TRAWLERS,FISHING,368088750,1.41,Stage 2,2021-06-01
41.01,-71.379997,2021-01-31,6ae903a95-5315-4633-05e6-edfa6b61c787,USA,PROUD MARY,TRAWLERS,FISHING,368102540,2.18,Stage 2,2021-01-01
41.03,-71.339996,2021-07-01,bb78a986c-ca0e-f163-4eee-3b904068aabf,USA,HIGH FLIER,POLE_AND_LINE,FISHING,338362858,1.3,Stage 2,2021-07-01
41.06,-71.379997,2021-09-19,2326efd2e-ef2b-34f0-f4e7-9a078f8cb4c4,USA,BELL SKY,TRAWLERS,FISHING,367637420,0.92,Stage 2,2021-09-01
41.13,-71.32,2021-05-06,d8bbf6380-05af-2b58-ca64-97ffb1eb319f,USA,ENTERPRISE,TRAWLERS,FISHING,367590310,7.29,Stage 2,2021-05-01
40.94,-71.089996,2021-05-10,cddaf9db4-4d38-6444-99df-1ffe3e476648,USA,SANDRA JANE,TRAWLERS,FISHING,367327960,1.03,Stage 2,2021-05-01
40.96,-70.75,2021-05-20,3f7bc2d3c-cd9d-147d-4b10-060244a9e053,USA,COURAGEOUS,FISHING,FISHING,366927920,0.85,Stage 2,2021-05-01
41.01,-71.339996,2021-02-10,f24e7875f-f61b-0cbe-f53f-b179dd5b9c21,USA,LINDA MARIE,TRAWLERS,FISHING,367588040,1.14,Stage 2,2021-02-01
41.22,-71.099998,2021-07-23,b91c9478b-bfa0-844e-f949-ccea31ce5ac1,USA,ELIZ AND KATHERINE,TRAWLERS,FISHING,367542540,2.1,Stage 2,2021-07-01
41.1,-71.300003,2021-05-08,94a980510-01b3-625f-8524-0b3b93600b8c,USA,CODY,TRAWLERS,FISHING,367190280,1.18,Stage 2,2021-05-01
41.29,-71.400002,2021-03-07,d2d4a7623-3cb5-3aed-65b0-0866a70bfbb3,USA,OCEAN STATE,TRAWLERS,FISHING,366278770,1.04,Stage 2,2021-03-01
40.94,-71.050003,2021-05-05,cddaf9db4-4d38-6444-99df-1ffe3e476648,USA,SANDRA JANE,TRAWLERS,FISHING,367327960,3.47,Stage 2,2021-05-01
40.97,-71.089996,2021-05-08,cddaf9db4-4d38-6444-99df-1ffe3e476648,USA,SANDRA JANE,TRAWLERS,FISHING,367327960,1.51,Stage 2,2021-05-01
41.26,-71,2021-10-06,ff3830e6a-a93e-1d34-b439-f9f742984f72,USA,DARANA R,FISHING,FISHING,367174730,0.85,Stage 2,2021-10-01
41.09,-71.370003,2021-02-09,878d8ec33-3351-7124-10c9-1dc7eef5105d,USA,ESTRELA DOMAR,TRAWLERS,FISHING,367999140,1.11,Stage 2,2021-02-01
40.99,-71.389999,2021-02-10,6ae903a95-5315-4633-05e6-edfa6b61c787,USA,PROUD MARY,TRAWLERS,FISHING,368102540,0.9,Stage 2,2021-02-01
41.03,-70.959999,2021-01-11,fd96b30e3-3f77-f437-8122-20e7744dfdb4,USA,TIMBERLINE,DREDGE_FISHING,FISHING,367071460,7.41,Stage 2,2021-01-01
41.04,-70.970001,2021-02-11,3682cb23a-a5b4-316d-0a73-2c88711b0477,USA,ROST,TRAWLERS,FISHING,367535770,0.91,Stage 2,2021-02-01
41.14,-71.300003,2021-05-07,94a980510-01b3-625f-8524-0b3b93600b8c,USA,CODY,TRAWLERS,FISHING,367190280,0.85,Stage 2,2021-05-01
41.07,-71.099998,2021-05-15,6bd1ee253-36e1-429c-1007-19d66b5968b2,USA,TUF GUY,POLE_AND_LINE,FISHING,338207725,6.98,Stage 2,2021-05-01
41.05,-71.330002,2021-08-07,943ab90cb-b546-44a3-62a6-6f2035449a91,USA,STORMY ELIZABETH,FISHING,FISHING,367151950,1.19,Stage 2,2021-08-01
40.95,-71.099998,2021-05-06,cddaf9db4-4d38-6444-99df-1ffe3e476648,USA,SANDRA JANE,TRAWLERS,FISHING,367327960,2.93,Stage 2,2021-05-01
41.04,-71.379997,2021-05-07,94a980510-01b3-625f-8524-0b3b93600b8c,USA,CODY,TRAWLERS,FISHING,367190280,0.95,Stage 2,2021-05-01
41.08,-71.379997,2021-04-20,44752569c-c00c-da61-1898-4d62b6314a40,USA,VIRGINIA MARISE,TRAWLERS,FISHING,367145360,1.11,Stage 2,2021-04-01
41.12,-71.330002,2021-04-27,cec008aa2-264e-d098-8f9d-11769636d229,USA,KELSI & MORGAN,TRAWLERS,FISHING,338386525,1.02,Stage 2,2021-04-01
40.94,-71.230003,2021-06-15,943ab90cb-b546-44a3-62a6-6f2035449a91,USA,STORMY ELIZABETH,FISHING,FISHING,367151950,0.63,Stage 2,2021-06-01
41.22,-70.919998,2021-12-20,a60bb8c1a-a9cd-5892-2581-2bea9933c8e0,USA,NEW SEA ROVER,TRAWLERS,FISHING,367346010,3.34,Stage 2,2021-12-01
41.2,-71.269997,2021-08-29,b55b1fc75-5ca4-e97b-7e71-e40ed228c37a,USA,SEA WATCHER II,DREDGE_FISHING,FISHING,367788350,0.97,Stage 2,2021-08-01
41.28,-71.129997,2021-06-18,d9a3b251d-db12-2ab9-60a9-bc0a029a0701,USA,DEBBIE ANN,FISHING,FISHING,367313950,0.9,Stage 2,2021-06-01
41.12,-71.300003,2021-05-13,138335867-750f-7b39-06ff-645add8dbdc7,USA,BROOKE ELISE,TRAWLERS,FISHING,367687740,3.4,Stage 2,2021-05-01
41.15,-71.290001,2021-10-23,d8bbf6380-05af-2b58-ca64-97ffb1eb319f,USA,ENTERPRISE,TRAWLERS,FISHING,367590310,1.37,Stage 2,2021-10-01
41.38,-71.279999,2021-07-13,6ae903a95-5315-4633-05e6-edfa6b61c787,USA,PROUD MARY,TRAWLERS,FISHING,368102540,0.85,Stage 2,2021-07-01
41.1,-71.190002,2021-06-18,01cb82c60-0ac5-1e19-f436-98a40a63f1a5,USA,WATERPROOF,POLE_AND_LINE,FISHING,338019005,1.5,Stage 2,2021-06-01
41.36,-71.260002,2021-11-16,c11057b39-90b8-89c0-7f09-0f5a46f8d730,USA,BELL SKY,TRAWLERS,FISHING,367637420,1.26,Stage 2,2021-11-01
40.9,-71.169998,2021-05-16,fd96b30e3-3f77-f437-8122-20e7744dfdb4,USA,TIMBERLINE,DREDGE_FISHING,FISHING,367071460,0.85,Stage 2,2021-05-01
41.13,-71.300003,2021-11-07,d8bbf6380-05af-2b58-ca64-97ffb1eb319f,USA,ENTERPRISE,TRAWLERS,FISHING,367590310,0.98,Stage 2,2021-11-01
41.1,-71.120003,2021-12-22,fda33ad3b-b3d7-9afb-257d-126bd7b77f81,USA,LADY FRANCES,INCONCLUSIVE,FISHING,367155670,0.44,Stage 2,2021-12-01
41.07,-71.379997,2021-09-16,d2d4a7623-3cb5-3aed-65b0-0866a70bfbb3,USA,OCEAN STATE,TRAWLERS,FISHING,366278770,1.78,Stage 2,2021-09-01
40.96,-71.309998,2021-04-09,d2d6e0603-3a0e-48f4-32d2-a4d0565980c7,USA,MATTIE AND MAREN,TRAWLERS,FISHING,367415240,0.38,Stage 2,2021-04-01
40.97,-71.300003,2021-04-20,d2d6e0603-3a0e-48f4-32d2-a4d0565980c7,USA,MATTIE AND MAREN,TRAWLERS,FISHING,367415240,1.12,Stage 2,2021-04-01
40.97,-70.800003,2021-06-02,460bff8bc-c729-20f5-5a0e-e2a0612007e1,USA,ANN MARIE,SET_GILLNETS,FISHING,338132083,0.86,Stage 2,2021-06-01
41.16,-71.370003,2021-12-03,943ab90cb-b546-44a3-62a6-6f2035449a91,USA,STORMY ELIZABETH,FISHING,FISHING,367151950,1.27,Stage 2,2021-12-01
41.06,-71.379997,2021-10-15,cec008aa2-264e-d098-8f9d-11769636d229,USA,KELSI & MORGAN,TRAWLERS,FISHING,338386525,1.26,Stage 2,2021-10-01
41.05,-71.379997,2021-11-11,c11057b39-90b8-89c0-7f09-0f5a46f8d730,USA,BELL SKY,TRAWLERS,FISHING,367637420,0.63,Stage 2,2021-11-01
41.13,-71.309998,2021-10-06,c9804fdb4-469e-7f30-0a3f-044b6cc74b65,USA,KAREN ANN,SET_GILLNETS,FISHING,367105250,1.7,Stage 2,2021-10-01
40.94,-71.080002,2021-05-10,cddaf9db4-4d38-6444-99df-1ffe3e476648,USA,SANDRA JANE,TRAWLERS,FISHING,367327960,1.68,Stage 2,2021-05-01
40.97,-71.190002,2021-09-14,fd96b30e3-3f77-f437-8122-20e7744dfdb4,USA,TIMBERLINE,DREDGE_FISHING,FISHING,367071460,5.37,Stage 2,2021-09-01
40.97,-71.110001,2021-06-30,cddaf9db4-4d38-6444-99df-1ffe3e476648,USA,SANDRA JANE,TRAWLERS,FISHING,367327960,1.06,Stage 2,2021-06-01
41.05,-71.389999,2021-05-12,cec008aa2-264e-d098-8f9d-11769636d229,USA,KELSI & MORGAN,TRAWLERS,FISHING,338386525,0.57,Stage 2,2021-05-01
40.96,-71.18,2021-05-16,fd96b30e3-3f77-f437-8122-20e7744dfdb4,USA,TIMBERLINE,DREDGE_FISHING,FISHING,367071460,6.7,Stage 2,2021-05-01
41.35,-71.239998,2021-11-09,c11057b39-90b8-89c0-7f09-0f5a46f8d730,USA,BELL SKY,TRAWLERS,FISHING,367637420,1.52,Stage 2,2021-11-01
41.08,-71.360001,2021-09-08,59d8ab6e8-88ae-3379-7957-c3cf5af17475,USA,HOPE AND SYDNEY,TRAWLERS,FISHING,367084070,2.08,Stage 2,2021-09-01
40.96,-71.129997,2021-05-13,cddaf9db4-4d38-6444-99df-1ffe3e476648,USA,SANDRA JANE,TRAWLERS,FISHING,367327960,1.01,Stage 2,2021-05-01
41.24,-70.949997,2021-12-20,a60bb8c1a-a9cd-5892-2581-2bea9933c8e0,USA,NEW SEA ROVER,TRAWLERS,FISHING,367346010,0.82,Stage 2,2021-12-01
41.21,-71.279999,2021-11-04,d8bbf6380-05af-2b58-ca64-97ffb1eb319f,USA,ENTERPRISE,TRAWLERS,FISHING,367590310,0.37,Stage 2,2021-11-01
40.96,-71.339996,2021-07-26,6351ce890-09e9-58ac-479a-cb01929ebb08,USA,TAMI ANN,POLE_AND_LINE,FISHING,368168250,0.78,Stage 2,2021-07-01
41.36,-71.129997,2021-06-27,d2d6e0603-3a0e-48f4-32d2-a4d0565980c7,USA,MATTIE AND MAREN,TRAWLERS,FISHING,367415240,1.21,Stage 2,2021-06-01
41.11,-71.339996,2021-05-07,d8bbf6380-05af-2b58-ca64-97ffb1eb319f,USA,ENTERPRISE,TRAWLERS,FISHING,367590310,1.66,Stage 2,2021-05-01
41.28,-71.400002,2021-05-14,d2d4a7623-3cb5-3aed-65b0-0866a70bfbb3,USA,OCEAN STATE,TRAWLERS,FISHING,366278770,1.01,Stage 2,2021-05-01
41.05,-71.379997,2021-03-25,6ae903a95-5315-4633-05e6-edfa6b61c787,USA,PROUD MARY,TRAWLERS,FISHING,368102540,0.95,Stage 2,2021-03-01
40.96,-71.349998,2021-04-14,f24e7875f-f61b-0cbe-f53f-b179dd5b9c21,USA,LINDA MARIE,TRAWLERS,FISHING,367588040,0.93,Stage 2,2021-04-01
41.04,-71.230003,2021-10-14,90b9eaea0-018d-1eaf-4055-36b770057d04,USA,GAIL FRANCES,INCONCLUSIVE,FISHING,366940990,1.17,Stage 2,2021-10-01
41.04,-71.379997,2021-04-27,cec008aa2-264e-d098-8f9d-11769636d229,USA,KELSI & MORGAN,TRAWLERS,FISHING,338386525,1.15,Stage 2,2021-04-01
41.11,-71.349998,2021-09-09,59d8ab6e8-88ae-3379-7957-c3cf5af17475,USA,HOPE AND SYDNEY,TRAWLERS,FISHING,367084070,2.23,Stage 2,2021-09-01
40.96,-71.07,2021-07-01,cddaf9db4-4d38-6444-99df-1ffe3e476648,USA,SANDRA JANE,TRAWLERS,FISHING,367327960,1.73,Stage 2,2021-07-01
40.96,-71.260002,2021-01-14,c11057b39-90b8-89c0-7f09-0f5a46f8d730,USA,BELL SKY,TRAWLERS,FISHING,367637420,12.48,Stage 2,2021-01-01
41.01,-71.25,2021-03-30,d2d6e0603-3a0e-48f4-32d2-a4d0565980c7,USA,MATTIE AND MAREN,TRAWLERS,FISHING,367415240,1.12,Stage 2,2021-03-01
41.03,-70.940002,2021-11-03,a45b489d0-00f1-5dc5-64d8-6d681d72b4ba,USA,LADY BRITTANY,TRAWLERS,FISHING,366983260,0.62,Stage 2,2021-11-01
41.25,-71.040001,2021-06-18,cc83751ec-c92d-3712-ea87-a31cca1f910d,USA,ASHER AND ARIANA,TRAWLERS,FISHING,367522070,0.35,Stage 2,2021-06-01
41.05,-71.389999,2021-12-30,90b9eaea0-018d-1eaf-4055-36b770057d04,USA,GAIL FRANCES,INCONCLUSIVE,FISHING,366940990,1.7,Stage 2,2021-12-01
41.21,-71.25,2021-06-17,138335867-750f-7b39-06ff-645add8dbdc7,USA,BROOKE ELISE,TRAWLERS,FISHING,367687740,1.69,Stage 2,2021-06-01
41.03,-71.169998,2021-10-15,90b9eaea0-018d-1eaf-4055-36b770057d04,USA,GAIL FRANCES,INCONCLUSIVE,FISHING,366940990,2.01,Stage 2,2021-10-01
41.05,-71.379997,2021-09-14,59d8ab6e8-88ae-3379-7957-c3cf5af17475,USA,HOPE AND SYDNEY,TRAWLERS,FISHING,367084070,1.11,Stage 2,2021-09-01
41.07,-71.379997,2021-11-03,c11057b39-90b8-89c0-7f09-0f5a46f8d730,USA,BELL SKY,TRAWLERS,FISHING,367637420,1.31,Stage 2,2021-11-01
41.05,-70.93,2021-11-03,a45b489d0-00f1-5dc5-64d8-6d681d72b4ba,USA,LADY BRITTANY,TRAWLERS,FISHING,366983260,10.33,Stage 2,2021-11-01
41.06,-71.379997,2021-05-06,94a980510-01b3-625f-8524-0b3b93600b8c,USA,CODY,TRAWLERS,FISHING,367190280,0.33,Stage 2,2021-05-01
41.12,-71.300003,2021-10-21,d8bbf6380-05af-2b58-ca64-97ffb1eb319f,USA,ENTERPRISE,TRAWLERS,FISHING,367590310,1.97,Stage 2,2021-10-01
41.23,-71.160004,2021-08-26,d2d6e0603-3a0e-48f4-32d2-a4d0565980c7,USA,MATTIE AND MAREN,TRAWLERS,FISHING,367415240,0.86,Stage 2,2021-08-01
41.01,-71.370003,2021-03-04,6ae903a95-5315-4633-05e6-edfa6b61c787,USA,PROUD MARY,TRAWLERS,FISHING,368102540,0.86,Stage 2,2021-03-01
40.94,-71.099998,2021-05-05,cddaf9db4-4d38-6444-99df-1ffe3e476648,USA,SANDRA JANE,TRAWLERS,FISHING,367327960,1.6,Stage 2,2021-05-01
41.08,-71.370003,2021-11-11,c11057b39-90b8-89c0-7f09-0f5a46f8d730,USA,BELL SKY,TRAWLERS,FISHING,367637420,0.82,Stage 2,2021-11-01
41.26,-71.019997,2021-06-18,d8bbf6380-05af-2b58-ca64-97ffb1eb319f,USA,ENTERPRISE,TRAWLERS,FISHING,367590310,0.84,Stage 2,2021-06-01
41.02,-71.379997,2021-03-25,6ae903a95-5315-4633-05e6-edfa6b61c787,USA,PROUD MARY,TRAWLERS,FISHING,368102540,0.98,Stage 2,2021-03-01
41.32,-71.260002,2021-11-10,c11057b39-90b8-89c0-7f09-0f5a46f8d730,USA,BELL SKY,TRAWLERS,FISHING,367637420,0.72,Stage 2,2021-11-01
41.02,-71.110001,2021-02-11,3682cb23a-a5b4-316d-0a73-2c88711b0477,USA,ROST,TRAWLERS,FISHING,367535770,0.62,Stage 2,2021-02-01
41.11,-71.32,2021-06-21,138335867-750f-7b39-06ff-645add8dbdc7,USA,BROOKE ELISE,TRAWLERS,FISHING,367687740,4.02,Stage 2,2021-06-01
40.96,-71.349998,2021-08-03,4f95fa8d9-93bb-0748-e166-751a185af5c2,USA,BLUE MOON,FISHING,FISHING,338251733,1.3,Stage 2,2021-08-01
41.12,-71.330002,2021-04-28,cec008aa2-264e-d098-8f9d-11769636d229,USA,KELSI & MORGAN,TRAWLERS,FISHING,338386525,0.67,Stage 2,2021-04-01
40.94,-71.059998,2021-05-10,cddaf9db4-4d38-6444-99df-1ffe3e476648,USA,SANDRA JANE,TRAWLERS,FISHING,367327960,1.97,Stage 2,2021-05-01
40.95,-71.400002,2021-04-10,f24e7875f-f61b-0cbe-f53f-b179dd5b9c21,USA,LINDA MARIE,TRAWLERS,FISHING,367588040,1.22,Stage 2,2021-04-01
41.21,-71.220001,2021-08-25,d2d6e0603-3a0e-48f4-32d2-a4d0565980c7,USA,MATTIE AND MAREN,TRAWLERS,FISHING,367415240,0.59,Stage 2,2021-08-01
40.94,-71.120003,2021-05-04,cddaf9db4-4d38-6444-99df-1ffe3e476648,USA,SANDRA JANE,TRAWLERS,FISHING,367327960,1.1,Stage 2,2021-05-01
41.22,-71.349998,2021-07-12,92c971623-3422-3cda-d60b-6fe8a4b3d573,USA,ACES HIGH,FISHING,FISHING,367175180,0.59,Stage 2,2021-07-01
41.06,-70.989998,2021-05-08,fd96b30e3-3f77-f437-8122-20e7744dfdb4,USA,TIMBERLINE,DREDGE_FISHING,FISHING,367071460,4.6,Stage 2,2021-05-01
40.99,-71.290001,2021-02-05,d2d6e0603-3a0e-48f4-32d2-a4d0565980c7,USA,MATTIE AND MAREN,TRAWLERS,FISHING,367415240,2.87,Stage 2,2021-02-01
41.22,-71.199997,2021-08-26,d2d6e0603-3a0e-48f4-32d2-a4d0565980c7,USA,MATTIE AND MAREN,TRAWLERS,FISHING,367415240,0.78,Stage 2,2021-08-01
41.13,-71.349998,2021-09-29,2326efd2e-ef2b-34f0-f4e7-9a078f8cb4c4,USA,BELL SKY,TRAWLERS,FISHING,367637420,0.33,Stage 2,2021-09-01
41.09,-71.029999,2021-08-17,bdf59862d-dee2-4d2f-0d97-4983bcb3d066,USA,NOAA GLORIA MICHELLE,TRAWLERS,FISHING,338066383,3.5,Stage 2,2021-08-01
41.06,-71.379997,2021-11-10,cec008aa2-264e-d098-8f9d-11769636d229,USA,KELSI & MORGAN,TRAWLERS,FISHING,338386525,0.93,Stage 2,2021-11-01
41.15,-71.379997,2021-11-23,943ab90cb-b546-44a3-62a6-6f2035449a91,USA,STORMY ELIZABETH,FISHING,FISHING,367151950,9.59,Stage 2,2021-11-01
41.06,-71.379997,2021-03-23,c11057b39-90b8-89c0-7f09-0f5a46f8d730,USA,BELL SKY,TRAWLERS,FISHING,367637420,0.57,Stage 2,2021-03-01
40.93,-71.339996,2021-04-20,d2d6e0603-3a0e-48f4-32d2-a4d0565980c7,USA,MATTIE AND MAREN,TRAWLERS,FISHING,367415240,0.43,Stage 2,2021-04-01
41.22,-71.199997,2021-07-14,138335867-750f-7b39-06ff-645add8dbdc7,USA,BROOKE ELISE,TRAWLERS,FISHING,367687740,6.61,Stage 2,2021-07-01
40.95,-71.339996,2021-04-10,d2d6e0603-3a0e-48f4-32d2-a4d0565980c7,USA,MATTIE AND MAREN,TRAWLERS,FISHING,367415240,1.85,Stage 2,2021-04-01
40.94,-71.089996,2021-05-07,cddaf9db4-4d38-6444-99df-1ffe3e476648,USA,SANDRA JANE,TRAWLERS,FISHING,367327960,0.79,Stage 2,2021-05-01
40.97,-71.080002,2021-05-12,cddaf9db4-4d38-6444-99df-1ffe3e476648,USA,SANDRA JANE,TRAWLERS,FISHING,367327960,1.11,Stage 2,2021-05-01
41.24,-71.120003,2021-06-18,138335867-750f-7b39-06ff-645add8dbdc7,USA,BROOKE ELISE,TRAWLERS,FISHING,367687740,1.17,Stage 2,2021-06-01
41.08,-71.379997,2021-10-05,2326efd2e-ef2b-34f0-f4e7-9a078f8cb4c4,USA,BELL SKY,TRAWLERS,FISHING,367637420,0.82,Stage 2,2021-10-01
41.11,-71.349998,2021-05-29,943ab90cb-b546-44a3-62a6-6f2035449a91,USA,STORMY ELIZABETH,FISHING,FISHING,367151950,4.65,Stage 2,2021-05-01
41.15,-71.309998,2021-10-16,138335867-750f-7b39-06ff-645add8dbdc7,USA,BROOKE ELISE,TRAWLERS,FISHING,367687740,0.45,Stage 2,2021-10-01
41.01,-71.330002,2021-03-22,d2d4a7623-3cb5-3aed-65b0-0866a70bfbb3,USA,OCEAN STATE,TRAWLERS,FISHING,366278770,0.86,Stage 2,2021-03-01
40.95,-71.349998,2021-08-25,2326efd2e-ef2b-34f0-f4e7-9a078f8cb4c4,USA,BELL SKY,TRAWLERS,FISHING,367637420,6.19,Stage 2,2021-08-01
40.96,-71.129997,2021-07-03,cddaf9db4-4d38-6444-99df-1ffe3e476648,USA,SANDRA JANE,TRAWLERS,FISHING,367327960,4,Stage 2,2021-07-01
41.04,-71.379997,2021-09-19,59d8ab6e8-88ae-3379-7957-c3cf5af17475,USA,HOPE AND SYDNEY,TRAWLERS,FISHING,367084070,0.42,Stage 2,2021-09-01
41.09,-71.370003,2021-05-11,d8bbf6380-05af-2b58-ca64-97ffb1eb319f,USA,ENTERPRISE,TRAWLERS,FISHING,367590310,1,Stage 2,2021-05-01
41.17,-71.290001,2021-06-17,138335867-750f-7b39-06ff-645add8dbdc7,USA,BROOKE ELISE,TRAWLERS,FISHING,367687740,1.37,Stage 2,2021-06-01
40.97,-71.150002,2021-06-07,fd96b30e3-3f77-f437-8122-20e7744dfdb4,USA,TIMBERLINE,DREDGE_FISHING,FISHING,367071460,1.43,Stage 2,2021-06-01
41.3,-71.400002,2021-06-10,d2d4a7623-3cb5-3aed-65b0-0866a70bfbb3,USA,OCEAN STATE,TRAWLERS,FISHING,366278770,1,Stage 2,2021-06-01
40.95,-71.110001,2021-07-02,cddaf9db4-4d38-6444-99df-1ffe3e476648,USA,SANDRA JANE,TRAWLERS,FISHING,367327960,1.21,Stage 2,2021-07-01
41.01,-71.300003,2021-03-31,f24e7875f-f61b-0cbe-f53f-b179dd5b9c21,USA,LINDA MARIE,TRAWLERS,FISHING,367588040,0.39,Stage 2,2021-03-01
41.19,-70.82,2021-08-14,801708294-444d-635b-257a-9ba1ab825c3d,USA,M.F. HY-GRADER,TRAWLERS,FISHING,368088750,1.26,Stage 2,2021-08-01
40.9,-71.300003,2021-03-24,7380f0ab3-32c7-d8a7-6e0f-c0283d022f87,USA,F/V INCENTIVE,TRAWLERS,FISHING,367435050,0.53,Stage 2,2021-03-01
41.33,-71.400002,2021-04-24,d2d4a7623-3cb5-3aed-65b0-0866a70bfbb3,USA,OCEAN STATE,TRAWLERS,FISHING,366278770,0.41,Stage 2,2021-04-01
41.18,-71.230003,2021-06-29,6b96c9b8e-e06c-1716-2de8-ec4a7c1f65fc,USA,KATHY MARIE,FISHING,FISHING,366758680,0.43,Stage 2,2021-06-01
41.37,-71.260002,2021-11-09,c11057b39-90b8-89c0-7f09-0f5a46f8d730,USA,BELL SKY,TRAWLERS,FISHING,367637420,0.94,Stage 2,2021-11-01
41.04,-71.379997,2021-11-18,c11057b39-90b8-89c0-7f09-0f5a46f8d730,USA,BELL SKY,TRAWLERS,FISHING,367637420,16.66,Stage 2,2021-11-01
40.92,-71.360001,2021-11-17,b55b1fc75-5ca4-e97b-7e71-e40ed228c37a,USA,SEA WATCHER II,DREDGE_FISHING,FISHING,367788350,0.75,Stage 2,2021-11-01
41.04,-71.239998,2021-10-15,90b9eaea0-018d-1eaf-4055-36b770057d04,USA,GAIL FRANCES,INCONCLUSIVE,FISHING,366940990,0.87,Stage 2,2021-10-01
41.04,-71.389999,2021-12-29,90b9eaea0-018d-1eaf-4055-36b770057d04,USA,GAIL FRANCES,INCONCLUSIVE,FISHING,366940990,0.85,Stage 2,2021-12-01
41.25,-71.080002,2021-08-11,94a980510-01b3-625f-8524-0b3b93600b8c,USA,CODY,TRAWLERS,FISHING,367190280,0.54,Stage 2,2021-08-01
41.08,-71.370003,2021-05-12,cec008aa2-264e-d098-8f9d-11769636d229,USA,KELSI & MORGAN,TRAWLERS,FISHING,338386525,0.93,Stage 2,2021-05-01
40.94,-71.099998,2021-05-08,cddaf9db4-4d38-6444-99df-1ffe3e476648,USA,SANDRA JANE,TRAWLERS,FISHING,367327960,1.66,Stage 2,2021-05-01
41.05,-71.389999,2021-02-26,e5ad57b2d-d250-3691-821a-3d9e8d932fef,USA,SEVEN B S V,TRAWLERS,FISHING,367052470,1.09,Stage 2,2021-02-01
40.92,-71.129997,2021-05-13,cddaf9db4-4d38-6444-99df-1ffe3e476648,USA,SANDRA JANE,TRAWLERS,FISHING,367327960,0.58,Stage 2,2021-05-01
40.9,-71.190002,2021-05-16,fd96b30e3-3f77-f437-8122-20e7744dfdb4,USA,TIMBERLINE,DREDGE_FISHING,FISHING,367071460,1.13,Stage 2,2021-05-01
40.92,-71.18,2021-05-16,fd96b30e3-3f77-f437-8122-20e7744dfdb4,USA,TIMBERLINE,DREDGE_FISHING,FISHING,367071460,0.95,Stage 2,2021-05-01
41.08,-71.370003,2021-03-30,c11057b39-90b8-89c0-7f09-0f5a46f8d730,USA,BELL SKY,TRAWLERS,FISHING,367637420,1.56,Stage 2,2021-03-01
41.36,-71.25,2021-08-19,2326efd2e-ef2b-34f0-f4e7-9a078f8cb4c4,USA,BELL SKY,TRAWLERS,FISHING,367637420,2.86,Stage 2,2021-08-01
41.15,-71.309998,2021-09-01,c9804fdb4-469e-7f30-0a3f-044b6cc74b65,USA,KAREN ANN,SET_GILLNETS,FISHING,367105250,0.47,Stage 2,2021-09-01
40.92,-71.129997,2021-05-09,cddaf9db4-4d38-6444-99df-1ffe3e476648,USA,SANDRA JANE,TRAWLERS,FISHING,367327960,2.35,Stage 2,2021-05-01
40.95,-71.050003,2021-05-06,cddaf9db4-4d38-6444-99df-1ffe3e476648,USA,SANDRA JANE,TRAWLERS,FISHING,367327960,3.25,Stage 2,2021-05-01
41.39,-71.269997,2021-12-05,c11057b39-90b8-89c0-7f09-0f5a46f8d730,USA,BELL SKY,TRAWLERS,FISHING,367637420,0.4,Stage 2,2021-12-01
40.96,-71.040001,2021-07-04,cddaf9db4-4d38-6444-99df-1ffe3e476648,USA,SANDRA JANE,TRAWLERS,FISHING,367327960,0.62,Stage 2,2021-07-01
41.25,-71.019997,2021-06-24,cc83751ec-c92d-3712-ea87-a31cca1f910d,USA,ASHER AND ARIANA,TRAWLERS,FISHING,367522070,1.78,Stage 2,2021-06-01
41.14,-71.290001,2021-09-01,3bf0a38cb-b2be-efb0-3ce1-cf112105af80,USA,MACKENZIE PAIGE,TRAWLERS,FISHING,367326980,1.43,Stage 2,2021-09-01
41.2,-71.18,2021-07-15,138335867-750f-7b39-06ff-645add8dbdc7,USA,BROOKE ELISE,TRAWLERS,FISHING,367687740,12.55,Stage 2,2021-07-01
40.94,-71.370003,2021-08-08,cb559898a-aba5-5632-5426-e3f2bbd4fba7,USA,TRANQUILITY,POLE_AND_LINE,FISHING,338215127,0.75,Stage 2,2021-08-01
41.29,-71.410004,2021-05-23,ff3830e6a-a93e-1d34-b439-f9f742984f72,USA,DARANA R,FISHING,FISHING,367174730,1.42,Stage 2,2021-05-01
41.23,-71.150002,2021-08-31,d8bbf6380-05af-2b58-ca64-97ffb1eb319f,USA,ENTERPRISE,TRAWLERS,FISHING,367590310,0.87,Stage 2,2021-08-01
40.98,-71.239998,2021-03-30,d2d4a7623-3cb5-3aed-65b0-0866a70bfbb3,USA,OCEAN STATE,TRAWLERS,FISHING,366278770,3.63,Stage 2,2021-03-01
41.35,-71.25,2021-08-27,d2d6e0603-3a0e-48f4-32d2-a4d0565980c7,USA,MATTIE AND MAREN,TRAWLERS,FISHING,367415240,0.52,Stage 2,2021-08-01
41.21,-70.980003,2021-08-14,801708294-444d-635b-257a-9ba1ab825c3d,USA,M.F. HY-GRADER,TRAWLERS,FISHING,368088750,0.86,Stage 2,2021-08-01
41.07,-71.379997,2021-06-20,6bd1ee253-36e1-429c-1007-19d66b5968b2,USA,TUF GUY,POLE_AND_LINE,FISHING,338207725,18.43,Stage 2,2021-06-01
41.07,-71.379997,2021-09-29,2326efd2e-ef2b-34f0-f4e7-9a078f8cb4c4,USA,BELL SKY,TRAWLERS,FISHING,367637420,1.52,Stage 2,2021-09-01
41,-71.400002,2021-03-08,f24e7875f-f61b-0cbe-f53f-b179dd5b9c21,USA,LINDA MARIE,TRAWLERS,FISHING,367588040,0.9,Stage 2,2021-03-01
41.06,-71.379997,2021-08-25,2326efd2e-ef2b-34f0-f4e7-9a078f8cb4c4,USA,BELL SKY,TRAWLERS,FISHING,367637420,0.99,Stage 2,2021-08-01
41.14,-71.349998,2021-02-26,e5ad57b2d-d250-3691-821a-3d9e8d932fef,USA,SEVEN B S V,TRAWLERS,FISHING,367052470,0.69,Stage 2,2021-02-01
41.27,-71.279999,2021-08-06,5a7bd0854-4b15-d8e8-585b-13287e33e124,USA,MARGARET HOLLEY,TRAWLERS,FISHING,367401480,21.39,Stage 2,2021-08-01
40.92,-71.199997,2021-05-16,fd96b30e3-3f77-f437-8122-20e7744dfdb4,USA,TIMBERLINE,DREDGE_FISHING,FISHING,367071460,1.03,Stage 2,2021-05-01
41.24,-71.059998,2021-10-06,ff3830e6a-a93e-1d34-b439-f9f742984f72,USA,DARANA R,FISHING,FISHING,367174730,1.58,Stage 2,2021-10-01
41.07,-71.360001,2021-06-18,cb559898a-aba5-5632-5426-e3f2bbd4fba7,USA,TRANQUILITY,POLE_AND_LINE,FISHING,338215127,0.96,Stage 2,2021-06-01
41.04,-70.900002,2021-11-04,a45b489d0-00f1-5dc5-64d8-6d681d72b4ba,USA,LADY BRITTANY,TRAWLERS,FISHING,366983260,5.09,Stage 2,2021-11-01
40.97,-71.389999,2021-03-18,cec008aa2-264e-d098-8f9d-11769636d229,USA,KELSI & MORGAN,TRAWLERS,FISHING,338386525,0.62,Stage 2,2021-03-01
41.23,-71.150002,2021-08-26,d2d6e0603-3a0e-48f4-32d2-a4d0565980c7,USA,MATTIE AND MAREN,TRAWLERS,FISHING,367415240,0.38,Stage 2,2021-08-01
40.96,-71.089996,2021-07-04,cddaf9db4-4d38-6444-99df-1ffe3e476648,USA,SANDRA JANE,TRAWLERS,FISHING,367327960,1.2,Stage 2,2021-07-01
41.04,-71.389999,2021-03-25,6ae903a95-5315-4633-05e6-edfa6b61c787,USA,PROUD MARY,TRAWLERS,FISHING,368102540,0.67,Stage 2,2021-03-01
40.96,-71.300003,2021-02-04,d2d6e0603-3a0e-48f4-32d2-a4d0565980c7,USA,MATTIE AND MAREN,TRAWLERS,FISHING,367415240,1.4,Stage 2,2021-02-01
40.95,-71.32,2021-08-08,2326efd2e-ef2b-34f0-f4e7-9a078f8cb4c4,USA,BELL SKY,TRAWLERS,FISHING,367637420,4.9,Stage 2,2021-08-01
41.04,-71.379997,2021-05-12,cec008aa2-264e-d098-8f9d-11769636d229,USA,KELSI & MORGAN,TRAWLERS,FISHING,338386525,1.1,Stage 2,2021-05-01
41.38,-71.269997,2021-11-09,c11057b39-90b8-89c0-7f09-0f5a46f8d730,USA,BELL SKY,TRAWLERS,FISHING,367637420,2.1,Stage 2,2021-11-01
41.05,-71.370003,2021-06-20,76d201cbb-b14b-4796-9c75-75e74fac527d,USA,REEL CRAZY,POLE_AND_LINE,FISHING,367680840,0.55,Stage 2,2021-06-01
41.14,-71.349998,2021-04-18,fda33ad3b-b3d7-9afb-257d-126bd7b77f81,USA,LADY FRANCES,INCONCLUSIVE,FISHING,367155670,1.37,Stage 2,2021-04-01
41.11,-71.32,2021-08-31,c9804fdb4-469e-7f30-0a3f-044b6cc74b65,USA,KAREN ANN,SET_GILLNETS,FISHING,367105250,0.99,Stage 2,2021-08-01
40.97,-71.110001,2021-05-14,cddaf9db4-4d38-6444-99df-1ffe3e476648,USA,SANDRA JANE,TRAWLERS,FISHING,367327960,0.36,Stage 2,2021-05-01
40.95,-71.089996,2021-05-09,cddaf9db4-4d38-6444-99df-1ffe3e476648,USA,SANDRA JANE,TRAWLERS,FISHING,367327960,1.7,Stage 2,2021-05-01
41.38,-71.269997,2021-12-06,c11057b39-90b8-89c0-7f09-0f5a46f8d730,USA,BELL SKY,TRAWLERS,FISHING,367637420,1.17,Stage 2,2021-12-01
41.12,-71.309998,2021-03-21,c9804fdb4-469e-7f30-0a3f-044b6cc74b65,USA,KAREN ANN,SET_GILLNETS,FISHING,367105250,0.92,Stage 2,2021-03-01
41.05,-71.389999,2021-03-21,287fc1cbf-fbc0-3baa-ae98-f20768f5d10f,USA,VIKING STARSHIP,PASSENGER,PASSENGER,367661740,1.08,Stage 2,2021-03-01
41.04,-71.230003,2021-09-20,90b9eaea0-018d-1eaf-4055-36b770057d04,USA,GAIL FRANCES,INCONCLUSIVE,FISHING,366940990,0.41,Stage 2,2021-09-01
41.04,-71.169998,2021-11-20,90b9eaea0-018d-1eaf-4055-36b770057d04,USA,GAIL FRANCES,INCONCLUSIVE,FISHING,366940990,0.96,Stage 2,2021-11-01
41.24,-71.010002,2021-06-24,cc83751ec-c92d-3712-ea87-a31cca1f910d,USA,ASHER AND ARIANA,TRAWLERS,FISHING,367522070,3.7,Stage 2,2021-06-01
41.24,-71.110001,2021-08-25,d2d6e0603-3a0e-48f4-32d2-a4d0565980c7,USA,MATTIE AND MAREN,TRAWLERS,FISHING,367415240,0.6,Stage 2,2021-08-01
41.05,-71.379997,2021-03-30,d2d4a7623-3cb5-3aed-65b0-0866a70bfbb3,USA,OCEAN STATE,TRAWLERS,FISHING,366278770,1.25,Stage 2,2021-03-01
41,-71.230003,2021-04-07,59d8ab6e8-88ae-3379-7957-c3cf5af17475,USA,HOPE AND SYDNEY,TRAWLERS,FISHING,367084070,0.9,Stage 2,2021-04-01
40.94,-71.129997,2021-05-05,cddaf9db4-4d38-6444-99df-1ffe3e476648,USA,SANDRA JANE,TRAWLERS,FISHING,367327960,1.03,Stage 2,2021-05-01
40.95,-71.07,2021-05-05,cddaf9db4-4d38-6444-99df-1ffe3e476648,USA,SANDRA JANE,TRAWLERS,FISHING,367327960,2.25,Stage 2,2021-05-01
41.06,-70.860001,2021-02-11,3682cb23a-a5b4-316d-0a73-2c88711b0477,USA,ROST,TRAWLERS,FISHING,367535770,0.6,Stage 2,2021-02-01
40.95,-71.110001,2021-05-07,cddaf9db4-4d38-6444-99df-1ffe3e476648,USA,SANDRA JANE,TRAWLERS,FISHING,367327960,1.62,Stage 2,2021-05-01
41.32,-71.400002,2021-02-21,d2d4a7623-3cb5-3aed-65b0-0866a70bfbb3,USA,OCEAN STATE,TRAWLERS,FISHING,366278770,0.59,Stage 2,2021-02-01
41.05,-71.389999,2021-11-28,0f6f9408d-da22-0c23-aab7-cbd167b479af,USA,VIKING STAR,PASSENGER,PASSENGER,367337990,0.38,Stage 2,2021-11-01
41.03,-71.389999,2021-09-14,d2d4a7623-3cb5-3aed-65b0-0866a70bfbb3,USA,OCEAN STATE,TRAWLERS,FISHING,366278770,0.96,Stage 2,2021-09-01
41.01,-71.370003,2021-02-10,f24e7875f-f61b-0cbe-f53f-b179dd5b9c21,USA,LINDA MARIE,TRAWLERS,FISHING,367588040,0.92,Stage 2,2021-02-01
40.95,-71.129997,2021-05-11,cddaf9db4-4d38-6444-99df-1ffe3e476648,USA,SANDRA JANE,TRAWLERS,FISHING,367327960,0.83,Stage 2,2021-05-01
41.04,-71.279999,2021-02-13,287fc1cbf-fbc0-3baa-ae98-f20768f5d10f,USA,VIKING STARSHIP,PASSENGER,PASSENGER,367661740,0.55,Stage 2,2021-02-01
41.03,-71.370003,2021-03-30,c11057b39-90b8-89c0-7f09-0f5a46f8d730,USA,BELL SKY,TRAWLERS,FISHING,367637420,6,Stage 2,2021-03-01
41.15,-71.309998,2021-05-07,d8bbf6380-05af-2b58-ca64-97ffb1eb319f,USA,ENTERPRISE,TRAWLERS,FISHING,367590310,2.27,Stage 2,2021-05-01
40.96,-71.18,2021-05-08,cddaf9db4-4d38-6444-99df-1ffe3e476648,USA,SANDRA JANE,TRAWLERS,FISHING,367327960,1.33,Stage 2,2021-05-01
41.06,-70.919998,2021-07-11,cb559898a-aba5-5632-5426-e3f2bbd4fba7,USA,TRANQUILITY,POLE_AND_LINE,FISHING,338215127,1.53,Stage 2,2021-07-01
41.25,-71.389999,2021-11-15,44752569c-c00c-da61-1898-4d62b6314a40,USA,VIRGINIA MARISE,TRAWLERS,FISHING,367145360,0.99,Stage 2,2021-11-01
40.97,-70.779999,2021-06-02,460bff8bc-c729-20f5-5a0e-e2a0612007e1,USA,ANN MARIE,SET_GILLNETS,FISHING,338132083,0.61,Stage 2,2021-06-01
41.05,-71.389999,2021-03-17,6ae903a95-5315-4633-05e6-edfa6b61c787,USA,PROUD MARY,TRAWLERS,FISHING,368102540,1.01,Stage 2,2021-03-01
41.28,-71.139999,2021-05-04,d7832e5ee-e258-fb10-0dad-d9758a4eb42b,USA,HANNAH BODEN,FISHING,FISHING,366951350,1.1,Stage 2,2021-05-01
41.12,-71.330002,2021-05-12,cec008aa2-264e-d098-8f9d-11769636d229,USA,KELSI & MORGAN,TRAWLERS,FISHING,338386525,0.56,Stage 2,2021-05-01
41.06,-70.839996,2021-06-18,5de80cab6-6aec-304e-26ae-db65198e00ce,USA,PERSISTENCE,POLE_AND_LINE,FISHING,368107450,0.81,Stage 2,2021-06-01
41.28,-71.400002,2021-04-24,d2d4a7623-3cb5-3aed-65b0-0866a70bfbb3,USA,OCEAN STATE,TRAWLERS,FISHING,366278770,0.91,Stage 2,2021-04-01
41.04,-71.379997,2021-05-17,138335867-750f-7b39-06ff-645add8dbdc7,USA,BROOKE ELISE,TRAWLERS,FISHING,367687740,1.17,Stage 2,2021-05-01
41.31,-71.379997,2021-07-16,138335867-750f-7b39-06ff-645add8dbdc7,USA,BROOKE ELISE,TRAWLERS,FISHING,367687740,6.76,Stage 2,2021-07-01
41.04,-71.230003,2021-12-10,90b9eaea0-018d-1eaf-4055-36b770057d04,USA,GAIL FRANCES,INCONCLUSIVE,FISHING,366940990,0.46,Stage 2,2021-12-01
41.13,-71.309998,2021-06-02,c9804fdb4-469e-7f30-0a3f-044b6cc74b65,USA,KAREN ANN,SET_GILLNETS,FISHING,367105250,0.89,Stage 2,2021-06-01
40.95,-71.080002,2021-05-09,cddaf9db4-4d38-6444-99df-1ffe3e476648,USA,SANDRA JANE,TRAWLERS,FISHING,367327960,1.63,Stage 2,2021-05-01
40.96,-71.190002,2021-05-19,fd96b30e3-3f77-f437-8122-20e7744dfdb4,USA,TIMBERLINE,DREDGE_FISHING,FISHING,367071460,3.23,Stage 2,2021-05-01
41.13,-71.330002,2021-09-08,59d8ab6e8-88ae-3379-7957-c3cf5af17475,USA,HOPE AND SYDNEY,TRAWLERS,FISHING,367084070,0.56,Stage 2,2021-09-01
41.1,-71.349998,2021-09-14,d2d4a7623-3cb5-3aed-65b0-0866a70bfbb3,USA,OCEAN STATE,TRAWLERS,FISHING,366278770,0.93,Stage 2,2021-09-01
40.97,-71.360001,2021-02-27,6ae903a95-5315-4633-05e6-edfa6b61c787,USA,PROUD MARY,TRAWLERS,FISHING,368102540,1.08,Stage 2,2021-02-01
40.91,-71.129997,2021-05-16,fd96b30e3-3f77-f437-8122-20e7744dfdb4,USA,TIMBERLINE,DREDGE_FISHING,FISHING,367071460,0.96,Stage 2,2021-05-01
40.96,-71.080002,2021-07-04,cddaf9db4-4d38-6444-99df-1ffe3e476648,USA,SANDRA JANE,TRAWLERS,FISHING,367327960,0.9,Stage 2,2021-07-01
40.96,-71.269997,2021-04-08,c11057b39-90b8-89c0-7f09-0f5a46f8d730,USA,BELL SKY,TRAWLERS,FISHING,367637420,3.32,Stage 2,2021-04-01
41.1,-71.349998,2021-09-03,59d8ab6e8-88ae-3379-7957-c3cf5af17475,USA,HOPE AND SYDNEY,TRAWLERS,FISHING,367084070,1.37,Stage 2,2021-09-01
41.26,-70.93,2021-10-13,ef68d82c6-6d7e-ae58-2266-6ed164d98ce3,USA,MAX & EMMA,FISHING,FISHING,367792770,1.09,Stage 2,2021-10-01
41.24,-71.120003,2021-09-01,3bf0a38cb-b2be-efb0-3ce1-cf112105af80,USA,MACKENZIE PAIGE,TRAWLERS,FISHING,367326980,1.06,Stage 2,2021-09-01
41.27,-71.019997,2021-08-04,d8bbf6380-05af-2b58-ca64-97ffb1eb319f,USA,ENTERPRISE,TRAWLERS,FISHING,367590310,0.34,Stage 2,2021-08-01
41.14,-71.309998,2021-05-11,d8bbf6380-05af-2b58-ca64-97ffb1eb319f,USA,ENTERPRISE,TRAWLERS,FISHING,367590310,1.05,Stage 2,2021-05-01
41.14,-71.32,2021-09-16,59d8ab6e8-88ae-3379-7957-c3cf5af17475,USA,HOPE AND SYDNEY,TRAWLERS,FISHING,367084070,2.21,Stage 2,2021-09-01
41.02,-71.18,2021-10-07,90b9eaea0-018d-1eaf-4055-36b770057d04,USA,GAIL FRANCES,INCONCLUSIVE,FISHING,366940990,0.97,Stage 2,2021-10-01
41.17,-70.879997,2021-08-21,d2d6e0603-3a0e-48f4-32d2-a4d0565980c7,USA,MATTIE AND MAREN,TRAWLERS,FISHING,367415240,1.11,Stage 2,2021-08-01
41.05,-71.379997,2021-05-07,94a980510-01b3-625f-8524-0b3b93600b8c,USA,CODY,TRAWLERS,FISHING,367190280,0.68,Stage 2,2021-05-01
40.98,-71.07,2021-09-16,73341188b-b740-ca59-0b57-f560aa504bc0,USA,SHADOWFAX,TRAWLERS,FISHING,366549190,1.48,Stage 2,2021-09-01
41.03,-71.379997,2021-02-09,878d8ec33-3351-7124-10c9-1dc7eef5105d,USA,ESTRELA DOMAR,TRAWLERS,FISHING,367999140,0.98,Stage 2,2021-02-01
40.96,-71.050003,2021-05-13,cddaf9db4-4d38-6444-99df-1ffe3e476648,USA,SANDRA JANE,TRAWLERS,FISHING,367327960,2.56,Stage 2,2021-05-01
40.98,-70.830002,2021-09-13,5185ce3e7-7873-0d49-daec-caf546e6655d,USA,LILLY ROSE,TRAWLERS,FISHING,367138050,1.17,Stage 2,2021-09-01
40.99,-71.379997,2021-07-07,3bd9d16df-fb6e-c1e7-097a-18c3b6e4a9dc,USA,SEA LIFT,NA,FISHING,338135199,0.77,Stage 2,2021-07-01
40.86,-71.110001,2021-08-26,b5c8f14ac-cc19-ce97-1589-8ed6d3b58f48,USA,STEPHANIE BRYAN,FISHING,FISHING,367428520,0.93,Stage 2,2021-08-01
40.96,-71.099998,2021-07-03,cddaf9db4-4d38-6444-99df-1ffe3e476648,USA,SANDRA JANE,TRAWLERS,FISHING,367327960,1.4,Stage 2,2021-07-01
41.34,-71.239998,2021-11-02,c11057b39-90b8-89c0-7f09-0f5a46f8d730,USA,BELL SKY,TRAWLERS,FISHING,367637420,2.03,Stage 2,2021-11-01
40.88,-71.269997,2021-03-24,7380f0ab3-32c7-d8a7-6e0f-c0283d022f87,USA,F/V INCENTIVE,TRAWLERS,FISHING,367435050,1.84,Stage 2,2021-03-01
41.08,-71.370003,2021-04-28,cec008aa2-264e-d098-8f9d-11769636d229,USA,KELSI & MORGAN,TRAWLERS,FISHING,338386525,0.83,Stage 2,2021-04-01
41.07,-71.379997,2021-09-04,59d8ab6e8-88ae-3379-7957-c3cf5af17475,USA,HOPE AND SYDNEY,TRAWLERS,FISHING,367084070,2.3,Stage 2,2021-09-01
41.27,-71.410004,2021-09-19,f24e7875f-f61b-0cbe-f53f-b179dd5b9c21,USA,LINDA MARIE,TRAWLERS,FISHING,367588040,0.87,Stage 2,2021-09-01
41.2,-71.019997,2021-12-28,59c757235-5638-b364-a6ec-0694ac3f69c8,CAN,FISHIN ADDICTION 17,POLE_AND_LINE,FISHING,316036131,1.04,Stage 2,2021-12-01
41.03,-71.379997,2021-09-14,d2d4a7623-3cb5-3aed-65b0-0866a70bfbb3,USA,OCEAN STATE,TRAWLERS,FISHING,366278770,0.98,Stage 2,2021-09-01
41,-71.290001,2021-02-12,d2d6e0603-3a0e-48f4-32d2-a4d0565980c7,USA,MATTIE AND MAREN,TRAWLERS,FISHING,367415240,1.07,Stage 2,2021-02-01
41.07,-71.379997,2021-11-30,c11057b39-90b8-89c0-7f09-0f5a46f8d730,USA,BELL SKY,TRAWLERS,FISHING,367637420,7.19,Stage 2,2021-11-01
41,-71.029999,2021-05-08,cddaf9db4-4d38-6444-99df-1ffe3e476648,USA,SANDRA JANE,TRAWLERS,FISHING,367327960,0.48,Stage 2,2021-05-01
40.95,-71.379997,2021-08-26,b5c8f14ac-cc19-ce97-1589-8ed6d3b58f48,USA,STEPHANIE BRYAN,FISHING,FISHING,367428520,1.21,Stage 2,2021-08-01
41.02,-71.400002,2021-03-17,f24e7875f-f61b-0cbe-f53f-b179dd5b9c21,USA,LINDA MARIE,TRAWLERS,FISHING,367588040,1.87,Stage 2,2021-03-01
40.97,-71.080002,2021-06-30,cddaf9db4-4d38-6444-99df-1ffe3e476648,USA,SANDRA JANE,TRAWLERS,FISHING,367327960,0.85,Stage 2,2021-06-01
41.15,-71.290001,2021-11-06,d8bbf6380-05af-2b58-ca64-97ffb1eb319f,USA,ENTERPRISE,TRAWLERS,FISHING,367590310,1.48,Stage 2,2021-11-01
40.89,-71.129997,2021-05-15,fd96b30e3-3f77-f437-8122-20e7744dfdb4,USA,TIMBERLINE,DREDGE_FISHING,FISHING,367071460,0.55,Stage 2,2021-05-01
40.98,-71.290001,2021-08-07,943ab90cb-b546-44a3-62a6-6f2035449a91,USA,STORMY ELIZABETH,FISHING,FISHING,367151950,0.57,Stage 2,2021-08-01
41.14,-71.290001,2021-11-07,d8bbf6380-05af-2b58-ca64-97ffb1eb319f,USA,ENTERPRISE,TRAWLERS,FISHING,367590310,0.33,Stage 2,2021-11-01
41.21,-71.220001,2021-06-18,138335867-750f-7b39-06ff-645add8dbdc7,USA,BROOKE ELISE,TRAWLERS,FISHING,367687740,0.99,Stage 2,2021-06-01
40.95,-71.129997,2021-05-12,cddaf9db4-4d38-6444-99df-1ffe3e476648,USA,SANDRA JANE,TRAWLERS,FISHING,367327960,3.98,Stage 2,2021-05-01
41.12,-71.330002,2021-09-07,59d8ab6e8-88ae-3379-7957-c3cf5af17475,USA,HOPE AND SYDNEY,TRAWLERS,FISHING,367084070,0.52,Stage 2,2021-09-01
41.06,-71.379997,2021-10-18,138335867-750f-7b39-06ff-645add8dbdc7,USA,BROOKE ELISE,TRAWLERS,FISHING,367687740,3.33,Stage 2,2021-10-01
41.29,-71.400002,2021-10-20,d2d4a7623-3cb5-3aed-65b0-0866a70bfbb3,USA,OCEAN STATE,TRAWLERS,FISHING,366278770,1.06,Stage 2,2021-10-01
41.03,-71.169998,2021-10-14,90b9eaea0-018d-1eaf-4055-36b770057d04,USA,GAIL FRANCES,INCONCLUSIVE,FISHING,366940990,2.35,Stage 2,2021-10-01
41.32,-71.379997,2021-06-18,c9804fdb4-469e-7f30-0a3f-044b6cc74b65,USA,KAREN ANN,SET_GILLNETS,FISHING,367105250,0.52,Stage 2,2021-06-01
40.96,-71.269997,2021-04-13,59d8ab6e8-88ae-3379-7957-c3cf5af17475,USA,HOPE AND SYDNEY,TRAWLERS,FISHING,367084070,0.65,Stage 2,2021-04-01
40.96,-71.18,2021-06-01,fd96b30e3-3f77-f437-8122-20e7744dfdb4,USA,TIMBERLINE,DREDGE_FISHING,FISHING,367071460,0.87,Stage 2,2021-06-01
41.33,-71.410004,2021-10-23,6ae903a95-5315-4633-05e6-edfa6b61c787,USA,PROUD MARY,TRAWLERS,FISHING,368102540,0.96,Stage 2,2021-10-01
40.93,-71.029999,2021-08-18,bdf59862d-dee2-4d2f-0d97-4983bcb3d066,USA,NOAA GLORIA MICHELLE,TRAWLERS,FISHING,338066383,2.02,Stage 2,2021-08-01
41.07,-71.379997,2021-04-06,c11057b39-90b8-89c0-7f09-0f5a46f8d730,USA,BELL SKY,TRAWLERS,FISHING,367637420,0.92,Stage 2,2021-04-01
40.97,-71.199997,2021-04-24,d2d6e0603-3a0e-48f4-32d2-a4d0565980c7,USA,MATTIE AND MAREN,TRAWLERS,FISHING,367415240,1.07,Stage 2,2021-04-01
40.94,-71.059998,2021-05-13,cddaf9db4-4d38-6444-99df-1ffe3e476648,USA,SANDRA JANE,TRAWLERS,FISHING,367327960,1.07,Stage 2,2021-05-01
41.12,-71.120003,2021-09-09,424ad7c3c-c348-dbea-5de8-e6c0e3f87214,USA,CONOR AND MICHAEL,TRAWLERS,FISHING,367301540,0.37,Stage 2,2021-09-01
40.96,-71.099998,2021-07-02,cddaf9db4-4d38-6444-99df-1ffe3e476648,USA,SANDRA JANE,TRAWLERS,FISHING,367327960,1.07,Stage 2,2021-07-01
40.93,-70.760002,2021-09-09,424ad7c3c-c348-dbea-5de8-e6c0e3f87214,USA,CONOR AND MICHAEL,TRAWLERS,FISHING,367301540,7.43,Stage 2,2021-09-01
41.1,-71.349998,2021-09-04,59d8ab6e8-88ae-3379-7957-c3cf5af17475,USA,HOPE AND SYDNEY,TRAWLERS,FISHING,367084070,1.6,Stage 2,2021-09-01
40.94,-71.059998,2021-05-09,cddaf9db4-4d38-6444-99df-1ffe3e476648,USA,SANDRA JANE,TRAWLERS,FISHING,367327960,0.88,Stage 2,2021-05-01
41.05,-71.379997,2021-10-16,138335867-750f-7b39-06ff-645add8dbdc7,USA,BROOKE ELISE,TRAWLERS,FISHING,367687740,1.47,Stage 2,2021-10-01
40.97,-71.120003,2021-05-14,cddaf9db4-4d38-6444-99df-1ffe3e476648,USA,SANDRA JANE,TRAWLERS,FISHING,367327960,0.34,Stage 2,2021-05-01
41.13,-71.32,2021-09-16,d2d4a7623-3cb5-3aed-65b0-0866a70bfbb3,USA,OCEAN STATE,TRAWLERS,FISHING,366278770,1.49,Stage 2,2021-09-01
41.1,-71.349998,2021-05-08,d8bbf6380-05af-2b58-ca64-97ffb1eb319f,USA,ENTERPRISE,TRAWLERS,FISHING,367590310,0.93,Stage 2,2021-05-01
40.92,-71.379997,2021-03-11,cec008aa2-264e-d098-8f9d-11769636d229,USA,KELSI & MORGAN,TRAWLERS,FISHING,338386525,0.89,Stage 2,2021-03-01
40.95,-71.32,2021-10-17,c11057b39-90b8-89c0-7f09-0f5a46f8d730,USA,BELL SKY,TRAWLERS,FISHING,367637420,2.8,Stage 2,2021-10-01
41.11,-71.339996,2021-09-11,d2d4a7623-3cb5-3aed-65b0-0866a70bfbb3,USA,OCEAN STATE,TRAWLERS,FISHING,366278770,1.35,Stage 2,2021-09-01
41.07,-71.379997,2021-09-14,d2d4a7623-3cb5-3aed-65b0-0866a70bfbb3,USA,OCEAN STATE,TRAWLERS,FISHING,366278770,0.38,Stage 2,2021-09-01
40.97,-71.209999,2021-09-14,fd96b30e3-3f77-f437-8122-20e7744dfdb4,USA,TIMBERLINE,DREDGE_FISHING,FISHING,367071460,10.04,Stage 2,2021-09-01
41.07,-71.379997,2021-09-03,59d8ab6e8-88ae-3379-7957-c3cf5af17475,USA,HOPE AND SYDNEY,TRAWLERS,FISHING,367084070,0.52,Stage 2,2021-09-01
41.05,-71.389999,2021-09-10,90b9eaea0-018d-1eaf-4055-36b770057d04,USA,GAIL FRANCES,INCONCLUSIVE,FISHING,366940990,2.62,Stage 2,2021-09-01
41.2,-71.279999,2021-03-11,410f103b3-3bf1-c50e-50ee-18fb85c0b8b9,USA,RAYDA CHERAMIE,FISHING,FISHING,366947090,4.06,Stage 2,2021-03-01
40.96,-71.160004,2021-05-17,fd96b30e3-3f77-f437-8122-20e7744dfdb4,USA,TIMBERLINE,DREDGE_FISHING,FISHING,367071460,0.88,Stage 2,2021-05-01
41.04,-71.379997,2021-11-14,f24e7875f-f61b-0cbe-f53f-b179dd5b9c21,USA,LINDA MARIE,TRAWLERS,FISHING,367588040,1.12,Stage 2,2021-11-01
40.96,-71.309998,2021-07-15,4f95fa8d9-93bb-0748-e166-751a185af5c2,USA,BLUE MOON,FISHING,FISHING,338251733,1.94,Stage 2,2021-07-01
41.3,-71.400002,2021-12-17,d2d4a7623-3cb5-3aed-65b0-0866a70bfbb3,USA,OCEAN STATE,TRAWLERS,FISHING,366278770,1.11,Stage 2,2021-12-01
40.97,-71.239998,2021-04-24,d2d6e0603-3a0e-48f4-32d2-a4d0565980c7,USA,MATTIE AND MAREN,TRAWLERS,FISHING,367415240,0.5,Stage 2,2021-04-01
41.39,-71.279999,2021-08-19,2326efd2e-ef2b-34f0-f4e7-9a078f8cb4c4,USA,BELL SKY,TRAWLERS,FISHING,367637420,1.54,Stage 2,2021-08-01
41.08,-71.370003,2021-09-16,59d8ab6e8-88ae-3379-7957-c3cf5af17475,USA,HOPE AND SYDNEY,TRAWLERS,FISHING,367084070,1.52,Stage 2,2021-09-01
41.11,-71.32,2021-06-15,138335867-750f-7b39-06ff-645add8dbdc7,USA,BROOKE ELISE,TRAWLERS,FISHING,367687740,9.06,Stage 2,2021-06-01
41.31,-71.400002,2021-04-24,d2d4a7623-3cb5-3aed-65b0-0866a70bfbb3,USA,OCEAN STATE,TRAWLERS,FISHING,366278770,1.28,Stage 2,2021-04-01
41.1,-71.120003,2021-03-18,0145509de-ed6b-9073-9887-0af2b28b0534,USA,MR G,POTS_AND_TRAPS,FISHING,338229941,0.45,Stage 2,2021-03-01
40.95,-71.139999,2021-05-12,cddaf9db4-4d38-6444-99df-1ffe3e476648,USA,SANDRA JANE,TRAWLERS,FISHING,367327960,1.94,Stage 2,2021-05-01
41.08,-71.379997,2021-11-10,cec008aa2-264e-d098-8f9d-11769636d229,USA,KELSI & MORGAN,TRAWLERS,FISHING,338386525,1.12,Stage 2,2021-11-01
41.28,-71.400002,2021-05-06,8f987fea1-1754-c256-8d02-c8079a35624d,USA,RAYNA AND KERSTIN,TRAWLERS,FISHING,368102710,0.91,Stage 2,2021-05-01
41.31,-71.379997,2021-06-18,c9804fdb4-469e-7f30-0a3f-044b6cc74b65,USA,KAREN ANN,SET_GILLNETS,FISHING,367105250,0.81,Stage 2,2021-06-01
41.05,-71.389999,2021-03-16,6ae903a95-5315-4633-05e6-edfa6b61c787,USA,PROUD MARY,TRAWLERS,FISHING,368102540,0.82,Stage 2,2021-03-01
41.35,-71.290001,2021-05-24,ff3830e6a-a93e-1d34-b439-f9f742984f72,USA,DARANA R,FISHING,FISHING,367174730,0.6,Stage 2,2021-05-01
40.95,-71.150002,2021-07-02,cddaf9db4-4d38-6444-99df-1ffe3e476648,USA,SANDRA JANE,TRAWLERS,FISHING,367327960,0.38,Stage 2,2021-07-01
41.13,-71.309998,2021-09-13,d8bbf6380-05af-2b58-ca64-97ffb1eb319f,USA,ENTERPRISE,TRAWLERS,FISHING,367590310,0.83,Stage 2,2021-09-01
41.05,-71.379997,2021-05-24,94a980510-01b3-625f-8524-0b3b93600b8c,USA,CODY,TRAWLERS,FISHING,367190280,0.6,Stage 2,2021-05-01
41.18,-70.940002,2021-07-21,dc7503a12-2012-2b23-c830-41a97164309d,USA,CHARLIES PRIDE,TRAWLERS,FISHING,366472920,0.7,Stage 2,2021-07-01
41.38,-71.260002,2021-07-13,6ae903a95-5315-4633-05e6-edfa6b61c787,USA,PROUD MARY,TRAWLERS,FISHING,368102540,0.84,Stage 2,2021-07-01
41,-71.32,2021-02-09,878d8ec33-3351-7124-10c9-1dc7eef5105d,USA,ESTRELA DOMAR,TRAWLERS,FISHING,367999140,3.3,Stage 2,2021-02-01
41.09,-71.370003,2021-10-15,cec008aa2-264e-d098-8f9d-11769636d229,USA,KELSI & MORGAN,TRAWLERS,FISHING,338386525,0.82,Stage 2,2021-10-01
40.97,-71.089996,2021-06-30,cddaf9db4-4d38-6444-99df-1ffe3e476648,USA,SANDRA JANE,TRAWLERS,FISHING,367327960,1.15,Stage 2,2021-06-01
40.91,-71.160004,2021-05-15,fd96b30e3-3f77-f437-8122-20e7744dfdb4,USA,TIMBERLINE,DREDGE_FISHING,FISHING,367071460,1,Stage 2,2021-05-01
41.07,-71.379997,2021-05-14,d8bbf6380-05af-2b58-ca64-97ffb1eb319f,USA,ENTERPRISE,TRAWLERS,FISHING,367590310,0.95,Stage 2,2021-05-01
41.06,-71.379997,2021-10-05,2326efd2e-ef2b-34f0-f4e7-9a078f8cb4c4,USA,BELL SKY,TRAWLERS,FISHING,367637420,0.62,Stage 2,2021-10-01
41.09,-71.360001,2021-09-18,59d8ab6e8-88ae-3379-7957-c3cf5af17475,USA,HOPE AND SYDNEY,TRAWLERS,FISHING,367084070,1.25,Stage 2,2021-09-01
41.11,-71.339996,2021-11-18,c11057b39-90b8-89c0-7f09-0f5a46f8d730,USA,BELL SKY,TRAWLERS,FISHING,367637420,1.73,Stage 2,2021-11-01
41.36,-71.25,2021-11-01,c11057b39-90b8-89c0-7f09-0f5a46f8d730,USA,BELL SKY,TRAWLERS,FISHING,367637420,1.19,Stage 2,2021-11-01
40.98,-71.089996,2021-05-08,cddaf9db4-4d38-6444-99df-1ffe3e476648,USA,SANDRA JANE,TRAWLERS,FISHING,367327960,0.96,Stage 2,2021-05-01
40.95,-71.07,2021-05-06,cddaf9db4-4d38-6444-99df-1ffe3e476648,USA,SANDRA JANE,TRAWLERS,FISHING,367327960,2.27,Stage 2,2021-05-01
41.08,-71.370003,2021-04-28,d2d6e0603-3a0e-48f4-32d2-a4d0565980c7,USA,MATTIE AND MAREN,TRAWLERS,FISHING,367415240,0.79,Stage 2,2021-04-01
40.98,-71.129997,2021-07-02,cddaf9db4-4d38-6444-99df-1ffe3e476648,USA,SANDRA JANE,TRAWLERS,FISHING,367327960,0.83,Stage 2,2021-07-01
41.1,-71.099998,2021-06-17,0145509de-ed6b-9073-9887-0af2b28b0534,USA,MR G,POTS_AND_TRAPS,FISHING,338229941,1.09,Stage 2,2021-06-01
40.95,-71.269997,2021-08-26,b5c8f14ac-cc19-ce97-1589-8ed6d3b58f48,USA,STEPHANIE BRYAN,FISHING,FISHING,367428520,1.2,Stage 2,2021-08-01
41.06,-71.370003,2021-06-18,cb559898a-aba5-5632-5426-e3f2bbd4fba7,USA,TRANQUILITY,POLE_AND_LINE,FISHING,338215127,1.16,Stage 2,2021-06-01
41.11,-71.190002,2021-06-18,01cb82c60-0ac5-1e19-f436-98a40a63f1a5,USA,WATERPROOF,POLE_AND_LINE,FISHING,338019005,1.04,Stage 2,2021-06-01
40.94,-71.360001,2021-09-01,2326efd2e-ef2b-34f0-f4e7-9a078f8cb4c4,USA,BELL SKY,TRAWLERS,FISHING,367637420,2.21,Stage 2,2021-09-01
41.23,-71.160004,2021-06-18,d8bbf6380-05af-2b58-ca64-97ffb1eb319f,USA,ENTERPRISE,TRAWLERS,FISHING,367590310,5.55,Stage 2,2021-06-01
41.05,-71.389999,2021-08-10,a250a6240-0f62-238e-2f2f-314e5cfca037,USA,SWAGGY B,TRAWLERS,FISHING,367767950,0.52,Stage 2,2021-08-01
41.05,-71.379997,2021-05-15,d8bbf6380-05af-2b58-ca64-97ffb1eb319f,USA,ENTERPRISE,TRAWLERS,FISHING,367590310,0.36,Stage 2,2021-05-01
41.12,-71.330002,2021-12-29,44752569c-c00c-da61-1898-4d62b6314a40,USA,VIRGINIA MARISE,TRAWLERS,FISHING,367145360,0.7,Stage 2,2021-12-01
40.96,-71.32,2021-04-14,f24e7875f-f61b-0cbe-f53f-b179dd5b9c21,USA,LINDA MARIE,TRAWLERS,FISHING,367588040,0.93,Stage 2,2021-04-01
41,-71.300003,2021-03-25,d2d6e0603-3a0e-48f4-32d2-a4d0565980c7,USA,MATTIE AND MAREN,TRAWLERS,FISHING,367415240,3.39,Stage 2,2021-03-01
41.13,-71.309998,2021-04-28,c9804fdb4-469e-7f30-0a3f-044b6cc74b65,USA,KAREN ANN,SET_GILLNETS,FISHING,367105250,0.6,Stage 2,2021-04-01
41.05,-70.889999,2021-06-18,5de80cab6-6aec-304e-26ae-db65198e00ce,USA,PERSISTENCE,POLE_AND_LINE,FISHING,368107450,0.88,Stage 2,2021-06-01
41.01,-71.32,2021-03-31,f24e7875f-f61b-0cbe-f53f-b179dd5b9c21,USA,LINDA MARIE,TRAWLERS,FISHING,367588040,0.92,Stage 2,2021-03-01
41.23,-71.18,2021-06-17,d8bbf6380-05af-2b58-ca64-97ffb1eb319f,USA,ENTERPRISE,TRAWLERS,FISHING,367590310,0.79,Stage 2,2021-06-01
41.05,-71.389999,2021-09-13,90b9eaea0-018d-1eaf-4055-36b770057d04,USA,GAIL FRANCES,INCONCLUSIVE,FISHING,366940990,5.11,Stage 2,2021-09-01
41.11,-71.330002,2021-04-24,d2d6e0603-3a0e-48f4-32d2-a4d0565980c7,USA,MATTIE AND MAREN,TRAWLERS,FISHING,367415240,0.9,Stage 2,2021-04-01
40.95,-71.400002,2021-08-02,82a8bb0b8-8fc6-7817-fc67-bf26721a5738,USA,LIFE IS GOOD,POLE_AND_LINE,FISHING,368090290,1.05,Stage 2,2021-08-01
41.2,-70.940002,2021-08-14,801708294-444d-635b-257a-9ba1ab825c3d,USA,M.F. HY-GRADER,TRAWLERS,FISHING,368088750,1.22,Stage 2,2021-08-01
40.9,-71.110001,2021-05-15,fd96b30e3-3f77-f437-8122-20e7744dfdb4,USA,TIMBERLINE,DREDGE_FISHING,FISHING,367071460,0.67,Stage 2,2021-05-01
41.08,-71.379997,2021-05-06,94a980510-01b3-625f-8524-0b3b93600b8c,USA,CODY,TRAWLERS,FISHING,367190280,1.92,Stage 2,2021-05-01
41.11,-71.330002,2021-04-28,cec008aa2-264e-d098-8f9d-11769636d229,USA,KELSI & MORGAN,TRAWLERS,FISHING,338386525,3.25,Stage 2,2021-04-01
40.93,-70.730003,2021-05-21,460bff8bc-c729-20f5-5a0e-e2a0612007e1,USA,ANN MARIE,SET_GILLNETS,FISHING,338132083,1.17,Stage 2,2021-05-01
41.01,-71.099998,2021-09-07,f6405ef4d-d2a7-9ddf-71f9-3f8ee67fb458,USA,CAPT JOHN,TRAWLERS,FISHING,368114490,5.65,Stage 2,2021-09-01
41.02,-71.400002,2021-03-30,f24e7875f-f61b-0cbe-f53f-b179dd5b9c21,USA,LINDA MARIE,TRAWLERS,FISHING,367588040,0.93,Stage 2,2021-03-01
40.95,-71.089996,2021-05-05,cddaf9db4-4d38-6444-99df-1ffe3e476648,USA,SANDRA JANE,TRAWLERS,FISHING,367327960,0.92,Stage 2,2021-05-01
40.97,-71.339996,2021-08-03,4f95fa8d9-93bb-0748-e166-751a185af5c2,USA,BLUE MOON,FISHING,FISHING,338251733,1.2,Stage 2,2021-08-01
41.14,-71.32,2021-05-14,d8bbf6380-05af-2b58-ca64-97ffb1eb319f,USA,ENTERPRISE,TRAWLERS,FISHING,367590310,0.84,Stage 2,2021-05-01
41.35,-71.25,2021-11-22,c11057b39-90b8-89c0-7f09-0f5a46f8d730,USA,BELL SKY,TRAWLERS,FISHING,367637420,3.54,Stage 2,2021-11-01
41.03,-71.18,2021-10-14,90b9eaea0-018d-1eaf-4055-36b770057d04,USA,GAIL FRANCES,INCONCLUSIVE,FISHING,366940990,1.35,Stage 2,2021-10-01
41.09,-71.370003,2021-09-08,59d8ab6e8-88ae-3379-7957-c3cf5af17475,USA,HOPE AND SYDNEY,TRAWLERS,FISHING,367084070,0.89,Stage 2,2021-09-01
40.98,-71.389999,2021-03-16,f24e7875f-f61b-0cbe-f53f-b179dd5b9c21,USA,LINDA MARIE,TRAWLERS,FISHING,367588040,1.85,Stage 2,2021-03-01
40.94,-71.089996,2021-05-11,cddaf9db4-4d38-6444-99df-1ffe3e476648,USA,SANDRA JANE,TRAWLERS,FISHING,367327960,1.69,Stage 2,2021-05-01
40.98,-71.300003,2021-04-11,d2d4a7623-3cb5-3aed-65b0-0866a70bfbb3,USA,OCEAN STATE,TRAWLERS,FISHING,366278770,0.91,Stage 2,2021-04-01
40.95,-71.080002,2021-05-08,cddaf9db4-4d38-6444-99df-1ffe3e476648,USA,SANDRA JANE,TRAWLERS,FISHING,367327960,3.43,Stage 2,2021-05-01
41.03,-71.400002,2021-11-30,c11057b39-90b8-89c0-7f09-0f5a46f8d730,USA,BELL SKY,TRAWLERS,FISHING,367637420,7.63,Stage 2,2021-11-01
41.06,-71.379997,2021-09-11,d2d4a7623-3cb5-3aed-65b0-0866a70bfbb3,USA,OCEAN STATE,TRAWLERS,FISHING,366278770,1.52,Stage 2,2021-09-01
41.06,-70.970001,2021-04-10,fd96b30e3-3f77-f437-8122-20e7744dfdb4,USA,TIMBERLINE,DREDGE_FISHING,FISHING,367071460,4.1,Stage 2,2021-04-01
41.15,-71.349998,2021-07-24,2326efd2e-ef2b-34f0-f4e7-9a078f8cb4c4,USA,BELL SKY,TRAWLERS,FISHING,367637420,0.4,Stage 2,2021-07-01
41.07,-71.389999,2021-06-02,f6405ef4d-d2a7-9ddf-71f9-3f8ee67fb458,USA,CAPT JOHN,TRAWLERS,FISHING,368114490,0.43,Stage 2,2021-06-01
41.11,-71.349998,2021-02-26,e5ad57b2d-d250-3691-821a-3d9e8d932fef,USA,SEVEN B S V,TRAWLERS,FISHING,367052470,0.75,Stage 2,2021-02-01
41.34,-71.239998,2021-11-03,c11057b39-90b8-89c0-7f09-0f5a46f8d730,USA,BELL SKY,TRAWLERS,FISHING,367637420,1.47,Stage 2,2021-11-01
41.02,-71.389999,2021-03-31,f24e7875f-f61b-0cbe-f53f-b179dd5b9c21,USA,LINDA MARIE,TRAWLERS,FISHING,367588040,0.53,Stage 2,2021-03-01
41.23,-71.139999,2021-06-12,94a980510-01b3-625f-8524-0b3b93600b8c,USA,CODY,TRAWLERS,FISHING,367190280,1.55,Stage 2,2021-06-01
41.32,-71.400002,2021-10-01,6ae903a95-5315-4633-05e6-edfa6b61c787,USA,PROUD MARY,TRAWLERS,FISHING,368102540,0.91,Stage 2,2021-10-01
41.13,-71.330002,2021-09-18,59d8ab6e8-88ae-3379-7957-c3cf5af17475,USA,HOPE AND SYDNEY,TRAWLERS,FISHING,367084070,1.22,Stage 2,2021-09-01
41.04,-71.400002,2021-01-31,287fc1cbf-fbc0-3baa-ae98-f20768f5d10f,USA,VIKING STARSHIP,PASSENGER,PASSENGER,367661740,0.93,Stage 2,2021-01-01
41.07,-71.370003,2021-09-06,59d8ab6e8-88ae-3379-7957-c3cf5af17475,USA,HOPE AND SYDNEY,TRAWLERS,FISHING,367084070,1.57,Stage 2,2021-09-01
40.96,-71.120003,2021-07-02,cddaf9db4-4d38-6444-99df-1ffe3e476648,USA,SANDRA JANE,TRAWLERS,FISHING,367327960,2.11,Stage 2,2021-07-01
41.38,-71.269997,2021-08-27,d2d6e0603-3a0e-48f4-32d2-a4d0565980c7,USA,MATTIE AND MAREN,TRAWLERS,FISHING,367415240,0.97,Stage 2,2021-08-01
41.29,-71.400002,2021-08-31,6ae903a95-5315-4633-05e6-edfa6b61c787,USA,PROUD MARY,TRAWLERS,FISHING,368102540,0.84,Stage 2,2021-08-01
41.12,-71.300003,2021-10-19,d8bbf6380-05af-2b58-ca64-97ffb1eb319f,USA,ENTERPRISE,TRAWLERS,FISHING,367590310,0.81,Stage 2,2021-10-01
40.95,-71.370003,2021-08-27,82a8bb0b8-8fc6-7817-fc67-bf26721a5738,USA,LIFE IS GOOD,POLE_AND_LINE,FISHING,368090290,3.48,Stage 2,2021-08-01
41.21,-71.25,2021-07-19,138335867-750f-7b39-06ff-645add8dbdc7,USA,BROOKE ELISE,TRAWLERS,FISHING,367687740,6.86,Stage 2,2021-07-01
40.95,-71.150002,2021-05-12,cddaf9db4-4d38-6444-99df-1ffe3e476648,USA,SANDRA JANE,TRAWLERS,FISHING,367327960,1.07,Stage 2,2021-05-01
41.12,-71.300003,2021-11-04,d8bbf6380-05af-2b58-ca64-97ffb1eb319f,USA,ENTERPRISE,TRAWLERS,FISHING,367590310,2.25,Stage 2,2021-11-01
41.35,-71.239998,2021-08-04,2326efd2e-ef2b-34f0-f4e7-9a078f8cb4c4,USA,BELL SKY,TRAWLERS,FISHING,367637420,1.32,Stage 2,2021-08-01
40.89,-70.989998,2021-05-21,c807dc5db-b12d-7ea3-c70e-ff88529f864d,USA,NA,SET_GILLNETS,FISHING,367118070,0.64,Stage 2,2021-05-01
41.13,-71.309998,2021-08-25,c9804fdb4-469e-7f30-0a3f-044b6cc74b65,USA,KAREN ANN,SET_GILLNETS,FISHING,367105250,2,Stage 2,2021-08-01
40.97,-71.110001,2021-07-01,cddaf9db4-4d38-6444-99df-1ffe3e476648,USA,SANDRA JANE,TRAWLERS,FISHING,367327960,2.2,Stage 2,2021-07-01
41.36,-71.120003,2021-01-30,cbfafe985-5d2a-7d35-bd3d-0b5997544a89,USA,OLIVIA CATHERINE,TRAWLERS,FISHING,366186640,0.82,Stage 2,2021-01-01
41.09,-71.370003,2021-04-29,cec008aa2-264e-d098-8f9d-11769636d229,USA,KELSI & MORGAN,TRAWLERS,FISHING,338386525,1.12,Stage 2,2021-04-01
40.92,-71.389999,2021-11-17,b55b1fc75-5ca4-e97b-7e71-e40ed228c37a,USA,SEA WATCHER II,DREDGE_FISHING,FISHING,367788350,0.95,Stage 2,2021-11-01
41.05,-71.379997,2021-09-10,d2d4a7623-3cb5-3aed-65b0-0866a70bfbb3,USA,OCEAN STATE,TRAWLERS,FISHING,366278770,1.22,Stage 2,2021-09-01
40.97,-71.199997,2021-07-16,fd96b30e3-3f77-f437-8122-20e7744dfdb4,USA,TIMBERLINE,DREDGE_FISHING,FISHING,367071460,2.25,Stage 2,2021-07-01
40.96,-71.25,2021-04-24,d2d6e0603-3a0e-48f4-32d2-a4d0565980c7,USA,MATTIE AND MAREN,TRAWLERS,FISHING,367415240,1.13,Stage 2,2021-04-01
41.22,-71.209999,2021-08-31,d8bbf6380-05af-2b58-ca64-97ffb1eb319f,USA,ENTERPRISE,TRAWLERS,FISHING,367590310,0.87,Stage 2,2021-08-01
41.05,-71.389999,2021-10-21,90b9eaea0-018d-1eaf-4055-36b770057d04,USA,GAIL FRANCES,INCONCLUSIVE,FISHING,366940990,3.04,Stage 2,2021-10-01
41.05,-71.389999,2021-09-09,59d8ab6e8-88ae-3379-7957-c3cf5af17475,USA,HOPE AND SYDNEY,TRAWLERS,FISHING,367084070,2.65,Stage 2,2021-09-01
41.01,-71.230003,2021-03-30,d2d4a7623-3cb5-3aed-65b0-0866a70bfbb3,USA,OCEAN STATE,TRAWLERS,FISHING,366278770,0.85,Stage 2,2021-03-01
41.07,-71.379997,2021-09-11,d2d4a7623-3cb5-3aed-65b0-0866a70bfbb3,USA,OCEAN STATE,TRAWLERS,FISHING,366278770,0.45,Stage 2,2021-09-01
41.03,-71.370003,2021-01-31,6ae903a95-5315-4633-05e6-edfa6b61c787,USA,PROUD MARY,TRAWLERS,FISHING,368102540,0.85,Stage 2,2021-01-01
40.97,-71.190002,2021-06-07,fd96b30e3-3f77-f437-8122-20e7744dfdb4,USA,TIMBERLINE,DREDGE_FISHING,FISHING,367071460,2.05,Stage 2,2021-06-01
40.95,-71.089996,2021-05-08,cddaf9db4-4d38-6444-99df-1ffe3e476648,USA,SANDRA JANE,TRAWLERS,FISHING,367327960,1.09,Stage 2,2021-05-01
41.08,-71.370003,2021-09-04,59d8ab6e8-88ae-3379-7957-c3cf5af17475,USA,HOPE AND SYDNEY,TRAWLERS,FISHING,367084070,1.57,Stage 2,2021-09-01
41.05,-71.389999,2021-12-05,0f6f9408d-da22-0c23-aab7-cbd167b479af,USA,VIKING STAR,PASSENGER,PASSENGER,367337990,1.41,Stage 2,2021-12-01
41.07,-71.379997,2021-04-28,cec008aa2-264e-d098-8f9d-11769636d229,USA,KELSI & MORGAN,TRAWLERS,FISHING,338386525,2.06,Stage 2,2021-04-01
41.14,-71.300003,2021-11-11,d8bbf6380-05af-2b58-ca64-97ffb1eb319f,USA,ENTERPRISE,TRAWLERS,FISHING,367590310,1.1,Stage 2,2021-11-01
40.94,-71.059998,2021-05-06,cddaf9db4-4d38-6444-99df-1ffe3e476648,USA,SANDRA JANE,TRAWLERS,FISHING,367327960,1.96,Stage 2,2021-05-01
40.94,-71.080002,2021-05-11,cddaf9db4-4d38-6444-99df-1ffe3e476648,USA,SANDRA JANE,TRAWLERS,FISHING,367327960,2.49,Stage 2,2021-05-01
41.14,-71.290001,2021-11-09,d8bbf6380-05af-2b58-ca64-97ffb1eb319f,USA,ENTERPRISE,TRAWLERS,FISHING,367590310,0.98,Stage 2,2021-11-01
41.24,-71.32,2021-06-13,138335867-750f-7b39-06ff-645add8dbdc7,USA,BROOKE ELISE,TRAWLERS,FISHING,367687740,5.28,Stage 2,2021-06-01
41.12,-71.360001,2021-09-17,59d8ab6e8-88ae-3379-7957-c3cf5af17475,USA,HOPE AND SYDNEY,TRAWLERS,FISHING,367084070,0.91,Stage 2,2021-09-01
41.35,-71.25,2021-11-17,c11057b39-90b8-89c0-7f09-0f5a46f8d730,USA,BELL SKY,TRAWLERS,FISHING,367637420,3.7,Stage 2,2021-11-01
41.01,-71.330002,2021-02-09,878d8ec33-3351-7124-10c9-1dc7eef5105d,USA,ESTRELA DOMAR,TRAWLERS,FISHING,367999140,1.85,Stage 2,2021-02-01
41.21,-71.300003,2021-09-27,19fd51370-0d8b-90d7-574f-518a7d14808d,USA,SUSAN MARIE,FISHING,FISHING,367352170,0.6,Stage 2,2021-09-01
40.94,-70.760002,2021-08-18,bdf59862d-dee2-4d2f-0d97-4983bcb3d066,USA,NOAA GLORIA MICHELLE,TRAWLERS,FISHING,338066383,0.94,Stage 2,2021-08-01
41.13,-71.32,2021-05-07,d8bbf6380-05af-2b58-ca64-97ffb1eb319f,USA,ENTERPRISE,TRAWLERS,FISHING,367590310,1.67,Stage 2,2021-05-01
40.99,-71.07,2021-07-02,cddaf9db4-4d38-6444-99df-1ffe3e476648,USA,SANDRA JANE,TRAWLERS,FISHING,367327960,0.5,Stage 2,2021-07-01
41.05,-71.400002,2021-09-10,90b9eaea0-018d-1eaf-4055-36b770057d04,USA,GAIL FRANCES,INCONCLUSIVE,FISHING,366940990,1.13,Stage 2,2021-09-01
40.94,-71.139999,2021-05-13,cddaf9db4-4d38-6444-99df-1ffe3e476648,USA,SANDRA JANE,TRAWLERS,FISHING,367327960,0.82,Stage 2,2021-05-01
41.25,-71.07,2021-08-04,d8bbf6380-05af-2b58-ca64-97ffb1eb319f,USA,ENTERPRISE,TRAWLERS,FISHING,367590310,1.39,Stage 2,2021-08-01
41.1,-71.129997,2021-02-11,0145509de-ed6b-9073-9887-0af2b28b0534,USA,MR G,POTS_AND_TRAPS,FISHING,338229941,0.8,Stage 2,2021-02-01
40.94,-71.139999,2021-05-09,cddaf9db4-4d38-6444-99df-1ffe3e476648,USA,SANDRA JANE,TRAWLERS,FISHING,367327960,1.76,Stage 2,2021-05-01
41.2,-71.349998,2021-08-04,c9804fdb4-469e-7f30-0a3f-044b6cc74b65,USA,KAREN ANN,SET_GILLNETS,FISHING,367105250,0.89,Stage 2,2021-08-01
41.07,-71.379997,2021-11-08,59d8ab6e8-88ae-3379-7957-c3cf5af17475,USA,HOPE AND SYDNEY,TRAWLERS,FISHING,367084070,1.12,Stage 2,2021-11-01
41.36,-71.25,2021-12-04,c11057b39-90b8-89c0-7f09-0f5a46f8d730,USA,BELL SKY,TRAWLERS,FISHING,367637420,1.13,Stage 2,2021-12-01
40.94,-71.379997,2021-07-25,2326efd2e-ef2b-34f0-f4e7-9a078f8cb4c4,USA,BELL SKY,TRAWLERS,FISHING,367637420,5.1,Stage 2,2021-07-01
41.05,-71.379997,2021-09-15,59d8ab6e8-88ae-3379-7957-c3cf5af17475,USA,HOPE AND SYDNEY,TRAWLERS,FISHING,367084070,3.08,Stage 2,2021-09-01
40.95,-71.129997,2021-07-02,cddaf9db4-4d38-6444-99df-1ffe3e476648,USA,SANDRA JANE,TRAWLERS,FISHING,367327960,1.37,Stage 2,2021-07-01
40.94,-71.029999,2021-05-09,cddaf9db4-4d38-6444-99df-1ffe3e476648,USA,SANDRA JANE,TRAWLERS,FISHING,367327960,1.02,Stage 2,2021-05-01
41.28,-71.410004,2021-11-09,c11057b39-90b8-89c0-7f09-0f5a46f8d730,USA,BELL SKY,TRAWLERS,FISHING,367637420,0.95,Stage 2,2021-11-01
41.13,-71.300003,2021-11-10,d8bbf6380-05af-2b58-ca64-97ffb1eb319f,USA,ENTERPRISE,TRAWLERS,FISHING,367590310,0.43,Stage 2,2021-11-01
40.96,-71.290001,2021-08-11,2326efd2e-ef2b-34f0-f4e7-9a078f8cb4c4,USA,BELL SKY,TRAWLERS,FISHING,367637420,2.83,Stage 2,2021-08-01
41,-71.379997,2021-03-04,6ae903a95-5315-4633-05e6-edfa6b61c787,USA,PROUD MARY,TRAWLERS,FISHING,368102540,1.43,Stage 2,2021-03-01
41.23,-70.959999,2021-08-11,94a980510-01b3-625f-8524-0b3b93600b8c,USA,CODY,TRAWLERS,FISHING,367190280,0.52,Stage 2,2021-08-01
41.1,-71.349998,2021-03-24,c11057b39-90b8-89c0-7f09-0f5a46f8d730,USA,BELL SKY,TRAWLERS,FISHING,367637420,1.72,Stage 2,2021-03-01
41.1,-71.209999,2021-01-14,0145509de-ed6b-9073-9887-0af2b28b0534,USA,MR G,POTS_AND_TRAPS,FISHING,338229941,0.36,Stage 2,2021-01-01
40.96,-71.110001,2021-07-03,cddaf9db4-4d38-6444-99df-1ffe3e476648,USA,SANDRA JANE,TRAWLERS,FISHING,367327960,3.06,Stage 2,2021-07-01
40.95,-71.349998,2021-03-30,c11057b39-90b8-89c0-7f09-0f5a46f8d730,USA,BELL SKY,TRAWLERS,FISHING,367637420,0.38,Stage 2,2021-03-01
41.03,-71.389999,2021-03-24,7380f0ab3-32c7-d8a7-6e0f-c0283d022f87,USA,F/V INCENTIVE,TRAWLERS,FISHING,367435050,0.87,Stage 2,2021-03-01
41.25,-71.290001,2021-06-24,138335867-750f-7b39-06ff-645add8dbdc7,USA,BROOKE ELISE,TRAWLERS,FISHING,367687740,6.96,Stage 2,2021-06-01
41.14,-71.370003,2021-09-04,59d8ab6e8-88ae-3379-7957-c3cf5af17475,USA,HOPE AND SYDNEY,TRAWLERS,FISHING,367084070,0.33,Stage 2,2021-09-01
40.95,-71.120003,2021-05-04,cddaf9db4-4d38-6444-99df-1ffe3e476648,USA,SANDRA JANE,TRAWLERS,FISHING,367327960,3.03,Stage 2,2021-05-01
41.28,-71.410004,2021-10-05,ff3830e6a-a93e-1d34-b439-f9f742984f72,USA,DARANA R,FISHING,FISHING,367174730,1.14,Stage 2,2021-10-01
41.13,-71.300003,2021-05-08,94a980510-01b3-625f-8524-0b3b93600b8c,USA,CODY,TRAWLERS,FISHING,367190280,3.32,Stage 2,2021-05-01
41.07,-70.889999,2021-07-11,cb559898a-aba5-5632-5426-e3f2bbd4fba7,USA,TRANQUILITY,POLE_AND_LINE,FISHING,338215127,1.57,Stage 2,2021-07-01
41.18,-70.889999,2021-07-12,90b9eaea0-018d-1eaf-4055-36b770057d04,USA,GAIL FRANCES,INCONCLUSIVE,FISHING,366940990,1.05,Stage 2,2021-07-01
40.97,-71.089996,2021-05-06,cddaf9db4-4d38-6444-99df-1ffe3e476648,USA,SANDRA JANE,TRAWLERS,FISHING,367327960,0.9,Stage 2,2021-05-01
41.05,-71.379997,2021-09-07,59d8ab6e8-88ae-3379-7957-c3cf5af17475,USA,HOPE AND SYDNEY,TRAWLERS,FISHING,367084070,0.98,Stage 2,2021-09-01
41.1,-71.349998,2021-05-16,59d8ab6e8-88ae-3379-7957-c3cf5af17475,USA,HOPE AND SYDNEY,TRAWLERS,FISHING,367084070,1.28,Stage 2,2021-05-01
41.05,-70.910004,2021-11-03,a45b489d0-00f1-5dc5-64d8-6d681d72b4ba,USA,LADY BRITTANY,TRAWLERS,FISHING,366983260,14.62,Stage 2,2021-11-01
40.95,-71.330002,2021-03-30,c11057b39-90b8-89c0-7f09-0f5a46f8d730,USA,BELL SKY,TRAWLERS,FISHING,367637420,2.74,Stage 2,2021-03-01
40.95,-71.110001,2021-05-13,cddaf9db4-4d38-6444-99df-1ffe3e476648,USA,SANDRA JANE,TRAWLERS,FISHING,367327960,0.78,Stage 2,2021-05-01
40.95,-71.089996,2021-05-07,cddaf9db4-4d38-6444-99df-1ffe3e476648,USA,SANDRA JANE,TRAWLERS,FISHING,367327960,2.02,Stage 2,2021-05-01
41.06,-71.389999,2021-09-18,59d8ab6e8-88ae-3379-7957-c3cf5af17475,USA,HOPE AND SYDNEY,TRAWLERS,FISHING,367084070,1.79,Stage 2,2021-09-01
41.29,-71.400002,2021-12-17,d2d4a7623-3cb5-3aed-65b0-0866a70bfbb3,USA,OCEAN STATE,TRAWLERS,FISHING,366278770,0.89,Stage 2,2021-12-01
41.05,-71.389999,2021-10-13,90b9eaea0-018d-1eaf-4055-36b770057d04,USA,GAIL FRANCES,INCONCLUSIVE,FISHING,366940990,0.36,Stage 2,2021-10-01
41.07,-71.379997,2021-09-18,59d8ab6e8-88ae-3379-7957-c3cf5af17475,USA,HOPE AND SYDNEY,TRAWLERS,FISHING,367084070,0.5,Stage 2,2021-09-01
41,-70.75,2021-05-21,29a1a5b1f-f9c5-0b2e-14d0-105454e62b36,USA,SEA DANCER,SET_GILLNETS,FISHING,338181423,2.73,Stage 2,2021-05-01
40.94,-71.099998,2021-05-11,cddaf9db4-4d38-6444-99df-1ffe3e476648,USA,SANDRA JANE,TRAWLERS,FISHING,367327960,2.81,Stage 2,2021-05-01
41.08,-71.370003,2021-10-21,86ccfdecf-f312-3add-0272-713da37919cf,USA,F/V HOPEFULL,TRAWLERS,FISHING,367325850,1.7,Stage 2,2021-10-01
40.95,-71.32,2021-03-25,d2d6e0603-3a0e-48f4-32d2-a4d0565980c7,USA,MATTIE AND MAREN,TRAWLERS,FISHING,367415240,1.2,Stage 2,2021-03-01
41.02,-71.379997,2021-02-10,f24e7875f-f61b-0cbe-f53f-b179dd5b9c21,USA,LINDA MARIE,TRAWLERS,FISHING,367588040,1.49,Stage 2,2021-02-01
40.94,-71.389999,2021-07-29,4ec7abdd6-69d4-000f-cbfe-7a0785ad2d36,USA,GOTTA GO,FISHING,FISHING,338387984,1.52,Stage 2,2021-07-01
41.14,-71.300003,2021-09-01,c9804fdb4-469e-7f30-0a3f-044b6cc74b65,USA,KAREN ANN,SET_GILLNETS,FISHING,367105250,1.03,Stage 2,2021-09-01
40.93,-71.120003,2021-05-09,cddaf9db4-4d38-6444-99df-1ffe3e476648,USA,SANDRA JANE,TRAWLERS,FISHING,367327960,1.15,Stage 2,2021-05-01
40.97,-71.07,2021-07-01,cddaf9db4-4d38-6444-99df-1ffe3e476648,USA,SANDRA JANE,TRAWLERS,FISHING,367327960,4.27,Stage 2,2021-07-01
40.96,-71.300003,2021-02-12,d2d6e0603-3a0e-48f4-32d2-a4d0565980c7,USA,MATTIE AND MAREN,TRAWLERS,FISHING,367415240,0.6,Stage 2,2021-02-01
40.97,-71.089996,2021-05-14,cddaf9db4-4d38-6444-99df-1ffe3e476648,USA,SANDRA JANE,TRAWLERS,FISHING,367327960,0.85,Stage 2,2021-05-01
40.96,-71.150002,2021-05-08,cddaf9db4-4d38-6444-99df-1ffe3e476648,USA,SANDRA JANE,TRAWLERS,FISHING,367327960,0.41,Stage 2,2021-05-01
41.04,-71.32,2021-05-14,ddc11a0d9-9b3f-a4c0-3b39-2bdff6fcf9fc,USA,LITTLE GULL,POTS_AND_TRAPS,FISHING,367645090,1.18,Stage 2,2021-05-01
41.26,-71,2021-08-04,d8bbf6380-05af-2b58-ca64-97ffb1eb319f,USA,ENTERPRISE,TRAWLERS,FISHING,367590310,0.86,Stage 2,2021-08-01
41.01,-71.330002,2021-09-01,2326efd2e-ef2b-34f0-f4e7-9a078f8cb4c4,USA,BELL SKY,TRAWLERS,FISHING,367637420,1.11,Stage 2,2021-09-01
41.04,-70.93,2021-01-11,fd96b30e3-3f77-f437-8122-20e7744dfdb4,USA,TIMBERLINE,DREDGE_FISHING,FISHING,367071460,5.84,Stage 2,2021-01-01
40.95,-71.099998,2021-05-05,cddaf9db4-4d38-6444-99df-1ffe3e476648,USA,SANDRA JANE,TRAWLERS,FISHING,367327960,0.45,Stage 2,2021-05-01
41.11,-71.339996,2021-10-06,138335867-750f-7b39-06ff-645add8dbdc7,USA,BROOKE ELISE,TRAWLERS,FISHING,367687740,0.97,Stage 2,2021-10-01
41.35,-71.25,2021-11-21,c11057b39-90b8-89c0-7f09-0f5a46f8d730,USA,BELL SKY,TRAWLERS,FISHING,367637420,1.68,Stage 2,2021-11-01
41.05,-70.959999,2021-04-20,fd96b30e3-3f77-f437-8122-20e7744dfdb4,USA,TIMBERLINE,DREDGE_FISHING,FISHING,367071460,0.38,Stage 2,2021-04-01
41,-71.279999,2021-03-25,d2d6e0603-3a0e-48f4-32d2-a4d0565980c7,USA,MATTIE AND MAREN,TRAWLERS,FISHING,367415240,0.38,Stage 2,2021-03-01
41.06,-71.400002,2021-10-06,138335867-750f-7b39-06ff-645add8dbdc7,USA,BROOKE ELISE,TRAWLERS,FISHING,367687740,1.62,Stage 2,2021-10-01
40.92,-71.089996,2021-05-08,cddaf9db4-4d38-6444-99df-1ffe3e476648,USA,SANDRA JANE,TRAWLERS,FISHING,367327960,0.89,Stage 2,2021-05-01
41.13,-71.370003,2021-04-18,fda33ad3b-b3d7-9afb-257d-126bd7b77f81,USA,LADY FRANCES,INCONCLUSIVE,FISHING,367155670,1.03,Stage 2,2021-04-01
40.95,-71.349998,2021-03-23,d2d6e0603-3a0e-48f4-32d2-a4d0565980c7,USA,MATTIE AND MAREN,TRAWLERS,FISHING,367415240,3.13,Stage 2,2021-03-01
40.95,-71.309998,2021-08-18,2326efd2e-ef2b-34f0-f4e7-9a078f8cb4c4,USA,BELL SKY,TRAWLERS,FISHING,367637420,2.78,Stage 2,2021-08-01
40.95,-70.730003,2021-05-16,29a1a5b1f-f9c5-0b2e-14d0-105454e62b36,USA,SEA DANCER,SET_GILLNETS,FISHING,338181423,1.08,Stage 2,2021-05-01
41.01,-71.290001,2021-03-30,d2d4a7623-3cb5-3aed-65b0-0866a70bfbb3,USA,OCEAN STATE,TRAWLERS,FISHING,366278770,0.33,Stage 2,2021-03-01
41.28,-71.370003,2021-06-13,138335867-750f-7b39-06ff-645add8dbdc7,USA,BROOKE ELISE,TRAWLERS,FISHING,367687740,0.72,Stage 2,2021-06-01
41.22,-71.190002,2021-07-23,b91c9478b-bfa0-844e-f949-ccea31ce5ac1,USA,ELIZ AND KATHERINE,TRAWLERS,FISHING,367542540,0.44,Stage 2,2021-07-01
40.98,-71.32,2021-03-22,d2d4a7623-3cb5-3aed-65b0-0866a70bfbb3,USA,OCEAN STATE,TRAWLERS,FISHING,366278770,1.69,Stage 2,2021-03-01
40.99,-71.330002,2021-04-14,f24e7875f-f61b-0cbe-f53f-b179dd5b9c21,USA,LINDA MARIE,TRAWLERS,FISHING,367588040,0.82,Stage 2,2021-04-01
41,-71.290001,2021-04-02,d2d6e0603-3a0e-48f4-32d2-a4d0565980c7,USA,MATTIE AND MAREN,TRAWLERS,FISHING,367415240,6.29,Stage 2,2021-04-01
41.08,-71.370003,2021-09-08,59d8ab6e8-88ae-3379-7957-c3cf5af17475,USA,HOPE AND SYDNEY,TRAWLERS,FISHING,367084070,1.32,Stage 2,2021-09-01
41.01,-71.330002,2021-04-20,d2d6e0603-3a0e-48f4-32d2-a4d0565980c7,USA,MATTIE AND MAREN,TRAWLERS,FISHING,367415240,0.63,Stage 2,2021-04-01
40.9,-71.349998,2021-11-17,b55b1fc75-5ca4-e97b-7e71-e40ed228c37a,USA,SEA WATCHER II,DREDGE_FISHING,FISHING,367788350,0.85,Stage 2,2021-11-01
40.94,-71.050003,2021-05-06,cddaf9db4-4d38-6444-99df-1ffe3e476648,USA,SANDRA JANE,TRAWLERS,FISHING,367327960,0.95,Stage 2,2021-05-01
41.06,-71.379997,2021-09-18,59d8ab6e8-88ae-3379-7957-c3cf5af17475,USA,HOPE AND SYDNEY,TRAWLERS,FISHING,367084070,1.35,Stage 2,2021-09-01
41.05,-71.389999,2021-11-10,90b9eaea0-018d-1eaf-4055-36b770057d04,USA,GAIL FRANCES,INCONCLUSIVE,FISHING,366940990,3.05,Stage 2,2021-11-01
41.05,-71.389999,2021-09-13,59d8ab6e8-88ae-3379-7957-c3cf5af17475,USA,HOPE AND SYDNEY,TRAWLERS,FISHING,367084070,0.88,Stage 2,2021-09-01
40.96,-71.129997,2021-05-04,cddaf9db4-4d38-6444-99df-1ffe3e476648,USA,SANDRA JANE,TRAWLERS,FISHING,367327960,2.62,Stage 2,2021-05-01
40.95,-71.370003,2021-08-08,cb559898a-aba5-5632-5426-e3f2bbd4fba7,USA,TRANQUILITY,POLE_AND_LINE,FISHING,338215127,0.85,Stage 2,2021-08-01
40.94,-71.040001,2021-05-09,cddaf9db4-4d38-6444-99df-1ffe3e476648,USA,SANDRA JANE,TRAWLERS,FISHING,367327960,2.07,Stage 2,2021-05-01
40.88,-71.199997,2021-05-09,cddaf9db4-4d38-6444-99df-1ffe3e476648,USA,SANDRA JANE,TRAWLERS,FISHING,367327960,1.36,Stage 2,2021-05-01
41.1,-71.349998,2021-10-15,cec008aa2-264e-d098-8f9d-11769636d229,USA,KELSI & MORGAN,TRAWLERS,FISHING,338386525,0.87,Stage 2,2021-10-01
40.97,-71.120003,2021-06-30,cddaf9db4-4d38-6444-99df-1ffe3e476648,USA,SANDRA JANE,TRAWLERS,FISHING,367327960,0.79,Stage 2,2021-06-01
41.12,-71.339996,2021-11-03,90b9eaea0-018d-1eaf-4055-36b770057d04,USA,GAIL FRANCES,INCONCLUSIVE,FISHING,366940990,1.11,Stage 2,2021-11-01
41.32,-70.989998,2021-01-13,0145509de-ed6b-9073-9887-0af2b28b0534,USA,MR G,POTS_AND_TRAPS,FISHING,338229941,0.94,Stage 2,2021-01-01
41.32,-71.260002,2021-11-17,c11057b39-90b8-89c0-7f09-0f5a46f8d730,USA,BELL SKY,TRAWLERS,FISHING,367637420,0.97,Stage 2,2021-11-01
41.14,-71.260002,2021-08-08,cb559898a-aba5-5632-5426-e3f2bbd4fba7,USA,TRANQUILITY,POLE_AND_LINE,FISHING,338215127,0.37,Stage 2,2021-08-01
40.96,-71.269997,2021-05-15,59d8ab6e8-88ae-3379-7957-c3cf5af17475,USA,HOPE AND SYDNEY,TRAWLERS,FISHING,367084070,2.02,Stage 2,2021-05-01
41.05,-71.389999,2021-09-07,59d8ab6e8-88ae-3379-7957-c3cf5af17475,USA,HOPE AND SYDNEY,TRAWLERS,FISHING,367084070,0.35,Stage 2,2021-09-01
40.96,-71.07,2021-07-03,cddaf9db4-4d38-6444-99df-1ffe3e476648,USA,SANDRA JANE,TRAWLERS,FISHING,367327960,2.31,Stage 2,2021-07-01
40.99,-70.75,2021-05-21,29a1a5b1f-f9c5-0b2e-14d0-105454e62b36,USA,SEA DANCER,SET_GILLNETS,FISHING,338181423,1.51,Stage 2,2021-05-01
41.05,-71.389999,2021-01-31,287fc1cbf-fbc0-3baa-ae98-f20768f5d10f,USA,VIKING STARSHIP,PASSENGER,PASSENGER,367661740,1.07,Stage 2,2021-01-01
41.02,-71.279999,2021-02-10,f24e7875f-f61b-0cbe-f53f-b179dd5b9c21,USA,LINDA MARIE,TRAWLERS,FISHING,367588040,0.88,Stage 2,2021-02-01
41.11,-71.349998,2021-09-03,59d8ab6e8-88ae-3379-7957-c3cf5af17475,USA,HOPE AND SYDNEY,TRAWLERS,FISHING,367084070,0.98,Stage 2,2021-09-01
41.31,-71.260002,2021-10-21,6bd1ee253-36e1-429c-1007-19d66b5968b2,USA,TUF GUY,POLE_AND_LINE,FISHING,338207725,6.29,Stage 2,2021-10-01
41.05,-71.389999,2021-10-17,90b9eaea0-018d-1eaf-4055-36b770057d04,USA,GAIL FRANCES,INCONCLUSIVE,FISHING,366940990,3.85,Stage 2,2021-10-01
40.97,-71.339996,2021-02-27,6ae903a95-5315-4633-05e6-edfa6b61c787,USA,PROUD MARY,TRAWLERS,FISHING,368102540,1.44,Stage 2,2021-02-01
41.15,-71.379997,2021-09-27,19fd51370-0d8b-90d7-574f-518a7d14808d,USA,SUSAN MARIE,FISHING,FISHING,367352170,0.57,Stage 2,2021-09-01
41.03,-71.169998,2021-09-20,90b9eaea0-018d-1eaf-4055-36b770057d04,USA,GAIL FRANCES,INCONCLUSIVE,FISHING,366940990,1.42,Stage 2,2021-09-01
41,-71.309998,2021-04-10,f24e7875f-f61b-0cbe-f53f-b179dd5b9c21,USA,LINDA MARIE,TRAWLERS,FISHING,367588040,1.23,Stage 2,2021-04-01
40.97,-71.190002,2021-07-16,fd96b30e3-3f77-f437-8122-20e7744dfdb4,USA,TIMBERLINE,DREDGE_FISHING,FISHING,367071460,1.17,Stage 2,2021-07-01
41.15,-71.290001,2021-10-18,d8bbf6380-05af-2b58-ca64-97ffb1eb319f,USA,ENTERPRISE,TRAWLERS,FISHING,367590310,1.16,Stage 2,2021-10-01
40.91,-71.089996,2021-05-15,fd96b30e3-3f77-f437-8122-20e7744dfdb4,USA,TIMBERLINE,DREDGE_FISHING,FISHING,367071460,1.52,Stage 2,2021-05-01
41.06,-71.379997,2021-09-11,59d8ab6e8-88ae-3379-7957-c3cf5af17475,USA,HOPE AND SYDNEY,TRAWLERS,FISHING,367084070,2.59,Stage 2,2021-09-01
41.16,-71.300003,2021-05-10,d8bbf6380-05af-2b58-ca64-97ffb1eb319f,USA,ENTERPRISE,TRAWLERS,FISHING,367590310,0.68,Stage 2,2021-05-01
41.2,-70.889999,2021-12-28,59c757235-5638-b364-a6ec-0694ac3f69c8,CAN,FISHIN ADDICTION 17,POLE_AND_LINE,FISHING,316036131,0.84,Stage 2,2021-12-01
41.12,-71.349998,2021-09-16,90b9eaea0-018d-1eaf-4055-36b770057d04,USA,GAIL FRANCES,INCONCLUSIVE,FISHING,366940990,1.06,Stage 2,2021-09-01
41.03,-70.959999,2021-03-11,c6dcbd020-0a8f-4bdf-0d1b-59f35de9edc3,USA,ESS PRIDE,TRAWLERS,FISHING,367411950,5.39,Stage 2,2021-03-01
41.06,-70.970001,2021-02-11,fd96b30e3-3f77-f437-8122-20e7744dfdb4,USA,TIMBERLINE,DREDGE_FISHING,FISHING,367071460,5.23,Stage 2,2021-02-01
41,-71.32,2021-07-01,bb78a986c-ca0e-f163-4eee-3b904068aabf,USA,HIGH FLIER,POLE_AND_LINE,FISHING,338362858,1.01,Stage 2,2021-07-01
40.93,-71.349998,2021-09-23,943ab90cb-b546-44a3-62a6-6f2035449a91,USA,STORMY ELIZABETH,FISHING,FISHING,367151950,1.8,Stage 2,2021-09-01
40.95,-71.110001,2021-05-11,cddaf9db4-4d38-6444-99df-1ffe3e476648,USA,SANDRA JANE,TRAWLERS,FISHING,367327960,0.63,Stage 2,2021-05-01
41.15,-71.32,2021-09-16,59d8ab6e8-88ae-3379-7957-c3cf5af17475,USA,HOPE AND SYDNEY,TRAWLERS,FISHING,367084070,1.16,Stage 2,2021-09-01
41.04,-71.230003,2021-12-05,90b9eaea0-018d-1eaf-4055-36b770057d04,USA,GAIL FRANCES,INCONCLUSIVE,FISHING,366940990,0.47,Stage 2,2021-12-01
40.94,-71.07,2021-05-07,cddaf9db4-4d38-6444-99df-1ffe3e476648,USA,SANDRA JANE,TRAWLERS,FISHING,367327960,2.84,Stage 2,2021-05-01
40.95,-71.400002,2021-08-27,82a8bb0b8-8fc6-7817-fc67-bf26721a5738,USA,LIFE IS GOOD,POLE_AND_LINE,FISHING,368090290,0.67,Stage 2,2021-08-01
40.95,-71.120003,2021-05-12,cddaf9db4-4d38-6444-99df-1ffe3e476648,USA,SANDRA JANE,TRAWLERS,FISHING,367327960,2.77,Stage 2,2021-05-01
40.97,-71.360001,2021-03-18,d2d4a7623-3cb5-3aed-65b0-0866a70bfbb3,USA,OCEAN STATE,TRAWLERS,FISHING,366278770,1.74,Stage 2,2021-03-01
41.06,-70.879997,2021-02-11,3682cb23a-a5b4-316d-0a73-2c88711b0477,USA,ROST,TRAWLERS,FISHING,367535770,1.03,Stage 2,2021-02-01
41.23,-71.139999,2021-06-18,d8bbf6380-05af-2b58-ca64-97ffb1eb319f,USA,ENTERPRISE,TRAWLERS,FISHING,367590310,1.14,Stage 2,2021-06-01
40.94,-71.110001,2021-05-05,cddaf9db4-4d38-6444-99df-1ffe3e476648,USA,SANDRA JANE,TRAWLERS,FISHING,367327960,2.19,Stage 2,2021-05-01
40.98,-70.919998,2021-09-13,5185ce3e7-7873-0d49-daec-caf546e6655d,USA,LILLY ROSE,TRAWLERS,FISHING,367138050,0.59,Stage 2,2021-09-01
41.22,-71.169998,2021-08-08,cb559898a-aba5-5632-5426-e3f2bbd4fba7,USA,TRANQUILITY,POLE_AND_LINE,FISHING,338215127,1.72,Stage 2,2021-08-01
41.11,-71.339996,2021-11-07,59d8ab6e8-88ae-3379-7957-c3cf5af17475,USA,HOPE AND SYDNEY,TRAWLERS,FISHING,367084070,1.72,Stage 2,2021-11-01
41.24,-71.129997,2021-08-25,d2d6e0603-3a0e-48f4-32d2-a4d0565980c7,USA,MATTIE AND MAREN,TRAWLERS,FISHING,367415240,2.15,Stage 2,2021-08-01
41.28,-71.230003,2021-12-14,ac89d7b95-5e53-ad2a-8bed-e9fa4fd43274,USA,MISS AMANDA,TRAWLERS,FISHING,367367970,1.02,Stage 2,2021-12-01
41.27,-71,2021-10-06,ff3830e6a-a93e-1d34-b439-f9f742984f72,USA,DARANA R,FISHING,FISHING,367174730,1.05,Stage 2,2021-10-01
41.12,-71.300003,2021-06-02,c9804fdb4-469e-7f30-0a3f-044b6cc74b65,USA,KAREN ANN,SET_GILLNETS,FISHING,367105250,1.63,Stage 2,2021-06-01
40.96,-71.089996,2021-07-01,cddaf9db4-4d38-6444-99df-1ffe3e476648,USA,SANDRA JANE,TRAWLERS,FISHING,367327960,1.02,Stage 2,2021-07-01
41.36,-71.25,2021-11-10,c11057b39-90b8-89c0-7f09-0f5a46f8d730,USA,BELL SKY,TRAWLERS,FISHING,367637420,4.03,Stage 2,2021-11-01
41.04,-71.379997,2021-05-08,d8bbf6380-05af-2b58-ca64-97ffb1eb319f,USA,ENTERPRISE,TRAWLERS,FISHING,367590310,1.23,Stage 2,2021-05-01
41.07,-71.379997,2021-05-17,138335867-750f-7b39-06ff-645add8dbdc7,USA,BROOKE ELISE,TRAWLERS,FISHING,367687740,0.59,Stage 2,2021-05-01
41.33,-71.239998,2021-11-01,c11057b39-90b8-89c0-7f09-0f5a46f8d730,USA,BELL SKY,TRAWLERS,FISHING,367637420,0.57,Stage 2,2021-11-01
41.05,-70.870003,2021-06-18,5de80cab6-6aec-304e-26ae-db65198e00ce,USA,PERSISTENCE,POLE_AND_LINE,FISHING,368107450,1.14,Stage 2,2021-06-01
41.13,-71.309998,2021-08-31,c9804fdb4-469e-7f30-0a3f-044b6cc74b65,USA,KAREN ANN,SET_GILLNETS,FISHING,367105250,2.47,Stage 2,2021-08-01
41.04,-71.169998,2021-10-02,90b9eaea0-018d-1eaf-4055-36b770057d04,USA,GAIL FRANCES,INCONCLUSIVE,FISHING,366940990,1.84,Stage 2,2021-10-01
41.24,-71.32,2021-06-14,138335867-750f-7b39-06ff-645add8dbdc7,USA,BROOKE ELISE,TRAWLERS,FISHING,367687740,3.04,Stage 2,2021-06-01
41.12,-70.830002,2021-07-21,ef68d82c6-6d7e-ae58-2266-6ed164d98ce3,USA,MAX & EMMA,FISHING,FISHING,367792770,0.93,Stage 2,2021-07-01
41.17,-71.269997,2021-09-01,d8bbf6380-05af-2b58-ca64-97ffb1eb319f,USA,ENTERPRISE,TRAWLERS,FISHING,367590310,0.85,Stage 2,2021-09-01
41.04,-71.400002,2021-01-08,fda33ad3b-b3d7-9afb-257d-126bd7b77f81,USA,LADY FRANCES,INCONCLUSIVE,FISHING,367155670,2.09,Stage 2,2021-01-01
40.97,-71.080002,2021-07-03,cddaf9db4-4d38-6444-99df-1ffe3e476648,USA,SANDRA JANE,TRAWLERS,FISHING,367327960,1.62,Stage 2,2021-07-01
41.1,-71.349998,2021-11-14,f24e7875f-f61b-0cbe-f53f-b179dd5b9c21,USA,LINDA MARIE,TRAWLERS,FISHING,367588040,0.9,Stage 2,2021-11-01
41.11,-71.339996,2021-12-06,c11057b39-90b8-89c0-7f09-0f5a46f8d730,USA,BELL SKY,TRAWLERS,FISHING,367637420,4.26,Stage 2,2021-12-01
41.02,-71.379997,2021-01-31,6ae903a95-5315-4633-05e6-edfa6b61c787,USA,PROUD MARY,TRAWLERS,FISHING,368102540,1.2,Stage 2,2021-01-01
41,-70.830002,2021-07-06,ef68d82c6-6d7e-ae58-2266-6ed164d98ce3,USA,MAX & EMMA,FISHING,FISHING,367792770,0.92,Stage 2,2021-07-01
41.19,-71.059998,2021-10-07,59c757235-5638-b364-a6ec-0694ac3f69c8,CAN,FISHIN ADDICTION 17,POLE_AND_LINE,FISHING,316036131,0.68,Stage 2,2021-10-01
41.06,-71.389999,2021-06-18,cb559898a-aba5-5632-5426-e3f2bbd4fba7,USA,TRANQUILITY,POLE_AND_LINE,FISHING,338215127,0.92,Stage 2,2021-06-01
40.96,-71.059998,2021-07-02,cddaf9db4-4d38-6444-99df-1ffe3e476648,USA,SANDRA JANE,TRAWLERS,FISHING,367327960,0.78,Stage 2,2021-07-01
41.06,-71.379997,2021-05-12,cec008aa2-264e-d098-8f9d-11769636d229,USA,KELSI & MORGAN,TRAWLERS,FISHING,338386525,1.03,Stage 2,2021-05-01
41.16,-71.279999,2021-08-31,d8bbf6380-05af-2b58-ca64-97ffb1eb319f,USA,ENTERPRISE,TRAWLERS,FISHING,367590310,0.85,Stage 2,2021-08-01
41.08,-71.370003,2021-04-29,94a980510-01b3-625f-8524-0b3b93600b8c,USA,CODY,TRAWLERS,FISHING,367190280,0.34,Stage 2,2021-04-01
41.24,-71.169998,2021-06-29,6b96c9b8e-e06c-1716-2de8-ec4a7c1f65fc,USA,KATHY MARIE,FISHING,FISHING,366758680,0.58,Stage 2,2021-06-01
41.03,-71.389999,2021-04-15,f24e7875f-f61b-0cbe-f53f-b179dd5b9c21,USA,LINDA MARIE,TRAWLERS,FISHING,367588040,0.89,Stage 2,2021-04-01
40.97,-71.07,2021-05-12,cddaf9db4-4d38-6444-99df-1ffe3e476648,USA,SANDRA JANE,TRAWLERS,FISHING,367327960,0.99,Stage 2,2021-05-01
41.04,-71.389999,2021-08-02,864a97144-4c75-35a6-562b-55c88b0da643,USA,RIGGER,NA,FISHING,338368646,2.08,Stage 2,2021-08-01
41.14,-71.349998,2021-04-03,fda33ad3b-b3d7-9afb-257d-126bd7b77f81,USA,LADY FRANCES,INCONCLUSIVE,FISHING,367155670,1.4,Stage 2,2021-04-01
40.95,-71.139999,2021-05-07,cddaf9db4-4d38-6444-99df-1ffe3e476648,USA,SANDRA JANE,TRAWLERS,FISHING,367327960,1.05,Stage 2,2021-05-01
41.16,-71.349998,2021-09-08,59d8ab6e8-88ae-3379-7957-c3cf5af17475,USA,HOPE AND SYDNEY,TRAWLERS,FISHING,367084070,0.93,Stage 2,2021-09-01
41.32,-71.400002,2021-03-10,d2d4a7623-3cb5-3aed-65b0-0866a70bfbb3,USA,OCEAN STATE,TRAWLERS,FISHING,366278770,0.97,Stage 2,2021-03-01
41.08,-71.370003,2021-06-20,6bd1ee253-36e1-429c-1007-19d66b5968b2,USA,TUF GUY,POLE_AND_LINE,FISHING,338207725,0.62,Stage 2,2021-06-01
40.98,-71.169998,2021-06-01,fd96b30e3-3f77-f437-8122-20e7744dfdb4,USA,TIMBERLINE,DREDGE_FISHING,FISHING,367071460,0.38,Stage 2,2021-06-01
41.11,-71.349998,2021-07-24,2326efd2e-ef2b-34f0-f4e7-9a078f8cb4c4,USA,BELL SKY,TRAWLERS,FISHING,367637420,0.68,Stage 2,2021-07-01
41.1,-71.129997,2021-07-14,0145509de-ed6b-9073-9887-0af2b28b0534,USA,MR G,POTS_AND_TRAPS,FISHING,338229941,0.96,Stage 2,2021-07-01
41.09,-71.370003,2021-05-15,d8bbf6380-05af-2b58-ca64-97ffb1eb319f,USA,ENTERPRISE,TRAWLERS,FISHING,367590310,0.9,Stage 2,2021-05-01
41.35,-71.25,2021-11-09,c11057b39-90b8-89c0-7f09-0f5a46f8d730,USA,BELL SKY,TRAWLERS,FISHING,367637420,4.66,Stage 2,2021-11-01
41.12,-71.339996,2021-12-08,90b9eaea0-018d-1eaf-4055-36b770057d04,USA,GAIL FRANCES,INCONCLUSIVE,FISHING,366940990,0.79,Stage 2,2021-12-01
40.97,-71.190002,2021-05-15,59d8ab6e8-88ae-3379-7957-c3cf5af17475,USA,HOPE AND SYDNEY,TRAWLERS,FISHING,367084070,1,Stage 2,2021-05-01
41.16,-71.339996,2021-08-25,2326efd2e-ef2b-34f0-f4e7-9a078f8cb4c4,USA,BELL SKY,TRAWLERS,FISHING,367637420,0.6,Stage 2,2021-08-01
40.94,-71.110001,2021-05-08,cddaf9db4-4d38-6444-99df-1ffe3e476648,USA,SANDRA JANE,TRAWLERS,FISHING,367327960,1.08,Stage 2,2021-05-01
40.88,-71.32,2021-04-24,b55b1fc75-5ca4-e97b-7e71-e40ed228c37a,USA,SEA WATCHER II,DREDGE_FISHING,FISHING,367788350,0.95,Stage 2,2021-04-01
41.04,-71.400002,2021-09-16,59d8ab6e8-88ae-3379-7957-c3cf5af17475,USA,HOPE AND SYDNEY,TRAWLERS,FISHING,367084070,3.5,Stage 2,2021-09-01
41.01,-71.330002,2021-02-10,6ae903a95-5315-4633-05e6-edfa6b61c787,USA,PROUD MARY,TRAWLERS,FISHING,368102540,0.91,Stage 2,2021-02-01
41.1,-71.099998,2021-02-11,0145509de-ed6b-9073-9887-0af2b28b0534,USA,MR G,POTS_AND_TRAPS,FISHING,338229941,0.9,Stage 2,2021-02-01
41.09,-71.120003,2021-04-14,0145509de-ed6b-9073-9887-0af2b28b0534,USA,MR G,POTS_AND_TRAPS,FISHING,338229941,0.87,Stage 2,2021-04-01
41.24,-71.300003,2021-07-13,138335867-750f-7b39-06ff-645add8dbdc7,USA,BROOKE ELISE,TRAWLERS,FISHING,367687740,2.98,Stage 2,2021-07-01
40.97,-71.169998,2021-04-24,d2d6e0603-3a0e-48f4-32d2-a4d0565980c7,USA,MATTIE AND MAREN,TRAWLERS,FISHING,367415240,1.57,Stage 2,2021-04-01
41.01,-71.400002,2021-06-20,76d201cbb-b14b-4796-9c75-75e74fac527d,USA,REEL CRAZY,POLE_AND_LINE,FISHING,367680840,1.42,Stage 2,2021-06-01
41.28,-71.400002,2021-02-24,d2d4a7623-3cb5-3aed-65b0-0866a70bfbb3,USA,OCEAN STATE,TRAWLERS,FISHING,366278770,0.5,Stage 2,2021-02-01
40.97,-71.169998,2021-05-20,fd96b30e3-3f77-f437-8122-20e7744dfdb4,USA,TIMBERLINE,DREDGE_FISHING,FISHING,367071460,1.23,Stage 2,2021-05-01
41.01,-70.739998,2021-05-21,29a1a5b1f-f9c5-0b2e-14d0-105454e62b36,USA,SEA DANCER,SET_GILLNETS,FISHING,338181423,4.29,Stage 2,2021-05-01
40.97,-71.150002,2021-05-13,cddaf9db4-4d38-6444-99df-1ffe3e476648,USA,SANDRA JANE,TRAWLERS,FISHING,367327960,2.13,Stage 2,2021-05-01
41.04,-71.230003,2021-10-04,90b9eaea0-018d-1eaf-4055-36b770057d04,USA,GAIL FRANCES,INCONCLUSIVE,FISHING,366940990,3.42,Stage 2,2021-10-01
40.95,-71.040001,2021-05-05,cddaf9db4-4d38-6444-99df-1ffe3e476648,USA,SANDRA JANE,TRAWLERS,FISHING,367327960,1.05,Stage 2,2021-05-01
41.04,-70.93,2021-05-08,fd96b30e3-3f77-f437-8122-20e7744dfdb4,USA,TIMBERLINE,DREDGE_FISHING,FISHING,367071460,4.03,Stage 2,2021-05-01
41.21,-71.220001,2021-06-02,138335867-750f-7b39-06ff-645add8dbdc7,USA,BROOKE ELISE,TRAWLERS,FISHING,367687740,1.22,Stage 2,2021-06-01
41.12,-71.32,2021-04-28,cec008aa2-264e-d098-8f9d-11769636d229,USA,KELSI & MORGAN,TRAWLERS,FISHING,338386525,1.94,Stage 2,2021-04-01
40.92,-71.07,2021-05-11,cddaf9db4-4d38-6444-99df-1ffe3e476648,USA,SANDRA JANE,TRAWLERS,FISHING,367327960,0.56,Stage 2,2021-05-01
41.09,-71.110001,2021-05-17,0145509de-ed6b-9073-9887-0af2b28b0534,USA,MR G,POTS_AND_TRAPS,FISHING,338229941,1.47,Stage 2,2021-05-01
40.97,-71.019997,2021-05-06,cddaf9db4-4d38-6444-99df-1ffe3e476648,USA,SANDRA JANE,TRAWLERS,FISHING,367327960,1.34,Stage 2,2021-05-01
41.15,-71.309998,2021-05-17,d8bbf6380-05af-2b58-ca64-97ffb1eb319f,USA,ENTERPRISE,TRAWLERS,FISHING,367590310,0.62,Stage 2,2021-05-01
41.23,-70.949997,2021-12-20,a60bb8c1a-a9cd-5892-2581-2bea9933c8e0,USA,NEW SEA ROVER,TRAWLERS,FISHING,367346010,7.03,Stage 2,2021-12-01
41.01,-71.029999,2021-08-17,bdf59862d-dee2-4d2f-0d97-4983bcb3d066,USA,NOAA GLORIA MICHELLE,TRAWLERS,FISHING,338066383,1.29,Stage 2,2021-08-01
41.07,-71.379997,2021-05-12,cec008aa2-264e-d098-8f9d-11769636d229,USA,KELSI & MORGAN,TRAWLERS,FISHING,338386525,1.15,Stage 2,2021-05-01
41.25,-71.050003,2021-06-18,138335867-750f-7b39-06ff-645add8dbdc7,USA,BROOKE ELISE,TRAWLERS,FISHING,367687740,0.9,Stage 2,2021-06-01
41.07,-71.379997,2021-03-30,c11057b39-90b8-89c0-7f09-0f5a46f8d730,USA,BELL SKY,TRAWLERS,FISHING,367637420,0.83,Stage 2,2021-03-01
40.97,-71.089996,2021-07-03,cddaf9db4-4d38-6444-99df-1ffe3e476648,USA,SANDRA JANE,TRAWLERS,FISHING,367327960,2.66,Stage 2,2021-07-01
40.94,-71.040001,2021-05-11,cddaf9db4-4d38-6444-99df-1ffe3e476648,USA,SANDRA JANE,TRAWLERS,FISHING,367327960,0.96,Stage 2,2021-05-01
41.09,-71.349998,2021-01-14,0145509de-ed6b-9073-9887-0af2b28b0534,USA,MR G,POTS_AND_TRAPS,FISHING,338229941,1.06,Stage 2,2021-01-01
41.12,-71.339996,2021-09-04,59d8ab6e8-88ae-3379-7957-c3cf5af17475,USA,HOPE AND SYDNEY,TRAWLERS,FISHING,367084070,0.67,Stage 2,2021-09-01
41.04,-71.389999,2021-05-08,d8bbf6380-05af-2b58-ca64-97ffb1eb319f,USA,ENTERPRISE,TRAWLERS,FISHING,367590310,2.01,Stage 2,2021-05-01
40.96,-71.080002,2021-07-01,cddaf9db4-4d38-6444-99df-1ffe3e476648,USA,SANDRA JANE,TRAWLERS,FISHING,367327960,0.8,Stage 2,2021-07-01
41.1,-71.349998,2021-05-10,d8bbf6380-05af-2b58-ca64-97ffb1eb319f,USA,ENTERPRISE,TRAWLERS,FISHING,367590310,1.1,Stage 2,2021-05-01
41.05,-71.389999,2021-10-06,90b9eaea0-018d-1eaf-4055-36b770057d04,USA,GAIL FRANCES,INCONCLUSIVE,FISHING,366940990,1.33,Stage 2,2021-10-01
41.04,-71.160004,2021-10-01,90b9eaea0-018d-1eaf-4055-36b770057d04,USA,GAIL FRANCES,INCONCLUSIVE,FISHING,366940990,0.81,Stage 2,2021-10-01
41.32,-71.400002,2021-09-28,6ae903a95-5315-4633-05e6-edfa6b61c787,USA,PROUD MARY,TRAWLERS,FISHING,368102540,0.92,Stage 2,2021-09-01
41.25,-71.099998,2021-08-14,801708294-444d-635b-257a-9ba1ab825c3d,USA,M.F. HY-GRADER,TRAWLERS,FISHING,368088750,1.11,Stage 2,2021-08-01
41.09,-71.360001,2021-04-28,cec008aa2-264e-d098-8f9d-11769636d229,USA,KELSI & MORGAN,TRAWLERS,FISHING,338386525,0.89,Stage 2,2021-04-01
41.04,-70.720001,2021-06-02,d2d6e0603-3a0e-48f4-32d2-a4d0565980c7,USA,MATTIE AND MAREN,TRAWLERS,FISHING,367415240,1.12,Stage 2,2021-06-01
40.95,-71.370003,2021-03-23,d2d6e0603-3a0e-48f4-32d2-a4d0565980c7,USA,MATTIE AND MAREN,TRAWLERS,FISHING,367415240,2.42,Stage 2,2021-03-01
41.13,-71.349998,2021-04-18,fda33ad3b-b3d7-9afb-257d-126bd7b77f81,USA,LADY FRANCES,INCONCLUSIVE,FISHING,367155670,0.89,Stage 2,2021-04-01
41.23,-71.160004,2021-06-18,138335867-750f-7b39-06ff-645add8dbdc7,USA,BROOKE ELISE,TRAWLERS,FISHING,367687740,1.18,Stage 2,2021-06-01
41.22,-71.18,2021-09-01,3bf0a38cb-b2be-efb0-3ce1-cf112105af80,USA,MACKENZIE PAIGE,TRAWLERS,FISHING,367326980,0.94,Stage 2,2021-09-01
40.98,-71.089996,2021-05-07,cddaf9db4-4d38-6444-99df-1ffe3e476648,USA,SANDRA JANE,TRAWLERS,FISHING,367327960,1.08,Stage 2,2021-05-01
41.15,-71.32,2021-10-06,c9804fdb4-469e-7f30-0a3f-044b6cc74b65,USA,KAREN ANN,SET_GILLNETS,FISHING,367105250,3.54,Stage 2,2021-10-01
41.05,-71.389999,2021-09-25,fda33ad3b-b3d7-9afb-257d-126bd7b77f81,USA,LADY FRANCES,INCONCLUSIVE,FISHING,367155670,2.92,Stage 2,2021-09-01
41.07,-71.379997,2021-08-18,2326efd2e-ef2b-34f0-f4e7-9a078f8cb4c4,USA,BELL SKY,TRAWLERS,FISHING,367637420,1.45,Stage 2,2021-08-01
41.02,-71.330002,2021-01-31,287fc1cbf-fbc0-3baa-ae98-f20768f5d10f,USA,VIKING STARSHIP,PASSENGER,PASSENGER,367661740,1.05,Stage 2,2021-01-01
41.1,-71.300003,2021-11-09,d8bbf6380-05af-2b58-ca64-97ffb1eb319f,USA,ENTERPRISE,TRAWLERS,FISHING,367590310,0.4,Stage 2,2021-11-01
40.94,-71.110001,2021-05-12,cddaf9db4-4d38-6444-99df-1ffe3e476648,USA,SANDRA JANE,TRAWLERS,FISHING,367327960,2.35,Stage 2,2021-05-01
41.15,-71.360001,2021-11-03,c11057b39-90b8-89c0-7f09-0f5a46f8d730,USA,BELL SKY,TRAWLERS,FISHING,367637420,0.33,Stage 2,2021-11-01
41.12,-71.330002,2021-09-09,59d8ab6e8-88ae-3379-7957-c3cf5af17475,USA,HOPE AND SYDNEY,TRAWLERS,FISHING,367084070,1.25,Stage 2,2021-09-01
41.29,-71.18,2021-07-07,b5c8f14ac-cc19-ce97-1589-8ed6d3b58f48,USA,STEPHANIE BRYAN,FISHING,FISHING,367428520,11.03,Stage 2,2021-07-01
41.3,-71.389999,2021-11-09,c11057b39-90b8-89c0-7f09-0f5a46f8d730,USA,BELL SKY,TRAWLERS,FISHING,367637420,1.04,Stage 2,2021-11-01
41.1,-71.349998,2021-09-08,59d8ab6e8-88ae-3379-7957-c3cf5af17475,USA,HOPE AND SYDNEY,TRAWLERS,FISHING,367084070,1.75,Stage 2,2021-09-01
40.96,-71.279999,2021-03-23,d2d6e0603-3a0e-48f4-32d2-a4d0565980c7,USA,MATTIE AND MAREN,TRAWLERS,FISHING,367415240,1.23,Stage 2,2021-03-01
41.05,-70.949997,2021-05-08,fd96b30e3-3f77-f437-8122-20e7744dfdb4,USA,TIMBERLINE,DREDGE_FISHING,FISHING,367071460,2.04,Stage 2,2021-05-01
41.33,-71.410004,2021-12-30,d2d4a7623-3cb5-3aed-65b0-0866a70bfbb3,USA,OCEAN STATE,TRAWLERS,FISHING,366278770,1.12,Stage 2,2021-12-01
41.11,-71.349998,2021-04-24,d2d6e0603-3a0e-48f4-32d2-a4d0565980c7,USA,MATTIE AND MAREN,TRAWLERS,FISHING,367415240,1.14,Stage 2,2021-04-01
41.03,-71.18,2021-02-13,287fc1cbf-fbc0-3baa-ae98-f20768f5d10f,USA,VIKING STARSHIP,PASSENGER,PASSENGER,367661740,2.27,Stage 2,2021-02-01
41.05,-71.389999,2021-11-20,0f6f9408d-da22-0c23-aab7-cbd167b479af,USA,VIKING STAR,PASSENGER,PASSENGER,367337990,0.99,Stage 2,2021-11-01
41.1,-71.099998,2021-01-14,0145509de-ed6b-9073-9887-0af2b28b0534,USA,MR G,POTS_AND_TRAPS,FISHING,338229941,0.94,Stage 2,2021-01-01
41.14,-71.199997,2021-06-19,d9a3b251d-db12-2ab9-60a9-bc0a029a0701,USA,DEBBIE ANN,FISHING,FISHING,367313950,0.62,Stage 2,2021-06-01
41.37,-71.260002,2021-12-05,c11057b39-90b8-89c0-7f09-0f5a46f8d730,USA,BELL SKY,TRAWLERS,FISHING,367637420,1.32,Stage 2,2021-12-01
40.84,-71.150002,2021-05-29,943ab90cb-b546-44a3-62a6-6f2035449a91,USA,STORMY ELIZABETH,FISHING,FISHING,367151950,4.13,Stage 2,2021-05-01
40.96,-71.089996,2021-07-02,cddaf9db4-4d38-6444-99df-1ffe3e476648,USA,SANDRA JANE,TRAWLERS,FISHING,367327960,0.93,Stage 2,2021-07-01
41.36,-71.129997,2021-07-07,b5c8f14ac-cc19-ce97-1589-8ed6d3b58f48,USA,STEPHANIE BRYAN,FISHING,FISHING,367428520,1.1,Stage 2,2021-07-01
41.02,-71.32,2021-02-10,6ae903a95-5315-4633-05e6-edfa6b61c787,USA,PROUD MARY,TRAWLERS,FISHING,368102540,1.03,Stage 2,2021-02-01
41.03,-71.18,2021-12-10,90b9eaea0-018d-1eaf-4055-36b770057d04,USA,GAIL FRANCES,INCONCLUSIVE,FISHING,366940990,1.7,Stage 2,2021-12-01
41.08,-70.800003,2021-06-13,b562e83d9-9a4c-e7a9-3ac1-bd289fc0c328,USA,GREAT PUMPKIN,SET_GILLNETS,FISHING,338126698,2.09,Stage 2,2021-06-01
41.08,-71.379997,2021-05-24,94a980510-01b3-625f-8524-0b3b93600b8c,USA,CODY,TRAWLERS,FISHING,367190280,0.93,Stage 2,2021-05-01
41.14,-70.849998,2021-07-21,ef68d82c6-6d7e-ae58-2266-6ed164d98ce3,USA,MAX & EMMA,FISHING,FISHING,367792770,0.56,Stage 2,2021-07-01
41.11,-71.339996,2021-09-11,59d8ab6e8-88ae-3379-7957-c3cf5af17475,USA,HOPE AND SYDNEY,TRAWLERS,FISHING,367084070,8.11,Stage 2,2021-09-01
41.05,-71.379997,2021-09-20,2326efd2e-ef2b-34f0-f4e7-9a078f8cb4c4,USA,BELL SKY,TRAWLERS,FISHING,367637420,16.46,Stage 2,2021-09-01
40.97,-71.239998,2021-04-11,d2d4a7623-3cb5-3aed-65b0-0866a70bfbb3,USA,OCEAN STATE,TRAWLERS,FISHING,366278770,1.34,Stage 2,2021-04-01
41.12,-70.790001,2021-06-02,d8bbf6380-05af-2b58-ca64-97ffb1eb319f,USA,ENTERPRISE,TRAWLERS,FISHING,367590310,0.83,Stage 2,2021-06-01
41.28,-70.989998,2021-10-06,ff3830e6a-a93e-1d34-b439-f9f742984f72,USA,DARANA R,FISHING,FISHING,367174730,1.79,Stage 2,2021-10-01
41.05,-71.379997,2021-11-03,c11057b39-90b8-89c0-7f09-0f5a46f8d730,USA,BELL SKY,TRAWLERS,FISHING,367637420,0.43,Stage 2,2021-11-01
41.07,-71.379997,2021-09-14,59d8ab6e8-88ae-3379-7957-c3cf5af17475,USA,HOPE AND SYDNEY,TRAWLERS,FISHING,367084070,1.43,Stage 2,2021-09-01
41.32,-70.989998,2021-07-14,0145509de-ed6b-9073-9887-0af2b28b0534,USA,MR G,POTS_AND_TRAPS,FISHING,338229941,0.35,Stage 2,2021-07-01
41.31,-71.330002,2021-11-03,c11057b39-90b8-89c0-7f09-0f5a46f8d730,USA,BELL SKY,TRAWLERS,FISHING,367637420,1,Stage 2,2021-11-01
41,-71.370003,2021-03-17,f24e7875f-f61b-0cbe-f53f-b179dd5b9c21,USA,LINDA MARIE,TRAWLERS,FISHING,367588040,1.23,Stage 2,2021-03-01
41.31,-71.010002,2021-05-22,d9a3b251d-db12-2ab9-60a9-bc0a029a0701,USA,DEBBIE ANN,FISHING,FISHING,367313950,0.99,Stage 2,2021-05-01
41.15,-71.290001,2021-11-05,d8bbf6380-05af-2b58-ca64-97ffb1eb319f,USA,ENTERPRISE,TRAWLERS,FISHING,367590310,1.43,Stage 2,2021-11-01
41.27,-71.089996,2021-07-11,b5c8f14ac-cc19-ce97-1589-8ed6d3b58f48,USA,STEPHANIE BRYAN,FISHING,FISHING,367428520,3.06,Stage 2,2021-07-01
41.38,-71.269997,2021-08-04,2326efd2e-ef2b-34f0-f4e7-9a078f8cb4c4,USA,BELL SKY,TRAWLERS,FISHING,367637420,0.96,Stage 2,2021-08-01
40.95,-71.330002,2021-08-29,2326efd2e-ef2b-34f0-f4e7-9a078f8cb4c4,USA,BELL SKY,TRAWLERS,FISHING,367637420,3.7,Stage 2,2021-08-01
41.08,-71.379997,2021-10-16,138335867-750f-7b39-06ff-645add8dbdc7,USA,BROOKE ELISE,TRAWLERS,FISHING,367687740,1.25,Stage 2,2021-10-01
41.12,-71.339996,2021-09-09,59d8ab6e8-88ae-3379-7957-c3cf5af17475,USA,HOPE AND SYDNEY,TRAWLERS,FISHING,367084070,0.52,Stage 2,2021-09-01
40.95,-71.349998,2021-05-15,59d8ab6e8-88ae-3379-7957-c3cf5af17475,USA,HOPE AND SYDNEY,TRAWLERS,FISHING,367084070,0.62,Stage 2,2021-05-01
40.97,-71.32,2021-07-27,3bd9d16df-fb6e-c1e7-097a-18c3b6e4a9dc,USA,SEA LIFT,NA,FISHING,338135199,0.75,Stage 2,2021-07-01
41.07,-71.379997,2021-09-01,2326efd2e-ef2b-34f0-f4e7-9a078f8cb4c4,USA,BELL SKY,TRAWLERS,FISHING,367637420,0.78,Stage 2,2021-09-01
41.07,-71.379997,2021-10-06,138335867-750f-7b39-06ff-645add8dbdc7,USA,BROOKE ELISE,TRAWLERS,FISHING,367687740,2.92,Stage 2,2021-10-01
41.07,-71.370003,2021-06-27,6bd1ee253-36e1-429c-1007-19d66b5968b2,USA,TUF GUY,POLE_AND_LINE,FISHING,338207725,0.52,Stage 2,2021-06-01
40.97,-71.190002,2021-05-20,fd96b30e3-3f77-f437-8122-20e7744dfdb4,USA,TIMBERLINE,DREDGE_FISHING,FISHING,367071460,1.05,Stage 2,2021-05-01
41.32,-71.400002,2021-12-30,138335867-750f-7b39-06ff-645add8dbdc7,USA,BROOKE ELISE,TRAWLERS,FISHING,367687740,1.24,Stage 2,2021-12-01
40.97,-71.099998,2021-06-30,cddaf9db4-4d38-6444-99df-1ffe3e476648,USA,SANDRA JANE,TRAWLERS,FISHING,367327960,1.13,Stage 2,2021-06-01
40.96,-71.18,2021-06-15,fd96b30e3-3f77-f437-8122-20e7744dfdb4,USA,TIMBERLINE,DREDGE_FISHING,FISHING,367071460,1.48,Stage 2,2021-06-01
41.07,-71.379997,2021-06-17,76d201cbb-b14b-4796-9c75-75e74fac527d,USA,REEL CRAZY,POLE_AND_LINE,FISHING,367680840,0.64,Stage 2,2021-06-01
41.36,-71.089996,2021-06-18,d9a3b251d-db12-2ab9-60a9-bc0a029a0701,USA,DEBBIE ANN,FISHING,FISHING,367313950,0.36,Stage 2,2021-06-01
41.03,-71.18,2021-09-20,90b9eaea0-018d-1eaf-4055-36b770057d04,USA,GAIL FRANCES,INCONCLUSIVE,FISHING,366940990,1.56,Stage 2,2021-09-01
41.06,-70.970001,2021-04-28,fd96b30e3-3f77-f437-8122-20e7744dfdb4,USA,TIMBERLINE,DREDGE_FISHING,FISHING,367071460,1.5,Stage 2,2021-04-01
41.24,-70.959999,2021-12-20,a60bb8c1a-a9cd-5892-2581-2bea9933c8e0,USA,NEW SEA ROVER,TRAWLERS,FISHING,367346010,1.48,Stage 2,2021-12-01
40.96,-71.080002,2021-07-02,cddaf9db4-4d38-6444-99df-1ffe3e476648,USA,SANDRA JANE,TRAWLERS,FISHING,367327960,1.08,Stage 2,2021-07-01
41.16,-70.75,2021-03-02,e0befc4c5-5c87-6817-ab38-28b02aff33be,USA,GROWLER,FISHING,FISHING,367433640,0.38,Stage 2,2021-03-01
40.9,-70.889999,2021-05-21,c807dc5db-b12d-7ea3-c70e-ff88529f864d,USA,NA,SET_GILLNETS,FISHING,367118070,2.25,Stage 2,2021-05-01
40.91,-71.360001,2021-11-17,b55b1fc75-5ca4-e97b-7e71-e40ed228c37a,USA,SEA WATCHER II,DREDGE_FISHING,FISHING,367788350,1.03,Stage 2,2021-11-01
41.11,-71.339996,2021-09-18,59d8ab6e8-88ae-3379-7957-c3cf5af17475,USA,HOPE AND SYDNEY,TRAWLERS,FISHING,367084070,6.25,Stage 2,2021-09-01
41.13,-71.300003,2021-11-03,d8bbf6380-05af-2b58-ca64-97ffb1eb319f,USA,ENTERPRISE,TRAWLERS,FISHING,367590310,0.63,Stage 2,2021-11-01
41.3,-71.360001,2021-10-23,cb559898a-aba5-5632-5426-e3f2bbd4fba7,USA,TRANQUILITY,POLE_AND_LINE,FISHING,338215127,0.71,Stage 2,2021-10-01
41.08,-71.379997,2021-10-24,c11057b39-90b8-89c0-7f09-0f5a46f8d730,USA,BELL SKY,TRAWLERS,FISHING,367637420,1.95,Stage 2,2021-10-01
41.13,-71.330002,2021-10-18,138335867-750f-7b39-06ff-645add8dbdc7,USA,BROOKE ELISE,TRAWLERS,FISHING,367687740,1.37,Stage 2,2021-10-01
41.12,-71.330002,2021-09-05,59d8ab6e8-88ae-3379-7957-c3cf5af17475,USA,HOPE AND SYDNEY,TRAWLERS,FISHING,367084070,0.67,Stage 2,2021-09-01
40.88,-70.889999,2021-10-03,dd6eb6d60-0fea-40b3-82c4-6fd4fe4b2e7c,USA,SEVEN SEAS,TRAWLERS,FISHING,367624610,0.77,Stage 2,2021-10-01
41.32,-71.25,2021-11-09,c11057b39-90b8-89c0-7f09-0f5a46f8d730,USA,BELL SKY,TRAWLERS,FISHING,367637420,0.84,Stage 2,2021-11-01
41.35,-71.239998,2021-05-24,ff3830e6a-a93e-1d34-b439-f9f742984f72,USA,DARANA R,FISHING,FISHING,367174730,0.66,Stage 2,2021-05-01
41.01,-70.75,2021-09-16,73341188b-b740-ca59-0b57-f560aa504bc0,USA,SHADOWFAX,TRAWLERS,FISHING,366549190,1.11,Stage 2,2021-09-01
40.97,-71.120003,2021-07-01,cddaf9db4-4d38-6444-99df-1ffe3e476648,USA,SANDRA JANE,TRAWLERS,FISHING,367327960,3.56,Stage 2,2021-07-01
41,-71.349998,2021-03-04,44752569c-c00c-da61-1898-4d62b6314a40,USA,VIRGINIA MARISE,TRAWLERS,FISHING,367145360,1.88,Stage 2,2021-03-01
40.97,-71.099998,2021-05-08,cddaf9db4-4d38-6444-99df-1ffe3e476648,USA,SANDRA JANE,TRAWLERS,FISHING,367327960,0.49,Stage 2,2021-05-01
41.03,-71.150002,2021-02-13,287fc1cbf-fbc0-3baa-ae98-f20768f5d10f,USA,VIKING STARSHIP,PASSENGER,PASSENGER,367661740,0.94,Stage 2,2021-02-01
41.11,-71.339996,2021-09-04,59d8ab6e8-88ae-3379-7957-c3cf5af17475,USA,HOPE AND SYDNEY,TRAWLERS,FISHING,367084070,1.12,Stage 2,2021-09-01
40.94,-71.400002,2021-03-23,d2d6e0603-3a0e-48f4-32d2-a4d0565980c7,USA,MATTIE AND MAREN,TRAWLERS,FISHING,367415240,0.63,Stage 2,2021-03-01
40.96,-71.040001,2021-05-13,cddaf9db4-4d38-6444-99df-1ffe3e476648,USA,SANDRA JANE,TRAWLERS,FISHING,367327960,1.31,Stage 2,2021-05-01
40.96,-71.110001,2021-07-02,cddaf9db4-4d38-6444-99df-1ffe3e476648,USA,SANDRA JANE,TRAWLERS,FISHING,367327960,2.33,Stage 2,2021-07-01
40.99,-71.32,2021-03-24,c11057b39-90b8-89c0-7f09-0f5a46f8d730,USA,BELL SKY,TRAWLERS,FISHING,367637420,1.74,Stage 2,2021-03-01
41.02,-71.379997,2021-02-09,878d8ec33-3351-7124-10c9-1dc7eef5105d,USA,ESTRELA DOMAR,TRAWLERS,FISHING,367999140,2.37,Stage 2,2021-02-01
41.13,-71.120003,2021-12-28,90b9eaea0-018d-1eaf-4055-36b770057d04,USA,GAIL FRANCES,INCONCLUSIVE,FISHING,366940990,1.02,Stage 2,2021-12-01
41.03,-71.18,2021-10-07,90b9eaea0-018d-1eaf-4055-36b770057d04,USA,GAIL FRANCES,INCONCLUSIVE,FISHING,366940990,3.39,Stage 2,2021-10-01
41.34,-71.040001,2021-05-22,ff3830e6a-a93e-1d34-b439-f9f742984f72,USA,DARANA R,FISHING,FISHING,367174730,0.34,Stage 2,2021-05-01
41.02,-71.389999,2021-03-08,44752569c-c00c-da61-1898-4d62b6314a40,USA,VIRGINIA MARISE,TRAWLERS,FISHING,367145360,2.68,Stage 2,2021-03-01
41.03,-71.379997,2021-04-24,d2d6e0603-3a0e-48f4-32d2-a4d0565980c7,USA,MATTIE AND MAREN,TRAWLERS,FISHING,367415240,0.99,Stage 2,2021-04-01
41,-71.389999,2021-04-27,cec008aa2-264e-d098-8f9d-11769636d229,USA,KELSI & MORGAN,TRAWLERS,FISHING,338386525,0.95,Stage 2,2021-04-01
41.18,-71.269997,2021-05-07,94a980510-01b3-625f-8524-0b3b93600b8c,USA,CODY,TRAWLERS,FISHING,367190280,2.86,Stage 2,2021-05-01
41.14,-71.300003,2021-08-25,c9804fdb4-469e-7f30-0a3f-044b6cc74b65,USA,KAREN ANN,SET_GILLNETS,FISHING,367105250,1.38,Stage 2,2021-08-01
41.08,-71.370003,2021-04-06,c11057b39-90b8-89c0-7f09-0f5a46f8d730,USA,BELL SKY,TRAWLERS,FISHING,367637420,0.83,Stage 2,2021-04-01
41.38,-71.269997,2021-11-02,c11057b39-90b8-89c0-7f09-0f5a46f8d730,USA,BELL SKY,TRAWLERS,FISHING,367637420,1.49,Stage 2,2021-11-01
40.97,-71.199997,2021-09-14,fd96b30e3-3f77-f437-8122-20e7744dfdb4,USA,TIMBERLINE,DREDGE_FISHING,FISHING,367071460,1.04,Stage 2,2021-09-01
40.96,-71.190002,2021-05-17,fd96b30e3-3f77-f437-8122-20e7744dfdb4,USA,TIMBERLINE,DREDGE_FISHING,FISHING,367071460,8.46,Stage 2,2021-05-01
41.06,-70.970001,2021-04-20,fd96b30e3-3f77-f437-8122-20e7744dfdb4,USA,TIMBERLINE,DREDGE_FISHING,FISHING,367071460,3.83,Stage 2,2021-04-01
41.14,-71.290001,2021-09-13,d8bbf6380-05af-2b58-ca64-97ffb1eb319f,USA,ENTERPRISE,TRAWLERS,FISHING,367590310,2.88,Stage 2,2021-09-01
41.1,-71.349998,2021-04-28,cec008aa2-264e-d098-8f9d-11769636d229,USA,KELSI & MORGAN,TRAWLERS,FISHING,338386525,0.89,Stage 2,2021-04-01
40.94,-71.129997,2021-05-04,cddaf9db4-4d38-6444-99df-1ffe3e476648,USA,SANDRA JANE,TRAWLERS,FISHING,367327960,2.74,Stage 2,2021-05-01
41.05,-71.379997,2021-09-17,59d8ab6e8-88ae-3379-7957-c3cf5af17475,USA,HOPE AND SYDNEY,TRAWLERS,FISHING,367084070,1.85,Stage 2,2021-09-01
41.08,-71.370003,2021-10-05,2326efd2e-ef2b-34f0-f4e7-9a078f8cb4c4,USA,BELL SKY,TRAWLERS,FISHING,367637420,1.52,Stage 2,2021-10-01
40.94,-71.089996,2021-05-12,cddaf9db4-4d38-6444-99df-1ffe3e476648,USA,SANDRA JANE,TRAWLERS,FISHING,367327960,1.61,Stage 2,2021-05-01
41,-71.400002,2021-07-07,3bd9d16df-fb6e-c1e7-097a-18c3b6e4a9dc,USA,SEA LIFT,NA,FISHING,338135199,1.08,Stage 2,2021-07-01
40.94,-71.059998,2021-05-05,cddaf9db4-4d38-6444-99df-1ffe3e476648,USA,SANDRA JANE,TRAWLERS,FISHING,367327960,3.32,Stage 2,2021-05-01
40.95,-71.330002,2021-03-31,d2d6e0603-3a0e-48f4-32d2-a4d0565980c7,USA,MATTIE AND MAREN,TRAWLERS,FISHING,367415240,1.57,Stage 2,2021-03-01
41.04,-71.379997,2021-12-06,c11057b39-90b8-89c0-7f09-0f5a46f8d730,USA,BELL SKY,TRAWLERS,FISHING,367637420,5.86,Stage 2,2021-12-01
41.05,-71.379997,2021-04-20,44752569c-c00c-da61-1898-4d62b6314a40,USA,VIRGINIA MARISE,TRAWLERS,FISHING,367145360,0.88,Stage 2,2021-04-01
40.97,-71.080002,2021-05-07,cddaf9db4-4d38-6444-99df-1ffe3e476648,USA,SANDRA JANE,TRAWLERS,FISHING,367327960,1.82,Stage 2,2021-05-01
41.28,-71.410004,2021-09-28,6ae903a95-5315-4633-05e6-edfa6b61c787,USA,PROUD MARY,TRAWLERS,FISHING,368102540,1.34,Stage 2,2021-09-01
41.01,-71.330002,2021-08-25,2326efd2e-ef2b-34f0-f4e7-9a078f8cb4c4,USA,BELL SKY,TRAWLERS,FISHING,367637420,3.38,Stage 2,2021-08-01
41.02,-71.360001,2021-03-22,d2d4a7623-3cb5-3aed-65b0-0866a70bfbb3,USA,OCEAN STATE,TRAWLERS,FISHING,366278770,0.44,Stage 2,2021-03-01
41.24,-71.019997,2021-05-22,d9a3b251d-db12-2ab9-60a9-bc0a029a0701,USA,DEBBIE ANN,FISHING,FISHING,367313950,2.07,Stage 2,2021-05-01
40.97,-71.349998,2021-07-27,3bd9d16df-fb6e-c1e7-097a-18c3b6e4a9dc,USA,SEA LIFT,NA,FISHING,338135199,0.39,Stage 2,2021-07-01
40.96,-71.349998,2021-07-26,6351ce890-09e9-58ac-479a-cb01929ebb08,USA,TAMI ANN,POLE_AND_LINE,FISHING,368168250,0.96,Stage 2,2021-07-01
41.04,-71.400002,2021-02-13,287fc1cbf-fbc0-3baa-ae98-f20768f5d10f,USA,VIKING STARSHIP,PASSENGER,PASSENGER,367661740,0.54,Stage 2,2021-02-01
41.06,-71.379997,2021-03-24,c11057b39-90b8-89c0-7f09-0f5a46f8d730,USA,BELL SKY,TRAWLERS,FISHING,367637420,1.53,Stage 2,2021-03-01
41.03,-71.190002,2021-12-08,90b9eaea0-018d-1eaf-4055-36b770057d04,USA,GAIL FRANCES,INCONCLUSIVE,FISHING,366940990,0.41,Stage 2,2021-12-01
41.27,-70.949997,2021-06-24,cc83751ec-c92d-3712-ea87-a31cca1f910d,USA,ASHER AND ARIANA,TRAWLERS,FISHING,367522070,1.25,Stage 2,2021-06-01
41.13,-71.260002,2021-08-08,cb559898a-aba5-5632-5426-e3f2bbd4fba7,USA,TRANQUILITY,POLE_AND_LINE,FISHING,338215127,1.43,Stage 2,2021-08-01
41.13,-70.839996,2021-06-02,d8bbf6380-05af-2b58-ca64-97ffb1eb319f,USA,ENTERPRISE,TRAWLERS,FISHING,367590310,0.36,Stage 2,2021-06-01
40.96,-71.120003,2021-07-03,cddaf9db4-4d38-6444-99df-1ffe3e476648,USA,SANDRA JANE,TRAWLERS,FISHING,367327960,3.04,Stage 2,2021-07-01
41.34,-71.239998,2021-11-09,c11057b39-90b8-89c0-7f09-0f5a46f8d730,USA,BELL SKY,TRAWLERS,FISHING,367637420,0.38,Stage 2,2021-11-01
41.01,-71.339996,2021-03-31,f24e7875f-f61b-0cbe-f53f-b179dd5b9c21,USA,LINDA MARIE,TRAWLERS,FISHING,367588040,0.99,Stage 2,2021-03-01
41.24,-71.029999,2021-10-06,ff3830e6a-a93e-1d34-b439-f9f742984f72,USA,DARANA R,FISHING,FISHING,367174730,1.7,Stage 2,2021-10-01
40.92,-71.120003,2021-05-13,cddaf9db4-4d38-6444-99df-1ffe3e476648,USA,SANDRA JANE,TRAWLERS,FISHING,367327960,1.04,Stage 2,2021-05-01
41.05,-71.389999,2021-11-21,0f6f9408d-da22-0c23-aab7-cbd167b479af,USA,VIKING STAR,PASSENGER,PASSENGER,367337990,1.47,Stage 2,2021-11-01
41.05,-71.389999,2021-11-07,90b9eaea0-018d-1eaf-4055-36b770057d04,USA,GAIL FRANCES,INCONCLUSIVE,FISHING,366940990,2.36,Stage 2,2021-11-01
41.03,-70.919998,2021-03-11,c6dcbd020-0a8f-4bdf-0d1b-59f35de9edc3,USA,ESS PRIDE,TRAWLERS,FISHING,367411950,4.36,Stage 2,2021-03-01
41.05,-71.379997,2021-12-09,c11057b39-90b8-89c0-7f09-0f5a46f8d730,USA,BELL SKY,TRAWLERS,FISHING,367637420,1.91,Stage 2,2021-12-01
40.86,-70.970001,2021-05-16,4ec7abdd6-69d4-000f-cbfe-7a0785ad2d36,USA,GOTTA GO,FISHING,FISHING,338387984,0.53,Stage 2,2021-05-01
41.38,-71.269997,2021-06-09,b4dc0ac5f-fa14-71d0-69b0-1d5b63e4421e,USA,MICHELE JEAN 2,TRAWLERS,FISHING,367518040,1.77,Stage 2,2021-06-01
41.04,-71.400002,2021-06-18,cb559898a-aba5-5632-5426-e3f2bbd4fba7,USA,TRANQUILITY,POLE_AND_LINE,FISHING,338215127,0.88,Stage 2,2021-06-01
40.98,-71.290001,2021-04-14,f24e7875f-f61b-0cbe-f53f-b179dd5b9c21,USA,LINDA MARIE,TRAWLERS,FISHING,367588040,1.22,Stage 2,2021-04-01
41.33,-71.400002,2021-02-26,d2d4a7623-3cb5-3aed-65b0-0866a70bfbb3,USA,OCEAN STATE,TRAWLERS,FISHING,366278770,1.14,Stage 2,2021-02-01
41.03,-71.370003,2021-02-10,6ae903a95-5315-4633-05e6-edfa6b61c787,USA,PROUD MARY,TRAWLERS,FISHING,368102540,0.89,Stage 2,2021-02-01
41.12,-71.370003,2021-09-17,59d8ab6e8-88ae-3379-7957-c3cf5af17475,USA,HOPE AND SYDNEY,TRAWLERS,FISHING,367084070,0.33,Stage 2,2021-09-01
40.96,-71.400002,2021-03-22,d2d4a7623-3cb5-3aed-65b0-0866a70bfbb3,USA,OCEAN STATE,TRAWLERS,FISHING,366278770,1.67,Stage 2,2021-03-01
41.01,-71.269997,2021-03-30,d2d6e0603-3a0e-48f4-32d2-a4d0565980c7,USA,MATTIE AND MAREN,TRAWLERS,FISHING,367415240,0.77,Stage 2,2021-03-01
41.12,-71.339996,2021-08-27,90b9eaea0-018d-1eaf-4055-36b770057d04,USA,GAIL FRANCES,INCONCLUSIVE,FISHING,366940990,0.33,Stage 2,2021-08-01
41.03,-71.379997,2021-03-22,878d8ec33-3351-7124-10c9-1dc7eef5105d,USA,ESTRELA DOMAR,TRAWLERS,FISHING,367999140,1.07,Stage 2,2021-03-01
41.05,-71.379997,2021-05-11,d8bbf6380-05af-2b58-ca64-97ffb1eb319f,USA,ENTERPRISE,TRAWLERS,FISHING,367590310,0.35,Stage 2,2021-05-01
41.04,-71.169998,2021-10-03,90b9eaea0-018d-1eaf-4055-36b770057d04,USA,GAIL FRANCES,INCONCLUSIVE,FISHING,366940990,0.35,Stage 2,2021-10-01
41.25,-71.059998,2021-08-26,d2d6e0603-3a0e-48f4-32d2-a4d0565980c7,USA,MATTIE AND MAREN,TRAWLERS,FISHING,367415240,0.99,Stage 2,2021-08-01
41.21,-71.199997,2021-09-01,3bf0a38cb-b2be-efb0-3ce1-cf112105af80,USA,MACKENZIE PAIGE,TRAWLERS,FISHING,367326980,0.68,Stage 2,2021-09-01
41.11,-71.330002,2021-05-08,d8bbf6380-05af-2b58-ca64-97ffb1eb319f,USA,ENTERPRISE,TRAWLERS,FISHING,367590310,0.88,Stage 2,2021-05-01
41.02,-71.330002,2021-03-21,287fc1cbf-fbc0-3baa-ae98-f20768f5d10f,USA,VIKING STARSHIP,PASSENGER,PASSENGER,367661740,1.13,Stage 2,2021-03-01
41.23,-71.18,2021-09-01,d8bbf6380-05af-2b58-ca64-97ffb1eb319f,USA,ENTERPRISE,TRAWLERS,FISHING,367590310,1.11,Stage 2,2021-09-01
40.95,-71.089996,2021-05-06,cddaf9db4-4d38-6444-99df-1ffe3e476648,USA,SANDRA JANE,TRAWLERS,FISHING,367327960,0.95,Stage 2,2021-05-01
41.18,-71.260002,2021-11-09,d8bbf6380-05af-2b58-ca64-97ffb1eb319f,USA,ENTERPRISE,TRAWLERS,FISHING,367590310,0.35,Stage 2,2021-11-01
41.12,-71.330002,2021-09-06,59d8ab6e8-88ae-3379-7957-c3cf5af17475,USA,HOPE AND SYDNEY,TRAWLERS,FISHING,367084070,1.12,Stage 2,2021-09-01
41.23,-71.379997,2021-09-09,dc7503a12-2012-2b23-c830-41a97164309d,USA,CHARLIES PRIDE,TRAWLERS,FISHING,366472920,0.92,Stage 2,2021-09-01
41.05,-70.940002,2021-01-11,fd96b30e3-3f77-f437-8122-20e7744dfdb4,USA,TIMBERLINE,DREDGE_FISHING,FISHING,367071460,4.95,Stage 2,2021-01-01
41.3,-70.970001,2021-04-14,0145509de-ed6b-9073-9887-0af2b28b0534,USA,MR G,POTS_AND_TRAPS,FISHING,338229941,0.43,Stage 2,2021-04-01
41.14,-71.129997,2021-12-28,90b9eaea0-018d-1eaf-4055-36b770057d04,USA,GAIL FRANCES,INCONCLUSIVE,FISHING,366940990,0.46,Stage 2,2021-12-01
40.99,-71.400002,2021-03-17,f24e7875f-f61b-0cbe-f53f-b179dd5b9c21,USA,LINDA MARIE,TRAWLERS,FISHING,367588040,1.88,Stage 2,2021-03-01
41.36,-71.379997,2021-10-28,cb559898a-aba5-5632-5426-e3f2bbd4fba7,USA,TRANQUILITY,POLE_AND_LINE,FISHING,338215127,0.94,Stage 2,2021-10-01
41.35,-71.25,2021-12-09,c11057b39-90b8-89c0-7f09-0f5a46f8d730,USA,BELL SKY,TRAWLERS,FISHING,367637420,1.67,Stage 2,2021-12-01
41.05,-71.169998,2021-10-02,90b9eaea0-018d-1eaf-4055-36b770057d04,USA,GAIL FRANCES,INCONCLUSIVE,FISHING,366940990,2.42,Stage 2,2021-10-01
41.07,-71.379997,2021-04-07,c11057b39-90b8-89c0-7f09-0f5a46f8d730,USA,BELL SKY,TRAWLERS,FISHING,367637420,0.63,Stage 2,2021-04-01
40.94,-71.080002,2021-05-06,cddaf9db4-4d38-6444-99df-1ffe3e476648,USA,SANDRA JANE,TRAWLERS,FISHING,367327960,0.97,Stage 2,2021-05-01
40.94,-71.059998,2021-05-11,cddaf9db4-4d38-6444-99df-1ffe3e476648,USA,SANDRA JANE,TRAWLERS,FISHING,367327960,1.03,Stage 2,2021-05-01
41.32,-71.32,2021-10-07,6bd1ee253-36e1-429c-1007-19d66b5968b2,USA,TUF GUY,POLE_AND_LINE,FISHING,338207725,0.58,Stage 2,2021-10-01
41.13,-71.339996,2021-08-27,90b9eaea0-018d-1eaf-4055-36b770057d04,USA,GAIL FRANCES,INCONCLUSIVE,FISHING,366940990,0.89,Stage 2,2021-08-01
40.9,-70.93,2021-05-17,c807dc5db-b12d-7ea3-c70e-ff88529f864d,USA,NA,SET_GILLNETS,FISHING,367118070,1.25,Stage 2,2021-05-01
40.94,-71.07,2021-05-04,cddaf9db4-4d38-6444-99df-1ffe3e476648,USA,SANDRA JANE,TRAWLERS,FISHING,367327960,1.89,Stage 2,2021-05-01
41.11,-71.339996,2021-09-17,59d8ab6e8-88ae-3379-7957-c3cf5af17475,USA,HOPE AND SYDNEY,TRAWLERS,FISHING,367084070,2.52,Stage 2,2021-09-01
40.95,-71.129997,2021-05-04,cddaf9db4-4d38-6444-99df-1ffe3e476648,USA,SANDRA JANE,TRAWLERS,FISHING,367327960,3.32,Stage 2,2021-05-01
41.13,-71.309998,2021-10-14,c9804fdb4-469e-7f30-0a3f-044b6cc74b65,USA,KAREN ANN,SET_GILLNETS,FISHING,367105250,0.92,Stage 2,2021-10-01
41.28,-71.410004,2021-10-13,f24e7875f-f61b-0cbe-f53f-b179dd5b9c21,USA,LINDA MARIE,TRAWLERS,FISHING,367588040,1.14,Stage 2,2021-10-01
40.98,-71.400002,2021-04-27,cec008aa2-264e-d098-8f9d-11769636d229,USA,KELSI & MORGAN,TRAWLERS,FISHING,338386525,0.76,Stage 2,2021-04-01
41.23,-71.150002,2021-06-18,138335867-750f-7b39-06ff-645add8dbdc7,USA,BROOKE ELISE,TRAWLERS,FISHING,367687740,0.6,Stage 2,2021-06-01
41.13,-71.330002,2021-09-06,59d8ab6e8-88ae-3379-7957-c3cf5af17475,USA,HOPE AND SYDNEY,TRAWLERS,FISHING,367084070,0.82,Stage 2,2021-09-01
41.07,-71.379997,2021-07-24,2326efd2e-ef2b-34f0-f4e7-9a078f8cb4c4,USA,BELL SKY,TRAWLERS,FISHING,367637420,1.3,Stage 2,2021-07-01
41.33,-71.129997,2021-08-28,b55b1fc75-5ca4-e97b-7e71-e40ed228c37a,USA,SEA WATCHER II,DREDGE_FISHING,FISHING,367788350,0.85,Stage 2,2021-08-01
41.24,-71.300003,2021-10-14,d8bbf6380-05af-2b58-ca64-97ffb1eb319f,USA,ENTERPRISE,TRAWLERS,FISHING,367590310,0.67,Stage 2,2021-10-01
41.11,-71.339996,2021-04-20,44752569c-c00c-da61-1898-4d62b6314a40,USA,VIRGINIA MARISE,TRAWLERS,FISHING,367145360,0.37,Stage 2,2021-04-01
41.08,-71.370003,2021-10-17,c11057b39-90b8-89c0-7f09-0f5a46f8d730,USA,BELL SKY,TRAWLERS,FISHING,367637420,4.15,Stage 2,2021-10-01
41.29,-71.410004,2021-10-02,6ae903a95-5315-4633-05e6-edfa6b61c787,USA,PROUD MARY,TRAWLERS,FISHING,368102540,1.08,Stage 2,2021-10-01
41.15,-71.290001,2021-05-17,d8bbf6380-05af-2b58-ca64-97ffb1eb319f,USA,ENTERPRISE,TRAWLERS,FISHING,367590310,0.57,Stage 2,2021-05-01
41.05,-71.379997,2021-08-25,2326efd2e-ef2b-34f0-f4e7-9a078f8cb4c4,USA,BELL SKY,TRAWLERS,FISHING,367637420,0.77,Stage 2,2021-08-01
41.19,-71.239998,2021-08-21,d2d6e0603-3a0e-48f4-32d2-a4d0565980c7,USA,MATTIE AND MAREN,TRAWLERS,FISHING,367415240,2.75,Stage 2,2021-08-01
40.99,-71.099998,2021-05-07,fd96b30e3-3f77-f437-8122-20e7744dfdb4,USA,TIMBERLINE,DREDGE_FISHING,FISHING,367071460,1.12,Stage 2,2021-05-01
41.11,-71.309998,2021-08-31,c9804fdb4-469e-7f30-0a3f-044b6cc74b65,USA,KAREN ANN,SET_GILLNETS,FISHING,367105250,0.92,Stage 2,2021-08-01
41.37,-71.129997,2021-06-01,b5c8f14ac-cc19-ce97-1589-8ed6d3b58f48,USA,STEPHANIE BRYAN,FISHING,FISHING,367428520,2.06,Stage 2,2021-06-01
41,-71.330002,2021-10-17,c11057b39-90b8-89c0-7f09-0f5a46f8d730,USA,BELL SKY,TRAWLERS,FISHING,367637420,5.4,Stage 2,2021-10-01
41.36,-71.25,2021-11-03,c11057b39-90b8-89c0-7f09-0f5a46f8d730,USA,BELL SKY,TRAWLERS,FISHING,367637420,1.32,Stage 2,2021-11-01
40.94,-71.400002,2021-04-13,f24e7875f-f61b-0cbe-f53f-b179dd5b9c21,USA,LINDA MARIE,TRAWLERS,FISHING,367588040,1.63,Stage 2,2021-04-01
41.07,-71.379997,2021-03-17,6ae903a95-5315-4633-05e6-edfa6b61c787,USA,PROUD MARY,TRAWLERS,FISHING,368102540,1.04,Stage 2,2021-03-01
40.95,-71.099998,2021-05-10,cddaf9db4-4d38-6444-99df-1ffe3e476648,USA,SANDRA JANE,TRAWLERS,FISHING,367327960,6.39,Stage 2,2021-05-01
40.94,-71.370003,2021-04-08,59d8ab6e8-88ae-3379-7957-c3cf5af17475,USA,HOPE AND SYDNEY,TRAWLERS,FISHING,367084070,12.58,Stage 2,2021-04-01
41.09,-71.370003,2021-09-13,59d8ab6e8-88ae-3379-7957-c3cf5af17475,USA,HOPE AND SYDNEY,TRAWLERS,FISHING,367084070,1.03,Stage 2,2021-09-01
40.93,-71.129997,2021-05-09,cddaf9db4-4d38-6444-99df-1ffe3e476648,USA,SANDRA JANE,TRAWLERS,FISHING,367327960,1.15,Stage 2,2021-05-01
41.16,-71.32,2021-03-21,c9804fdb4-469e-7f30-0a3f-044b6cc74b65,USA,KAREN ANN,SET_GILLNETS,FISHING,367105250,0.38,Stage 2,2021-03-01
41.01,-71.389999,2021-04-28,cec008aa2-264e-d098-8f9d-11769636d229,USA,KELSI & MORGAN,TRAWLERS,FISHING,338386525,0.59,Stage 2,2021-04-01
40.96,-71.120003,2021-07-01,cddaf9db4-4d38-6444-99df-1ffe3e476648,USA,SANDRA JANE,TRAWLERS,FISHING,367327960,1.02,Stage 2,2021-07-01
40.97,-71.050003,2021-05-14,cddaf9db4-4d38-6444-99df-1ffe3e476648,USA,SANDRA JANE,TRAWLERS,FISHING,367327960,0.76,Stage 2,2021-05-01
41.05,-71.389999,2021-11-01,90b9eaea0-018d-1eaf-4055-36b770057d04,USA,GAIL FRANCES,INCONCLUSIVE,FISHING,366940990,2.2,Stage 2,2021-11-01
40.96,-71.25,2021-05-15,59d8ab6e8-88ae-3379-7957-c3cf5af17475,USA,HOPE AND SYDNEY,TRAWLERS,FISHING,367084070,0.67,Stage 2,2021-05-01
41.03,-70.879997,2021-06-18,5de80cab6-6aec-304e-26ae-db65198e00ce,USA,PERSISTENCE,POLE_AND_LINE,FISHING,368107450,0.62,Stage 2,2021-06-01
40.97,-71.110001,2021-07-02,cddaf9db4-4d38-6444-99df-1ffe3e476648,USA,SANDRA JANE,TRAWLERS,FISHING,367327960,0.98,Stage 2,2021-07-01
40.95,-71.349998,2021-04-20,d2d6e0603-3a0e-48f4-32d2-a4d0565980c7,USA,MATTIE AND MAREN,TRAWLERS,FISHING,367415240,0.87,Stage 2,2021-04-01
41.13,-71.339996,2021-12-06,c11057b39-90b8-89c0-7f09-0f5a46f8d730,USA,BELL SKY,TRAWLERS,FISHING,367637420,1.17,Stage 2,2021-12-01
41.04,-71.230003,2021-11-20,90b9eaea0-018d-1eaf-4055-36b770057d04,USA,GAIL FRANCES,INCONCLUSIVE,FISHING,366940990,1.63,Stage 2,2021-11-01
41.1,-71.099998,2021-04-14,0145509de-ed6b-9073-9887-0af2b28b0534,USA,MR G,POTS_AND_TRAPS,FISHING,338229941,1.08,Stage 2,2021-04-01
41.09,-71.209999,2021-06-21,25d7974a8-8ecf-4379-9b08-45e731dd11c9,USA,SAKONNET LOBSTER 2,POLE_AND_LINE,FISHING,338337752,0.97,Stage 2,2021-06-01
40.99,-71.379997,2021-04-28,d2d6e0603-3a0e-48f4-32d2-a4d0565980c7,USA,MATTIE AND MAREN,TRAWLERS,FISHING,367415240,1.4,Stage 2,2021-04-01
41.09,-71.18,2021-08-17,bdf59862d-dee2-4d2f-0d97-4983bcb3d066,USA,NOAA GLORIA MICHELLE,TRAWLERS,FISHING,338066383,3.89,Stage 2,2021-08-01
41.05,-70.849998,2021-07-06,ef68d82c6-6d7e-ae58-2266-6ed164d98ce3,USA,MAX & EMMA,FISHING,FISHING,367792770,0.42,Stage 2,2021-07-01
40.97,-71.169998,2021-06-07,fd96b30e3-3f77-f437-8122-20e7744dfdb4,USA,TIMBERLINE,DREDGE_FISHING,FISHING,367071460,0.67,Stage 2,2021-06-01
41.07,-71.379997,2021-05-15,59d8ab6e8-88ae-3379-7957-c3cf5af17475,USA,HOPE AND SYDNEY,TRAWLERS,FISHING,367084070,0.4,Stage 2,2021-05-01
41.01,-71.360001,2021-04-11,f24e7875f-f61b-0cbe-f53f-b179dd5b9c21,USA,LINDA MARIE,TRAWLERS,FISHING,367588040,0.85,Stage 2,2021-04-01
41.03,-71.18,2021-03-21,fda33ad3b-b3d7-9afb-257d-126bd7b77f81,USA,LADY FRANCES,INCONCLUSIVE,FISHING,367155670,2.53,Stage 2,2021-03-01
40.96,-71.110001,2021-05-13,cddaf9db4-4d38-6444-99df-1ffe3e476648,USA,SANDRA JANE,TRAWLERS,FISHING,367327960,1.04,Stage 2,2021-05-01
41.04,-70.93,2021-11-02,a45b489d0-00f1-5dc5-64d8-6d681d72b4ba,USA,LADY BRITTANY,TRAWLERS,FISHING,366983260,6.06,Stage 2,2021-11-01
40.96,-71.040001,2021-07-02,cddaf9db4-4d38-6444-99df-1ffe3e476648,USA,SANDRA JANE,TRAWLERS,FISHING,367327960,1.88,Stage 2,2021-07-01
41.06,-71.379997,2021-04-27,cec008aa2-264e-d098-8f9d-11769636d229,USA,KELSI & MORGAN,TRAWLERS,FISHING,338386525,1.13,Stage 2,2021-04-01
41.17,-70.769997,2021-07-21,dc7503a12-2012-2b23-c830-41a97164309d,USA,CHARLIES PRIDE,TRAWLERS,FISHING,366472920,0.68,Stage 2,2021-07-01
41.05,-71.389999,2021-11-05,90b9eaea0-018d-1eaf-4055-36b770057d04,USA,GAIL FRANCES,INCONCLUSIVE,FISHING,366940990,5.06,Stage 2,2021-11-01
41.11,-71.339996,2021-05-11,d8bbf6380-05af-2b58-ca64-97ffb1eb319f,USA,ENTERPRISE,TRAWLERS,FISHING,367590310,1.5,Stage 2,2021-05-01
41.1,-71.120003,2021-12-10,0145509de-ed6b-9073-9887-0af2b28b0534,USA,MR G,POTS_AND_TRAPS,FISHING,338229941,0.34,Stage 2,2021-12-01
41.31,-71.400002,2021-12-26,1643a8ed5-537d-68a3-9373-f3036b787b6e,USA,PROUD MARY,TRAWLERS,FISHING,368102540,0.94,Stage 2,2021-12-01
41.03,-70.949997,2021-05-07,fd96b30e3-3f77-f437-8122-20e7744dfdb4,USA,TIMBERLINE,DREDGE_FISHING,FISHING,367071460,6.5,Stage 2,2021-05-01
40.93,-71.080002,2021-05-11,cddaf9db4-4d38-6444-99df-1ffe3e476648,USA,SANDRA JANE,TRAWLERS,FISHING,367327960,1.14,Stage 2,2021-05-01
41.11,-71.300003,2021-10-18,d8bbf6380-05af-2b58-ca64-97ffb1eb319f,USA,ENTERPRISE,TRAWLERS,FISHING,367590310,0.93,Stage 2,2021-10-01
41.07,-71.370003,2021-06-20,76d201cbb-b14b-4796-9c75-75e74fac527d,USA,REEL CRAZY,POLE_AND_LINE,FISHING,367680840,1.87,Stage 2,2021-06-01
40.95,-71.330002,2021-08-26,b5c8f14ac-cc19-ce97-1589-8ed6d3b58f48,USA,STEPHANIE BRYAN,FISHING,FISHING,367428520,0.83,Stage 2,2021-08-01
40.94,-71.089996,2021-05-06,cddaf9db4-4d38-6444-99df-1ffe3e476648,USA,SANDRA JANE,TRAWLERS,FISHING,367327960,1.79,Stage 2,2021-05-01
41.24,-71.050003,2021-08-11,94a980510-01b3-625f-8524-0b3b93600b8c,USA,CODY,TRAWLERS,FISHING,367190280,0.58,Stage 2,2021-08-01
40.95,-71.059998,2021-05-08,cddaf9db4-4d38-6444-99df-1ffe3e476648,USA,SANDRA JANE,TRAWLERS,FISHING,367327960,2.01,Stage 2,2021-05-01
40.98,-71.379997,2021-03-17,d2d4a7623-3cb5-3aed-65b0-0866a70bfbb3,USA,OCEAN STATE,TRAWLERS,FISHING,366278770,0.86,Stage 2,2021-03-01
41.05,-71.389999,2021-09-04,59d8ab6e8-88ae-3379-7957-c3cf5af17475,USA,HOPE AND SYDNEY,TRAWLERS,FISHING,367084070,0.84,Stage 2,2021-09-01
41,-71.040001,2021-05-03,cddaf9db4-4d38-6444-99df-1ffe3e476648,USA,SANDRA JANE,TRAWLERS,FISHING,367327960,0.88,Stage 2,2021-05-01
41.04,-71.379997,2021-03-24,7380f0ab3-32c7-d8a7-6e0f-c0283d022f87,USA,F/V INCENTIVE,TRAWLERS,FISHING,367435050,0.74,Stage 2,2021-03-01
41.14,-71.360001,2021-04-10,fda33ad3b-b3d7-9afb-257d-126bd7b77f81,USA,LADY FRANCES,INCONCLUSIVE,FISHING,367155670,0.58,Stage 2,2021-04-01
40.95,-71.379997,2021-05-15,59d8ab6e8-88ae-3379-7957-c3cf5af17475,USA,HOPE AND SYDNEY,TRAWLERS,FISHING,367084070,2.51,Stage 2,2021-05-01
41.15,-71.269997,2021-06-18,cb559898a-aba5-5632-5426-e3f2bbd4fba7,USA,TRANQUILITY,POLE_AND_LINE,FISHING,338215127,0.62,Stage 2,2021-06-01
41.12,-71.330002,2021-10-15,cec008aa2-264e-d098-8f9d-11769636d229,USA,KELSI & MORGAN,TRAWLERS,FISHING,338386525,9.76,Stage 2,2021-10-01
41.06,-70.959999,2021-04-28,fd96b30e3-3f77-f437-8122-20e7744dfdb4,USA,TIMBERLINE,DREDGE_FISHING,FISHING,367071460,0.9,Stage 2,2021-04-01
41.37,-71.330002,2021-05-26,b4dc0ac5f-fa14-71d0-69b0-1d5b63e4421e,USA,MICHELE JEAN 2,TRAWLERS,FISHING,367518040,0.84,Stage 2,2021-05-01
41.35,-71.25,2021-12-10,c11057b39-90b8-89c0-7f09-0f5a46f8d730,USA,BELL SKY,TRAWLERS,FISHING,367637420,2.17,Stage 2,2021-12-01
41.08,-70.790001,2021-06-10,b562e83d9-9a4c-e7a9-3ac1-bd289fc0c328,USA,GREAT PUMPKIN,SET_GILLNETS,FISHING,338126698,0.81,Stage 2,2021-06-01
41.12,-71.330002,2021-10-04,59d8ab6e8-88ae-3379-7957-c3cf5af17475,USA,HOPE AND SYDNEY,TRAWLERS,FISHING,367084070,1.72,Stage 2,2021-10-01
40.97,-71.309998,2021-04-10,f24e7875f-f61b-0cbe-f53f-b179dd5b9c21,USA,LINDA MARIE,TRAWLERS,FISHING,367588040,0.78,Stage 2,2021-04-01
41.05,-71.379997,2021-01-07,44752569c-c00c-da61-1898-4d62b6314a40,USA,VIRGINIA MARISE,TRAWLERS,FISHING,367145360,4.16,Stage 2,2021-01-01
41.11,-71.18,2021-06-18,01cb82c60-0ac5-1e19-f436-98a40a63f1a5,USA,WATERPROOF,POLE_AND_LINE,FISHING,338019005,1.08,Stage 2,2021-06-01
41.28,-71.389999,2021-05-24,ff3830e6a-a93e-1d34-b439-f9f742984f72,USA,DARANA R,FISHING,FISHING,367174730,0.56,Stage 2,2021-05-01
41.03,-71.379997,2021-05-15,d8bbf6380-05af-2b58-ca64-97ffb1eb319f,USA,ENTERPRISE,TRAWLERS,FISHING,367590310,0.91,Stage 2,2021-05-01
41.02,-71.360001,2021-04-10,d2d6e0603-3a0e-48f4-32d2-a4d0565980c7,USA,MATTIE AND MAREN,TRAWLERS,FISHING,367415240,0.95,Stage 2,2021-04-01
41.05,-71.389999,2021-09-11,90b9eaea0-018d-1eaf-4055-36b770057d04,USA,GAIL FRANCES,INCONCLUSIVE,FISHING,366940990,4.13,Stage 2,2021-09-01
40.94,-71.099998,2021-05-07,cddaf9db4-4d38-6444-99df-1ffe3e476648,USA,SANDRA JANE,TRAWLERS,FISHING,367327960,2.54,Stage 2,2021-05-01
41.28,-71.400002,2021-11-02,3c32ced74-4560-e6f1-77f3-0660a2f14f55,USA,ELIZ AND KATHERINE,TRAWLERS,FISHING,367542540,0.41,Stage 2,2021-11-01
40.94,-71.269997,2021-05-14,ddc11a0d9-9b3f-a4c0-3b39-2bdff6fcf9fc,USA,LITTLE GULL,POTS_AND_TRAPS,FISHING,367645090,1.07,Stage 2,2021-05-01
41.11,-71.349998,2021-09-13,59d8ab6e8-88ae-3379-7957-c3cf5af17475,USA,HOPE AND SYDNEY,TRAWLERS,FISHING,367084070,0.77,Stage 2,2021-09-01
41.14,-71.32,2021-09-09,59d8ab6e8-88ae-3379-7957-c3cf5af17475,USA,HOPE AND SYDNEY,TRAWLERS,FISHING,367084070,1.45,Stage 2,2021-09-01
41.14,-71.32,2021-09-30,44752569c-c00c-da61-1898-4d62b6314a40,USA,VIRGINIA MARISE,TRAWLERS,FISHING,367145360,1.22,Stage 2,2021-09-01
40.95,-71.349998,2021-04-24,c11057b39-90b8-89c0-7f09-0f5a46f8d730,USA,BELL SKY,TRAWLERS,FISHING,367637420,0.52,Stage 2,2021-04-01
40.97,-71.120003,2021-07-02,cddaf9db4-4d38-6444-99df-1ffe3e476648,USA,SANDRA JANE,TRAWLERS,FISHING,367327960,0.93,Stage 2,2021-07-01
41.04,-71.199997,2021-12-05,90b9eaea0-018d-1eaf-4055-36b770057d04,USA,GAIL FRANCES,INCONCLUSIVE,FISHING,366940990,2.03,Stage 2,2021-12-01
41.3,-71.389999,2021-06-18,c9804fdb4-469e-7f30-0a3f-044b6cc74b65,USA,KAREN ANN,SET_GILLNETS,FISHING,367105250,2.02,Stage 2,2021-06-01
41.09,-71.360001,2021-09-07,59d8ab6e8-88ae-3379-7957-c3cf5af17475,USA,HOPE AND SYDNEY,TRAWLERS,FISHING,367084070,2.35,Stage 2,2021-09-01
41.11,-71.339996,2021-11-03,cec008aa2-264e-d098-8f9d-11769636d229,USA,KELSI & MORGAN,TRAWLERS,FISHING,338386525,0.88,Stage 2,2021-11-01
40.97,-71.370003,2021-04-24,d2d6e0603-3a0e-48f4-32d2-a4d0565980c7,USA,MATTIE AND MAREN,TRAWLERS,FISHING,367415240,0.87,Stage 2,2021-04-01
41.05,-71.389999,2021-01-27,287fc1cbf-fbc0-3baa-ae98-f20768f5d10f,USA,VIKING STARSHIP,PASSENGER,PASSENGER,367661740,0.91,Stage 2,2021-01-01
41.01,-71.099998,2021-12-11,25373aa10-051d-40cb-370e-680b29ed593f,USA,MISS EMMA,FIXED_GEAR,FISHING,368159010,13.01,Stage 2,2021-12-01
41.05,-71.400002,2021-12-29,90b9eaea0-018d-1eaf-4055-36b770057d04,USA,GAIL FRANCES,INCONCLUSIVE,FISHING,366940990,1.08,Stage 2,2021-12-01
41.16,-70.839996,2021-07-21,dc7503a12-2012-2b23-c830-41a97164309d,USA,CHARLIES PRIDE,TRAWLERS,FISHING,366472920,0.96,Stage 2,2021-07-01
40.9,-71.32,2021-03-22,d2d6e0603-3a0e-48f4-32d2-a4d0565980c7,USA,MATTIE AND MAREN,TRAWLERS,FISHING,367415240,1.04,Stage 2,2021-03-01
41.05,-71.379997,2021-05-14,d8bbf6380-05af-2b58-ca64-97ffb1eb319f,USA,ENTERPRISE,TRAWLERS,FISHING,367590310,1.13,Stage 2,2021-05-01
41.35,-71.25,2021-07-30,2326efd2e-ef2b-34f0-f4e7-9a078f8cb4c4,USA,BELL SKY,TRAWLERS,FISHING,367637420,4.2,Stage 2,2021-07-01
41.35,-71.25,2021-11-10,c11057b39-90b8-89c0-7f09-0f5a46f8d730,USA,BELL SKY,TRAWLERS,FISHING,367637420,2.59,Stage 2,2021-11-01
41.02,-71.18,2021-12-05,90b9eaea0-018d-1eaf-4055-36b770057d04,USA,GAIL FRANCES,INCONCLUSIVE,FISHING,366940990,0.37,Stage 2,2021-12-01
41.21,-71.220001,2021-08-26,d2d6e0603-3a0e-48f4-32d2-a4d0565980c7,USA,MATTIE AND MAREN,TRAWLERS,FISHING,367415240,1.2,Stage 2,2021-08-01
41.12,-71.339996,2021-09-11,59d8ab6e8-88ae-3379-7957-c3cf5af17475,USA,HOPE AND SYDNEY,TRAWLERS,FISHING,367084070,0.56,Stage 2,2021-09-01
41.38,-71.239998,2021-02-07,a3065c104-4828-8b2b-4e58-06e269df3d9b,USA,PROVIDIAN,FISHING,FISHING,368065000,0.92,Stage 2,2021-02-01
40.94,-71.089996,2021-05-05,cddaf9db4-4d38-6444-99df-1ffe3e476648,USA,SANDRA JANE,TRAWLERS,FISHING,367327960,3.5,Stage 2,2021-05-01
40.94,-71.050003,2021-05-10,cddaf9db4-4d38-6444-99df-1ffe3e476648,USA,SANDRA JANE,TRAWLERS,FISHING,367327960,6.56,Stage 2,2021-05-01
40.96,-70.730003,2021-05-20,3f7bc2d3c-cd9d-147d-4b10-060244a9e053,USA,COURAGEOUS,FISHING,FISHING,366927920,1.04,Stage 2,2021-05-01
40.96,-71.169998,2021-05-17,fd96b30e3-3f77-f437-8122-20e7744dfdb4,USA,TIMBERLINE,DREDGE_FISHING,FISHING,367071460,1.16,Stage 2,2021-05-01
40.97,-71.169998,2021-06-01,fd96b30e3-3f77-f437-8122-20e7744dfdb4,USA,TIMBERLINE,DREDGE_FISHING,FISHING,367071460,1.72,Stage 2,2021-06-01
41.11,-71.339996,2021-09-09,59d8ab6e8-88ae-3379-7957-c3cf5af17475,USA,HOPE AND SYDNEY,TRAWLERS,FISHING,367084070,1.57,Stage 2,2021-09-01
41.02,-71.290001,2021-07-01,bb78a986c-ca0e-f163-4eee-3b904068aabf,USA,HIGH FLIER,POLE_AND_LINE,FISHING,338362858,0.53,Stage 2,2021-07-01
40.94,-71.389999,2021-08-02,82a8bb0b8-8fc6-7817-fc67-bf26721a5738,USA,LIFE IS GOOD,POLE_AND_LINE,FISHING,368090290,3.8,Stage 2,2021-08-01
40.93,-71.129997,2021-05-04,cddaf9db4-4d38-6444-99df-1ffe3e476648,USA,SANDRA JANE,TRAWLERS,FISHING,367327960,1,Stage 2,2021-05-01
41.03,-71.379997,2021-03-30,d2d4a7623-3cb5-3aed-65b0-0866a70bfbb3,USA,OCEAN STATE,TRAWLERS,FISHING,366278770,0.53,Stage 2,2021-03-01
40.94,-71.389999,2021-02-05,d2d6e0603-3a0e-48f4-32d2-a4d0565980c7,USA,MATTIE AND MAREN,TRAWLERS,FISHING,367415240,0.58,Stage 2,2021-02-01
41.21,-70.879997,2021-07-12,90b9eaea0-018d-1eaf-4055-36b770057d04,USA,GAIL FRANCES,INCONCLUSIVE,FISHING,366940990,0.94,Stage 2,2021-07-01
41.16,-71.279999,2021-08-21,d2d6e0603-3a0e-48f4-32d2-a4d0565980c7,USA,MATTIE AND MAREN,TRAWLERS,FISHING,367415240,1.45,Stage 2,2021-08-01
41.12,-71.300003,2021-05-07,94a980510-01b3-625f-8524-0b3b93600b8c,USA,CODY,TRAWLERS,FISHING,367190280,0.57,Stage 2,2021-05-01
40.95,-71.339996,2021-04-13,f24e7875f-f61b-0cbe-f53f-b179dd5b9c21,USA,LINDA MARIE,TRAWLERS,FISHING,367588040,3.52,Stage 2,2021-04-01
41.15,-71.279999,2021-11-09,d8bbf6380-05af-2b58-ca64-97ffb1eb319f,USA,ENTERPRISE,TRAWLERS,FISHING,367590310,0.91,Stage 2,2021-11-01
41.26,-71.349998,2021-11-03,d8bbf6380-05af-2b58-ca64-97ffb1eb319f,USA,ENTERPRISE,TRAWLERS,FISHING,367590310,0.63,Stage 2,2021-11-01
40.96,-71.120003,2021-05-09,cddaf9db4-4d38-6444-99df-1ffe3e476648,USA,SANDRA JANE,TRAWLERS,FISHING,367327960,1.18,Stage 2,2021-05-01
41.28,-71.389999,2021-05-03,cec008aa2-264e-d098-8f9d-11769636d229,USA,KELSI & MORGAN,TRAWLERS,FISHING,338386525,0.84,Stage 2,2021-05-01
40.96,-71.029999,2021-07-04,cddaf9db4-4d38-6444-99df-1ffe3e476648,USA,SANDRA JANE,TRAWLERS,FISHING,367327960,1.14,Stage 2,2021-07-01
41.19,-70.739998,2021-08-14,b91c9478b-bfa0-844e-f949-ccea31ce5ac1,USA,ELIZ AND KATHERINE,TRAWLERS,FISHING,367542540,0.42,Stage 2,2021-08-01
40.93,-71.150002,2021-05-08,cddaf9db4-4d38-6444-99df-1ffe3e476648,USA,SANDRA JANE,TRAWLERS,FISHING,367327960,0.98,Stage 2,2021-05-01
41.12,-71.330002,2021-09-18,59d8ab6e8-88ae-3379-7957-c3cf5af17475,USA,HOPE AND SYDNEY,TRAWLERS,FISHING,367084070,4.63,Stage 2,2021-09-01
41.11,-71.339996,2021-09-15,59d8ab6e8-88ae-3379-7957-c3cf5af17475,USA,HOPE AND SYDNEY,TRAWLERS,FISHING,367084070,1.03,Stage 2,2021-09-01
41.04,-71.239998,2021-10-04,90b9eaea0-018d-1eaf-4055-36b770057d04,USA,GAIL FRANCES,INCONCLUSIVE,FISHING,366940990,1.17,Stage 2,2021-10-01
41.03,-71.169998,2021-10-01,90b9eaea0-018d-1eaf-4055-36b770057d04,USA,GAIL FRANCES,INCONCLUSIVE,FISHING,366940990,0.51,Stage 2,2021-10-01
40.99,-70.970001,2021-05-06,cddaf9db4-4d38-6444-99df-1ffe3e476648,USA,SANDRA JANE,TRAWLERS,FISHING,367327960,1.74,Stage 2,2021-05-01
40.94,-71.389999,2021-04-19,c11057b39-90b8-89c0-7f09-0f5a46f8d730,USA,BELL SKY,TRAWLERS,FISHING,367637420,4.15,Stage 2,2021-04-01
41.12,-71.309998,2021-08-25,c9804fdb4-469e-7f30-0a3f-044b6cc74b65,USA,KAREN ANN,SET_GILLNETS,FISHING,367105250,1.14,Stage 2,2021-08-01
41.09,-71.370003,2021-04-02,c11057b39-90b8-89c0-7f09-0f5a46f8d730,USA,BELL SKY,TRAWLERS,FISHING,367637420,0.73,Stage 2,2021-04-01
41.07,-71.379997,2021-03-16,6ae903a95-5315-4633-05e6-edfa6b61c787,USA,PROUD MARY,TRAWLERS,FISHING,368102540,1.12,Stage 2,2021-03-01
41.05,-71.389999,2021-10-18,138335867-750f-7b39-06ff-645add8dbdc7,USA,BROOKE ELISE,TRAWLERS,FISHING,367687740,1.13,Stage 2,2021-10-01
41.11,-71.300003,2021-06-15,d8bbf6380-05af-2b58-ca64-97ffb1eb319f,USA,ENTERPRISE,TRAWLERS,FISHING,367590310,0.42,Stage 2,2021-06-01
41.01,-71.279999,2021-03-30,f24e7875f-f61b-0cbe-f53f-b179dd5b9c21,USA,LINDA MARIE,TRAWLERS,FISHING,367588040,0.42,Stage 2,2021-03-01
41.1,-71.110001,2021-12-10,0145509de-ed6b-9073-9887-0af2b28b0534,USA,MR G,POTS_AND_TRAPS,FISHING,338229941,0.95,Stage 2,2021-12-01
40.98,-71.290001,2021-04-10,f24e7875f-f61b-0cbe-f53f-b179dd5b9c21,USA,LINDA MARIE,TRAWLERS,FISHING,367588040,2.03,Stage 2,2021-04-01
40.94,-71.089996,2021-05-08,cddaf9db4-4d38-6444-99df-1ffe3e476648,USA,SANDRA JANE,TRAWLERS,FISHING,367327960,1.05,Stage 2,2021-05-01
41.03,-71.18,2021-10-08,90b9eaea0-018d-1eaf-4055-36b770057d04,USA,GAIL FRANCES,INCONCLUSIVE,FISHING,366940990,2.16,Stage 2,2021-10-01
40.97,-71.379997,2021-02-10,6ae903a95-5315-4633-05e6-edfa6b61c787,USA,PROUD MARY,TRAWLERS,FISHING,368102540,1.01,Stage 2,2021-02-01
41.07,-70.879997,2021-06-18,5de80cab6-6aec-304e-26ae-db65198e00ce,USA,PERSISTENCE,POLE_AND_LINE,FISHING,368107450,0.92,Stage 2,2021-06-01
40.96,-71.019997,2021-07-04,cddaf9db4-4d38-6444-99df-1ffe3e476648,USA,SANDRA JANE,TRAWLERS,FISHING,367327960,0.66,Stage 2,2021-07-01
40.95,-71.059998,2021-05-06,cddaf9db4-4d38-6444-99df-1ffe3e476648,USA,SANDRA JANE,TRAWLERS,FISHING,367327960,1.94,Stage 2,2021-05-01
41.28,-71.400002,2021-10-12,f24e7875f-f61b-0cbe-f53f-b179dd5b9c21,USA,LINDA MARIE,TRAWLERS,FISHING,367588040,0.92,Stage 2,2021-10-01
41.15,-71.309998,2021-05-06,94a980510-01b3-625f-8524-0b3b93600b8c,USA,CODY,TRAWLERS,FISHING,367190280,3.01,Stage 2,2021-05-01
41.04,-71.230003,2021-09-30,90b9eaea0-018d-1eaf-4055-36b770057d04,USA,GAIL FRANCES,INCONCLUSIVE,FISHING,366940990,1.89,Stage 2,2021-09-01
41.24,-70.949997,2021-12-21,a60bb8c1a-a9cd-5892-2581-2bea9933c8e0,USA,NEW SEA ROVER,TRAWLERS,FISHING,367346010,6.93,Stage 2,2021-12-01
40.96,-70.779999,2021-05-20,3f7bc2d3c-cd9d-147d-4b10-060244a9e053,USA,COURAGEOUS,FISHING,FISHING,366927920,0.95,Stage 2,2021-05-01
40.93,-71.110001,2021-05-03,cddaf9db4-4d38-6444-99df-1ffe3e476648,USA,SANDRA JANE,TRAWLERS,FISHING,367327960,1.1,Stage 2,2021-05-01
41.04,-71.389999,2021-05-13,138335867-750f-7b39-06ff-645add8dbdc7,USA,BROOKE ELISE,TRAWLERS,FISHING,367687740,2.13,Stage 2,2021-05-01
40.96,-71.120003,2021-05-13,cddaf9db4-4d38-6444-99df-1ffe3e476648,USA,SANDRA JANE,TRAWLERS,FISHING,367327960,1.84,Stage 2,2021-05-01
41.01,-71.370003,2021-04-11,f24e7875f-f61b-0cbe-f53f-b179dd5b9c21,USA,LINDA MARIE,TRAWLERS,FISHING,367588040,0.37,Stage 2,2021-04-01
41.03,-71.169998,2021-12-05,90b9eaea0-018d-1eaf-4055-36b770057d04,USA,GAIL FRANCES,INCONCLUSIVE,FISHING,366940990,1.17,Stage 2,2021-12-01
41.05,-71.379997,2021-09-03,59d8ab6e8-88ae-3379-7957-c3cf5af17475,USA,HOPE AND SYDNEY,TRAWLERS,FISHING,367084070,2.07,Stage 2,2021-09-01
40.95,-71.120003,2021-05-03,cddaf9db4-4d38-6444-99df-1ffe3e476648,USA,SANDRA JANE,TRAWLERS,FISHING,367327960,0.96,Stage 2,2021-05-01
41.04,-71.379997,2021-09-18,59d8ab6e8-88ae-3379-7957-c3cf5af17475,USA,HOPE AND SYDNEY,TRAWLERS,FISHING,367084070,2.64,Stage 2,2021-09-01
41.06,-70.989998,2021-05-07,fd96b30e3-3f77-f437-8122-20e7744dfdb4,USA,TIMBERLINE,DREDGE_FISHING,FISHING,367071460,8.38,Stage 2,2021-05-01
41.11,-71.300003,2021-10-23,d8bbf6380-05af-2b58-ca64-97ffb1eb319f,USA,ENTERPRISE,TRAWLERS,FISHING,367590310,0.78,Stage 2,2021-10-01
41.07,-70.919998,2021-02-11,3682cb23a-a5b4-316d-0a73-2c88711b0477,USA,ROST,TRAWLERS,FISHING,367535770,0.93,Stage 2,2021-02-01
41.19,-71.089996,2021-08-21,d2d6e0603-3a0e-48f4-32d2-a4d0565980c7,USA,MATTIE AND MAREN,TRAWLERS,FISHING,367415240,0.78,Stage 2,2021-08-01
41.12,-71.330002,2021-09-11,59d8ab6e8-88ae-3379-7957-c3cf5af17475,USA,HOPE AND SYDNEY,TRAWLERS,FISHING,367084070,0.5,Stage 2,2021-09-01
40.94,-71.080002,2021-05-05,cddaf9db4-4d38-6444-99df-1ffe3e476648,USA,SANDRA JANE,TRAWLERS,FISHING,367327960,1.28,Stage 2,2021-05-01
41.24,-71.279999,2021-12-14,ac89d7b95-5e53-ad2a-8bed-e9fa4fd43274,USA,MISS AMANDA,TRAWLERS,FISHING,367367970,0.43,Stage 2,2021-12-01
41.15,-71.32,2021-08-27,c9804fdb4-469e-7f30-0a3f-044b6cc74b65,USA,KAREN ANN,SET_GILLNETS,FISHING,367105250,0.71,Stage 2,2021-08-01
41.04,-71.230003,2021-11-21,90b9eaea0-018d-1eaf-4055-36b770057d04,USA,GAIL FRANCES,INCONCLUSIVE,FISHING,366940990,4.32,Stage 2,2021-11-01
41.19,-71.25,2021-09-01,3bf0a38cb-b2be-efb0-3ce1-cf112105af80,USA,MACKENZIE PAIGE,TRAWLERS,FISHING,367326980,0.87,Stage 2,2021-09-01
41.36,-71.18,2021-03-11,a06f99a97-76bd-77ff-61d3-554173288a00,USA,OCEAN LADY,FISHING,FISHING,366983550,0.56,Stage 2,2021-03-01
41.13,-70.839996,2021-07-23,b91c9478b-bfa0-844e-f949-ccea31ce5ac1,USA,ELIZ AND KATHERINE,TRAWLERS,FISHING,367542540,8.68,Stage 2,2021-07-01
41.12,-71.330002,2021-05-14,d8bbf6380-05af-2b58-ca64-97ffb1eb319f,USA,ENTERPRISE,TRAWLERS,FISHING,367590310,1.3,Stage 2,2021-05-01
40.97,-71.089996,2021-07-02,cddaf9db4-4d38-6444-99df-1ffe3e476648,USA,SANDRA JANE,TRAWLERS,FISHING,367327960,0.99,Stage 2,2021-07-01
41.25,-71.010002,2021-10-06,ff3830e6a-a93e-1d34-b439-f9f742984f72,USA,DARANA R,FISHING,FISHING,367174730,1.1,Stage 2,2021-10-01
41.05,-71.389999,2021-09-18,59d8ab6e8-88ae-3379-7957-c3cf5af17475,USA,HOPE AND SYDNEY,TRAWLERS,FISHING,367084070,0.66,Stage 2,2021-09-01
41.18,-71.040001,2021-08-21,d2d6e0603-3a0e-48f4-32d2-a4d0565980c7,USA,MATTIE AND MAREN,TRAWLERS,FISHING,367415240,0.78,Stage 2,2021-08-01
40.95,-71.349998,2021-03-24,c11057b39-90b8-89c0-7f09-0f5a46f8d730,USA,BELL SKY,TRAWLERS,FISHING,367637420,10.18,Stage 2,2021-03-01
41.1,-71.349998,2021-05-12,cec008aa2-264e-d098-8f9d-11769636d229,USA,KELSI & MORGAN,TRAWLERS,FISHING,338386525,0.93,Stage 2,2021-05-01
41,-71.349998,2021-03-30,d2d4a7623-3cb5-3aed-65b0-0866a70bfbb3,USA,OCEAN STATE,TRAWLERS,FISHING,366278770,1.54,Stage 2,2021-03-01
40.95,-71.32,2021-08-18,2326efd2e-ef2b-34f0-f4e7-9a078f8cb4c4,USA,BELL SKY,TRAWLERS,FISHING,367637420,9.22,Stage 2,2021-08-01
41.03,-71.18,2021-10-15,90b9eaea0-018d-1eaf-4055-36b770057d04,USA,GAIL FRANCES,INCONCLUSIVE,FISHING,366940990,2.17,Stage 2,2021-10-01
41.28,-71.410004,2021-10-14,f24e7875f-f61b-0cbe-f53f-b179dd5b9c21,USA,LINDA MARIE,TRAWLERS,FISHING,367588040,0.97,Stage 2,2021-10-01
40.88,-71.160004,2021-10-08,59c757235-5638-b364-a6ec-0694ac3f69c8,CAN,FISHIN ADDICTION 17,POLE_AND_LINE,FISHING,316036131,2.47,Stage 2,2021-10-01
41.14,-71.32,2021-05-06,94a980510-01b3-625f-8524-0b3b93600b8c,USA,CODY,TRAWLERS,FISHING,367190280,1.16,Stage 2,2021-05-01
40.96,-71.050003,2021-07-04,cddaf9db4-4d38-6444-99df-1ffe3e476648,USA,SANDRA JANE,TRAWLERS,FISHING,367327960,1.28,Stage 2,2021-07-01
40.91,-71.339996,2021-04-07,59d8ab6e8-88ae-3379-7957-c3cf5af17475,USA,HOPE AND SYDNEY,TRAWLERS,FISHING,367084070,0.59,Stage 2,2021-04-01
41.24,-71.25,2021-09-27,19fd51370-0d8b-90d7-574f-518a7d14808d,USA,SUSAN MARIE,FISHING,FISHING,367352170,0.62,Stage 2,2021-09-01
41.05,-71.400002,2021-05-26,943ab90cb-b546-44a3-62a6-6f2035449a91,USA,STORMY ELIZABETH,FISHING,FISHING,367151950,0.61,Stage 2,2021-05-01
41.35,-71.25,2021-11-03,c11057b39-90b8-89c0-7f09-0f5a46f8d730,USA,BELL SKY,TRAWLERS,FISHING,367637420,2.28,Stage 2,2021-11-01
40.95,-71.379997,2021-04-10,f24e7875f-f61b-0cbe-f53f-b179dd5b9c21,USA,LINDA MARIE,TRAWLERS,FISHING,367588040,0.65,Stage 2,2021-04-01
41.05,-70.860001,2021-06-18,5de80cab6-6aec-304e-26ae-db65198e00ce,USA,PERSISTENCE,POLE_AND_LINE,FISHING,368107450,1.15,Stage 2,2021-06-01
40.94,-71.099998,2021-05-04,cddaf9db4-4d38-6444-99df-1ffe3e476648,USA,SANDRA JANE,TRAWLERS,FISHING,367327960,2.84,Stage 2,2021-05-01
41.31,-71.400002,2021-01-06,f24e7875f-f61b-0cbe-f53f-b179dd5b9c21,USA,LINDA MARIE,TRAWLERS,FISHING,367588040,1.03,Stage 2,2021-01-01
41.29,-71.389999,2021-06-18,c9804fdb4-469e-7f30-0a3f-044b6cc74b65,USA,KAREN ANN,SET_GILLNETS,FISHING,367105250,1.01,Stage 2,2021-06-01
41.31,-71.400002,2021-10-20,d2d4a7623-3cb5-3aed-65b0-0866a70bfbb3,USA,OCEAN STATE,TRAWLERS,FISHING,366278770,0.54,Stage 2,2021-10-01
40.88,-70.849998,2021-08-07,410f103b3-3bf1-c50e-50ee-18fb85c0b8b9,USA,RAYDA CHERAMIE,FISHING,FISHING,366947090,3.8,Stage 2,2021-08-01
40.94,-71.120003,2021-05-05,cddaf9db4-4d38-6444-99df-1ffe3e476648,USA,SANDRA JANE,TRAWLERS,FISHING,367327960,1.14,Stage 2,2021-05-01
41.05,-71.389999,2021-09-26,90b9eaea0-018d-1eaf-4055-36b770057d04,USA,GAIL FRANCES,INCONCLUSIVE,FISHING,366940990,4.63,Stage 2,2021-09-01
41.03,-71.169998,2021-11-20,90b9eaea0-018d-1eaf-4055-36b770057d04,USA,GAIL FRANCES,INCONCLUSIVE,FISHING,366940990,0.42,Stage 2,2021-11-01
41.18,-71.25,2021-10-21,3c32ced74-4560-e6f1-77f3-0660a2f14f55,USA,ELIZ AND KATHERINE,TRAWLERS,FISHING,367542540,2.91,Stage 2,2021-10-01
40.95,-71.099998,2021-07-03,cddaf9db4-4d38-6444-99df-1ffe3e476648,USA,SANDRA JANE,TRAWLERS,FISHING,367327960,0.81,Stage 2,2021-07-01
41.03,-71.18,2021-09-25,90b9eaea0-018d-1eaf-4055-36b770057d04,USA,GAIL FRANCES,INCONCLUSIVE,FISHING,366940990,3.04,Stage 2,2021-09-01
40.94,-71.379997,2021-04-20,d2d6e0603-3a0e-48f4-32d2-a4d0565980c7,USA,MATTIE AND MAREN,TRAWLERS,FISHING,367415240,0.77,Stage 2,2021-04-01
41.3,-71.07,2021-07-20,b5c8f14ac-cc19-ce97-1589-8ed6d3b58f48,USA,STEPHANIE BRYAN,FISHING,FISHING,367428520,3.4,Stage 2,2021-07-01
41.14,-71.32,2021-11-10,cec008aa2-264e-d098-8f9d-11769636d229,USA,KELSI & MORGAN,TRAWLERS,FISHING,338386525,0.53,Stage 2,2021-11-01
41.01,-71.389999,2021-04-29,cec008aa2-264e-d098-8f9d-11769636d229,USA,KELSI & MORGAN,TRAWLERS,FISHING,338386525,0.89,Stage 2,2021-04-01
41.11,-71.339996,2021-05-06,94a980510-01b3-625f-8524-0b3b93600b8c,USA,CODY,TRAWLERS,FISHING,367190280,0.96,Stage 2,2021-05-01
41.02,-71.400002,2021-03-25,6ae903a95-5315-4633-05e6-edfa6b61c787,USA,PROUD MARY,TRAWLERS,FISHING,368102540,1.02,Stage 2,2021-03-01
40.96,-71.080002,2021-05-13,cddaf9db4-4d38-6444-99df-1ffe3e476648,USA,SANDRA JANE,TRAWLERS,FISHING,367327960,2.92,Stage 2,2021-05-01
40.95,-71.370003,2021-04-13,f24e7875f-f61b-0cbe-f53f-b179dd5b9c21,USA,LINDA MARIE,TRAWLERS,FISHING,367588040,0.8,Stage 2,2021-04-01
40.94,-71.360001,2021-04-09,d2d6e0603-3a0e-48f4-32d2-a4d0565980c7,USA,MATTIE AND MAREN,TRAWLERS,FISHING,367415240,0.88,Stage 2,2021-04-01
40.97,-71.370003,2021-05-26,943ab90cb-b546-44a3-62a6-6f2035449a91,USA,STORMY ELIZABETH,FISHING,FISHING,367151950,0.64,Stage 2,2021-05-01
41,-71.370003,2021-04-07,59d8ab6e8-88ae-3379-7957-c3cf5af17475,USA,HOPE AND SYDNEY,TRAWLERS,FISHING,367084070,1.87,Stage 2,2021-04-01
41.01,-71.300003,2021-03-30,f24e7875f-f61b-0cbe-f53f-b179dd5b9c21,USA,LINDA MARIE,TRAWLERS,FISHING,367588040,1.01,Stage 2,2021-03-01
41.15,-71.290001,2021-11-02,d8bbf6380-05af-2b58-ca64-97ffb1eb319f,USA,ENTERPRISE,TRAWLERS,FISHING,367590310,1.22,Stage 2,2021-11-01
40.95,-71.120003,2021-05-11,cddaf9db4-4d38-6444-99df-1ffe3e476648,USA,SANDRA JANE,TRAWLERS,FISHING,367327960,4.95,Stage 2,2021-05-01
41.03,-71.379997,2021-03-30,c11057b39-90b8-89c0-7f09-0f5a46f8d730,USA,BELL SKY,TRAWLERS,FISHING,367637420,0.37,Stage 2,2021-03-01
41.03,-71.389999,2021-06-18,cb559898a-aba5-5632-5426-e3f2bbd4fba7,USA,TRANQUILITY,POLE_AND_LINE,FISHING,338215127,1.06,Stage 2,2021-06-01
41.07,-71.379997,2021-04-15,f24e7875f-f61b-0cbe-f53f-b179dd5b9c21,USA,LINDA MARIE,TRAWLERS,FISHING,367588040,0.58,Stage 2,2021-04-01
40.9,-71.129997,2021-05-15,fd96b30e3-3f77-f437-8122-20e7744dfdb4,USA,TIMBERLINE,DREDGE_FISHING,FISHING,367071460,1.85,Stage 2,2021-05-01
41,-71.379997,2021-03-08,f24e7875f-f61b-0cbe-f53f-b179dd5b9c21,USA,LINDA MARIE,TRAWLERS,FISHING,367588040,1.06,Stage 2,2021-03-01
40.84,-71.059998,2021-08-26,b5c8f14ac-cc19-ce97-1589-8ed6d3b58f48,USA,STEPHANIE BRYAN,FISHING,FISHING,367428520,9.75,Stage 2,2021-08-01
41.28,-71.029999,2021-12-11,25373aa10-051d-40cb-370e-680b29ed593f,USA,MISS EMMA,FIXED_GEAR,FISHING,368159010,2.33,Stage 2,2021-12-01
41.02,-70.989998,2021-03-11,c6dcbd020-0a8f-4bdf-0d1b-59f35de9edc3,USA,ESS PRIDE,TRAWLERS,FISHING,367411950,1.31,Stage 2,2021-03-01
41.33,-71,2021-08-25,801708294-444d-635b-257a-9ba1ab825c3d,USA,M.F. HY-GRADER,TRAWLERS,FISHING,368088750,0.87,Stage 2,2021-08-01
41.28,-71.040001,2021-07-16,b5c8f14ac-cc19-ce97-1589-8ed6d3b58f48,USA,STEPHANIE BRYAN,FISHING,FISHING,367428520,3.33,Stage 2,2021-07-01
41.05,-71.389999,2021-09-16,2326efd2e-ef2b-34f0-f4e7-9a078f8cb4c4,USA,BELL SKY,TRAWLERS,FISHING,367637420,5.36,Stage 2,2021-09-01
40.96,-71.370003,2021-04-10,f24e7875f-f61b-0cbe-f53f-b179dd5b9c21,USA,LINDA MARIE,TRAWLERS,FISHING,367588040,0.98,Stage 2,2021-04-01
41.05,-71.379997,2021-09-18,59d8ab6e8-88ae-3379-7957-c3cf5af17475,USA,HOPE AND SYDNEY,TRAWLERS,FISHING,367084070,0.77,Stage 2,2021-09-01
41.24,-71.089996,2021-06-18,d8bbf6380-05af-2b58-ca64-97ffb1eb319f,USA,ENTERPRISE,TRAWLERS,FISHING,367590310,1.21,Stage 2,2021-06-01
41.09,-71.370003,2021-05-07,94a980510-01b3-625f-8524-0b3b93600b8c,USA,CODY,TRAWLERS,FISHING,367190280,1.12,Stage 2,2021-05-01
41.12,-71.330002,2021-10-05,2326efd2e-ef2b-34f0-f4e7-9a078f8cb4c4,USA,BELL SKY,TRAWLERS,FISHING,367637420,1.56,Stage 2,2021-10-01
41.33,-71.410004,2021-09-28,6ae903a95-5315-4633-05e6-edfa6b61c787,USA,PROUD MARY,TRAWLERS,FISHING,368102540,1.24,Stage 2,2021-09-01
41.03,-71.18,2021-10-03,90b9eaea0-018d-1eaf-4055-36b770057d04,USA,GAIL FRANCES,INCONCLUSIVE,FISHING,366940990,2.52,Stage 2,2021-10-01
40.91,-71.120003,2021-05-16,fd96b30e3-3f77-f437-8122-20e7744dfdb4,USA,TIMBERLINE,DREDGE_FISHING,FISHING,367071460,1.65,Stage 2,2021-05-01
41.22,-71.120003,2021-07-07,d8bbf6380-05af-2b58-ca64-97ffb1eb319f,USA,ENTERPRISE,TRAWLERS,FISHING,367590310,0.93,Stage 2,2021-07-01
40.94,-71.379997,2021-09-01,2326efd2e-ef2b-34f0-f4e7-9a078f8cb4c4,USA,BELL SKY,TRAWLERS,FISHING,367637420,0.72,Stage 2,2021-09-01
40.97,-71.019997,2021-05-08,cddaf9db4-4d38-6444-99df-1ffe3e476648,USA,SANDRA JANE,TRAWLERS,FISHING,367327960,0.87,Stage 2,2021-05-01
41.32,-71.25,2021-11-22,c11057b39-90b8-89c0-7f09-0f5a46f8d730,USA,BELL SKY,TRAWLERS,FISHING,367637420,0.74,Stage 2,2021-11-01
41.13,-71.32,2021-04-27,cec008aa2-264e-d098-8f9d-11769636d229,USA,KELSI & MORGAN,TRAWLERS,FISHING,338386525,0.91,Stage 2,2021-04-01
41.01,-71.269997,2021-02-10,f24e7875f-f61b-0cbe-f53f-b179dd5b9c21,USA,LINDA MARIE,TRAWLERS,FISHING,367588040,1.07,Stage 2,2021-02-01
41.12,-71.129997,2021-12-15,90b9eaea0-018d-1eaf-4055-36b770057d04,USA,GAIL FRANCES,INCONCLUSIVE,FISHING,366940990,2.11,Stage 2,2021-12-01
41.01,-71.349998,2021-03-07,6ae903a95-5315-4633-05e6-edfa6b61c787,USA,PROUD MARY,TRAWLERS,FISHING,368102540,0.5,Stage 2,2021-03-01
41.09,-71.370003,2021-04-27,cec008aa2-264e-d098-8f9d-11769636d229,USA,KELSI & MORGAN,TRAWLERS,FISHING,338386525,1.14,Stage 2,2021-04-01
40.98,-71.290001,2021-03-30,d2d6e0603-3a0e-48f4-32d2-a4d0565980c7,USA,MATTIE AND MAREN,TRAWLERS,FISHING,367415240,0.77,Stage 2,2021-03-01
40.96,-71.190002,2021-05-16,fd96b30e3-3f77-f437-8122-20e7744dfdb4,USA,TIMBERLINE,DREDGE_FISHING,FISHING,367071460,1.33,Stage 2,2021-05-01
41.08,-71.370003,2021-12-06,c11057b39-90b8-89c0-7f09-0f5a46f8d730,USA,BELL SKY,TRAWLERS,FISHING,367637420,0.81,Stage 2,2021-12-01
41.1,-71.339996,2021-05-11,d8bbf6380-05af-2b58-ca64-97ffb1eb319f,USA,ENTERPRISE,TRAWLERS,FISHING,367590310,0.87,Stage 2,2021-05-01
41.03,-71.169998,2021-10-06,90b9eaea0-018d-1eaf-4055-36b770057d04,USA,GAIL FRANCES,INCONCLUSIVE,FISHING,366940990,0.79,Stage 2,2021-10-01
40.96,-71.089996,2021-05-13,cddaf9db4-4d38-6444-99df-1ffe3e476648,USA,SANDRA JANE,TRAWLERS,FISHING,367327960,1.07,Stage 2,2021-05-01
40.94,-71.360001,2021-03-31,d2d6e0603-3a0e-48f4-32d2-a4d0565980c7,USA,MATTIE AND MAREN,TRAWLERS,FISHING,367415240,0.56,Stage 2,2021-03-01
41.01,-71.389999,2021-10-21,86ccfdecf-f312-3add-0272-713da37919cf,USA,F/V HOPEFULL,TRAWLERS,FISHING,367325850,0.78,Stage 2,2021-10-01
41.05,-71.379997,2021-04-11,d2d4a7623-3cb5-3aed-65b0-0866a70bfbb3,USA,OCEAN STATE,TRAWLERS,FISHING,366278770,0.62,Stage 2,2021-04-01
41.15,-71.290001,2021-11-11,d8bbf6380-05af-2b58-ca64-97ffb1eb319f,USA,ENTERPRISE,TRAWLERS,FISHING,367590310,1.27,Stage 2,2021-11-01
41.12,-71.330002,2021-09-14,d2d4a7623-3cb5-3aed-65b0-0866a70bfbb3,USA,OCEAN STATE,TRAWLERS,FISHING,366278770,1.3,Stage 2,2021-09-01
41.38,-71.269997,2021-11-18,c11057b39-90b8-89c0-7f09-0f5a46f8d730,USA,BELL SKY,TRAWLERS,FISHING,367637420,3.88,Stage 2,2021-11-01
41.33,-71.239998,2021-11-21,c11057b39-90b8-89c0-7f09-0f5a46f8d730,USA,BELL SKY,TRAWLERS,FISHING,367637420,2.01,Stage 2,2021-11-01
41.06,-71.389999,2021-01-31,287fc1cbf-fbc0-3baa-ae98-f20768f5d10f,USA,VIKING STARSHIP,PASSENGER,PASSENGER,367661740,0.8,Stage 2,2021-01-01
40.96,-71.190002,2021-06-02,fd96b30e3-3f77-f437-8122-20e7744dfdb4,USA,TIMBERLINE,DREDGE_FISHING,FISHING,367071460,0.78,Stage 2,2021-06-01
41.22,-71.199997,2021-11-11,d8bbf6380-05af-2b58-ca64-97ffb1eb319f,USA,ENTERPRISE,TRAWLERS,FISHING,367590310,2.32,Stage 2,2021-11-01
41.28,-71.400002,2021-05-13,d2d4a7623-3cb5-3aed-65b0-0866a70bfbb3,USA,OCEAN STATE,TRAWLERS,FISHING,366278770,1.02,Stage 2,2021-05-01
40.97,-71.07,2021-05-14,cddaf9db4-4d38-6444-99df-1ffe3e476648,USA,SANDRA JANE,TRAWLERS,FISHING,367327960,2.75,Stage 2,2021-05-01
41.13,-71.32,2021-04-24,d2d6e0603-3a0e-48f4-32d2-a4d0565980c7,USA,MATTIE AND MAREN,TRAWLERS,FISHING,367415240,1.42,Stage 2,2021-04-01
41.24,-71.050003,2021-10-06,ff3830e6a-a93e-1d34-b439-f9f742984f72,USA,DARANA R,FISHING,FISHING,367174730,0.87,Stage 2,2021-10-01
41.03,-71.169998,2021-10-24,90b9eaea0-018d-1eaf-4055-36b770057d04,USA,GAIL FRANCES,INCONCLUSIVE,FISHING,366940990,1.21,Stage 2,2021-10-01
40.92,-71.260002,2021-02-03,410f103b3-3bf1-c50e-50ee-18fb85c0b8b9,USA,RAYDA CHERAMIE,FISHING,FISHING,366947090,3.55,Stage 2,2021-02-01
41.08,-70.839996,2021-06-17,b562e83d9-9a4c-e7a9-3ac1-bd289fc0c328,USA,GREAT PUMPKIN,SET_GILLNETS,FISHING,338126698,0.62,Stage 2,2021-06-01
41,-71.360001,2021-03-31,f24e7875f-f61b-0cbe-f53f-b179dd5b9c21,USA,LINDA MARIE,TRAWLERS,FISHING,367588040,1.86,Stage 2,2021-03-01
40.97,-71.089996,2021-07-01,cddaf9db4-4d38-6444-99df-1ffe3e476648,USA,SANDRA JANE,TRAWLERS,FISHING,367327960,1.14,Stage 2,2021-07-01
41.13,-71.349998,2021-09-26,2326efd2e-ef2b-34f0-f4e7-9a078f8cb4c4,USA,BELL SKY,TRAWLERS,FISHING,367637420,0.33,Stage 2,2021-09-01
40.97,-71.059998,2021-07-02,cddaf9db4-4d38-6444-99df-1ffe3e476648,USA,SANDRA JANE,TRAWLERS,FISHING,367327960,1.06,Stage 2,2021-07-01
41.36,-71.25,2021-11-04,c11057b39-90b8-89c0-7f09-0f5a46f8d730,USA,BELL SKY,TRAWLERS,FISHING,367637420,2.41,Stage 2,2021-11-01
40.92,-70.769997,2021-06-10,b562e83d9-9a4c-e7a9-3ac1-bd289fc0c328,USA,GREAT PUMPKIN,SET_GILLNETS,FISHING,338126698,0.53,Stage 2,2021-06-01
40.96,-71.080002,2021-07-03,cddaf9db4-4d38-6444-99df-1ffe3e476648,USA,SANDRA JANE,TRAWLERS,FISHING,367327960,1,Stage 2,2021-07-01
41.08,-71.370003,2021-09-11,59d8ab6e8-88ae-3379-7957-c3cf5af17475,USA,HOPE AND SYDNEY,TRAWLERS,FISHING,367084070,2.42,Stage 2,2021-09-01
40.95,-71.099998,2021-05-13,cddaf9db4-4d38-6444-99df-1ffe3e476648,USA,SANDRA JANE,TRAWLERS,FISHING,367327960,0.37,Stage 2,2021-05-01
41.24,-71.110001,2021-08-26,d2d6e0603-3a0e-48f4-32d2-a4d0565980c7,USA,MATTIE AND MAREN,TRAWLERS,FISHING,367415240,1.17,Stage 2,2021-08-01
41.07,-71.379997,2021-05-07,d8bbf6380-05af-2b58-ca64-97ffb1eb319f,USA,ENTERPRISE,TRAWLERS,FISHING,367590310,0.6,Stage 2,2021-05-01
41.08,-71.379997,2021-04-27,cec008aa2-264e-d098-8f9d-11769636d229,USA,KELSI & MORGAN,TRAWLERS,FISHING,338386525,0.87,Stage 2,2021-04-01
41.34,-71.239998,2021-07-13,6ae903a95-5315-4633-05e6-edfa6b61c787,USA,PROUD MARY,TRAWLERS,FISHING,368102540,0.93,Stage 2,2021-07-01
41.36,-71.25,2021-10-08,2326efd2e-ef2b-34f0-f4e7-9a078f8cb4c4,USA,BELL SKY,TRAWLERS,FISHING,367637420,0.89,Stage 2,2021-10-01
41.06,-71.379997,2021-09-08,59d8ab6e8-88ae-3379-7957-c3cf5af17475,USA,HOPE AND SYDNEY,TRAWLERS,FISHING,367084070,1.03,Stage 2,2021-09-01
40.95,-71.099998,2021-05-09,cddaf9db4-4d38-6444-99df-1ffe3e476648,USA,SANDRA JANE,TRAWLERS,FISHING,367327960,2.47,Stage 2,2021-05-01
41.07,-71.389999,2021-12-10,0145509de-ed6b-9073-9887-0af2b28b0534,USA,MR G,POTS_AND_TRAPS,FISHING,338229941,0.75,Stage 2,2021-12-01
40.94,-71.110001,2021-05-11,cddaf9db4-4d38-6444-99df-1ffe3e476648,USA,SANDRA JANE,TRAWLERS,FISHING,367327960,3.92,Stage 2,2021-05-01
41.07,-71.379997,2021-12-05,c11057b39-90b8-89c0-7f09-0f5a46f8d730,USA,BELL SKY,TRAWLERS,FISHING,367637420,1.08,Stage 2,2021-12-01
41.12,-71.330002,2021-09-17,59d8ab6e8-88ae-3379-7957-c3cf5af17475,USA,HOPE AND SYDNEY,TRAWLERS,FISHING,367084070,1.02,Stage 2,2021-09-01
41.32,-71.400002,2021-05-21,d2d4a7623-3cb5-3aed-65b0-0866a70bfbb3,USA,OCEAN STATE,TRAWLERS,FISHING,366278770,0.52,Stage 2,2021-05-01
40.94,-71.050003,2021-05-04,cddaf9db4-4d38-6444-99df-1ffe3e476648,USA,SANDRA JANE,TRAWLERS,FISHING,367327960,0.92,Stage 2,2021-05-01
40.97,-71.290001,2021-03-18,cec008aa2-264e-d098-8f9d-11769636d229,USA,KELSI & MORGAN,TRAWLERS,FISHING,338386525,1.26,Stage 2,2021-03-01
41.09,-71.370003,2021-04-28,cec008aa2-264e-d098-8f9d-11769636d229,USA,KELSI & MORGAN,TRAWLERS,FISHING,338386525,0.56,Stage 2,2021-04-01
41.1,-71.300003,2021-08-21,d2d6e0603-3a0e-48f4-32d2-a4d0565980c7,USA,MATTIE AND MAREN,TRAWLERS,FISHING,367415240,0.63,Stage 2,2021-08-01
41.36,-71.25,2021-11-12,c11057b39-90b8-89c0-7f09-0f5a46f8d730,USA,BELL SKY,TRAWLERS,FISHING,367637420,2.62,Stage 2,2021-11-01
40.94,-71.120003,2021-05-12,cddaf9db4-4d38-6444-99df-1ffe3e476648,USA,SANDRA JANE,TRAWLERS,FISHING,367327960,1,Stage 2,2021-05-01
41.03,-71.400002,2021-06-20,76d201cbb-b14b-4796-9c75-75e74fac527d,USA,REEL CRAZY,POLE_AND_LINE,FISHING,367680840,0.68,Stage 2,2021-06-01
41.02,-71.059998,2021-09-07,f6405ef4d-d2a7-9ddf-71f9-3f8ee67fb458,USA,CAPT JOHN,TRAWLERS,FISHING,368114490,4.89,Stage 2,2021-09-01
41.23,-71.150002,2021-08-25,d2d6e0603-3a0e-48f4-32d2-a4d0565980c7,USA,MATTIE AND MAREN,TRAWLERS,FISHING,367415240,1.23,Stage 2,2021-08-01
41.3,-71.160004,2021-08-29,b55b1fc75-5ca4-e97b-7e71-e40ed228c37a,USA,SEA WATCHER II,DREDGE_FISHING,FISHING,367788350,1.15,Stage 2,2021-08-01
41.12,-71.309998,2021-08-31,c9804fdb4-469e-7f30-0a3f-044b6cc74b65,USA,KAREN ANN,SET_GILLNETS,FISHING,367105250,0.94,Stage 2,2021-08-01
41.13,-71.360001,2021-09-18,59d8ab6e8-88ae-3379-7957-c3cf5af17475,USA,HOPE AND SYDNEY,TRAWLERS,FISHING,367084070,1.46,Stage 2,2021-09-01
41.14,-71.309998,2021-05-17,138335867-750f-7b39-06ff-645add8dbdc7,USA,BROOKE ELISE,TRAWLERS,FISHING,367687740,1.6,Stage 2,2021-05-01
40.9,-71.18,2021-05-16,fd96b30e3-3f77-f437-8122-20e7744dfdb4,USA,TIMBERLINE,DREDGE_FISHING,FISHING,367071460,3.35,Stage 2,2021-05-01
41.28,-71.410004,2021-12-26,1643a8ed5-537d-68a3-9373-f3036b787b6e,USA,PROUD MARY,TRAWLERS,FISHING,368102540,1.12,Stage 2,2021-12-01
41.3,-71.370003,2021-10-23,cb559898a-aba5-5632-5426-e3f2bbd4fba7,USA,TRANQUILITY,POLE_AND_LINE,FISHING,338215127,0.91,Stage 2,2021-10-01
40.98,-71.400002,2021-04-29,cec008aa2-264e-d098-8f9d-11769636d229,USA,KELSI & MORGAN,TRAWLERS,FISHING,338386525,1.16,Stage 2,2021-04-01
40.96,-71.089996,2021-07-03,cddaf9db4-4d38-6444-99df-1ffe3e476648,USA,SANDRA JANE,TRAWLERS,FISHING,367327960,1.52,Stage 2,2021-07-01
41.12,-71.339996,2021-12-22,fda33ad3b-b3d7-9afb-257d-126bd7b77f81,USA,LADY FRANCES,INCONCLUSIVE,FISHING,367155670,0.54,Stage 2,2021-12-01
41.12,-71.300003,2021-06-14,138335867-750f-7b39-06ff-645add8dbdc7,USA,BROOKE ELISE,TRAWLERS,FISHING,367687740,3.42,Stage 2,2021-06-01
41.06,-71.379997,2021-05-07,d8bbf6380-05af-2b58-ca64-97ffb1eb319f,USA,ENTERPRISE,TRAWLERS,FISHING,367590310,1.15,Stage 2,2021-05-01
40.95,-71.32,2021-02-12,d2d6e0603-3a0e-48f4-32d2-a4d0565980c7,USA,MATTIE AND MAREN,TRAWLERS,FISHING,367415240,1.32,Stage 2,2021-02-01
41.13,-71.330002,2021-05-23,d8bbf6380-05af-2b58-ca64-97ffb1eb319f,USA,ENTERPRISE,TRAWLERS,FISHING,367590310,6.69,Stage 2,2021-05-01
41.01,-71.339996,2021-09-19,2326efd2e-ef2b-34f0-f4e7-9a078f8cb4c4,USA,BELL SKY,TRAWLERS,FISHING,367637420,1.04,Stage 2,2021-09-01
41.08,-70.830002,2021-06-17,b562e83d9-9a4c-e7a9-3ac1-bd289fc0c328,USA,GREAT PUMPKIN,SET_GILLNETS,FISHING,338126698,0.85,Stage 2,2021-06-01
41.22,-70.93,2021-12-20,a60bb8c1a-a9cd-5892-2581-2bea9933c8e0,USA,NEW SEA ROVER,TRAWLERS,FISHING,367346010,6.76,Stage 2,2021-12-01
40.97,-71.080002,2021-07-01,cddaf9db4-4d38-6444-99df-1ffe3e476648,USA,SANDRA JANE,TRAWLERS,FISHING,367327960,5.79,Stage 2,2021-07-01
41.38,-71.25,2021-05-26,b4dc0ac5f-fa14-71d0-69b0-1d5b63e4421e,USA,MICHELE JEAN 2,TRAWLERS,FISHING,367518040,0.86,Stage 2,2021-05-01
41.04,-71.389999,2021-09-17,59d8ab6e8-88ae-3379-7957-c3cf5af17475,USA,HOPE AND SYDNEY,TRAWLERS,FISHING,367084070,1.73,Stage 2,2021-09-01
41.35,-71.25,2021-12-04,c11057b39-90b8-89c0-7f09-0f5a46f8d730,USA,BELL SKY,TRAWLERS,FISHING,367637420,1.78,Stage 2,2021-12-01
41.02,-71.279999,2021-04-11,d2d4a7623-3cb5-3aed-65b0-0866a70bfbb3,USA,OCEAN STATE,TRAWLERS,FISHING,366278770,2.23,Stage 2,2021-04-01
41.33,-70.989998,2021-02-11,0145509de-ed6b-9073-9887-0af2b28b0534,USA,MR G,POTS_AND_TRAPS,FISHING,338229941,0.53,Stage 2,2021-02-01
41.09,-71.110001,2021-03-18,0145509de-ed6b-9073-9887-0af2b28b0534,USA,MR G,POTS_AND_TRAPS,FISHING,338229941,1.95,Stage 2,2021-03-01
40.92,-71.339996,2021-02-11,d2d6e0603-3a0e-48f4-32d2-a4d0565980c7,USA,MATTIE AND MAREN,TRAWLERS,FISHING,367415240,3.16,Stage 2,2021-02-01
41.01,-71.370003,2021-03-31,f24e7875f-f61b-0cbe-f53f-b179dd5b9c21,USA,LINDA MARIE,TRAWLERS,FISHING,367588040,0.98,Stage 2,2021-03-01
41.11,-71.339996,2021-10-15,cec008aa2-264e-d098-8f9d-11769636d229,USA,KELSI & MORGAN,TRAWLERS,FISHING,338386525,1.09,Stage 2,2021-10-01
41.34,-71.260002,2021-07-13,6ae903a95-5315-4633-05e6-edfa6b61c787,USA,PROUD MARY,TRAWLERS,FISHING,368102540,1.12,Stage 2,2021-07-01
41.06,-70.949997,2021-01-11,fd96b30e3-3f77-f437-8122-20e7744dfdb4,USA,TIMBERLINE,DREDGE_FISHING,FISHING,367071460,0.75,Stage 2,2021-01-01
41,-71.279999,2021-02-12,d2d6e0603-3a0e-48f4-32d2-a4d0565980c7,USA,MATTIE AND MAREN,TRAWLERS,FISHING,367415240,1.77,Stage 2,2021-02-01
41.07,-71.379997,2021-09-26,2326efd2e-ef2b-34f0-f4e7-9a078f8cb4c4,USA,BELL SKY,TRAWLERS,FISHING,367637420,1.13,Stage 2,2021-09-01
41.09,-71.370003,2021-09-19,59d8ab6e8-88ae-3379-7957-c3cf5af17475,USA,HOPE AND SYDNEY,TRAWLERS,FISHING,367084070,1.75,Stage 2,2021-09-01
41.02,-71.330002,2021-02-13,287fc1cbf-fbc0-3baa-ae98-f20768f5d10f,USA,VIKING STARSHIP,PASSENGER,PASSENGER,367661740,0.93,Stage 2,2021-02-01
40.94,-71.139999,2021-05-07,cddaf9db4-4d38-6444-99df-1ffe3e476648,USA,SANDRA JANE,TRAWLERS,FISHING,367327960,0.86,Stage 2,2021-05-01
40.95,-71.349998,2021-04-02,d2d6e0603-3a0e-48f4-32d2-a4d0565980c7,USA,MATTIE AND MAREN,TRAWLERS,FISHING,367415240,1.37,Stage 2,2021-04-01
40.96,-71.059998,2021-05-13,cddaf9db4-4d38-6444-99df-1ffe3e476648,USA,SANDRA JANE,TRAWLERS,FISHING,367327960,3.63,Stage 2,2021-05-01
41.15,-71.339996,2021-09-09,59d8ab6e8-88ae-3379-7957-c3cf5af17475,USA,HOPE AND SYDNEY,TRAWLERS,FISHING,367084070,0.67,Stage 2,2021-09-01
41.15,-71.309998,2021-05-08,d8bbf6380-05af-2b58-ca64-97ffb1eb319f,USA,ENTERPRISE,TRAWLERS,FISHING,367590310,3.01,Stage 2,2021-05-01
41.08,-70.870003,2021-07-11,cb559898a-aba5-5632-5426-e3f2bbd4fba7,USA,TRANQUILITY,POLE_AND_LINE,FISHING,338215127,2.06,Stage 2,2021-07-01
41.21,-71.220001,2021-08-31,d8bbf6380-05af-2b58-ca64-97ffb1eb319f,USA,ENTERPRISE,TRAWLERS,FISHING,367590310,0.86,Stage 2,2021-08-01
40.96,-71.169998,2021-05-16,fd96b30e3-3f77-f437-8122-20e7744dfdb4,USA,TIMBERLINE,DREDGE_FISHING,FISHING,367071460,0.63,Stage 2,2021-05-01
41.36,-71.290001,2021-07-12,b5c8f14ac-cc19-ce97-1589-8ed6d3b58f48,USA,STEPHANIE BRYAN,FISHING,FISHING,367428520,16.02,Stage 2,2021-07-01
41.11,-71.349998,2021-10-15,59d8ab6e8-88ae-3379-7957-c3cf5af17475,USA,HOPE AND SYDNEY,TRAWLERS,FISHING,367084070,1.58,Stage 2,2021-10-01
41.07,-71.379997,2021-11-01,c11057b39-90b8-89c0-7f09-0f5a46f8d730,USA,BELL SKY,TRAWLERS,FISHING,367637420,1.18,Stage 2,2021-11-01
40.96,-71.32,2021-07-15,b70d1b710-0f8f-ccbd-9993-22c98f26c736,USA,CANYON RUNNER,FISHING,FISHING,367716240,14.49,Stage 2,2021-07-01
41.13,-71.160004,2021-06-18,01cb82c60-0ac5-1e19-f436-98a40a63f1a5,USA,WATERPROOF,POLE_AND_LINE,FISHING,338019005,0.98,Stage 2,2021-06-01
41.05,-71.379997,2021-02-10,6ae903a95-5315-4633-05e6-edfa6b61c787,USA,PROUD MARY,TRAWLERS,FISHING,368102540,0.96,Stage 2,2021-02-01
40.95,-71.349998,2021-02-04,d2d6e0603-3a0e-48f4-32d2-a4d0565980c7,USA,MATTIE AND MAREN,TRAWLERS,FISHING,367415240,0.95,Stage 2,2021-02-01
41.33,-71.239998,2021-11-11,c11057b39-90b8-89c0-7f09-0f5a46f8d730,USA,BELL SKY,TRAWLERS,FISHING,367637420,2.61,Stage 2,2021-11-01
41.3,-71.400002,2021-05-17,d2d4a7623-3cb5-3aed-65b0-0866a70bfbb3,USA,OCEAN STATE,TRAWLERS,FISHING,366278770,1.46,Stage 2,2021-05-01
41.14,-71.309998,2021-04-28,c9804fdb4-469e-7f30-0a3f-044b6cc74b65,USA,KAREN ANN,SET_GILLNETS,FISHING,367105250,0.84,Stage 2,2021-04-01
40.96,-71.169998,2021-06-02,fd96b30e3-3f77-f437-8122-20e7744dfdb4,USA,TIMBERLINE,DREDGE_FISHING,FISHING,367071460,2.13,Stage 2,2021-06-01
40.89,-71.010002,2022-10-12,d6cb16d52-2235-0b55-44fb-a7b816eaa339,USA,MARISSA & JULIE,TRAWLERS,FISHING,368178230,0.94,Stage 2,2022-10-01
40.9,-71.279999,2022-07-26,e0f0d4e18-8203-ac4f-70be-7dd5946cbf29,USA,TAMI ANN,POLE_AND_LINE,FISHING,368168250,0.5,Stage 2,2022-07-01
41.1,-71.120003,2022-08-19,0145509de-ed6b-9073-9887-0af2b28b0534,USA,MR G,POTS_AND_TRAPS,FISHING,338229941,0.85,Stage 2,2022-08-01
41.13,-71.309998,2022-08-29,c9804fdb4-469e-7f30-0a3f-044b6cc74b65,USA,KAREN ANN,SET_GILLNETS,FISHING,367105250,0.56,Stage 2,2022-08-01
41.24,-71.129997,2022-07-08,cc83751ec-c92d-3712-ea87-a31cca1f910d,USA,ASHER AND ARIANA,TRAWLERS,FISHING,367522070,1.6,Stage 2,2022-07-01
40.9,-71.339996,2022-08-01,a60bb8c1a-a9cd-5892-2581-2bea9933c8e0,USA,NEW SEA ROVER,TRAWLERS,FISHING,367346010,0.34,Stage 2,2022-08-01
40.89,-71.080002,2022-08-20,01cb82c60-0ac5-1e19-f436-98a40a63f1a5,USA,WATERPROOF,POLE_AND_LINE,FISHING,338019005,1,Stage 2,2022-08-01
41.13,-71.349998,2022-04-30,fda33ad3b-b3d7-9afb-257d-126bd7b77f81,USA,LADY FRANCES,INCONCLUSIVE,FISHING,367155670,0.98,Stage 2,2022-04-01
41.25,-71.110001,2022-06-11,8ace10dd3-34e2-a874-c3d2-ddff4a7d3c82,USA,DEBBIE SUE,FISHING,FISHING,367171320,0.47,Stage 2,2022-06-01
41.07,-71.169998,2022-11-29,b56aa2f1e-e0df-757a-7fb3-58a8ea5d5333,USA,EDWARD&JOSEPH,SET_GILLNETS,FISHING,368280420,0.81,Stage 2,2022-11-01
40.9,-71.279999,2022-12-13,b56aa2f1e-e0df-757a-7fb3-58a8ea5d5333,USA,EDWARD&JOSEPH,SET_GILLNETS,FISHING,368280420,0.65,Stage 2,2022-12-01
41.1,-71.349998,2022-10-12,d8bbf6380-05af-2b58-ca64-97ffb1eb319f,USA,ENTERPRISE,TRAWLERS,FISHING,367590310,0.52,Stage 2,2022-10-01
41.01,-71.370003,2022-02-03,f24e7875f-f61b-0cbe-f53f-b179dd5b9c21,USA,LINDA MARIE,TRAWLERS,FISHING,367588040,0.76,Stage 2,2022-02-01
41.12,-71.330002,2022-05-01,2326efd2e-ef2b-34f0-f4e7-9a078f8cb4c4,USA,BELL SKY,TRAWLERS,FISHING,367637420,3.8,Stage 2,2022-05-01
41.24,-71.269997,2022-09-29,ff3830e6a-a93e-1d34-b439-f9f742984f72,USA,DARANA R,FISHING,FISHING,367174730,1,Stage 2,2022-09-01
40.94,-71.089996,2022-10-13,794fd7558-8f19-90e1-9d84-d52d180f5f88,USA,LADY DEE,FISHING,FISHING,368005310,1.01,Stage 2,2022-10-01
40.97,-71.309998,2022-03-16,2326efd2e-ef2b-34f0-f4e7-9a078f8cb4c4,USA,BELL SKY,TRAWLERS,FISHING,367637420,2.92,Stage 2,2022-03-01
40.95,-70.940002,2022-11-30,98a18da89-9340-eb9e-e0da-a173dde68eb5,USA,UNITED STATES,TRAWLERS,FISHING,367198440,16.51,Stage 2,2022-11-01
41.13,-71.279999,2022-06-14,d899d60fb-bd58-1a33-aec7-11b18edfd27a,USA,2 SEA SONS,TRAWLERS,FISHING,368182430,6.48,Stage 2,2022-06-01
40.9,-71.010002,2022-10-16,98a18da89-9340-eb9e-e0da-a173dde68eb5,USA,UNITED STATES,TRAWLERS,FISHING,367198440,1.17,Stage 2,2022-10-01
41.08,-71.370003,2022-07-30,59d8ab6e8-88ae-3379-7957-c3cf5af17475,USA,HOPE AND SYDNEY,TRAWLERS,FISHING,367084070,2.83,Stage 2,2022-07-01
41.06,-71.360001,2022-09-13,0145509de-ed6b-9073-9887-0af2b28b0534,USA,MR G,POTS_AND_TRAPS,FISHING,338229941,0.85,Stage 2,2022-09-01
41.05,-71.389999,2022-09-10,90b9eaea0-018d-1eaf-4055-36b770057d04,USA,GAIL FRANCES,INCONCLUSIVE,FISHING,366940990,1.47,Stage 2,2022-09-01
41.02,-71.379997,2022-12-13,0f7722a2a-a931-1550-0aef-e7ec8e1ddb44,USA,MATTIE AND MAREN II,TRAWLERS,FISHING,368285650,1.33,Stage 2,2022-12-01
40.91,-71.160004,2022-07-23,4ec7abdd6-69d4-000f-cbfe-7a0785ad2d36,USA,GOTTA GO,FISHING,FISHING,338387984,0.87,Stage 2,2022-07-01
41.05,-71.220001,2022-10-30,90b9eaea0-018d-1eaf-4055-36b770057d04,USA,GAIL FRANCES,INCONCLUSIVE,FISHING,366940990,0.56,Stage 2,2022-10-01
41.32,-71.400002,2022-09-26,d2d4a7623-3cb5-3aed-65b0-0866a70bfbb3,USA,OCEAN STATE,TRAWLERS,FISHING,366278770,0.91,Stage 2,2022-09-01
40.93,-71.089996,2022-10-12,794fd7558-8f19-90e1-9d84-d52d180f5f88,USA,LADY DEE,FISHING,FISHING,368005310,1.97,Stage 2,2022-10-01
41.06,-71.190002,2022-12-28,fda33ad3b-b3d7-9afb-257d-126bd7b77f81,USA,LADY FRANCES,INCONCLUSIVE,FISHING,367155670,0.34,Stage 2,2022-12-01
41.24,-71.279999,2022-09-29,ff3830e6a-a93e-1d34-b439-f9f742984f72,USA,DARANA R,FISHING,FISHING,367174730,0.92,Stage 2,2022-09-01
41.33,-71,2022-09-28,ff3830e6a-a93e-1d34-b439-f9f742984f72,USA,DARANA R,FISHING,FISHING,367174730,1.07,Stage 2,2022-09-01
40.9,-70.980003,2022-06-25,d0eedd395-565b-d998-24e7-e6095fdc296f,USA,SHAMROCK,SET_GILLNETS,FISHING,367396080,8,Stage 2,2022-06-01
41.33,-71.239998,2022-06-29,2326efd2e-ef2b-34f0-f4e7-9a078f8cb4c4,USA,BELL SKY,TRAWLERS,FISHING,367637420,0.96,Stage 2,2022-06-01
40.96,-70.889999,2022-10-25,98a18da89-9340-eb9e-e0da-a173dde68eb5,USA,UNITED STATES,TRAWLERS,FISHING,367198440,5.12,Stage 2,2022-10-01
41.1,-71.300003,2022-05-01,d8bbf6380-05af-2b58-ca64-97ffb1eb319f,USA,ENTERPRISE,TRAWLERS,FISHING,367590310,1.18,Stage 2,2022-05-01
40.97,-71.370003,2022-02-02,f24e7875f-f61b-0cbe-f53f-b179dd5b9c21,USA,LINDA MARIE,TRAWLERS,FISHING,367588040,0.99,Stage 2,2022-02-01
41.2,-70.860001,2022-09-16,ed3b7a7de-ee33-966a-b9ab-cdc5dfa7a4b7,USA,BLACK EARL,POTS_AND_TRAPS,FISHING,338413783,5.33,Stage 2,2022-09-01
41.12,-71.330002,2022-02-08,2326efd2e-ef2b-34f0-f4e7-9a078f8cb4c4,USA,BELL SKY,TRAWLERS,FISHING,367637420,0.58,Stage 2,2022-02-01
41.04,-71.209999,2022-08-04,39e6812c0-0518-8071-1e82-f5316c505a0f,USA,F/V STELLA MARIS,FIXED_GEAR,FISHING,367767060,0.7,Stage 2,2022-08-01
41.06,-71.169998,2022-11-29,b56aa2f1e-e0df-757a-7fb3-58a8ea5d5333,USA,EDWARD&JOSEPH,SET_GILLNETS,FISHING,368280420,1.3,Stage 2,2022-11-01
41.12,-71.339996,2022-09-25,90b9eaea0-018d-1eaf-4055-36b770057d04,USA,GAIL FRANCES,INCONCLUSIVE,FISHING,366940990,1.04,Stage 2,2022-09-01
41.04,-71.220001,2022-11-15,90b9eaea0-018d-1eaf-4055-36b770057d04,USA,GAIL FRANCES,INCONCLUSIVE,FISHING,366940990,1.01,Stage 2,2022-11-01
41.1,-71.349998,2022-04-25,59d8ab6e8-88ae-3379-7957-c3cf5af17475,USA,HOPE AND SYDNEY,TRAWLERS,FISHING,367084070,1.23,Stage 2,2022-04-01
41.24,-70.940002,2022-06-08,a60bb8c1a-a9cd-5892-2581-2bea9933c8e0,USA,NEW SEA ROVER,TRAWLERS,FISHING,367346010,4.65,Stage 2,2022-06-01
40.88,-70.940002,2022-10-07,d6cb16d52-2235-0b55-44fb-a7b816eaa339,USA,MARISSA & JULIE,TRAWLERS,FISHING,368178230,0.95,Stage 2,2022-10-01
41.15,-71.279999,2022-10-12,30039633e-e65b-e85b-a838-221883cbc42a,USA,HERITAGE,FISHING,FISHING,367142820,0.62,Stage 2,2022-10-01
41.3,-71.400002,2022-05-16,2326efd2e-ef2b-34f0-f4e7-9a078f8cb4c4,USA,BELL SKY,TRAWLERS,FISHING,367637420,1.87,Stage 2,2022-05-01
41.1,-71.099998,2022-09-13,0145509de-ed6b-9073-9887-0af2b28b0534,USA,MR G,POTS_AND_TRAPS,FISHING,338229941,1.09,Stage 2,2022-09-01
41.24,-71.129997,2022-06-30,e96885525-5b87-251d-81d8-440c8d6e26b4,USA,MARY ELIZABETH,TRAWLERS,FISHING,366988530,1.03,Stage 2,2022-06-01
41.12,-71.300003,2022-10-12,d8bbf6380-05af-2b58-ca64-97ffb1eb319f,USA,ENTERPRISE,TRAWLERS,FISHING,367590310,0.82,Stage 2,2022-10-01
41.25,-71.080002,2022-07-09,cc83751ec-c92d-3712-ea87-a31cca1f910d,USA,ASHER AND ARIANA,TRAWLERS,FISHING,367522070,0.81,Stage 2,2022-07-01
41.1,-71.110001,2022-05-19,0145509de-ed6b-9073-9887-0af2b28b0534,USA,MR G,POTS_AND_TRAPS,FISHING,338229941,1.41,Stage 2,2022-05-01
40.87,-71.290001,2022-07-06,943ab90cb-b546-44a3-62a6-6f2035449a91,USA,STORMY ELIZABETH,FISHING,FISHING,367151950,0.53,Stage 2,2022-07-01
41.33,-71.059998,2022-05-25,ff3830e6a-a93e-1d34-b439-f9f742984f72,USA,DARANA R,FISHING,FISHING,367174730,0.92,Stage 2,2022-05-01
40.84,-71.010002,2022-10-07,d6cb16d52-2235-0b55-44fb-a7b816eaa339,USA,MARISSA & JULIE,TRAWLERS,FISHING,368178230,1.34,Stage 2,2022-10-01
40.91,-70.949997,2022-10-16,98a18da89-9340-eb9e-e0da-a173dde68eb5,USA,UNITED STATES,TRAWLERS,FISHING,367198440,0.57,Stage 2,2022-10-01
40.86,-71.019997,2022-10-10,98a18da89-9340-eb9e-e0da-a173dde68eb5,USA,UNITED STATES,TRAWLERS,FISHING,367198440,1.05,Stage 2,2022-10-01
41.05,-71.379997,2022-03-11,d2d4a7623-3cb5-3aed-65b0-0866a70bfbb3,USA,OCEAN STATE,TRAWLERS,FISHING,366278770,1.6,Stage 2,2022-03-01
40.91,-71.339996,2022-05-02,f145d6b56-62bf-0ef6-570c-bb990c3c738f,USA,SEA WATCHER I,TRAWLERS,FISHING,367010820,2.42,Stage 2,2022-05-01
41.14,-71.309998,2022-07-20,c9804fdb4-469e-7f30-0a3f-044b6cc74b65,USA,KAREN ANN,SET_GILLNETS,FISHING,367105250,1.32,Stage 2,2022-07-01
41.08,-71.190002,2022-11-09,0145509de-ed6b-9073-9887-0af2b28b0534,USA,MR G,POTS_AND_TRAPS,FISHING,338229941,0.94,Stage 2,2022-11-01
41.29,-71.059998,2022-09-19,d9a3b251d-db12-2ab9-60a9-bc0a029a0701,USA,DEBBIE ANN,FISHING,FISHING,367313950,0.96,Stage 2,2022-09-01
41.07,-70.970001,2022-08-20,b0fc6088c-c524-980d-1e47-66e1b740fa26,USA,PASQUE,OTHER,OTHER,338394719,0.99,Stage 2,2022-08-01
41.21,-71.199997,2022-10-12,cc83751ec-c92d-3712-ea87-a31cca1f910d,USA,ASHER AND ARIANA,TRAWLERS,FISHING,367522070,0.35,Stage 2,2022-10-01
40.95,-70.940002,2022-11-05,98a18da89-9340-eb9e-e0da-a173dde68eb5,USA,UNITED STATES,TRAWLERS,FISHING,367198440,2.01,Stage 2,2022-11-01
41.32,-71.400002,2022-01-08,d2d4a7623-3cb5-3aed-65b0-0866a70bfbb3,USA,OCEAN STATE,TRAWLERS,FISHING,366278770,0.44,Stage 2,2022-01-01
41.1,-71.120003,2022-02-22,0145509de-ed6b-9073-9887-0af2b28b0534,USA,MR G,POTS_AND_TRAPS,FISHING,338229941,1.59,Stage 2,2022-02-01
41.13,-71.32,2022-07-12,59d8ab6e8-88ae-3379-7957-c3cf5af17475,USA,HOPE AND SYDNEY,TRAWLERS,FISHING,367084070,0.53,Stage 2,2022-07-01
40.88,-70.959999,2022-10-07,d6cb16d52-2235-0b55-44fb-a7b816eaa339,USA,MARISSA & JULIE,TRAWLERS,FISHING,368178230,0.64,Stage 2,2022-10-01
41.13,-71.300003,2022-03-12,2326efd2e-ef2b-34f0-f4e7-9a078f8cb4c4,USA,BELL SKY,TRAWLERS,FISHING,367637420,3.14,Stage 2,2022-03-01
41.14,-71.349998,2022-03-18,fda33ad3b-b3d7-9afb-257d-126bd7b77f81,USA,LADY FRANCES,INCONCLUSIVE,FISHING,367155670,0.97,Stage 2,2022-03-01
41.12,-71.330002,2022-05-31,d8bbf6380-05af-2b58-ca64-97ffb1eb319f,USA,ENTERPRISE,TRAWLERS,FISHING,367590310,0.45,Stage 2,2022-05-01
40.96,-70.839996,2022-09-14,43f53617c-c08e-b2f5-79de-9618f2e30980,USA,TENACITY,TRAWLERS,FISHING,367651150,1.02,Stage 2,2022-09-01
41.32,-70.989998,2022-01-24,0145509de-ed6b-9073-9887-0af2b28b0534,USA,MR G,POTS_AND_TRAPS,FISHING,338229941,0.81,Stage 2,2022-01-01
40.9,-71.129997,2022-08-20,01cb82c60-0ac5-1e19-f436-98a40a63f1a5,USA,WATERPROOF,POLE_AND_LINE,FISHING,338019005,0.63,Stage 2,2022-08-01
41.25,-71.230003,2022-06-02,ff3830e6a-a93e-1d34-b439-f9f742984f72,USA,DARANA R,FISHING,FISHING,367174730,0.94,Stage 2,2022-06-01
41.36,-71.25,2022-08-19,c11057b39-90b8-89c0-7f09-0f5a46f8d730,USA,BELL SKY,TRAWLERS,FISHING,367637420,14.95,Stage 2,2022-08-01
41.05,-71.379997,2022-05-12,2326efd2e-ef2b-34f0-f4e7-9a078f8cb4c4,USA,BELL SKY,TRAWLERS,FISHING,367637420,2,Stage 2,2022-05-01
41.36,-71.260002,2022-06-29,2326efd2e-ef2b-34f0-f4e7-9a078f8cb4c4,USA,BELL SKY,TRAWLERS,FISHING,367637420,1.04,Stage 2,2022-06-01
41.08,-71.379997,2022-04-21,2326efd2e-ef2b-34f0-f4e7-9a078f8cb4c4,USA,BELL SKY,TRAWLERS,FISHING,367637420,1.4,Stage 2,2022-04-01
40.96,-71.150002,2022-08-12,88a7880a6-659f-2b76-7702-84aedad3a3d5,USA,MENEMSHA ROSE,FISHING,FISHING,368124390,2.54,Stage 2,2022-08-01
41.14,-71.309998,2022-05-25,d8bbf6380-05af-2b58-ca64-97ffb1eb319f,USA,ENTERPRISE,TRAWLERS,FISHING,367590310,1.27,Stage 2,2022-05-01
40.97,-71.110001,2022-07-30,6b96c9b8e-e06c-1716-2de8-ec4a7c1f65fc,USA,KATHY MARIE,FISHING,FISHING,366758680,1.21,Stage 2,2022-07-01
40.92,-71.239998,2022-07-27,76d201cbb-b14b-4796-9c75-75e74fac527d,USA,REEL CRAZY,POLE_AND_LINE,FISHING,367680840,1.05,Stage 2,2022-07-01
40.94,-71.010002,2022-10-16,d6cb16d52-2235-0b55-44fb-a7b816eaa339,USA,MARISSA & JULIE,TRAWLERS,FISHING,368178230,0.56,Stage 2,2022-10-01
40.94,-71.300003,2022-04-23,59d8ab6e8-88ae-3379-7957-c3cf5af17475,USA,HOPE AND SYDNEY,TRAWLERS,FISHING,367084070,4.02,Stage 2,2022-04-01
41,-71.330002,2022-10-15,94a980510-01b3-625f-8524-0b3b93600b8c,USA,CODY,TRAWLERS,FISHING,367190280,3.29,Stage 2,2022-10-01
41.04,-71.110001,2022-07-16,76d201cbb-b14b-4796-9c75-75e74fac527d,USA,REEL CRAZY,POLE_AND_LINE,FISHING,367680840,0.62,Stage 2,2022-07-01
41.28,-71.410004,2022-04-22,d2d4a7623-3cb5-3aed-65b0-0866a70bfbb3,USA,OCEAN STATE,TRAWLERS,FISHING,366278770,1.78,Stage 2,2022-04-01
41.19,-71.239998,2022-10-12,d8bbf6380-05af-2b58-ca64-97ffb1eb319f,USA,ENTERPRISE,TRAWLERS,FISHING,367590310,0.87,Stage 2,2022-10-01
41.13,-71.330002,2022-07-30,59d8ab6e8-88ae-3379-7957-c3cf5af17475,USA,HOPE AND SYDNEY,TRAWLERS,FISHING,367084070,1.28,Stage 2,2022-07-01
41.04,-70.809998,2022-11-05,d6cb16d52-2235-0b55-44fb-a7b816eaa339,USA,MARISSA & JULIE,TRAWLERS,FISHING,368178230,1.02,Stage 2,2022-11-01
41.02,-70.790001,2022-07-16,5fd63feef-f5e1-8ef5-f76f-b08beeeb5fac,USA,MYSTIC WAY,FISHING,FISHING,367516830,0.83,Stage 2,2022-07-01
41.03,-71.18,2022-12-15,0f6f9408d-da22-0c23-aab7-cbd167b479af,USA,VIKING STAR,PASSENGER,PASSENGER,367337990,0.79,Stage 2,2022-12-01
40.93,-71.190002,2022-08-19,39e6812c0-0518-8071-1e82-f5316c505a0f,USA,F/V STELLA MARIS,FIXED_GEAR,FISHING,367767060,2.83,Stage 2,2022-08-01
41.09,-71.370003,2022-07-12,59d8ab6e8-88ae-3379-7957-c3cf5af17475,USA,HOPE AND SYDNEY,TRAWLERS,FISHING,367084070,1.72,Stage 2,2022-07-01
41.37,-71.129997,2022-07-29,5b08cefbc-cda8-90e4-57a7-25ac2eadd608,USA,SHELBY ANN,TRAWLERS,FISHING,367687850,0.53,Stage 2,2022-07-01
41.22,-70.959999,2022-06-09,a60bb8c1a-a9cd-5892-2581-2bea9933c8e0,USA,NEW SEA ROVER,TRAWLERS,FISHING,367346010,1.03,Stage 2,2022-06-01
41.05,-71.25,2022-03-11,3827a0be8-8b67-2d8a-7d21-916458c1309a,USA,FREEDOM,TRAWLERS,FISHING,368016810,1.14,Stage 2,2022-03-01
41.29,-71.050003,2022-09-28,d9a3b251d-db12-2ab9-60a9-bc0a029a0701,USA,DEBBIE ANN,FISHING,FISHING,367313950,0.33,Stage 2,2022-09-01
40.81,-70.970001,2022-10-07,d6cb16d52-2235-0b55-44fb-a7b816eaa339,USA,MARISSA & JULIE,TRAWLERS,FISHING,368178230,1.18,Stage 2,2022-10-01
41.21,-71.07,2022-10-21,d9a3b251d-db12-2ab9-60a9-bc0a029a0701,USA,DEBBIE ANN,FISHING,FISHING,367313950,0.35,Stage 2,2022-10-01
41.22,-70.919998,2022-01-25,a60bb8c1a-a9cd-5892-2581-2bea9933c8e0,USA,NEW SEA ROVER,TRAWLERS,FISHING,367346010,1.12,Stage 2,2022-01-01
41.32,-71.089996,2022-05-25,ff3830e6a-a93e-1d34-b439-f9f742984f72,USA,DARANA R,FISHING,FISHING,367174730,1.06,Stage 2,2022-05-01
41.19,-71.230003,2022-10-12,30039633e-e65b-e85b-a838-221883cbc42a,USA,HERITAGE,FISHING,FISHING,367142820,0.93,Stage 2,2022-10-01
40.97,-70.839996,2022-11-05,98a18da89-9340-eb9e-e0da-a173dde68eb5,USA,UNITED STATES,TRAWLERS,FISHING,367198440,2.79,Stage 2,2022-11-01
40.91,-71.360001,2022-05-02,f145d6b56-62bf-0ef6-570c-bb990c3c738f,USA,SEA WATCHER I,TRAWLERS,FISHING,367010820,2.57,Stage 2,2022-05-01
41.33,-71.400002,2022-11-27,d8bbf6380-05af-2b58-ca64-97ffb1eb319f,USA,ENTERPRISE,TRAWLERS,FISHING,367590310,1.08,Stage 2,2022-11-01
40.97,-71.309998,2022-06-20,2326efd2e-ef2b-34f0-f4e7-9a078f8cb4c4,USA,BELL SKY,TRAWLERS,FISHING,367637420,3.06,Stage 2,2022-06-01
41.05,-71.389999,2022-10-09,90b9eaea0-018d-1eaf-4055-36b770057d04,USA,GAIL FRANCES,INCONCLUSIVE,FISHING,366940990,4.88,Stage 2,2022-10-01
41.37,-71.139999,2022-07-10,e9fd5bc76-6ed7-b23d-df1a-313df2899867,USA,ALEXIS MARTINA,SET_LONGLINES,FISHING,367304080,0.91,Stage 2,2022-07-01
41.12,-71.190002,2022-06-15,0145509de-ed6b-9073-9887-0af2b28b0534,USA,MR G,POTS_AND_TRAPS,FISHING,338229941,1.01,Stage 2,2022-06-01
40.89,-70.860001,2022-10-07,d6cb16d52-2235-0b55-44fb-a7b816eaa339,USA,MARISSA & JULIE,TRAWLERS,FISHING,368178230,5.68,Stage 2,2022-10-01
41.12,-71.330002,2022-08-01,59d8ab6e8-88ae-3379-7957-c3cf5af17475,USA,HOPE AND SYDNEY,TRAWLERS,FISHING,367084070,3.34,Stage 2,2022-08-01
41.09,-71.110001,2022-03-16,0145509de-ed6b-9073-9887-0af2b28b0534,USA,MR G,POTS_AND_TRAPS,FISHING,338229941,0.71,Stage 2,2022-03-01
41.19,-70.849998,2022-09-06,ed3b7a7de-ee33-966a-b9ab-cdc5dfa7a4b7,USA,BLACK EARL,POTS_AND_TRAPS,FISHING,338413783,0.58,Stage 2,2022-09-01
41.02,-70.830002,2022-11-03,d6cb16d52-2235-0b55-44fb-a7b816eaa339,USA,MARISSA & JULIE,TRAWLERS,FISHING,368178230,1.63,Stage 2,2022-11-01
40.91,-71.230003,2022-08-03,88a7880a6-659f-2b76-7702-84aedad3a3d5,USA,MENEMSHA ROSE,FISHING,FISHING,368124390,0.9,Stage 2,2022-08-01
40.97,-70.839996,2022-11-15,d6cb16d52-2235-0b55-44fb-a7b816eaa339,USA,MARISSA & JULIE,TRAWLERS,FISHING,368178230,0.35,Stage 2,2022-11-01
41.24,-70.949997,2022-07-26,a60bb8c1a-a9cd-5892-2581-2bea9933c8e0,USA,NEW SEA ROVER,TRAWLERS,FISHING,367346010,0.67,Stage 2,2022-07-01
41.06,-70.970001,2022-08-20,b0fc6088c-c524-980d-1e47-66e1b740fa26,USA,PASQUE,OTHER,OTHER,338394719,1.01,Stage 2,2022-08-01
41.26,-71,2022-07-09,cc83751ec-c92d-3712-ea87-a31cca1f910d,USA,ASHER AND ARIANA,TRAWLERS,FISHING,367522070,0.95,Stage 2,2022-07-01
40.87,-71.169998,2022-12-21,b56aa2f1e-e0df-757a-7fb3-58a8ea5d5333,USA,EDWARD&JOSEPH,SET_GILLNETS,FISHING,368280420,1.64,Stage 2,2022-12-01
41.27,-70.989998,2022-06-03,ff3830e6a-a93e-1d34-b439-f9f742984f72,USA,DARANA R,FISHING,FISHING,367174730,1.29,Stage 2,2022-06-01
41.1,-71.349998,2022-04-18,2326efd2e-ef2b-34f0-f4e7-9a078f8cb4c4,USA,BELL SKY,TRAWLERS,FISHING,367637420,0.99,Stage 2,2022-04-01
41.28,-71.410004,2022-09-16,ff3830e6a-a93e-1d34-b439-f9f742984f72,USA,DARANA R,FISHING,FISHING,367174730,0.8,Stage 2,2022-09-01
41.31,-71.379997,2022-08-04,c9804fdb4-469e-7f30-0a3f-044b6cc74b65,USA,KAREN ANN,SET_GILLNETS,FISHING,367105250,2.48,Stage 2,2022-08-01
41.07,-71.160004,2022-07-14,82b45c510-0107-84f6-4a90-fb32cbbcdd3c,USA,STELLA,POLE_AND_LINE,FISHING,338194028,0.95,Stage 2,2022-07-01
41.18,-71.269997,2022-09-30,d8bbf6380-05af-2b58-ca64-97ffb1eb319f,USA,ENTERPRISE,TRAWLERS,FISHING,367590310,0.47,Stage 2,2022-09-01
41.05,-71.389999,2022-10-15,90b9eaea0-018d-1eaf-4055-36b770057d04,USA,GAIL FRANCES,INCONCLUSIVE,FISHING,366940990,2.66,Stage 2,2022-10-01
40.91,-71,2022-10-12,98a18da89-9340-eb9e-e0da-a173dde68eb5,USA,UNITED STATES,TRAWLERS,FISHING,367198440,0.77,Stage 2,2022-10-01
41.05,-70.849998,2022-06-02,ddc11a0d9-9b3f-a4c0-3b39-2bdff6fcf9fc,USA,LITTLE GULL,POTS_AND_TRAPS,FISHING,367645090,2.12,Stage 2,2022-06-01
41.23,-71.150002,2022-07-07,d8bbf6380-05af-2b58-ca64-97ffb1eb319f,USA,ENTERPRISE,TRAWLERS,FISHING,367590310,0.55,Stage 2,2022-07-01
41.14,-70.809998,2022-05-25,d9a3b251d-db12-2ab9-60a9-bc0a029a0701,USA,DEBBIE ANN,FISHING,FISHING,367313950,2.93,Stage 2,2022-05-01
41.05,-71.379997,2022-03-09,2326efd2e-ef2b-34f0-f4e7-9a078f8cb4c4,USA,BELL SKY,TRAWLERS,FISHING,367637420,0.52,Stage 2,2022-03-01
41.28,-71.410004,2022-09-13,44752569c-c00c-da61-1898-4d62b6314a40,USA,VIRGINIA MARISE,TRAWLERS,FISHING,367145360,1.07,Stage 2,2022-09-01
41.13,-71.32,2022-03-05,59d8ab6e8-88ae-3379-7957-c3cf5af17475,USA,HOPE AND SYDNEY,TRAWLERS,FISHING,367084070,0.74,Stage 2,2022-03-01
41,-70.730003,2022-11-03,d6cb16d52-2235-0b55-44fb-a7b816eaa339,USA,MARISSA & JULIE,TRAWLERS,FISHING,368178230,1.38,Stage 2,2022-11-01
41.29,-71.209999,2022-06-03,ff3830e6a-a93e-1d34-b439-f9f742984f72,USA,DARANA R,FISHING,FISHING,367174730,10.63,Stage 2,2022-06-01
41.07,-71.379997,2022-01-25,2326efd2e-ef2b-34f0-f4e7-9a078f8cb4c4,USA,BELL SKY,TRAWLERS,FISHING,367637420,0.83,Stage 2,2022-01-01
41.01,-71.349998,2022-01-23,cec008aa2-264e-d098-8f9d-11769636d229,USA,KELSI & MORGAN,TRAWLERS,FISHING,338386525,0.55,Stage 2,2022-01-01
41.12,-71.129997,2022-12-21,fda33ad3b-b3d7-9afb-257d-126bd7b77f81,USA,LADY FRANCES,INCONCLUSIVE,FISHING,367155670,2.34,Stage 2,2022-12-01
41.16,-71.279999,2022-08-31,ac678e753-342a-edbe-daf9-d83c9e0465ee,USA,SECOND WIND,FISHING,FISHING,367639380,0.52,Stage 2,2022-08-01
41.08,-71.370003,2022-03-05,d2d4a7623-3cb5-3aed-65b0-0866a70bfbb3,USA,OCEAN STATE,TRAWLERS,FISHING,366278770,0.73,Stage 2,2022-03-01
41.07,-71.379997,2022-04-12,2326efd2e-ef2b-34f0-f4e7-9a078f8cb4c4,USA,BELL SKY,TRAWLERS,FISHING,367637420,5.56,Stage 2,2022-04-01
41.02,-70.75,2022-11-05,d6cb16d52-2235-0b55-44fb-a7b816eaa339,USA,MARISSA & JULIE,TRAWLERS,FISHING,368178230,0.76,Stage 2,2022-11-01
41.11,-71.029999,2022-08-26,0a186176e-e821-5e8f-2999-c4450cc08eab,USA,PAMET,TRAWLERS,FISHING,368222740,0.59,Stage 2,2022-08-01
41.14,-71.300003,2022-08-19,c9804fdb4-469e-7f30-0a3f-044b6cc74b65,USA,KAREN ANN,SET_GILLNETS,FISHING,367105250,0.41,Stage 2,2022-08-01
41.05,-71.220001,2022-10-12,90b9eaea0-018d-1eaf-4055-36b770057d04,USA,GAIL FRANCES,INCONCLUSIVE,FISHING,366940990,0.78,Stage 2,2022-10-01
41.22,-70.809998,2022-09-02,dc9656afb-b3d5-224f-d10b-025dadd3b5e1,USA,EVENING STAR,FISHING,FISHING,367645750,0.62,Stage 2,2022-09-01
41.07,-71.239998,2022-10-27,0145509de-ed6b-9073-9887-0af2b28b0534,USA,MR G,POTS_AND_TRAPS,FISHING,338229941,0.95,Stage 2,2022-10-01
40.97,-71.360001,2022-04-22,cec008aa2-264e-d098-8f9d-11769636d229,USA,KELSI & MORGAN,TRAWLERS,FISHING,338386525,2.68,Stage 2,2022-04-01
41.03,-71.18,2022-07-16,76d201cbb-b14b-4796-9c75-75e74fac527d,USA,REEL CRAZY,POLE_AND_LINE,FISHING,367680840,0.8,Stage 2,2022-07-01
41.03,-71.18,2022-10-16,90b9eaea0-018d-1eaf-4055-36b770057d04,USA,GAIL FRANCES,INCONCLUSIVE,FISHING,366940990,1.03,Stage 2,2022-10-01
41.38,-71.260002,2022-07-14,cc83751ec-c92d-3712-ea87-a31cca1f910d,USA,ASHER AND ARIANA,TRAWLERS,FISHING,367522070,1.85,Stage 2,2022-07-01
41.29,-71.18,2022-10-13,94a980510-01b3-625f-8524-0b3b93600b8c,USA,CODY,TRAWLERS,FISHING,367190280,0.44,Stage 2,2022-10-01
41.14,-71.349998,2022-10-07,90b9eaea0-018d-1eaf-4055-36b770057d04,USA,GAIL FRANCES,INCONCLUSIVE,FISHING,366940990,2.73,Stage 2,2022-10-01
41.19,-70.809998,2022-08-30,ed3b7a7de-ee33-966a-b9ab-cdc5dfa7a4b7,USA,BLACK EARL,POTS_AND_TRAPS,FISHING,338413783,0.93,Stage 2,2022-08-01
41.09,-71.370003,2022-04-25,2326efd2e-ef2b-34f0-f4e7-9a078f8cb4c4,USA,BELL SKY,TRAWLERS,FISHING,367637420,1.24,Stage 2,2022-04-01
40.9,-70.980003,2022-10-13,d6cb16d52-2235-0b55-44fb-a7b816eaa339,USA,MARISSA & JULIE,TRAWLERS,FISHING,368178230,3.19,Stage 2,2022-10-01
40.97,-71.059998,2022-08-03,88a7880a6-659f-2b76-7702-84aedad3a3d5,USA,MENEMSHA ROSE,FISHING,FISHING,368124390,0.99,Stage 2,2022-08-01
41.07,-71.379997,2022-07-30,59d8ab6e8-88ae-3379-7957-c3cf5af17475,USA,HOPE AND SYDNEY,TRAWLERS,FISHING,367084070,1.67,Stage 2,2022-07-01
41.1,-71.120003,2022-01-24,0145509de-ed6b-9073-9887-0af2b28b0534,USA,MR G,POTS_AND_TRAPS,FISHING,338229941,0.67,Stage 2,2022-01-01
41.24,-70.940002,2022-07-26,a60bb8c1a-a9cd-5892-2581-2bea9933c8e0,USA,NEW SEA ROVER,TRAWLERS,FISHING,367346010,1.22,Stage 2,2022-07-01
41.08,-71.379997,2022-03-09,2326efd2e-ef2b-34f0-f4e7-9a078f8cb4c4,USA,BELL SKY,TRAWLERS,FISHING,367637420,1.45,Stage 2,2022-03-01
41.11,-71.339996,2022-10-12,d8bbf6380-05af-2b58-ca64-97ffb1eb319f,USA,ENTERPRISE,TRAWLERS,FISHING,367590310,0.84,Stage 2,2022-10-01
41.08,-71.370003,2022-03-05,59d8ab6e8-88ae-3379-7957-c3cf5af17475,USA,HOPE AND SYDNEY,TRAWLERS,FISHING,367084070,3.32,Stage 2,2022-03-01
40.9,-71.169998,2022-08-25,4f95fa8d9-93bb-0748-e166-751a185af5c2,USA,BLUE MOON,FISHING,FISHING,338251733,0.48,Stage 2,2022-08-01
41.13,-71.32,2022-12-21,d2d4a7623-3cb5-3aed-65b0-0866a70bfbb3,USA,OCEAN STATE,TRAWLERS,FISHING,366278770,1.9,Stage 2,2022-12-01
41.37,-71.260002,2022-08-19,c11057b39-90b8-89c0-7f09-0f5a46f8d730,USA,BELL SKY,TRAWLERS,FISHING,367637420,0.84,Stage 2,2022-08-01
41.3,-70.959999,2022-06-05,ff3830e6a-a93e-1d34-b439-f9f742984f72,USA,DARANA R,FISHING,FISHING,367174730,0.97,Stage 2,2022-06-01
41.04,-71.230003,2022-05-26,90b9eaea0-018d-1eaf-4055-36b770057d04,USA,GAIL FRANCES,INCONCLUSIVE,FISHING,366940990,0.95,Stage 2,2022-05-01
41.04,-70.800003,2022-11-05,d6cb16d52-2235-0b55-44fb-a7b816eaa339,USA,MARISSA & JULIE,TRAWLERS,FISHING,368178230,1.3,Stage 2,2022-11-01
41.12,-71.330002,2022-12-21,0f7722a2a-a931-1550-0aef-e7ec8e1ddb44,USA,MATTIE AND MAREN II,TRAWLERS,FISHING,368285650,0.76,Stage 2,2022-12-01
41.23,-71.260002,2022-09-28,ff3830e6a-a93e-1d34-b439-f9f742984f72,USA,DARANA R,FISHING,FISHING,367174730,0.57,Stage 2,2022-09-01
41.1,-71.120003,2022-11-09,0145509de-ed6b-9073-9887-0af2b28b0534,USA,MR G,POTS_AND_TRAPS,FISHING,338229941,1.26,Stage 2,2022-11-01
41.24,-71.139999,2022-07-09,cc83751ec-c92d-3712-ea87-a31cca1f910d,USA,ASHER AND ARIANA,TRAWLERS,FISHING,367522070,1.13,Stage 2,2022-07-01
41.32,-71.400002,2022-12-15,d8bbf6380-05af-2b58-ca64-97ffb1eb319f,USA,ENTERPRISE,TRAWLERS,FISHING,367590310,1.48,Stage 2,2022-12-01
41.11,-71.349998,2022-08-02,e5ad57b2d-d250-3691-821a-3d9e8d932fef,USA,SEVEN B S V,TRAWLERS,FISHING,367052470,0.56,Stage 2,2022-08-01
41.2,-71.220001,2022-10-12,d8bbf6380-05af-2b58-ca64-97ffb1eb319f,USA,ENTERPRISE,TRAWLERS,FISHING,367590310,0.84,Stage 2,2022-10-01
41.03,-71.18,2022-09-10,90b9eaea0-018d-1eaf-4055-36b770057d04,USA,GAIL FRANCES,INCONCLUSIVE,FISHING,366940990,0.52,Stage 2,2022-09-01
41.19,-71.25,2022-10-12,94a980510-01b3-625f-8524-0b3b93600b8c,USA,CODY,TRAWLERS,FISHING,367190280,0.62,Stage 2,2022-10-01
41.11,-71.339996,2022-04-25,59d8ab6e8-88ae-3379-7957-c3cf5af17475,USA,HOPE AND SYDNEY,TRAWLERS,FISHING,367084070,0.53,Stage 2,2022-04-01
41.19,-70.900002,2022-07-02,1052830ff-f368-787b-026c-c4b72ab5cb1b,USA,MCKINLEY,FISHING,FISHING,367183240,0.66,Stage 2,2022-07-01
41.21,-71.190002,2022-10-12,cc83751ec-c92d-3712-ea87-a31cca1f910d,USA,ASHER AND ARIANA,TRAWLERS,FISHING,367522070,0.99,Stage 2,2022-10-01
41.23,-70.93,2022-01-24,a60bb8c1a-a9cd-5892-2581-2bea9933c8e0,USA,NEW SEA ROVER,TRAWLERS,FISHING,367346010,1,Stage 2,2022-01-01
41.01,-71.389999,2022-08-27,fda33ad3b-b3d7-9afb-257d-126bd7b77f81,USA,LADY FRANCES,INCONCLUSIVE,FISHING,367155670,1.24,Stage 2,2022-08-01
40.98,-70.82,2022-11-05,d6cb16d52-2235-0b55-44fb-a7b816eaa339,USA,MARISSA & JULIE,TRAWLERS,FISHING,368178230,1.32,Stage 2,2022-11-01
41.12,-71.330002,2022-10-13,30039633e-e65b-e85b-a838-221883cbc42a,USA,HERITAGE,FISHING,FISHING,367142820,0.85,Stage 2,2022-10-01
41.11,-71.32,2022-06-21,c9804fdb4-469e-7f30-0a3f-044b6cc74b65,USA,KAREN ANN,SET_GILLNETS,FISHING,367105250,0.89,Stage 2,2022-06-01
41.23,-70.949997,2022-06-09,a60bb8c1a-a9cd-5892-2581-2bea9933c8e0,USA,NEW SEA ROVER,TRAWLERS,FISHING,367346010,1.19,Stage 2,2022-06-01
40.98,-70.849998,2022-10-21,d6cb16d52-2235-0b55-44fb-a7b816eaa339,USA,MARISSA & JULIE,TRAWLERS,FISHING,368178230,1.52,Stage 2,2022-10-01
40.86,-70.989998,2022-10-08,d6cb16d52-2235-0b55-44fb-a7b816eaa339,USA,MARISSA & JULIE,TRAWLERS,FISHING,368178230,1.66,Stage 2,2022-10-01
41.12,-71.330002,2022-05-05,2326efd2e-ef2b-34f0-f4e7-9a078f8cb4c4,USA,BELL SKY,TRAWLERS,FISHING,367637420,5.4,Stage 2,2022-05-01
41.36,-71.260002,2022-07-10,e9fd5bc76-6ed7-b23d-df1a-313df2899867,USA,ALEXIS MARTINA,SET_LONGLINES,FISHING,367304080,0.95,Stage 2,2022-07-01
41.1,-71.120003,2022-04-13,0145509de-ed6b-9073-9887-0af2b28b0534,USA,MR G,POTS_AND_TRAPS,FISHING,338229941,0.45,Stage 2,2022-04-01
40.96,-70.919998,2022-11-05,98a18da89-9340-eb9e-e0da-a173dde68eb5,USA,UNITED STATES,TRAWLERS,FISHING,367198440,1.15,Stage 2,2022-11-01
40.93,-71.339996,2022-05-01,f145d6b56-62bf-0ef6-570c-bb990c3c738f,USA,SEA WATCHER I,TRAWLERS,FISHING,367010820,2.21,Stage 2,2022-05-01
40.9,-71.150002,2022-12-05,b56aa2f1e-e0df-757a-7fb3-58a8ea5d5333,USA,EDWARD&JOSEPH,SET_GILLNETS,FISHING,368280420,0.86,Stage 2,2022-12-01
41.02,-71.169998,2022-07-16,76d201cbb-b14b-4796-9c75-75e74fac527d,USA,REEL CRAZY,POLE_AND_LINE,FISHING,367680840,0.79,Stage 2,2022-07-01
40.95,-70.870003,2022-10-21,d6cb16d52-2235-0b55-44fb-a7b816eaa339,USA,MARISSA & JULIE,TRAWLERS,FISHING,368178230,4.01,Stage 2,2022-10-01
41.15,-71.300003,2022-10-11,cc83751ec-c92d-3712-ea87-a31cca1f910d,USA,ASHER AND ARIANA,TRAWLERS,FISHING,367522070,0.8,Stage 2,2022-10-01
41.01,-71.339996,2022-08-25,c11057b39-90b8-89c0-7f09-0f5a46f8d730,USA,BELL SKY,TRAWLERS,FISHING,367637420,0.58,Stage 2,2022-08-01
41.35,-71.25,2022-05-24,2326efd2e-ef2b-34f0-f4e7-9a078f8cb4c4,USA,BELL SKY,TRAWLERS,FISHING,367637420,2.21,Stage 2,2022-05-01
41.1,-71.110001,2022-03-16,0145509de-ed6b-9073-9887-0af2b28b0534,USA,MR G,POTS_AND_TRAPS,FISHING,338229941,0.59,Stage 2,2022-03-01
41.14,-70.800003,2022-05-25,d9a3b251d-db12-2ab9-60a9-bc0a029a0701,USA,DEBBIE ANN,FISHING,FISHING,367313950,18.24,Stage 2,2022-05-01
41.05,-71.379997,2022-04-21,2326efd2e-ef2b-34f0-f4e7-9a078f8cb4c4,USA,BELL SKY,TRAWLERS,FISHING,367637420,7.5,Stage 2,2022-04-01
41.12,-71.300003,2022-10-07,418acad20-02b1-4526-bc2d-2705584cd631,USA,NICHOLAS C,TRAWLERS,FISHING,367687740,0.76,Stage 2,2022-10-01
40.89,-71.07,2022-08-20,01cb82c60-0ac5-1e19-f436-98a40a63f1a5,USA,WATERPROOF,POLE_AND_LINE,FISHING,338019005,1.03,Stage 2,2022-08-01
41.28,-70.980003,2022-09-28,ff3830e6a-a93e-1d34-b439-f9f742984f72,USA,DARANA R,FISHING,FISHING,367174730,0.9,Stage 2,2022-09-01
41.12,-71.339996,2022-12-21,0f7722a2a-a931-1550-0aef-e7ec8e1ddb44,USA,MATTIE AND MAREN II,TRAWLERS,FISHING,368285650,1.03,Stage 2,2022-12-01
41.03,-70.800003,2022-11-04,d6cb16d52-2235-0b55-44fb-a7b816eaa339,USA,MARISSA & JULIE,TRAWLERS,FISHING,368178230,0.87,Stage 2,2022-11-01
40.88,-70.949997,2022-10-11,98a18da89-9340-eb9e-e0da-a173dde68eb5,USA,UNITED STATES,TRAWLERS,FISHING,367198440,7.71,Stage 2,2022-10-01
41,-71.330002,2022-03-11,3827a0be8-8b67-2d8a-7d21-916458c1309a,USA,FREEDOM,TRAWLERS,FISHING,368016810,1.07,Stage 2,2022-03-01
41.07,-71.370003,2022-05-25,d6d85d2f7-74ce-03e4-c3ca-a3e1832f3905,USA,F/V INCENTIVE,TRAWLERS,FISHING,367435050,1.07,Stage 2,2022-05-01
41.35,-71.239998,2022-05-25,2326efd2e-ef2b-34f0-f4e7-9a078f8cb4c4,USA,BELL SKY,TRAWLERS,FISHING,367637420,2.13,Stage 2,2022-05-01
41.2,-70.93,2022-05-25,d9a3b251d-db12-2ab9-60a9-bc0a029a0701,USA,DEBBIE ANN,FISHING,FISHING,367313950,1.24,Stage 2,2022-05-01
41.06,-71.190002,2022-12-31,fda33ad3b-b3d7-9afb-257d-126bd7b77f81,USA,LADY FRANCES,INCONCLUSIVE,FISHING,367155670,1.45,Stage 2,2022-12-01
41.08,-71.110001,2022-03-11,3827a0be8-8b67-2d8a-7d21-916458c1309a,USA,FREEDOM,TRAWLERS,FISHING,368016810,0.81,Stage 2,2022-03-01
41.16,-71.370003,2022-09-05,05a30e1c5-55c0-09f4-39ef-0632964af32e,USA,SEA FLASH,TRAWLERS,FISHING,367072720,2.48,Stage 2,2022-09-01
40.98,-71.199997,2022-07-08,973fc9c79-9de5-9090-70db-197cfd04e594,USA,JERSEY CAPE,FISHING,FISHING,367131650,0.53,Stage 2,2022-07-01
41.09,-70.889999,2022-11-10,d6cb16d52-2235-0b55-44fb-a7b816eaa339,USA,MARISSA & JULIE,TRAWLERS,FISHING,368178230,1.19,Stage 2,2022-11-01
40.88,-71.139999,2022-08-26,82b45c510-0107-84f6-4a90-fb32cbbcdd3c,USA,STELLA,POLE_AND_LINE,FISHING,338194028,1,Stage 2,2022-08-01
40.91,-71.32,2022-05-01,f145d6b56-62bf-0ef6-570c-bb990c3c738f,USA,SEA WATCHER I,TRAWLERS,FISHING,367010820,5.27,Stage 2,2022-05-01
40.91,-71.349998,2022-06-14,f145d6b56-62bf-0ef6-570c-bb990c3c738f,USA,SEA WATCHER I,TRAWLERS,FISHING,367010820,1.14,Stage 2,2022-06-01
40.86,-71.080002,2022-10-12,d6cb16d52-2235-0b55-44fb-a7b816eaa339,USA,MARISSA & JULIE,TRAWLERS,FISHING,368178230,0.94,Stage 2,2022-10-01
41.04,-71.230003,2022-10-25,90b9eaea0-018d-1eaf-4055-36b770057d04,USA,GAIL FRANCES,INCONCLUSIVE,FISHING,366940990,0.88,Stage 2,2022-10-01
41.14,-71.349998,2022-12-27,fda33ad3b-b3d7-9afb-257d-126bd7b77f81,USA,LADY FRANCES,INCONCLUSIVE,FISHING,367155670,0.75,Stage 2,2022-12-01
41.32,-71.32,2022-10-13,94a980510-01b3-625f-8524-0b3b93600b8c,USA,CODY,TRAWLERS,FISHING,367190280,1.12,Stage 2,2022-10-01
41.29,-71.25,2022-09-28,ff3830e6a-a93e-1d34-b439-f9f742984f72,USA,DARANA R,FISHING,FISHING,367174730,0.96,Stage 2,2022-09-01
41.19,-71.099998,2022-01-26,59c757235-5638-b364-a6ec-0694ac3f69c8,CAN,FISHIN ADDICTION 17,POLE_AND_LINE,FISHING,316036131,7.37,Stage 2,2022-01-01
40.94,-71.010002,2022-11-06,d6cb16d52-2235-0b55-44fb-a7b816eaa339,USA,MARISSA & JULIE,TRAWLERS,FISHING,368178230,1.11,Stage 2,2022-11-01
41.37,-71.260002,2022-06-27,2326efd2e-ef2b-34f0-f4e7-9a078f8cb4c4,USA,BELL SKY,TRAWLERS,FISHING,367637420,0.49,Stage 2,2022-06-01
41.11,-71.18,2022-08-19,0145509de-ed6b-9073-9887-0af2b28b0534,USA,MR G,POTS_AND_TRAPS,FISHING,338229941,0.95,Stage 2,2022-08-01
41.26,-71.07,2022-09-19,d9a3b251d-db12-2ab9-60a9-bc0a029a0701,USA,DEBBIE ANN,FISHING,FISHING,367313950,0.67,Stage 2,2022-09-01
41.22,-70.970001,2022-05-29,d9a3b251d-db12-2ab9-60a9-bc0a029a0701,USA,DEBBIE ANN,FISHING,FISHING,367313950,0.96,Stage 2,2022-05-01
40.97,-71.309998,2022-02-02,f24e7875f-f61b-0cbe-f53f-b179dd5b9c21,USA,LINDA MARIE,TRAWLERS,FISHING,367588040,1.03,Stage 2,2022-02-01
41.33,-71.260002,2022-05-26,ff3830e6a-a93e-1d34-b439-f9f742984f72,USA,DARANA R,FISHING,FISHING,367174730,1.2,Stage 2,2022-05-01
41.13,-71.330002,2022-08-01,59d8ab6e8-88ae-3379-7957-c3cf5af17475,USA,HOPE AND SYDNEY,TRAWLERS,FISHING,367084070,1.16,Stage 2,2022-08-01
41.14,-71.309998,2022-09-10,c9804fdb4-469e-7f30-0a3f-044b6cc74b65,USA,KAREN ANN,SET_GILLNETS,FISHING,367105250,2.66,Stage 2,2022-09-01
40.95,-71,2022-10-21,d6cb16d52-2235-0b55-44fb-a7b816eaa339,USA,MARISSA & JULIE,TRAWLERS,FISHING,368178230,6.57,Stage 2,2022-10-01
40.97,-71.32,2022-10-21,cc83751ec-c92d-3712-ea87-a31cca1f910d,USA,ASHER AND ARIANA,TRAWLERS,FISHING,367522070,1.13,Stage 2,2022-10-01
40.97,-71.370003,2022-02-26,f24e7875f-f61b-0cbe-f53f-b179dd5b9c21,USA,LINDA MARIE,TRAWLERS,FISHING,367588040,0.7,Stage 2,2022-02-01
41.31,-71.379997,2022-06-24,c9804fdb4-469e-7f30-0a3f-044b6cc74b65,USA,KAREN ANN,SET_GILLNETS,FISHING,367105250,4.61,Stage 2,2022-06-01
41.2,-70.830002,2022-09-01,a9181364b-b277-385e-9353-e8c31460020f,USA,SEAFARER,TRAWLERS,FISHING,367179650,0.6,Stage 2,2022-09-01
40.97,-71.379997,2022-04-22,cec008aa2-264e-d098-8f9d-11769636d229,USA,KELSI & MORGAN,TRAWLERS,FISHING,338386525,1.22,Stage 2,2022-04-01
41.18,-70.900002,2022-05-29,d9a3b251d-db12-2ab9-60a9-bc0a029a0701,USA,DEBBIE ANN,FISHING,FISHING,367313950,2.31,Stage 2,2022-05-01
41.15,-71.300003,2022-10-13,30039633e-e65b-e85b-a838-221883cbc42a,USA,HERITAGE,FISHING,FISHING,367142820,0.42,Stage 2,2022-10-01
40.88,-71.129997,2022-08-26,82b45c510-0107-84f6-4a90-fb32cbbcdd3c,USA,STELLA,POLE_AND_LINE,FISHING,338194028,0.61,Stage 2,2022-08-01
40.91,-71.059998,2022-11-03,98a18da89-9340-eb9e-e0da-a173dde68eb5,USA,UNITED STATES,TRAWLERS,FISHING,367198440,0.96,Stage 2,2022-11-01
40.98,-70.790001,2022-11-05,98a18da89-9340-eb9e-e0da-a173dde68eb5,USA,UNITED STATES,TRAWLERS,FISHING,367198440,0.96,Stage 2,2022-11-01
41.13,-71.32,2022-04-11,2326efd2e-ef2b-34f0-f4e7-9a078f8cb4c4,USA,BELL SKY,TRAWLERS,FISHING,367637420,5.8,Stage 2,2022-04-01
41.12,-71.330002,2022-07-30,59d8ab6e8-88ae-3379-7957-c3cf5af17475,USA,HOPE AND SYDNEY,TRAWLERS,FISHING,367084070,2.64,Stage 2,2022-07-01
40.88,-71.239998,2022-07-14,6b96c9b8e-e06c-1716-2de8-ec4a7c1f65fc,USA,KATHY MARIE,FISHING,FISHING,366758680,1.64,Stage 2,2022-07-01
41.21,-71.209999,2022-07-09,cc83751ec-c92d-3712-ea87-a31cca1f910d,USA,ASHER AND ARIANA,TRAWLERS,FISHING,367522070,1.11,Stage 2,2022-07-01
41.04,-71.220001,2022-08-04,39e6812c0-0518-8071-1e82-f5316c505a0f,USA,F/V STELLA MARIS,FIXED_GEAR,FISHING,367767060,0.34,Stage 2,2022-08-01
41.01,-70.800003,2022-11-24,d6cb16d52-2235-0b55-44fb-a7b816eaa339,USA,MARISSA & JULIE,TRAWLERS,FISHING,368178230,2.69,Stage 2,2022-11-01
41.16,-71.32,2022-08-05,c9804fdb4-469e-7f30-0a3f-044b6cc74b65,USA,KAREN ANN,SET_GILLNETS,FISHING,367105250,0.82,Stage 2,2022-08-01
41.28,-71.400002,2022-01-06,d2d4a7623-3cb5-3aed-65b0-0866a70bfbb3,USA,OCEAN STATE,TRAWLERS,FISHING,366278770,0.97,Stage 2,2022-01-01
41.05,-71.150002,2022-11-29,b56aa2f1e-e0df-757a-7fb3-58a8ea5d5333,USA,EDWARD&JOSEPH,SET_GILLNETS,FISHING,368280420,1.01,Stage 2,2022-11-01
41.06,-71.379997,2022-05-05,2326efd2e-ef2b-34f0-f4e7-9a078f8cb4c4,USA,BELL SKY,TRAWLERS,FISHING,367637420,0.53,Stage 2,2022-05-01
41.21,-70.940002,2022-05-29,d9a3b251d-db12-2ab9-60a9-bc0a029a0701,USA,DEBBIE ANN,FISHING,FISHING,367313950,1.07,Stage 2,2022-05-01
41.05,-71.379997,2022-01-05,2326efd2e-ef2b-34f0-f4e7-9a078f8cb4c4,USA,BELL SKY,TRAWLERS,FISHING,367637420,0.8,Stage 2,2022-01-01
41.08,-71.290001,2022-07-28,fda33ad3b-b3d7-9afb-257d-126bd7b77f81,USA,LADY FRANCES,INCONCLUSIVE,FISHING,367155670,1.25,Stage 2,2022-07-01
41.31,-71.410004,2022-12-06,cec008aa2-264e-d098-8f9d-11769636d229,USA,KELSI & MORGAN,TRAWLERS,FISHING,338386525,1.05,Stage 2,2022-12-01
40.86,-70.919998,2022-10-07,d6cb16d52-2235-0b55-44fb-a7b816eaa339,USA,MARISSA & JULIE,TRAWLERS,FISHING,368178230,0.58,Stage 2,2022-10-01
41.24,-71.230003,2022-06-02,ff3830e6a-a93e-1d34-b439-f9f742984f72,USA,DARANA R,FISHING,FISHING,367174730,0.35,Stage 2,2022-06-01
41.04,-71.230003,2022-12-28,fda33ad3b-b3d7-9afb-257d-126bd7b77f81,USA,LADY FRANCES,INCONCLUSIVE,FISHING,367155670,0.78,Stage 2,2022-12-01
41.33,-71.379997,2022-06-11,d615df578-8b6f-95b5-cb8c-0f4f277686c0,USA,ANNE KATHRYN,FISHING,FISHING,367056030,1.83,Stage 2,2022-06-01
41.09,-71.290001,2022-10-12,d8bbf6380-05af-2b58-ca64-97ffb1eb319f,USA,ENTERPRISE,TRAWLERS,FISHING,367590310,1.75,Stage 2,2022-10-01
41.31,-70.970001,2022-02-22,0145509de-ed6b-9073-9887-0af2b28b0534,USA,MR G,POTS_AND_TRAPS,FISHING,338229941,0.55,Stage 2,2022-02-01
41.32,-71.379997,2022-06-24,c9804fdb4-469e-7f30-0a3f-044b6cc74b65,USA,KAREN ANN,SET_GILLNETS,FISHING,367105250,0.68,Stage 2,2022-06-01
41.37,-71.260002,2022-02-10,2326efd2e-ef2b-34f0-f4e7-9a078f8cb4c4,USA,BELL SKY,TRAWLERS,FISHING,367637420,0.81,Stage 2,2022-02-01
41.12,-70.949997,2022-08-26,0a186176e-e821-5e8f-2999-c4450cc08eab,USA,PAMET,TRAWLERS,FISHING,368222740,2.72,Stage 2,2022-08-01
41.05,-71.379997,2022-03-02,d2d4a7623-3cb5-3aed-65b0-0866a70bfbb3,USA,OCEAN STATE,TRAWLERS,FISHING,366278770,2.57,Stage 2,2022-03-01
41.19,-70.849998,2022-10-07,ed3b7a7de-ee33-966a-b9ab-cdc5dfa7a4b7,USA,BLACK EARL,POTS_AND_TRAPS,FISHING,338413783,1.38,Stage 2,2022-10-01
41.31,-71.389999,2022-06-24,c9804fdb4-469e-7f30-0a3f-044b6cc74b65,USA,KAREN ANN,SET_GILLNETS,FISHING,367105250,1.92,Stage 2,2022-06-01
41.04,-71.379997,2022-12-13,0f7722a2a-a931-1550-0aef-e7ec8e1ddb44,USA,MATTIE AND MAREN II,TRAWLERS,FISHING,368285650,8.73,Stage 2,2022-12-01
41.18,-71.290001,2022-12-05,b56aa2f1e-e0df-757a-7fb3-58a8ea5d5333,USA,EDWARD&JOSEPH,SET_GILLNETS,FISHING,368280420,0.54,Stage 2,2022-12-01
41.16,-70.720001,2022-11-13,ed3b7a7de-ee33-966a-b9ab-cdc5dfa7a4b7,USA,BLACK EARL,POTS_AND_TRAPS,FISHING,338413783,1,Stage 2,2022-11-01
41.1,-71.129997,2022-09-13,0145509de-ed6b-9073-9887-0af2b28b0534,USA,MR G,POTS_AND_TRAPS,FISHING,338229941,0.38,Stage 2,2022-09-01
41.15,-70.730003,2022-09-02,dc9656afb-b3d5-224f-d10b-025dadd3b5e1,USA,EVENING STAR,FISHING,FISHING,367645750,0.9,Stage 2,2022-09-01
41.03,-71.290001,2022-12-30,fda33ad3b-b3d7-9afb-257d-126bd7b77f81,USA,LADY FRANCES,INCONCLUSIVE,FISHING,367155670,0.78,Stage 2,2022-12-01
41.11,-71.330002,2022-12-20,d2d4a7623-3cb5-3aed-65b0-0866a70bfbb3,USA,OCEAN STATE,TRAWLERS,FISHING,366278770,5.38,Stage 2,2022-12-01
41.02,-70.860001,2022-07-16,5fd63feef-f5e1-8ef5-f76f-b08beeeb5fac,USA,MYSTIC WAY,FISHING,FISHING,367516830,3.12,Stage 2,2022-07-01
41.27,-71.040001,2022-10-20,2ec2f04e7-7bcd-890f-e70a-b717568f5113,USA,ENDEAVOUR,POLE_AND_LINE,FISHING,367160010,0.57,Stage 2,2022-10-01
40.96,-71.07,2022-10-12,794fd7558-8f19-90e1-9d84-d52d180f5f88,USA,LADY DEE,FISHING,FISHING,368005310,1.16,Stage 2,2022-10-01
41.13,-71.309998,2022-06-21,c9804fdb4-469e-7f30-0a3f-044b6cc74b65,USA,KAREN ANN,SET_GILLNETS,FISHING,367105250,2.14,Stage 2,2022-06-01
41.02,-71.370003,2022-12-28,0f7722a2a-a931-1550-0aef-e7ec8e1ddb44,USA,MATTIE AND MAREN II,TRAWLERS,FISHING,368285650,1.24,Stage 2,2022-12-01
41.38,-71.269997,2022-07-20,c11057b39-90b8-89c0-7f09-0f5a46f8d730,USA,BELL SKY,TRAWLERS,FISHING,367637420,0.87,Stage 2,2022-07-01
40.84,-71.150002,2022-05-17,da28a0113-3273-3a9f-10ab-097e617c5725,USA,JOHN & NICHOLAS,TRAWLERS,FISHING,367181750,1.25,Stage 2,2022-05-01
41.1,-71.239998,2022-02-07,bdf59862d-dee2-4d2f-0d97-4983bcb3d066,USA,NOAA GLORIA MICHELLE,TRAWLERS,FISHING,338066383,0.62,Stage 2,2022-02-01
41.02,-70.82,2022-11-04,98a18da89-9340-eb9e-e0da-a173dde68eb5,USA,UNITED STATES,TRAWLERS,FISHING,367198440,1.14,Stage 2,2022-11-01
41.01,-71.32,2022-03-15,44752569c-c00c-da61-1898-4d62b6314a40,USA,VIRGINIA MARISE,TRAWLERS,FISHING,367145360,1.89,Stage 2,2022-03-01
40.88,-70.93,2022-10-10,98a18da89-9340-eb9e-e0da-a173dde68eb5,USA,UNITED STATES,TRAWLERS,FISHING,367198440,6.85,Stage 2,2022-10-01
41.32,-71.379997,2022-08-20,c9804fdb4-469e-7f30-0a3f-044b6cc74b65,USA,KAREN ANN,SET_GILLNETS,FISHING,367105250,1.1,Stage 2,2022-08-01
41.29,-71.400002,2022-09-16,d2d4a7623-3cb5-3aed-65b0-0866a70bfbb3,USA,OCEAN STATE,TRAWLERS,FISHING,366278770,0.66,Stage 2,2022-09-01
41.13,-71.300003,2022-10-10,418acad20-02b1-4526-bc2d-2705584cd631,USA,NICHOLAS C,TRAWLERS,FISHING,367687740,0.51,Stage 2,2022-10-01
41.28,-71.169998,2022-11-21,7eb1c3e98-8fae-4f83-6622-054b88c46da7,USA,TIMBER WOLF,FISHING,FISHING,367105430,1.57,Stage 2,2022-11-01
41.07,-71.379997,2022-12-21,0f7722a2a-a931-1550-0aef-e7ec8e1ddb44,USA,MATTIE AND MAREN II,TRAWLERS,FISHING,368285650,0.77,Stage 2,2022-12-01
41.31,-71.389999,2022-08-20,c9804fdb4-469e-7f30-0a3f-044b6cc74b65,USA,KAREN ANN,SET_GILLNETS,FISHING,367105250,1.08,Stage 2,2022-08-01
41.32,-71.279999,2022-03-12,2326efd2e-ef2b-34f0-f4e7-9a078f8cb4c4,USA,BELL SKY,TRAWLERS,FISHING,367637420,0.78,Stage 2,2022-03-01
41.14,-71.360001,2022-03-18,fda33ad3b-b3d7-9afb-257d-126bd7b77f81,USA,LADY FRANCES,INCONCLUSIVE,FISHING,367155670,0.9,Stage 2,2022-03-01
40.93,-71.099998,2022-10-12,794fd7558-8f19-90e1-9d84-d52d180f5f88,USA,LADY DEE,FISHING,FISHING,368005310,4.1,Stage 2,2022-10-01
41.2,-70.769997,2022-09-01,a9181364b-b277-385e-9353-e8c31460020f,USA,SEAFARER,TRAWLERS,FISHING,367179650,1.09,Stage 2,2022-09-01
41.01,-71.400002,2022-07-26,e0f0d4e18-8203-ac4f-70be-7dd5946cbf29,USA,TAMI ANN,POLE_AND_LINE,FISHING,368168250,0.33,Stage 2,2022-07-01
41.13,-71.309998,2022-07-27,c9804fdb4-469e-7f30-0a3f-044b6cc74b65,USA,KAREN ANN,SET_GILLNETS,FISHING,367105250,1.17,Stage 2,2022-07-01
41.12,-71.330002,2022-09-18,59d8ab6e8-88ae-3379-7957-c3cf5af17475,USA,HOPE AND SYDNEY,TRAWLERS,FISHING,367084070,0.37,Stage 2,2022-09-01
41.21,-70.93,2022-11-10,d6cb16d52-2235-0b55-44fb-a7b816eaa339,USA,MARISSA & JULIE,TRAWLERS,FISHING,368178230,0.88,Stage 2,2022-11-01
41.37,-71.260002,2022-05-30,2326efd2e-ef2b-34f0-f4e7-9a078f8cb4c4,USA,BELL SKY,TRAWLERS,FISHING,367637420,1.19,Stage 2,2022-05-01
41.24,-70.949997,2022-06-08,a60bb8c1a-a9cd-5892-2581-2bea9933c8e0,USA,NEW SEA ROVER,TRAWLERS,FISHING,367346010,1.3,Stage 2,2022-06-01
40.86,-71.019997,2022-10-07,98a18da89-9340-eb9e-e0da-a173dde68eb5,USA,UNITED STATES,TRAWLERS,FISHING,367198440,1,Stage 2,2022-10-01
41.06,-71.379997,2022-03-05,d2d4a7623-3cb5-3aed-65b0-0866a70bfbb3,USA,OCEAN STATE,TRAWLERS,FISHING,366278770,2.49,Stage 2,2022-03-01
40.94,-71.379997,2022-02-08,2326efd2e-ef2b-34f0-f4e7-9a078f8cb4c4,USA,BELL SKY,TRAWLERS,FISHING,367637420,1.72,Stage 2,2022-02-01
41.04,-70.760002,2022-11-03,d6cb16d52-2235-0b55-44fb-a7b816eaa339,USA,MARISSA & JULIE,TRAWLERS,FISHING,368178230,0.45,Stage 2,2022-11-01
41.03,-71.330002,2022-11-12,943ab90cb-b546-44a3-62a6-6f2035449a91,USA,STORMY ELIZABETH,FISHING,FISHING,367151950,10.12,Stage 2,2022-11-01
40.88,-70.879997,2022-05-17,da28a0113-3273-3a9f-10ab-097e617c5725,USA,JOHN & NICHOLAS,TRAWLERS,FISHING,367181750,0.94,Stage 2,2022-05-01
41,-71.379997,2022-12-21,b91c9478b-bfa0-844e-f949-ccea31ce5ac1,USA,ELIZ AND KATHERINE,TRAWLERS,FISHING,367542540,15.4,Stage 2,2022-12-01
41.1,-71.349998,2022-12-15,d2d4a7623-3cb5-3aed-65b0-0866a70bfbb3,USA,OCEAN STATE,TRAWLERS,FISHING,366278770,2.14,Stage 2,2022-12-01
41.35,-71.239998,2022-06-21,2326efd2e-ef2b-34f0-f4e7-9a078f8cb4c4,USA,BELL SKY,TRAWLERS,FISHING,367637420,1.49,Stage 2,2022-06-01
41.22,-70.93,2022-01-24,a60bb8c1a-a9cd-5892-2581-2bea9933c8e0,USA,NEW SEA ROVER,TRAWLERS,FISHING,367346010,11.42,Stage 2,2022-01-01
41.26,-71.209999,2022-06-11,8ace10dd3-34e2-a874-c3d2-ddff4a7d3c82,USA,DEBBIE SUE,FISHING,FISHING,367171320,0.74,Stage 2,2022-06-01
41.15,-70.919998,2022-11-10,d6cb16d52-2235-0b55-44fb-a7b816eaa339,USA,MARISSA & JULIE,TRAWLERS,FISHING,368178230,1.22,Stage 2,2022-11-01
41.14,-71.160004,2022-06-04,05a30e1c5-55c0-09f4-39ef-0632964af32e,USA,SEA FLASH,TRAWLERS,FISHING,367072720,0.55,Stage 2,2022-06-01
40.96,-71.389999,2022-08-02,c11057b39-90b8-89c0-7f09-0f5a46f8d730,USA,BELL SKY,TRAWLERS,FISHING,367637420,4.46,Stage 2,2022-08-01
40.86,-71.029999,2022-10-07,98a18da89-9340-eb9e-e0da-a173dde68eb5,USA,UNITED STATES,TRAWLERS,FISHING,367198440,0.97,Stage 2,2022-10-01
41.31,-71,2022-05-22,d9a3b251d-db12-2ab9-60a9-bc0a029a0701,USA,DEBBIE ANN,FISHING,FISHING,367313950,1.07,Stage 2,2022-05-01
41.04,-71.040001,2022-07-16,5fd63feef-f5e1-8ef5-f76f-b08beeeb5fac,USA,MYSTIC WAY,FISHING,FISHING,367516830,2.27,Stage 2,2022-07-01
40.97,-71.360001,2022-02-11,6ae903a95-5315-4633-05e6-edfa6b61c787,USA,PROUD MARY,TRAWLERS,FISHING,368102540,0.4,Stage 2,2022-02-01
41.3,-71.379997,2022-05-29,c9804fdb4-469e-7f30-0a3f-044b6cc74b65,USA,KAREN ANN,SET_GILLNETS,FISHING,367105250,1.07,Stage 2,2022-05-01
40.88,-70.949997,2022-10-12,98a18da89-9340-eb9e-e0da-a173dde68eb5,USA,UNITED STATES,TRAWLERS,FISHING,367198440,0.92,Stage 2,2022-10-01
41.3,-70.989998,2022-05-29,d9a3b251d-db12-2ab9-60a9-bc0a029a0701,USA,DEBBIE ANN,FISHING,FISHING,367313950,0.7,Stage 2,2022-05-01
41.36,-71.099998,2022-06-03,ff3830e6a-a93e-1d34-b439-f9f742984f72,USA,DARANA R,FISHING,FISHING,367174730,2.1,Stage 2,2022-06-01
41.15,-71.309998,2022-09-17,79e136c53-38ce-fb6e-169d-6ed2029f50b9,USA,OFF THE GRID,PASSENGER,PASSENGER,368231140,5.28,Stage 2,2022-09-01
41.13,-71.330002,2022-06-20,2326efd2e-ef2b-34f0-f4e7-9a078f8cb4c4,USA,BELL SKY,TRAWLERS,FISHING,367637420,4.94,Stage 2,2022-06-01
41.29,-71.080002,2022-09-28,ff3830e6a-a93e-1d34-b439-f9f742984f72,USA,DARANA R,FISHING,FISHING,367174730,0.88,Stage 2,2022-09-01
40.94,-71.339996,2022-03-21,59d8ab6e8-88ae-3379-7957-c3cf5af17475,USA,HOPE AND SYDNEY,TRAWLERS,FISHING,367084070,7.15,Stage 2,2022-03-01
40.96,-70.889999,2022-11-05,98a18da89-9340-eb9e-e0da-a173dde68eb5,USA,UNITED STATES,TRAWLERS,FISHING,367198440,1,Stage 2,2022-11-01
40.83,-70.940002,2022-07-10,76d201cbb-b14b-4796-9c75-75e74fac527d,USA,REEL CRAZY,POLE_AND_LINE,FISHING,367680840,0.49,Stage 2,2022-07-01
40.89,-71.25,2022-09-04,3bd9d16df-fb6e-c1e7-097a-18c3b6e4a9dc,USA,SEA LIFT,NA,FISHING,338135199,1.57,Stage 2,2022-09-01
41.04,-71.379997,2022-12-27,0f7722a2a-a931-1550-0aef-e7ec8e1ddb44,USA,MATTIE AND MAREN II,TRAWLERS,FISHING,368285650,0.83,Stage 2,2022-12-01
40.89,-70.849998,2022-10-07,d6cb16d52-2235-0b55-44fb-a7b816eaa339,USA,MARISSA & JULIE,TRAWLERS,FISHING,368178230,1.33,Stage 2,2022-10-01
40.97,-71.309998,2022-07-30,6b96c9b8e-e06c-1716-2de8-ec4a7c1f65fc,USA,KATHY MARIE,FISHING,FISHING,366758680,0.88,Stage 2,2022-07-01
41.11,-71.339996,2022-10-12,30039633e-e65b-e85b-a838-221883cbc42a,USA,HERITAGE,FISHING,FISHING,367142820,1.09,Stage 2,2022-10-01
41.36,-71.279999,2022-07-10,e9fd5bc76-6ed7-b23d-df1a-313df2899867,USA,ALEXIS MARTINA,SET_LONGLINES,FISHING,367304080,1,Stage 2,2022-07-01
40.91,-71.349998,2022-05-02,f145d6b56-62bf-0ef6-570c-bb990c3c738f,USA,SEA WATCHER I,TRAWLERS,FISHING,367010820,0.83,Stage 2,2022-05-01
40.84,-70.949997,2022-07-10,76d201cbb-b14b-4796-9c75-75e74fac527d,USA,REEL CRAZY,POLE_AND_LINE,FISHING,367680840,0.86,Stage 2,2022-07-01
40.88,-71.099998,2022-02-17,271848233-3d03-0983-bb0e-69633237cda7,USA,DIAMOND GIRL,FISHING,FISHING,367522680,1.54,Stage 2,2022-02-01
40.97,-71.389999,2022-10-25,cc83751ec-c92d-3712-ea87-a31cca1f910d,USA,ASHER AND ARIANA,TRAWLERS,FISHING,367522070,0.94,Stage 2,2022-10-01
40.87,-70.970001,2022-10-10,98a18da89-9340-eb9e-e0da-a173dde68eb5,USA,UNITED STATES,TRAWLERS,FISHING,367198440,1.18,Stage 2,2022-10-01
41.33,-71.209999,2022-09-28,ff3830e6a-a93e-1d34-b439-f9f742984f72,USA,DARANA R,FISHING,FISHING,367174730,1.03,Stage 2,2022-09-01
40.78,-70.989998,2022-07-27,b0fc6088c-c524-980d-1e47-66e1b740fa26,USA,PASQUE,OTHER,OTHER,338394719,0.82,Stage 2,2022-07-01
41.13,-71.32,2022-07-30,59d8ab6e8-88ae-3379-7957-c3cf5af17475,USA,HOPE AND SYDNEY,TRAWLERS,FISHING,367084070,1.67,Stage 2,2022-07-01
41.36,-71.25,2022-05-24,2326efd2e-ef2b-34f0-f4e7-9a078f8cb4c4,USA,BELL SKY,TRAWLERS,FISHING,367637420,6.19,Stage 2,2022-05-01
41.12,-70.860001,2022-09-06,0e485544c-c215-4bf8-08d1-16d51c6fb65c,USA,ATLANTIC QUEEN,TRAWLERS,FISHING,367335230,0.58,Stage 2,2022-09-01
41.21,-70.980003,2022-09-01,a9181364b-b277-385e-9353-e8c31460020f,USA,SEAFARER,TRAWLERS,FISHING,367179650,0.71,Stage 2,2022-09-01
41.09,-71.139999,2022-06-15,0145509de-ed6b-9073-9887-0af2b28b0534,USA,MR G,POTS_AND_TRAPS,FISHING,338229941,1.53,Stage 2,2022-06-01
41.13,-71.290001,2022-06-07,1cabdf828-80d6-1456-b8ec-bef9e3144ace,USA,BULLDOG,FISHING,FISHING,368126420,1.05,Stage 2,2022-06-01
40.94,-71.370003,2022-06-30,2326efd2e-ef2b-34f0-f4e7-9a078f8cb4c4,USA,BELL SKY,TRAWLERS,FISHING,367637420,0.55,Stage 2,2022-06-01
41.13,-71.330002,2022-05-19,d8bbf6380-05af-2b58-ca64-97ffb1eb319f,USA,ENTERPRISE,TRAWLERS,FISHING,367590310,0.95,Stage 2,2022-05-01
40.9,-70.949997,2022-10-13,98a18da89-9340-eb9e-e0da-a173dde68eb5,USA,UNITED STATES,TRAWLERS,FISHING,367198440,1.51,Stage 2,2022-10-01
40.93,-71.25,2022-08-22,88a7880a6-659f-2b76-7702-84aedad3a3d5,USA,MENEMSHA ROSE,FISHING,FISHING,368124390,3.21,Stage 2,2022-08-01
40.97,-70.870003,2022-11-06,d6cb16d52-2235-0b55-44fb-a7b816eaa339,USA,MARISSA & JULIE,TRAWLERS,FISHING,368178230,5.63,Stage 2,2022-11-01
41.35,-71.269997,2022-09-27,ff3830e6a-a93e-1d34-b439-f9f742984f72,USA,DARANA R,FISHING,FISHING,367174730,1.23,Stage 2,2022-09-01
41.3,-71.389999,2022-05-29,c9804fdb4-469e-7f30-0a3f-044b6cc74b65,USA,KAREN ANN,SET_GILLNETS,FISHING,367105250,3.02,Stage 2,2022-05-01
41.18,-71.260002,2022-12-22,cc83751ec-c92d-3712-ea87-a31cca1f910d,USA,ASHER AND ARIANA,TRAWLERS,FISHING,367522070,1.14,Stage 2,2022-12-01
41.24,-70.959999,2022-01-25,a60bb8c1a-a9cd-5892-2581-2bea9933c8e0,USA,NEW SEA ROVER,TRAWLERS,FISHING,367346010,1.35,Stage 2,2022-01-01
40.97,-70.82,2022-11-05,98a18da89-9340-eb9e-e0da-a173dde68eb5,USA,UNITED STATES,TRAWLERS,FISHING,367198440,0.86,Stage 2,2022-11-01
41.15,-71.290001,2022-10-11,d8bbf6380-05af-2b58-ca64-97ffb1eb319f,USA,ENTERPRISE,TRAWLERS,FISHING,367590310,1.43,Stage 2,2022-10-01
41.02,-70.82,2022-11-03,98a18da89-9340-eb9e-e0da-a173dde68eb5,USA,UNITED STATES,TRAWLERS,FISHING,367198440,1.11,Stage 2,2022-11-01
41.07,-71.379997,2022-12-21,d2d4a7623-3cb5-3aed-65b0-0866a70bfbb3,USA,OCEAN STATE,TRAWLERS,FISHING,366278770,7.36,Stage 2,2022-12-01
40.98,-71.32,2022-03-12,2326efd2e-ef2b-34f0-f4e7-9a078f8cb4c4,USA,BELL SKY,TRAWLERS,FISHING,367637420,1.06,Stage 2,2022-03-01
41.22,-71.199997,2022-07-11,d8bbf6380-05af-2b58-ca64-97ffb1eb319f,USA,ENTERPRISE,TRAWLERS,FISHING,367590310,2.56,Stage 2,2022-07-01
41.27,-70.959999,2022-06-03,ff3830e6a-a93e-1d34-b439-f9f742984f72,USA,DARANA R,FISHING,FISHING,367174730,1.31,Stage 2,2022-06-01
41.2,-70.769997,2022-06-09,dc7503a12-2012-2b23-c830-41a97164309d,USA,CHARLIES PRIDE,TRAWLERS,FISHING,366472920,0.74,Stage 2,2022-06-01
40.86,-71.040001,2022-10-10,98a18da89-9340-eb9e-e0da-a173dde68eb5,USA,UNITED STATES,TRAWLERS,FISHING,367198440,3.06,Stage 2,2022-10-01
41.2,-71.220001,2022-10-11,d8bbf6380-05af-2b58-ca64-97ffb1eb319f,USA,ENTERPRISE,TRAWLERS,FISHING,367590310,1.44,Stage 2,2022-10-01
40.92,-71,2022-10-13,98a18da89-9340-eb9e-e0da-a173dde68eb5,USA,UNITED STATES,TRAWLERS,FISHING,367198440,4.29,Stage 2,2022-10-01
41.07,-71.379997,2022-04-25,2326efd2e-ef2b-34f0-f4e7-9a078f8cb4c4,USA,BELL SKY,TRAWLERS,FISHING,367637420,5.65,Stage 2,2022-04-01
41.09,-71.160004,2022-06-11,0f6f9408d-da22-0c23-aab7-cbd167b479af,USA,VIKING STAR,PASSENGER,PASSENGER,367337990,0.37,Stage 2,2022-06-01
40.81,-70.93,2022-10-07,d6cb16d52-2235-0b55-44fb-a7b816eaa339,USA,MARISSA & JULIE,TRAWLERS,FISHING,368178230,1.21,Stage 2,2022-10-01
40.9,-71.050003,2022-10-13,98a18da89-9340-eb9e-e0da-a173dde68eb5,USA,UNITED STATES,TRAWLERS,FISHING,367198440,0.98,Stage 2,2022-10-01
40.97,-71.300003,2022-08-22,88a7880a6-659f-2b76-7702-84aedad3a3d5,USA,MENEMSHA ROSE,FISHING,FISHING,368124390,2.27,Stage 2,2022-08-01
41.07,-71.18,2022-07-13,82b45c510-0107-84f6-4a90-fb32cbbcdd3c,USA,STELLA,POLE_AND_LINE,FISHING,338194028,0.98,Stage 2,2022-07-01
40.89,-71.139999,2022-08-20,01cb82c60-0ac5-1e19-f436-98a40a63f1a5,USA,WATERPROOF,POLE_AND_LINE,FISHING,338019005,1.25,Stage 2,2022-08-01
41.32,-71.120003,2022-09-10,90b9eaea0-018d-1eaf-4055-36b770057d04,USA,GAIL FRANCES,INCONCLUSIVE,FISHING,366940990,1.21,Stage 2,2022-09-01
41.14,-71.019997,2022-07-01,afcf4d4a1-1bf2-3cd8-05a9-d23a91e68ee9,USA,YELLOW FIN,SET_LONGLINES,FISHING,338182319,0.4,Stage 2,2022-07-01
41,-71.389999,2022-12-13,0f7722a2a-a931-1550-0aef-e7ec8e1ddb44,USA,MATTIE AND MAREN II,TRAWLERS,FISHING,368285650,0.54,Stage 2,2022-12-01
40.98,-70.769997,2022-11-05,d6cb16d52-2235-0b55-44fb-a7b816eaa339,USA,MARISSA & JULIE,TRAWLERS,FISHING,368178230,1.03,Stage 2,2022-11-01
41.04,-71.379997,2022-01-25,2326efd2e-ef2b-34f0-f4e7-9a078f8cb4c4,USA,BELL SKY,TRAWLERS,FISHING,367637420,13.23,Stage 2,2022-01-01
41.04,-71.230003,2022-11-01,90b9eaea0-018d-1eaf-4055-36b770057d04,USA,GAIL FRANCES,INCONCLUSIVE,FISHING,366940990,1.29,Stage 2,2022-11-01
40.89,-71.199997,2022-07-26,e0f0d4e18-8203-ac4f-70be-7dd5946cbf29,USA,TAMI ANN,POLE_AND_LINE,FISHING,368168250,0.86,Stage 2,2022-07-01
40.87,-71.199997,2022-10-27,9d153d515-50c5-2e8e-2494-d2ece9e41d68,USA,PRUDENCE,POLE_AND_LINE,FISHING,367573470,7.58,Stage 2,2022-10-01
41.3,-71.379997,2022-06-06,c9804fdb4-469e-7f30-0a3f-044b6cc74b65,USA,KAREN ANN,SET_GILLNETS,FISHING,367105250,0.53,Stage 2,2022-06-01
41.3,-71.379997,2022-07-09,c9804fdb4-469e-7f30-0a3f-044b6cc74b65,USA,KAREN ANN,SET_GILLNETS,FISHING,367105250,3.4,Stage 2,2022-07-01
41.19,-70.849998,2022-09-02,0a186176e-e821-5e8f-2999-c4450cc08eab,USA,PAMET,TRAWLERS,FISHING,368222740,0.92,Stage 2,2022-09-01
41.04,-71.230003,2022-11-05,90b9eaea0-018d-1eaf-4055-36b770057d04,USA,GAIL FRANCES,INCONCLUSIVE,FISHING,366940990,1.73,Stage 2,2022-11-01
41.06,-71.209999,2022-05-26,90b9eaea0-018d-1eaf-4055-36b770057d04,USA,GAIL FRANCES,INCONCLUSIVE,FISHING,366940990,0.64,Stage 2,2022-05-01
41,-70.919998,2022-11-04,98a18da89-9340-eb9e-e0da-a173dde68eb5,USA,UNITED STATES,TRAWLERS,FISHING,367198440,0.45,Stage 2,2022-11-01
41.05,-70.870003,2022-08-19,5fd63feef-f5e1-8ef5-f76f-b08beeeb5fac,USA,MYSTIC WAY,FISHING,FISHING,367516830,1.63,Stage 2,2022-08-01
40.93,-70.940002,2022-10-16,d6cb16d52-2235-0b55-44fb-a7b816eaa339,USA,MARISSA & JULIE,TRAWLERS,FISHING,368178230,0.82,Stage 2,2022-10-01
40.9,-71.029999,2022-10-12,98a18da89-9340-eb9e-e0da-a173dde68eb5,USA,UNITED STATES,TRAWLERS,FISHING,367198440,0.84,Stage 2,2022-10-01
41.31,-71.25,2022-05-26,ff3830e6a-a93e-1d34-b439-f9f742984f72,USA,DARANA R,FISHING,FISHING,367174730,1.78,Stage 2,2022-05-01
41.08,-71.379997,2022-03-02,d2d4a7623-3cb5-3aed-65b0-0866a70bfbb3,USA,OCEAN STATE,TRAWLERS,FISHING,366278770,0.78,Stage 2,2022-03-01
41,-71.309998,2022-12-28,0f7722a2a-a931-1550-0aef-e7ec8e1ddb44,USA,MATTIE AND MAREN II,TRAWLERS,FISHING,368285650,10.72,Stage 2,2022-12-01
40.95,-71.07,2022-10-13,794fd7558-8f19-90e1-9d84-d52d180f5f88,USA,LADY DEE,FISHING,FISHING,368005310,0.63,Stage 2,2022-10-01
41.04,-71.32,2022-05-26,90b9eaea0-018d-1eaf-4055-36b770057d04,USA,GAIL FRANCES,INCONCLUSIVE,FISHING,366940990,1.54,Stage 2,2022-05-01
41.14,-71.300003,2022-09-10,c9804fdb4-469e-7f30-0a3f-044b6cc74b65,USA,KAREN ANN,SET_GILLNETS,FISHING,367105250,0.58,Stage 2,2022-09-01
40.88,-70.93,2022-10-12,d6cb16d52-2235-0b55-44fb-a7b816eaa339,USA,MARISSA & JULIE,TRAWLERS,FISHING,368178230,1.08,Stage 2,2022-10-01
40.91,-71.190002,2022-08-25,4f95fa8d9-93bb-0748-e166-751a185af5c2,USA,BLUE MOON,FISHING,FISHING,338251733,0.87,Stage 2,2022-08-01
41.23,-70.940002,2022-10-06,d6cb16d52-2235-0b55-44fb-a7b816eaa339,USA,MARISSA & JULIE,TRAWLERS,FISHING,368178230,0.37,Stage 2,2022-10-01
41.02,-70.739998,2022-11-03,d6cb16d52-2235-0b55-44fb-a7b816eaa339,USA,MARISSA & JULIE,TRAWLERS,FISHING,368178230,1.53,Stage 2,2022-11-01
41.36,-71.25,2022-06-27,2326efd2e-ef2b-34f0-f4e7-9a078f8cb4c4,USA,BELL SKY,TRAWLERS,FISHING,367637420,0.72,Stage 2,2022-06-01
41.14,-71.349998,2022-04-18,fda33ad3b-b3d7-9afb-257d-126bd7b77f81,USA,LADY FRANCES,INCONCLUSIVE,FISHING,367155670,3.04,Stage 2,2022-04-01
41.14,-71.349998,2022-04-15,fda33ad3b-b3d7-9afb-257d-126bd7b77f81,USA,LADY FRANCES,INCONCLUSIVE,FISHING,367155670,1.9,Stage 2,2022-04-01
41.16,-70.870003,2022-10-07,ed3b7a7de-ee33-966a-b9ab-cdc5dfa7a4b7,USA,BLACK EARL,POTS_AND_TRAPS,FISHING,338413783,1.96,Stage 2,2022-10-01
41.31,-71.400002,2022-12-29,f24e7875f-f61b-0cbe-f53f-b179dd5b9c21,USA,LINDA MARIE,TRAWLERS,FISHING,367588040,0.95,Stage 2,2022-12-01
41.03,-71.18,2022-10-10,90b9eaea0-018d-1eaf-4055-36b770057d04,USA,GAIL FRANCES,INCONCLUSIVE,FISHING,366940990,0.85,Stage 2,2022-10-01
41.28,-71.400002,2022-09-20,6ae903a95-5315-4633-05e6-edfa6b61c787,USA,PROUD MARY,TRAWLERS,FISHING,368102540,0.95,Stage 2,2022-09-01
41.05,-71.209999,2022-08-19,39e6812c0-0518-8071-1e82-f5316c505a0f,USA,F/V STELLA MARIS,FIXED_GEAR,FISHING,367767060,1.11,Stage 2,2022-08-01
41.29,-71.389999,2022-08-04,c9804fdb4-469e-7f30-0a3f-044b6cc74b65,USA,KAREN ANN,SET_GILLNETS,FISHING,367105250,1.06,Stage 2,2022-08-01
41.04,-71.160004,2022-07-14,82b45c510-0107-84f6-4a90-fb32cbbcdd3c,USA,STELLA,POLE_AND_LINE,FISHING,338194028,0.79,Stage 2,2022-07-01
41.08,-70.889999,2022-11-10,d6cb16d52-2235-0b55-44fb-a7b816eaa339,USA,MARISSA & JULIE,TRAWLERS,FISHING,368178230,9.38,Stage 2,2022-11-01
41.13,-71.290001,2022-07-23,fda33ad3b-b3d7-9afb-257d-126bd7b77f81,USA,LADY FRANCES,INCONCLUSIVE,FISHING,367155670,1.08,Stage 2,2022-07-01
41.1,-71.290001,2022-10-12,d8bbf6380-05af-2b58-ca64-97ffb1eb319f,USA,ENTERPRISE,TRAWLERS,FISHING,367590310,2.26,Stage 2,2022-10-01
40.98,-70.769997,2022-11-05,98a18da89-9340-eb9e-e0da-a173dde68eb5,USA,UNITED STATES,TRAWLERS,FISHING,367198440,0.83,Stage 2,2022-11-01
40.87,-70.980003,2022-10-12,98a18da89-9340-eb9e-e0da-a173dde68eb5,USA,UNITED STATES,TRAWLERS,FISHING,367198440,0.92,Stage 2,2022-10-01
41.31,-71.010002,2022-06-05,ff3830e6a-a93e-1d34-b439-f9f742984f72,USA,DARANA R,FISHING,FISHING,367174730,1.45,Stage 2,2022-06-01
41.38,-71.269997,2022-05-16,b4dc0ac5f-fa14-71d0-69b0-1d5b63e4421e,USA,MICHELE JEAN 2,TRAWLERS,FISHING,367518040,0.66,Stage 2,2022-05-01
41.1,-71.099998,2022-12-20,0145509de-ed6b-9073-9887-0af2b28b0534,USA,MR G,POTS_AND_TRAPS,FISHING,338229941,0.67,Stage 2,2022-12-01
41.17,-71.279999,2022-10-12,30039633e-e65b-e85b-a838-221883cbc42a,USA,HERITAGE,FISHING,FISHING,367142820,0.98,Stage 2,2022-10-01
40.85,-70.900002,2022-10-06,d6cb16d52-2235-0b55-44fb-a7b816eaa339,USA,MARISSA & JULIE,TRAWLERS,FISHING,368178230,1.07,Stage 2,2022-10-01
41.03,-71.169998,2022-12-29,287fc1cbf-fbc0-3baa-ae98-f20768f5d10f,USA,VIKING STARSHIP,PASSENGER,PASSENGER,367661740,1.43,Stage 2,2022-12-01
40.97,-70.709999,2022-06-21,460bff8bc-c729-20f5-5a0e-e2a0612007e1,USA,ANN MARIE,SET_GILLNETS,FISHING,338132083,4.65,Stage 2,2022-06-01
40.82,-71.050003,2022-10-07,d6cb16d52-2235-0b55-44fb-a7b816eaa339,USA,MARISSA & JULIE,TRAWLERS,FISHING,368178230,0.73,Stage 2,2022-10-01
40.97,-71.309998,2022-02-08,2326efd2e-ef2b-34f0-f4e7-9a078f8cb4c4,USA,BELL SKY,TRAWLERS,FISHING,367637420,2.02,Stage 2,2022-02-01
40.87,-70.959999,2022-10-10,98a18da89-9340-eb9e-e0da-a173dde68eb5,USA,UNITED STATES,TRAWLERS,FISHING,367198440,0.76,Stage 2,2022-10-01
40.89,-71.129997,2022-08-20,01cb82c60-0ac5-1e19-f436-98a40a63f1a5,USA,WATERPROOF,POLE_AND_LINE,FISHING,338019005,1.02,Stage 2,2022-08-01
41.36,-71.25,2022-03-12,2326efd2e-ef2b-34f0-f4e7-9a078f8cb4c4,USA,BELL SKY,TRAWLERS,FISHING,367637420,1.05,Stage 2,2022-03-01
41.3,-71.389999,2022-06-06,c9804fdb4-469e-7f30-0a3f-044b6cc74b65,USA,KAREN ANN,SET_GILLNETS,FISHING,367105250,1.82,Stage 2,2022-06-01
40.95,-70.970001,2022-10-25,98a18da89-9340-eb9e-e0da-a173dde68eb5,USA,UNITED STATES,TRAWLERS,FISHING,367198440,1.06,Stage 2,2022-10-01
41.25,-71.019997,2022-07-09,cc83751ec-c92d-3712-ea87-a31cca1f910d,USA,ASHER AND ARIANA,TRAWLERS,FISHING,367522070,1.01,Stage 2,2022-07-01
40.96,-70.849998,2022-11-05,98a18da89-9340-eb9e-e0da-a173dde68eb5,USA,UNITED STATES,TRAWLERS,FISHING,367198440,0.77,Stage 2,2022-11-01
40.98,-70.779999,2022-11-05,98a18da89-9340-eb9e-e0da-a173dde68eb5,USA,UNITED STATES,TRAWLERS,FISHING,367198440,3.39,Stage 2,2022-11-01
41.17,-71.279999,2022-10-10,418acad20-02b1-4526-bc2d-2705584cd631,USA,NICHOLAS C,TRAWLERS,FISHING,367687740,0.42,Stage 2,2022-10-01
41.09,-71.370003,2022-03-09,d2d4a7623-3cb5-3aed-65b0-0866a70bfbb3,USA,OCEAN STATE,TRAWLERS,FISHING,366278770,0.62,Stage 2,2022-03-01
41.09,-71.360001,2022-08-24,c11057b39-90b8-89c0-7f09-0f5a46f8d730,USA,BELL SKY,TRAWLERS,FISHING,367637420,1.28,Stage 2,2022-08-01
41.12,-71.379997,2022-09-17,59d8ab6e8-88ae-3379-7957-c3cf5af17475,USA,HOPE AND SYDNEY,TRAWLERS,FISHING,367084070,1,Stage 2,2022-09-01
40.84,-70.889999,2022-10-07,98a18da89-9340-eb9e-e0da-a173dde68eb5,USA,UNITED STATES,TRAWLERS,FISHING,367198440,1.16,Stage 2,2022-10-01
41.17,-71.269997,2022-10-12,30039633e-e65b-e85b-a838-221883cbc42a,USA,HERITAGE,FISHING,FISHING,367142820,0.74,Stage 2,2022-10-01
41.25,-71.400002,2022-08-20,39e6812c0-0518-8071-1e82-f5316c505a0f,USA,F/V STELLA MARIS,FIXED_GEAR,FISHING,367767060,0.93,Stage 2,2022-08-01
40.87,-70.910004,2022-10-07,98a18da89-9340-eb9e-e0da-a173dde68eb5,USA,UNITED STATES,TRAWLERS,FISHING,367198440,2.32,Stage 2,2022-10-01
41.32,-71.25,2022-06-28,2326efd2e-ef2b-34f0-f4e7-9a078f8cb4c4,USA,BELL SKY,TRAWLERS,FISHING,367637420,0.77,Stage 2,2022-06-01
40.88,-70.93,2022-10-12,98a18da89-9340-eb9e-e0da-a173dde68eb5,USA,UNITED STATES,TRAWLERS,FISHING,367198440,1.02,Stage 2,2022-10-01
41.12,-71.330002,2022-01-24,d2d4a7623-3cb5-3aed-65b0-0866a70bfbb3,USA,OCEAN STATE,TRAWLERS,FISHING,366278770,1.17,Stage 2,2022-01-01
41.12,-71.25,2022-10-12,d8bbf6380-05af-2b58-ca64-97ffb1eb319f,USA,ENTERPRISE,TRAWLERS,FISHING,367590310,1.1,Stage 2,2022-10-01
41.27,-71.410004,2022-07-22,39e6812c0-0518-8071-1e82-f5316c505a0f,USA,F/V STELLA MARIS,FIXED_GEAR,FISHING,367767060,0.93,Stage 2,2022-07-01
41.29,-71.400002,2022-01-02,d2d4a7623-3cb5-3aed-65b0-0866a70bfbb3,USA,OCEAN STATE,TRAWLERS,FISHING,366278770,0.72,Stage 2,2022-01-01
40.89,-70.879997,2022-10-07,d6cb16d52-2235-0b55-44fb-a7b816eaa339,USA,MARISSA & JULIE,TRAWLERS,FISHING,368178230,0.53,Stage 2,2022-10-01
41.18,-70.900002,2022-10-07,ed3b7a7de-ee33-966a-b9ab-cdc5dfa7a4b7,USA,BLACK EARL,POTS_AND_TRAPS,FISHING,338413783,0.48,Stage 2,2022-10-01
41.25,-71.029999,2022-07-09,cc83751ec-c92d-3712-ea87-a31cca1f910d,USA,ASHER AND ARIANA,TRAWLERS,FISHING,367522070,1.08,Stage 2,2022-07-01
41.32,-70.980003,2022-09-21,ff3830e6a-a93e-1d34-b439-f9f742984f72,USA,DARANA R,FISHING,FISHING,367174730,0.59,Stage 2,2022-09-01
40.91,-70.919998,2022-07-30,6b96c9b8e-e06c-1716-2de8-ec4a7c1f65fc,USA,KATHY MARIE,FISHING,FISHING,366758680,0.86,Stage 2,2022-07-01
41.08,-71.25,2022-08-20,5fd63feef-f5e1-8ef5-f76f-b08beeeb5fac,USA,MYSTIC WAY,FISHING,FISHING,367516830,0.82,Stage 2,2022-08-01
41,-71.349998,2022-02-21,e66987d14-4909-c4c1-bccd-6da43405ccb8,USA,CHRISTIAN AND ALEXA,TRAWLERS,FISHING,368105160,0.82,Stage 2,2022-02-01
41.06,-71.379997,2022-04-22,2326efd2e-ef2b-34f0-f4e7-9a078f8cb4c4,USA,BELL SKY,TRAWLERS,FISHING,367637420,2.46,Stage 2,2022-04-01
41.29,-71.07,2022-06-06,4f592e330-09eb-7660-bfba-e409cea93985,USA,STARLIGHT,TRAWLERS,FISHING,366953940,0.88,Stage 2,2022-06-01
41.37,-71.260002,2022-06-21,2326efd2e-ef2b-34f0-f4e7-9a078f8cb4c4,USA,BELL SKY,TRAWLERS,FISHING,367637420,0.35,Stage 2,2022-06-01
41.24,-71.120003,2022-07-08,cc83751ec-c92d-3712-ea87-a31cca1f910d,USA,ASHER AND ARIANA,TRAWLERS,FISHING,367522070,1,Stage 2,2022-07-01
41.11,-70.910004,2022-12-14,25373aa10-051d-40cb-370e-680b29ed593f,USA,MISS EMMA,FIXED_GEAR,FISHING,368159010,3,Stage 2,2022-12-01
40.94,-71.360001,2022-04-23,59d8ab6e8-88ae-3379-7957-c3cf5af17475,USA,HOPE AND SYDNEY,TRAWLERS,FISHING,367084070,0.98,Stage 2,2022-04-01
40.89,-71.18,2022-07-24,4ec7abdd6-69d4-000f-cbfe-7a0785ad2d36,USA,GOTTA GO,FISHING,FISHING,338387984,0.93,Stage 2,2022-07-01
40.97,-71.400002,2022-01-27,6ae903a95-5315-4633-05e6-edfa6b61c787,USA,PROUD MARY,TRAWLERS,FISHING,368102540,0.75,Stage 2,2022-01-01
41.04,-71.379997,2022-04-09,2326efd2e-ef2b-34f0-f4e7-9a078f8cb4c4,USA,BELL SKY,TRAWLERS,FISHING,367637420,0.33,Stage 2,2022-04-01
41.1,-71.129997,2022-08-19,0145509de-ed6b-9073-9887-0af2b28b0534,USA,MR G,POTS_AND_TRAPS,FISHING,338229941,1.01,Stage 2,2022-08-01
40.99,-70.910004,2022-06-25,a45b489d0-00f1-5dc5-64d8-6d681d72b4ba,USA,LADY BRITTANY,TRAWLERS,FISHING,366983260,2.43,Stage 2,2022-06-01
41.12,-71.300003,2022-01-15,d5e80b7a9-9be3-be2a-f20f-a12a5301f27f,USA,GABBY G,TRAWLERS,FISHING,367720810,0.78,Stage 2,2022-01-01
41.03,-71.379997,2022-05-01,2326efd2e-ef2b-34f0-f4e7-9a078f8cb4c4,USA,BELL SKY,TRAWLERS,FISHING,367637420,2.15,Stage 2,2022-05-01
41.21,-70.839996,2022-08-26,0a186176e-e821-5e8f-2999-c4450cc08eab,USA,PAMET,TRAWLERS,FISHING,368222740,0.94,Stage 2,2022-08-01
41.05,-71.379997,2022-03-16,2326efd2e-ef2b-34f0-f4e7-9a078f8cb4c4,USA,BELL SKY,TRAWLERS,FISHING,367637420,5.71,Stage 2,2022-03-01
41.24,-70.940002,2022-06-09,a60bb8c1a-a9cd-5892-2581-2bea9933c8e0,USA,NEW SEA ROVER,TRAWLERS,FISHING,367346010,1.8,Stage 2,2022-06-01
41.29,-71.400002,2022-01-04,d2d4a7623-3cb5-3aed-65b0-0866a70bfbb3,USA,OCEAN STATE,TRAWLERS,FISHING,366278770,0.87,Stage 2,2022-01-01
41.05,-71.160004,2022-07-14,82b45c510-0107-84f6-4a90-fb32cbbcdd3c,USA,STELLA,POLE_AND_LINE,FISHING,338194028,1.02,Stage 2,2022-07-01
40.92,-71.379997,2022-05-01,f145d6b56-62bf-0ef6-570c-bb990c3c738f,USA,SEA WATCHER I,TRAWLERS,FISHING,367010820,0.34,Stage 2,2022-05-01
41.3,-71.389999,2022-08-04,c9804fdb4-469e-7f30-0a3f-044b6cc74b65,USA,KAREN ANN,SET_GILLNETS,FISHING,367105250,0.81,Stage 2,2022-08-01
40.94,-71.099998,2022-10-12,794fd7558-8f19-90e1-9d84-d52d180f5f88,USA,LADY DEE,FISHING,FISHING,368005310,2.09,Stage 2,2022-10-01
41.12,-71.300003,2022-07-22,fda33ad3b-b3d7-9afb-257d-126bd7b77f81,USA,LADY FRANCES,INCONCLUSIVE,FISHING,367155670,0.56,Stage 2,2022-07-01
41.13,-71.330002,2022-04-21,2326efd2e-ef2b-34f0-f4e7-9a078f8cb4c4,USA,BELL SKY,TRAWLERS,FISHING,367637420,0.38,Stage 2,2022-04-01
41.13,-71.309998,2022-08-05,c9804fdb4-469e-7f30-0a3f-044b6cc74b65,USA,KAREN ANN,SET_GILLNETS,FISHING,367105250,3.47,Stage 2,2022-08-01
41.09,-71.300003,2022-10-12,d8bbf6380-05af-2b58-ca64-97ffb1eb319f,USA,ENTERPRISE,TRAWLERS,FISHING,367590310,0.33,Stage 2,2022-10-01
40.92,-70.949997,2022-10-15,98a18da89-9340-eb9e-e0da-a173dde68eb5,USA,UNITED STATES,TRAWLERS,FISHING,367198440,0.61,Stage 2,2022-10-01
41.03,-70.730003,2022-08-19,5fd63feef-f5e1-8ef5-f76f-b08beeeb5fac,USA,MYSTIC WAY,FISHING,FISHING,367516830,2.95,Stage 2,2022-08-01
41.22,-71.18,2022-07-08,d8bbf6380-05af-2b58-ca64-97ffb1eb319f,USA,ENTERPRISE,TRAWLERS,FISHING,367590310,0.99,Stage 2,2022-07-01
41.1,-71.139999,2022-03-10,bdf59862d-dee2-4d2f-0d97-4983bcb3d066,USA,NOAA GLORIA MICHELLE,TRAWLERS,FISHING,338066383,0.75,Stage 2,2022-03-01
41.04,-71.370003,2022-09-13,0145509de-ed6b-9073-9887-0af2b28b0534,USA,MR G,POTS_AND_TRAPS,FISHING,338229941,1.1,Stage 2,2022-09-01
41.18,-70.879997,2022-09-02,0a186176e-e821-5e8f-2999-c4450cc08eab,USA,PAMET,TRAWLERS,FISHING,368222740,6.49,Stage 2,2022-09-01
40.89,-70.989998,2022-10-16,98a18da89-9340-eb9e-e0da-a173dde68eb5,USA,UNITED STATES,TRAWLERS,FISHING,367198440,1.42,Stage 2,2022-10-01
41.3,-71.400002,2022-12-05,cec008aa2-264e-d098-8f9d-11769636d229,USA,KELSI & MORGAN,TRAWLERS,FISHING,338386525,0.99,Stage 2,2022-12-01
41.01,-70.75,2022-11-05,98a18da89-9340-eb9e-e0da-a173dde68eb5,USA,UNITED STATES,TRAWLERS,FISHING,367198440,1.46,Stage 2,2022-11-01
41.1,-71.120003,2022-06-15,0145509de-ed6b-9073-9887-0af2b28b0534,USA,MR G,POTS_AND_TRAPS,FISHING,338229941,1.49,Stage 2,2022-06-01
41.04,-71.230003,2022-12-28,0f7722a2a-a931-1550-0aef-e7ec8e1ddb44,USA,MATTIE AND MAREN II,TRAWLERS,FISHING,368285650,5.79,Stage 2,2022-12-01
41.07,-71.379997,2022-03-09,2326efd2e-ef2b-34f0-f4e7-9a078f8cb4c4,USA,BELL SKY,TRAWLERS,FISHING,367637420,7.14,Stage 2,2022-03-01
41.07,-71.379997,2022-08-24,c11057b39-90b8-89c0-7f09-0f5a46f8d730,USA,BELL SKY,TRAWLERS,FISHING,367637420,2.58,Stage 2,2022-08-01
41.35,-71.25,2022-05-13,2326efd2e-ef2b-34f0-f4e7-9a078f8cb4c4,USA,BELL SKY,TRAWLERS,FISHING,367637420,10.84,Stage 2,2022-05-01
41.25,-71.07,2022-09-28,d9a3b251d-db12-2ab9-60a9-bc0a029a0701,USA,DEBBIE ANN,FISHING,FISHING,367313950,0.89,Stage 2,2022-09-01
40.87,-71.010002,2022-10-12,98a18da89-9340-eb9e-e0da-a173dde68eb5,USA,UNITED STATES,TRAWLERS,FISHING,367198440,1.09,Stage 2,2022-10-01
40.97,-70.790001,2022-11-06,d6cb16d52-2235-0b55-44fb-a7b816eaa339,USA,MARISSA & JULIE,TRAWLERS,FISHING,368178230,1.1,Stage 2,2022-11-01
41.12,-71.330002,2022-04-09,2326efd2e-ef2b-34f0-f4e7-9a078f8cb4c4,USA,BELL SKY,TRAWLERS,FISHING,367637420,0.65,Stage 2,2022-04-01
41.25,-71.050003,2022-07-11,d8bbf6380-05af-2b58-ca64-97ffb1eb319f,USA,ENTERPRISE,TRAWLERS,FISHING,367590310,3.01,Stage 2,2022-07-01
41.16,-70.720001,2022-10-07,ed3b7a7de-ee33-966a-b9ab-cdc5dfa7a4b7,USA,BLACK EARL,POTS_AND_TRAPS,FISHING,338413783,1.47,Stage 2,2022-10-01
41.05,-71.389999,2022-01-24,d2d4a7623-3cb5-3aed-65b0-0866a70bfbb3,USA,OCEAN STATE,TRAWLERS,FISHING,366278770,1.73,Stage 2,2022-01-01
40.98,-70.800003,2022-11-05,98a18da89-9340-eb9e-e0da-a173dde68eb5,USA,UNITED STATES,TRAWLERS,FISHING,367198440,1.06,Stage 2,2022-11-01
41.32,-71.25,2022-05-24,2326efd2e-ef2b-34f0-f4e7-9a078f8cb4c4,USA,BELL SKY,TRAWLERS,FISHING,367637420,2.12,Stage 2,2022-05-01
41.27,-70.949997,2022-11-10,d6cb16d52-2235-0b55-44fb-a7b816eaa339,USA,MARISSA & JULIE,TRAWLERS,FISHING,368178230,0.89,Stage 2,2022-11-01
40.89,-70.959999,2022-10-17,98a18da89-9340-eb9e-e0da-a173dde68eb5,USA,UNITED STATES,TRAWLERS,FISHING,367198440,3.39,Stage 2,2022-10-01
41.11,-71.349998,2022-08-01,59d8ab6e8-88ae-3379-7957-c3cf5af17475,USA,HOPE AND SYDNEY,TRAWLERS,FISHING,367084070,0.65,Stage 2,2022-08-01
40.87,-71.089996,2022-10-16,98a18da89-9340-eb9e-e0da-a173dde68eb5,USA,UNITED STATES,TRAWLERS,FISHING,367198440,6.12,Stage 2,2022-10-01
41.14,-71.309998,2022-07-14,c9804fdb4-469e-7f30-0a3f-044b6cc74b65,USA,KAREN ANN,SET_GILLNETS,FISHING,367105250,1.99,Stage 2,2022-07-01
41.33,-71.239998,2022-05-30,2326efd2e-ef2b-34f0-f4e7-9a078f8cb4c4,USA,BELL SKY,TRAWLERS,FISHING,367637420,0.87,Stage 2,2022-05-01
40.96,-70.860001,2022-11-06,d6cb16d52-2235-0b55-44fb-a7b816eaa339,USA,MARISSA & JULIE,TRAWLERS,FISHING,368178230,6.69,Stage 2,2022-11-01
40.82,-71.029999,2022-10-07,98a18da89-9340-eb9e-e0da-a173dde68eb5,USA,UNITED STATES,TRAWLERS,FISHING,367198440,1.15,Stage 2,2022-10-01
40.98,-71.339996,2022-10-28,943ab90cb-b546-44a3-62a6-6f2035449a91,USA,STORMY ELIZABETH,FISHING,FISHING,367151950,15.92,Stage 2,2022-10-01
40.86,-70.93,2022-10-07,d6cb16d52-2235-0b55-44fb-a7b816eaa339,USA,MARISSA & JULIE,TRAWLERS,FISHING,368178230,2.91,Stage 2,2022-10-01
40.9,-71.209999,2022-08-25,4f95fa8d9-93bb-0748-e166-751a185af5c2,USA,BLUE MOON,FISHING,FISHING,338251733,0.58,Stage 2,2022-08-01
40.87,-71.160004,2022-12-21,b56aa2f1e-e0df-757a-7fb3-58a8ea5d5333,USA,EDWARD&JOSEPH,SET_GILLNETS,FISHING,368280420,1.14,Stage 2,2022-12-01
41.06,-71.330002,2022-07-09,fda33ad3b-b3d7-9afb-257d-126bd7b77f81,USA,LADY FRANCES,INCONCLUSIVE,FISHING,367155670,1.06,Stage 2,2022-07-01
41.14,-71.349998,2022-09-30,90b9eaea0-018d-1eaf-4055-36b770057d04,USA,GAIL FRANCES,INCONCLUSIVE,FISHING,366940990,0.8,Stage 2,2022-09-01
40.9,-71.050003,2022-10-12,98a18da89-9340-eb9e-e0da-a173dde68eb5,USA,UNITED STATES,TRAWLERS,FISHING,367198440,1.01,Stage 2,2022-10-01
41.3,-71.400002,2022-01-08,d2d4a7623-3cb5-3aed-65b0-0866a70bfbb3,USA,OCEAN STATE,TRAWLERS,FISHING,366278770,0.64,Stage 2,2022-01-01
40.94,-70.760002,2022-05-17,da28a0113-3273-3a9f-10ab-097e617c5725,USA,JOHN & NICHOLAS,TRAWLERS,FISHING,367181750,1.05,Stage 2,2022-05-01
41.16,-70.739998,2022-09-04,d3ff78b55-57f5-eb60-d4bf-4cc7444545df,USA,BOOMER TOO,FISHING,FISHING,367705350,7.63,Stage 2,2022-09-01
40.95,-71.360001,2022-10-25,cc83751ec-c92d-3712-ea87-a31cca1f910d,USA,ASHER AND ARIANA,TRAWLERS,FISHING,367522070,1.06,Stage 2,2022-10-01
41.14,-70.82,2022-05-25,d9a3b251d-db12-2ab9-60a9-bc0a029a0701,USA,DEBBIE ANN,FISHING,FISHING,367313950,1.43,Stage 2,2022-05-01
41.18,-70.889999,2022-05-29,d9a3b251d-db12-2ab9-60a9-bc0a029a0701,USA,DEBBIE ANN,FISHING,FISHING,367313950,1.07,Stage 2,2022-05-01
40.89,-71.190002,2022-07-23,01cb82c60-0ac5-1e19-f436-98a40a63f1a5,USA,WATERPROOF,POLE_AND_LINE,FISHING,338019005,0.54,Stage 2,2022-07-01
40.97,-70.720001,2022-05-30,460bff8bc-c729-20f5-5a0e-e2a0612007e1,USA,ANN MARIE,SET_GILLNETS,FISHING,338132083,1.12,Stage 2,2022-05-01
40.91,-70.830002,2022-10-07,d6cb16d52-2235-0b55-44fb-a7b816eaa339,USA,MARISSA & JULIE,TRAWLERS,FISHING,368178230,1,Stage 2,2022-10-01
41.01,-70.839996,2022-11-03,98a18da89-9340-eb9e-e0da-a173dde68eb5,USA,UNITED STATES,TRAWLERS,FISHING,367198440,0.85,Stage 2,2022-11-01
40.89,-71.160004,2022-07-23,4ec7abdd6-69d4-000f-cbfe-7a0785ad2d36,USA,GOTTA GO,FISHING,FISHING,338387984,1.07,Stage 2,2022-07-01
41.18,-70.800003,2022-06-07,559f52593-3c3d-b5fa-42c8-c74643a3bade,USA,MAIZEY JAMES,FISHING,FISHING,367625230,0.44,Stage 2,2022-06-01
41.28,-71.400002,2022-12-15,d8bbf6380-05af-2b58-ca64-97ffb1eb319f,USA,ENTERPRISE,TRAWLERS,FISHING,367590310,1.16,Stage 2,2022-12-01
41.28,-71.410004,2022-09-21,57a91c9b8-8c97-8e90-f9dc-1d4f609dedd3,USA,LINDA MARIE,TRAWLERS,FISHING,367588040,1.05,Stage 2,2022-09-01
41.12,-71.300003,2022-07-08,c9804fdb4-469e-7f30-0a3f-044b6cc74b65,USA,KAREN ANN,SET_GILLNETS,FISHING,367105250,1.23,Stage 2,2022-07-01
41.08,-71.370003,2022-07-16,5fd63feef-f5e1-8ef5-f76f-b08beeeb5fac,USA,MYSTIC WAY,FISHING,FISHING,367516830,1.15,Stage 2,2022-07-01
40.86,-70.989998,2022-10-07,98a18da89-9340-eb9e-e0da-a173dde68eb5,USA,UNITED STATES,TRAWLERS,FISHING,367198440,1.68,Stage 2,2022-10-01
41.08,-71.379997,2022-05-01,2326efd2e-ef2b-34f0-f4e7-9a078f8cb4c4,USA,BELL SKY,TRAWLERS,FISHING,367637420,4.18,Stage 2,2022-05-01
40.83,-71.110001,2022-12-07,d6cb16d52-2235-0b55-44fb-a7b816eaa339,USA,MARISSA & JULIE,TRAWLERS,FISHING,368178230,0.86,Stage 2,2022-12-01
41.3,-71.400002,2022-12-27,f24e7875f-f61b-0cbe-f53f-b179dd5b9c21,USA,LINDA MARIE,TRAWLERS,FISHING,367588040,1.02,Stage 2,2022-12-01
41.15,-71.169998,2022-06-04,05a30e1c5-55c0-09f4-39ef-0632964af32e,USA,SEA FLASH,TRAWLERS,FISHING,367072720,4.36,Stage 2,2022-06-01
40.88,-71.110001,2022-08-20,01cb82c60-0ac5-1e19-f436-98a40a63f1a5,USA,WATERPROOF,POLE_AND_LINE,FISHING,338019005,1.12,Stage 2,2022-08-01
41.05,-71.150002,2022-07-14,82b45c510-0107-84f6-4a90-fb32cbbcdd3c,USA,STELLA,POLE_AND_LINE,FISHING,338194028,1.21,Stage 2,2022-07-01
40.99,-71.169998,2022-12-31,fda33ad3b-b3d7-9afb-257d-126bd7b77f81,USA,LADY FRANCES,INCONCLUSIVE,FISHING,367155670,0.7,Stage 2,2022-12-01
41.13,-71.190002,2022-08-19,0145509de-ed6b-9073-9887-0af2b28b0534,USA,MR G,POTS_AND_TRAPS,FISHING,338229941,0.35,Stage 2,2022-08-01
41.11,-71.339996,2022-05-19,d8bbf6380-05af-2b58-ca64-97ffb1eb319f,USA,ENTERPRISE,TRAWLERS,FISHING,367590310,2.7,Stage 2,2022-05-01
41.2,-70.940002,2022-05-29,d9a3b251d-db12-2ab9-60a9-bc0a029a0701,USA,DEBBIE ANN,FISHING,FISHING,367313950,0.95,Stage 2,2022-05-01
41.3,-71.400002,2022-09-07,d2d4a7623-3cb5-3aed-65b0-0866a70bfbb3,USA,OCEAN STATE,TRAWLERS,FISHING,366278770,2.13,Stage 2,2022-09-01
41.11,-71.309998,2022-07-27,c9804fdb4-469e-7f30-0a3f-044b6cc74b65,USA,KAREN ANN,SET_GILLNETS,FISHING,367105250,1.13,Stage 2,2022-07-01
41.14,-71.169998,2022-10-10,90b9eaea0-018d-1eaf-4055-36b770057d04,USA,GAIL FRANCES,INCONCLUSIVE,FISHING,366940990,1.27,Stage 2,2022-10-01
40.89,-71.199997,2022-08-25,4f95fa8d9-93bb-0748-e166-751a185af5c2,USA,BLUE MOON,FISHING,FISHING,338251733,0.9,Stage 2,2022-08-01
41.32,-71.400002,2022-12-21,d8bbf6380-05af-2b58-ca64-97ffb1eb319f,USA,ENTERPRISE,TRAWLERS,FISHING,367590310,0.94,Stage 2,2022-12-01
41.04,-71.379997,2022-05-25,d6d85d2f7-74ce-03e4-c3ca-a3e1832f3905,USA,F/V INCENTIVE,TRAWLERS,FISHING,367435050,0.97,Stage 2,2022-05-01
41.02,-71.330002,2022-12-28,287fc1cbf-fbc0-3baa-ae98-f20768f5d10f,USA,VIKING STARSHIP,PASSENGER,PASSENGER,367661740,0.42,Stage 2,2022-12-01
41.03,-71.379997,2022-01-31,f24e7875f-f61b-0cbe-f53f-b179dd5b9c21,USA,LINDA MARIE,TRAWLERS,FISHING,367588040,0.68,Stage 2,2022-01-01
41.18,-71.360001,2022-10-07,90b9eaea0-018d-1eaf-4055-36b770057d04,USA,GAIL FRANCES,INCONCLUSIVE,FISHING,366940990,0.54,Stage 2,2022-10-01
40.88,-70.860001,2022-10-07,98a18da89-9340-eb9e-e0da-a173dde68eb5,USA,UNITED STATES,TRAWLERS,FISHING,367198440,1.07,Stage 2,2022-10-01
41.17,-71.269997,2022-07-09,cc83751ec-c92d-3712-ea87-a31cca1f910d,USA,ASHER AND ARIANA,TRAWLERS,FISHING,367522070,1.12,Stage 2,2022-07-01
41.04,-71.379997,2022-02-10,2326efd2e-ef2b-34f0-f4e7-9a078f8cb4c4,USA,BELL SKY,TRAWLERS,FISHING,367637420,0.38,Stage 2,2022-02-01
40.83,-70.980003,2022-10-07,98a18da89-9340-eb9e-e0da-a173dde68eb5,USA,UNITED STATES,TRAWLERS,FISHING,367198440,0.92,Stage 2,2022-10-01
41.05,-71.379997,2022-09-18,59d8ab6e8-88ae-3379-7957-c3cf5af17475,USA,HOPE AND SYDNEY,TRAWLERS,FISHING,367084070,2.12,Stage 2,2022-09-01
41.1,-71.279999,2022-07-22,fda33ad3b-b3d7-9afb-257d-126bd7b77f81,USA,LADY FRANCES,INCONCLUSIVE,FISHING,367155670,0.65,Stage 2,2022-07-01
41.05,-71.349998,2022-12-20,0145509de-ed6b-9073-9887-0af2b28b0534,USA,MR G,POTS_AND_TRAPS,FISHING,338229941,0.5,Stage 2,2022-12-01
40.92,-71.349998,2022-05-01,f145d6b56-62bf-0ef6-570c-bb990c3c738f,USA,SEA WATCHER I,TRAWLERS,FISHING,367010820,1.25,Stage 2,2022-05-01
41.08,-71.379997,2022-03-09,d2d4a7623-3cb5-3aed-65b0-0866a70bfbb3,USA,OCEAN STATE,TRAWLERS,FISHING,366278770,2.17,Stage 2,2022-03-01
41.07,-71.150002,2022-08-19,5fd63feef-f5e1-8ef5-f76f-b08beeeb5fac,USA,MYSTIC WAY,FISHING,FISHING,367516830,1.2,Stage 2,2022-08-01
40.91,-71.040001,2022-10-16,98a18da89-9340-eb9e-e0da-a173dde68eb5,USA,UNITED STATES,TRAWLERS,FISHING,367198440,0.33,Stage 2,2022-10-01
41.03,-71.370003,2022-03-12,2326efd2e-ef2b-34f0-f4e7-9a078f8cb4c4,USA,BELL SKY,TRAWLERS,FISHING,367637420,0.77,Stage 2,2022-03-01
41.05,-71.160004,2022-08-04,39e6812c0-0518-8071-1e82-f5316c505a0f,USA,F/V STELLA MARIS,FIXED_GEAR,FISHING,367767060,1.5,Stage 2,2022-08-01
40.95,-71.07,2022-10-12,794fd7558-8f19-90e1-9d84-d52d180f5f88,USA,LADY DEE,FISHING,FISHING,368005310,1.73,Stage 2,2022-10-01
40.93,-71.300003,2022-05-19,da28a0113-3273-3a9f-10ab-097e617c5725,USA,JOHN & NICHOLAS,TRAWLERS,FISHING,367181750,1.04,Stage 2,2022-05-01
41.09,-71.139999,2022-09-22,6b96c9b8e-e06c-1716-2de8-ec4a7c1f65fc,USA,KATHY MARIE,FISHING,FISHING,366758680,0.62,Stage 2,2022-09-01
40.95,-71.389999,2022-10-21,cc83751ec-c92d-3712-ea87-a31cca1f910d,USA,ASHER AND ARIANA,TRAWLERS,FISHING,367522070,0.85,Stage 2,2022-10-01
41.12,-70.790001,2022-11-01,1052830ff-f368-787b-026c-c4b72ab5cb1b,USA,MCKINLEY,FISHING,FISHING,367183240,0.38,Stage 2,2022-11-01
41.04,-70.989998,2022-08-12,88a7880a6-659f-2b76-7702-84aedad3a3d5,USA,MENEMSHA ROSE,FISHING,FISHING,368124390,1.46,Stage 2,2022-08-01
41.11,-71.32,2022-07-08,c9804fdb4-469e-7f30-0a3f-044b6cc74b65,USA,KAREN ANN,SET_GILLNETS,FISHING,367105250,1.47,Stage 2,2022-07-01
41.07,-71.379997,2022-12-07,0f7722a2a-a931-1550-0aef-e7ec8e1ddb44,USA,MATTIE AND MAREN II,TRAWLERS,FISHING,368285650,0.55,Stage 2,2022-12-01
41,-71.379997,2022-01-27,6ae903a95-5315-4633-05e6-edfa6b61c787,USA,PROUD MARY,TRAWLERS,FISHING,368102540,1.13,Stage 2,2022-01-01
40.88,-71.239998,2022-07-30,6b96c9b8e-e06c-1716-2de8-ec4a7c1f65fc,USA,KATHY MARIE,FISHING,FISHING,366758680,0.82,Stage 2,2022-07-01
40.92,-71,2022-10-17,98a18da89-9340-eb9e-e0da-a173dde68eb5,USA,UNITED STATES,TRAWLERS,FISHING,367198440,0.99,Stage 2,2022-10-01
41.02,-71.309998,2022-07-30,6b96c9b8e-e06c-1716-2de8-ec4a7c1f65fc,USA,KATHY MARIE,FISHING,FISHING,366758680,1.07,Stage 2,2022-07-01
41.23,-70.93,2022-01-25,a60bb8c1a-a9cd-5892-2581-2bea9933c8e0,USA,NEW SEA ROVER,TRAWLERS,FISHING,367346010,1.54,Stage 2,2022-01-01
40.91,-70.910004,2022-10-13,98a18da89-9340-eb9e-e0da-a173dde68eb5,USA,UNITED STATES,TRAWLERS,FISHING,367198440,0.82,Stage 2,2022-10-01
41.09,-71.190002,2022-11-24,b56aa2f1e-e0df-757a-7fb3-58a8ea5d5333,USA,EDWARD&JOSEPH,SET_GILLNETS,FISHING,368280420,0.59,Stage 2,2022-11-01
40.96,-71.360001,2022-10-22,cc83751ec-c92d-3712-ea87-a31cca1f910d,USA,ASHER AND ARIANA,TRAWLERS,FISHING,367522070,1.07,Stage 2,2022-10-01
41.16,-71.230003,2022-11-21,7eb1c3e98-8fae-4f83-6622-054b88c46da7,USA,TIMBER WOLF,FISHING,FISHING,367105430,0.8,Stage 2,2022-11-01
40.88,-70.959999,2022-07-10,76d201cbb-b14b-4796-9c75-75e74fac527d,USA,REEL CRAZY,POLE_AND_LINE,FISHING,367680840,1.43,Stage 2,2022-07-01
41.06,-71.360001,2022-08-19,0145509de-ed6b-9073-9887-0af2b28b0534,USA,MR G,POTS_AND_TRAPS,FISHING,338229941,0.81,Stage 2,2022-08-01
40.89,-70.970001,2022-10-17,98a18da89-9340-eb9e-e0da-a173dde68eb5,USA,UNITED STATES,TRAWLERS,FISHING,367198440,1.9,Stage 2,2022-10-01
41.11,-71.339996,2022-03-05,59d8ab6e8-88ae-3379-7957-c3cf5af17475,USA,HOPE AND SYDNEY,TRAWLERS,FISHING,367084070,1.09,Stage 2,2022-03-01
40.94,-70.980003,2022-10-17,98a18da89-9340-eb9e-e0da-a173dde68eb5,USA,UNITED STATES,TRAWLERS,FISHING,367198440,1.77,Stage 2,2022-10-01
40.96,-70.839996,2022-11-04,d6cb16d52-2235-0b55-44fb-a7b816eaa339,USA,MARISSA & JULIE,TRAWLERS,FISHING,368178230,1.32,Stage 2,2022-11-01
41.32,-71.260002,2022-05-19,2326efd2e-ef2b-34f0-f4e7-9a078f8cb4c4,USA,BELL SKY,TRAWLERS,FISHING,367637420,0.97,Stage 2,2022-05-01
41.32,-71.279999,2022-10-26,cc83751ec-c92d-3712-ea87-a31cca1f910d,USA,ASHER AND ARIANA,TRAWLERS,FISHING,367522070,0.81,Stage 2,2022-10-01
41.18,-70.849998,2022-02-08,bdf59862d-dee2-4d2f-0d97-4983bcb3d066,USA,NOAA GLORIA MICHELLE,TRAWLERS,FISHING,338066383,1.01,Stage 2,2022-02-01
41.05,-71.379997,2022-04-11,2326efd2e-ef2b-34f0-f4e7-9a078f8cb4c4,USA,BELL SKY,TRAWLERS,FISHING,367637420,2.57,Stage 2,2022-04-01
41.31,-71.400002,2022-12-18,d8bbf6380-05af-2b58-ca64-97ffb1eb319f,USA,ENTERPRISE,TRAWLERS,FISHING,367590310,0.6,Stage 2,2022-12-01
41.2,-70.970001,2022-06-30,e96885525-5b87-251d-81d8-440c8d6e26b4,USA,MARY ELIZABETH,TRAWLERS,FISHING,366988530,1.04,Stage 2,2022-06-01
41.01,-70.720001,2022-07-16,5fd63feef-f5e1-8ef5-f76f-b08beeeb5fac,USA,MYSTIC WAY,FISHING,FISHING,367516830,0.54,Stage 2,2022-07-01
41.32,-71.400002,2022-09-27,d2d4a7623-3cb5-3aed-65b0-0866a70bfbb3,USA,OCEAN STATE,TRAWLERS,FISHING,366278770,0.97,Stage 2,2022-09-01
41.02,-71.400002,2022-01-31,f24e7875f-f61b-0cbe-f53f-b179dd5b9c21,USA,LINDA MARIE,TRAWLERS,FISHING,367588040,1.03,Stage 2,2022-01-01
41.19,-71.239998,2022-10-12,cc83751ec-c92d-3712-ea87-a31cca1f910d,USA,ASHER AND ARIANA,TRAWLERS,FISHING,367522070,1.03,Stage 2,2022-10-01
40.97,-70.839996,2022-11-06,d6cb16d52-2235-0b55-44fb-a7b816eaa339,USA,MARISSA & JULIE,TRAWLERS,FISHING,368178230,1.09,Stage 2,2022-11-01
40.99,-71.300003,2022-06-21,4f95fa8d9-93bb-0748-e166-751a185af5c2,USA,BLUE MOON,FISHING,FISHING,338251733,0.33,Stage 2,2022-06-01
41.38,-71.269997,2022-06-21,2326efd2e-ef2b-34f0-f4e7-9a078f8cb4c4,USA,BELL SKY,TRAWLERS,FISHING,367637420,1.14,Stage 2,2022-06-01
41,-71.330002,2022-08-25,c11057b39-90b8-89c0-7f09-0f5a46f8d730,USA,BELL SKY,TRAWLERS,FISHING,367637420,8.08,Stage 2,2022-08-01
41.35,-71.25,2022-05-31,2326efd2e-ef2b-34f0-f4e7-9a078f8cb4c4,USA,BELL SKY,TRAWLERS,FISHING,367637420,4.14,Stage 2,2022-05-01
41.25,-71.010002,2022-06-16,801708294-444d-635b-257a-9ba1ab825c3d,USA,M.F. HY-GRADER,TRAWLERS,FISHING,368088750,0.63,Stage 2,2022-06-01
40.92,-71.360001,2022-05-02,f145d6b56-62bf-0ef6-570c-bb990c3c738f,USA,SEA WATCHER I,TRAWLERS,FISHING,367010820,2.18,Stage 2,2022-05-01
41.23,-70.949997,2022-07-27,a60bb8c1a-a9cd-5892-2581-2bea9933c8e0,USA,NEW SEA ROVER,TRAWLERS,FISHING,367346010,3.69,Stage 2,2022-07-01
41.22,-70.970001,2022-08-03,a60bb8c1a-a9cd-5892-2581-2bea9933c8e0,USA,NEW SEA ROVER,TRAWLERS,FISHING,367346010,0.77,Stage 2,2022-08-01
41.08,-71.379997,2022-03-15,2326efd2e-ef2b-34f0-f4e7-9a078f8cb4c4,USA,BELL SKY,TRAWLERS,FISHING,367637420,1.61,Stage 2,2022-03-01
41.13,-71.309998,2022-07-29,c9804fdb4-469e-7f30-0a3f-044b6cc74b65,USA,KAREN ANN,SET_GILLNETS,FISHING,367105250,1.84,Stage 2,2022-07-01
41.05,-71.379997,2022-01-24,d2d4a7623-3cb5-3aed-65b0-0866a70bfbb3,USA,OCEAN STATE,TRAWLERS,FISHING,366278770,0.71,Stage 2,2022-01-01
41.14,-71.300003,2022-10-07,d8bbf6380-05af-2b58-ca64-97ffb1eb319f,USA,ENTERPRISE,TRAWLERS,FISHING,367590310,0.86,Stage 2,2022-10-01
41.26,-71.220001,2022-06-02,ff3830e6a-a93e-1d34-b439-f9f742984f72,USA,DARANA R,FISHING,FISHING,367174730,0.6,Stage 2,2022-06-01
41.06,-71.379997,2022-03-09,2326efd2e-ef2b-34f0-f4e7-9a078f8cb4c4,USA,BELL SKY,TRAWLERS,FISHING,367637420,0.35,Stage 2,2022-03-01
41.19,-71.260002,2022-12-22,cc83751ec-c92d-3712-ea87-a31cca1f910d,USA,ASHER AND ARIANA,TRAWLERS,FISHING,367522070,0.89,Stage 2,2022-12-01
41,-71.330002,2022-03-12,2326efd2e-ef2b-34f0-f4e7-9a078f8cb4c4,USA,BELL SKY,TRAWLERS,FISHING,367637420,0.76,Stage 2,2022-03-01
41.26,-71.230003,2022-09-21,ff3830e6a-a93e-1d34-b439-f9f742984f72,USA,DARANA R,FISHING,FISHING,367174730,1.9,Stage 2,2022-09-01
41.31,-71.410004,2022-11-17,cec008aa2-264e-d098-8f9d-11769636d229,USA,KELSI & MORGAN,TRAWLERS,FISHING,338386525,1.13,Stage 2,2022-11-01
41.02,-70.870003,2022-08-28,25373aa10-051d-40cb-370e-680b29ed593f,USA,MISS EMMA,FIXED_GEAR,FISHING,368159010,0.64,Stage 2,2022-08-01
41.33,-71.370003,2022-06-09,dc7503a12-2012-2b23-c830-41a97164309d,USA,CHARLIES PRIDE,TRAWLERS,FISHING,366472920,5.41,Stage 2,2022-06-01
41.13,-71.309998,2022-07-08,c9804fdb4-469e-7f30-0a3f-044b6cc74b65,USA,KAREN ANN,SET_GILLNETS,FISHING,367105250,1.04,Stage 2,2022-07-01
41.05,-71.150002,2022-11-24,b56aa2f1e-e0df-757a-7fb3-58a8ea5d5333,USA,EDWARD&JOSEPH,SET_GILLNETS,FISHING,368280420,1.28,Stage 2,2022-11-01
40.95,-71.32,2022-03-15,59d8ab6e8-88ae-3379-7957-c3cf5af17475,USA,HOPE AND SYDNEY,TRAWLERS,FISHING,367084070,4.05,Stage 2,2022-03-01
41.12,-71.010002,2022-08-26,0a186176e-e821-5e8f-2999-c4450cc08eab,USA,PAMET,TRAWLERS,FISHING,368222740,0.62,Stage 2,2022-08-01
40.99,-70.849998,2022-11-05,98a18da89-9340-eb9e-e0da-a173dde68eb5,USA,UNITED STATES,TRAWLERS,FISHING,367198440,0.36,Stage 2,2022-11-01
41.05,-71.379997,2022-03-05,d2d4a7623-3cb5-3aed-65b0-0866a70bfbb3,USA,OCEAN STATE,TRAWLERS,FISHING,366278770,1.19,Stage 2,2022-03-01
41.32,-71,2022-09-28,ff3830e6a-a93e-1d34-b439-f9f742984f72,USA,DARANA R,FISHING,FISHING,367174730,1.09,Stage 2,2022-09-01
41.23,-70.949997,2022-06-08,a60bb8c1a-a9cd-5892-2581-2bea9933c8e0,USA,NEW SEA ROVER,TRAWLERS,FISHING,367346010,4.24,Stage 2,2022-06-01
41.27,-71.260002,2022-09-27,ff3830e6a-a93e-1d34-b439-f9f742984f72,USA,DARANA R,FISHING,FISHING,367174730,0.9,Stage 2,2022-09-01
40.9,-70.93,2022-10-16,98a18da89-9340-eb9e-e0da-a173dde68eb5,USA,UNITED STATES,TRAWLERS,FISHING,367198440,1.12,Stage 2,2022-10-01
40.88,-71.139999,2022-08-20,01cb82c60-0ac5-1e19-f436-98a40a63f1a5,USA,WATERPROOF,POLE_AND_LINE,FISHING,338019005,1,Stage 2,2022-08-01
41.06,-71.139999,2022-12-05,b56aa2f1e-e0df-757a-7fb3-58a8ea5d5333,USA,EDWARD&JOSEPH,SET_GILLNETS,FISHING,368280420,1.07,Stage 2,2022-12-01
41.02,-70.790001,2022-11-05,d6cb16d52-2235-0b55-44fb-a7b816eaa339,USA,MARISSA & JULIE,TRAWLERS,FISHING,368178230,0.69,Stage 2,2022-11-01
40.94,-71.110001,2022-10-12,794fd7558-8f19-90e1-9d84-d52d180f5f88,USA,LADY DEE,FISHING,FISHING,368005310,0.87,Stage 2,2022-10-01
41.07,-71.370003,2022-07-30,59d8ab6e8-88ae-3379-7957-c3cf5af17475,USA,HOPE AND SYDNEY,TRAWLERS,FISHING,367084070,3.39,Stage 2,2022-07-01
41.06,-71.190002,2022-12-21,fda33ad3b-b3d7-9afb-257d-126bd7b77f81,USA,LADY FRANCES,INCONCLUSIVE,FISHING,367155670,0.63,Stage 2,2022-12-01
40.89,-70.959999,2022-10-16,98a18da89-9340-eb9e-e0da-a173dde68eb5,USA,UNITED STATES,TRAWLERS,FISHING,367198440,0.78,Stage 2,2022-10-01
41.15,-71.330002,2022-07-08,c9804fdb4-469e-7f30-0a3f-044b6cc74b65,USA,KAREN ANN,SET_GILLNETS,FISHING,367105250,1.09,Stage 2,2022-07-01
41.15,-71.300003,2022-08-25,fda33ad3b-b3d7-9afb-257d-126bd7b77f81,USA,LADY FRANCES,INCONCLUSIVE,FISHING,367155670,0.53,Stage 2,2022-08-01
41.07,-71.300003,2022-08-04,39e6812c0-0518-8071-1e82-f5316c505a0f,USA,F/V STELLA MARIS,FIXED_GEAR,FISHING,367767060,0.85,Stage 2,2022-08-01
41.36,-71.360001,2022-10-17,2326efd2e-ef2b-34f0-f4e7-9a078f8cb4c4,USA,BELL SKY,TRAWLERS,FISHING,367637420,0.47,Stage 2,2022-10-01
40.95,-70.949997,2022-10-16,98a18da89-9340-eb9e-e0da-a173dde68eb5,USA,UNITED STATES,TRAWLERS,FISHING,367198440,1.7,Stage 2,2022-10-01
40.95,-71.25,2022-07-30,6b96c9b8e-e06c-1716-2de8-ec4a7c1f65fc,USA,KATHY MARIE,FISHING,FISHING,366758680,1.07,Stage 2,2022-07-01
41.14,-70.830002,2022-05-25,d9a3b251d-db12-2ab9-60a9-bc0a029a0701,USA,DEBBIE ANN,FISHING,FISHING,367313950,2.32,Stage 2,2022-05-01
41.31,-71.379997,2022-05-29,c9804fdb4-469e-7f30-0a3f-044b6cc74b65,USA,KAREN ANN,SET_GILLNETS,FISHING,367105250,1.12,Stage 2,2022-05-01
41.29,-71.410004,2022-09-21,6ae903a95-5315-4633-05e6-edfa6b61c787,USA,PROUD MARY,TRAWLERS,FISHING,368102540,1.28,Stage 2,2022-09-01
40.97,-70.839996,2022-11-24,d6cb16d52-2235-0b55-44fb-a7b816eaa339,USA,MARISSA & JULIE,TRAWLERS,FISHING,368178230,1.13,Stage 2,2022-11-01
40.93,-71.059998,2022-11-29,98a18da89-9340-eb9e-e0da-a173dde68eb5,USA,UNITED STATES,TRAWLERS,FISHING,367198440,2.86,Stage 2,2022-11-01
41.09,-71.099998,2022-02-07,bdf59862d-dee2-4d2f-0d97-4983bcb3d066,USA,NOAA GLORIA MICHELLE,TRAWLERS,FISHING,338066383,0.66,Stage 2,2022-02-01
41.14,-71.169998,2022-06-04,05a30e1c5-55c0-09f4-39ef-0632964af32e,USA,SEA FLASH,TRAWLERS,FISHING,367072720,0.85,Stage 2,2022-06-01
41.01,-70.82,2022-11-03,d6cb16d52-2235-0b55-44fb-a7b816eaa339,USA,MARISSA & JULIE,TRAWLERS,FISHING,368178230,1.31,Stage 2,2022-11-01
41.05,-71.379997,2022-04-25,2326efd2e-ef2b-34f0-f4e7-9a078f8cb4c4,USA,BELL SKY,TRAWLERS,FISHING,367637420,1.07,Stage 2,2022-04-01
41.03,-71.18,2022-11-15,90b9eaea0-018d-1eaf-4055-36b770057d04,USA,GAIL FRANCES,INCONCLUSIVE,FISHING,366940990,1.62,Stage 2,2022-11-01
41.19,-71.230003,2022-07-09,cc83751ec-c92d-3712-ea87-a31cca1f910d,USA,ASHER AND ARIANA,TRAWLERS,FISHING,367522070,0.92,Stage 2,2022-07-01
41.33,-71.290001,2022-07-24,121f81444-4e2f-ba5b-e478-10c85adbc5aa,USA,SUSAN ROSE,FISHING,FISHING,368084350,0.73,Stage 2,2022-07-01
41.07,-71.139999,2022-12-05,b56aa2f1e-e0df-757a-7fb3-58a8ea5d5333,USA,EDWARD&JOSEPH,SET_GILLNETS,FISHING,368280420,0.74,Stage 2,2022-12-01
40.89,-71.190002,2022-07-23,4ec7abdd6-69d4-000f-cbfe-7a0785ad2d36,USA,GOTTA GO,FISHING,FISHING,338387984,1.07,Stage 2,2022-07-01
41.26,-71.32,2022-04-20,1e938fb62-28b3-6a3f-f833-72ee59d341f0,USA,OCEAN PEARL,TRAWLERS,FISHING,367799680,1.23,Stage 2,2022-04-01
40.95,-71.360001,2022-10-21,cc83751ec-c92d-3712-ea87-a31cca1f910d,USA,ASHER AND ARIANA,TRAWLERS,FISHING,367522070,0.95,Stage 2,2022-10-01
41.02,-70.870003,2022-07-16,5fd63feef-f5e1-8ef5-f76f-b08beeeb5fac,USA,MYSTIC WAY,FISHING,FISHING,367516830,2.03,Stage 2,2022-07-01
40.95,-71.260002,2022-08-03,88a7880a6-659f-2b76-7702-84aedad3a3d5,USA,MENEMSHA ROSE,FISHING,FISHING,368124390,0.66,Stage 2,2022-08-01
40.96,-70.849998,2022-11-06,d6cb16d52-2235-0b55-44fb-a7b816eaa339,USA,MARISSA & JULIE,TRAWLERS,FISHING,368178230,2.75,Stage 2,2022-11-01
40.85,-71.019997,2022-12-07,d6cb16d52-2235-0b55-44fb-a7b816eaa339,USA,MARISSA & JULIE,TRAWLERS,FISHING,368178230,6.23,Stage 2,2022-12-01
41.23,-70.959999,2022-07-26,a60bb8c1a-a9cd-5892-2581-2bea9933c8e0,USA,NEW SEA ROVER,TRAWLERS,FISHING,367346010,1.42,Stage 2,2022-07-01
41.09,-71.279999,2022-08-04,82b45c510-0107-84f6-4a90-fb32cbbcdd3c,USA,STELLA,POLE_AND_LINE,FISHING,338194028,0.59,Stage 2,2022-08-01
41.08,-71.32,2022-08-20,5fd63feef-f5e1-8ef5-f76f-b08beeeb5fac,USA,MYSTIC WAY,FISHING,FISHING,367516830,0.68,Stage 2,2022-08-01
40.97,-70.809998,2022-11-05,98a18da89-9340-eb9e-e0da-a173dde68eb5,USA,UNITED STATES,TRAWLERS,FISHING,367198440,0.65,Stage 2,2022-11-01
41.07,-70.889999,2022-07-23,25373aa10-051d-40cb-370e-680b29ed593f,USA,MISS EMMA,FIXED_GEAR,FISHING,368159010,0.62,Stage 2,2022-07-01
41.21,-71.089996,2022-01-26,59c757235-5638-b364-a6ec-0694ac3f69c8,CAN,FISHIN ADDICTION 17,POLE_AND_LINE,FISHING,316036131,0.94,Stage 2,2022-01-01
40.83,-71.010002,2022-05-17,da28a0113-3273-3a9f-10ab-097e617c5725,USA,JOHN & NICHOLAS,TRAWLERS,FISHING,367181750,1.01,Stage 2,2022-05-01
41.05,-71.389999,2022-12-21,287fc1cbf-fbc0-3baa-ae98-f20768f5d10f,USA,VIKING STARSHIP,PASSENGER,PASSENGER,367661740,0.76,Stage 2,2022-12-01
41.1,-71.160004,2022-10-27,0145509de-ed6b-9073-9887-0af2b28b0534,USA,MR G,POTS_AND_TRAPS,FISHING,338229941,1.12,Stage 2,2022-10-01
41.03,-71.150002,2022-12-29,287fc1cbf-fbc0-3baa-ae98-f20768f5d10f,USA,VIKING STARSHIP,PASSENGER,PASSENGER,367661740,0.43,Stage 2,2022-12-01
41.09,-71.370003,2022-04-21,2326efd2e-ef2b-34f0-f4e7-9a078f8cb4c4,USA,BELL SKY,TRAWLERS,FISHING,367637420,0.77,Stage 2,2022-04-01
41.06,-71.370003,2022-06-15,0145509de-ed6b-9073-9887-0af2b28b0534,USA,MR G,POTS_AND_TRAPS,FISHING,338229941,1.08,Stage 2,2022-06-01
40.89,-71.239998,2022-09-04,3bd9d16df-fb6e-c1e7-097a-18c3b6e4a9dc,USA,SEA LIFT,NA,FISHING,338135199,1.58,Stage 2,2022-09-01
40.91,-70.809998,2022-05-17,da28a0113-3273-3a9f-10ab-097e617c5725,USA,JOHN & NICHOLAS,TRAWLERS,FISHING,367181750,0.95,Stage 2,2022-05-01
41.36,-71.25,2022-05-25,2326efd2e-ef2b-34f0-f4e7-9a078f8cb4c4,USA,BELL SKY,TRAWLERS,FISHING,367637420,3.99,Stage 2,2022-05-01
41.03,-71.18,2022-11-05,90b9eaea0-018d-1eaf-4055-36b770057d04,USA,GAIL FRANCES,INCONCLUSIVE,FISHING,366940990,0.65,Stage 2,2022-11-01
40.91,-70.919998,2022-10-17,98a18da89-9340-eb9e-e0da-a173dde68eb5,USA,UNITED STATES,TRAWLERS,FISHING,367198440,2.1,Stage 2,2022-10-01
40.92,-71.349998,2022-05-02,f145d6b56-62bf-0ef6-570c-bb990c3c738f,USA,SEA WATCHER I,TRAWLERS,FISHING,367010820,1.83,Stage 2,2022-05-01
41.25,-71.400002,2022-11-10,44752569c-c00c-da61-1898-4d62b6314a40,USA,VIRGINIA MARISE,TRAWLERS,FISHING,367145360,0.97,Stage 2,2022-11-01
41.14,-71.300003,2022-06-21,c9804fdb4-469e-7f30-0a3f-044b6cc74b65,USA,KAREN ANN,SET_GILLNETS,FISHING,367105250,1.08,Stage 2,2022-06-01
40.95,-71.339996,2022-01-28,2326efd2e-ef2b-34f0-f4e7-9a078f8cb4c4,USA,BELL SKY,TRAWLERS,FISHING,367637420,0.77,Stage 2,2022-01-01
41.04,-71.360001,2022-08-19,0145509de-ed6b-9073-9887-0af2b28b0534,USA,MR G,POTS_AND_TRAPS,FISHING,338229941,0.78,Stage 2,2022-08-01
41.11,-71.349998,2022-05-18,d8bbf6380-05af-2b58-ca64-97ffb1eb319f,USA,ENTERPRISE,TRAWLERS,FISHING,367590310,0.55,Stage 2,2022-05-01
41.23,-70.959999,2022-07-27,a60bb8c1a-a9cd-5892-2581-2bea9933c8e0,USA,NEW SEA ROVER,TRAWLERS,FISHING,367346010,2.18,Stage 2,2022-07-01
41.1,-71.190002,2022-12-05,b56aa2f1e-e0df-757a-7fb3-58a8ea5d5333,USA,EDWARD&JOSEPH,SET_GILLNETS,FISHING,368280420,1.58,Stage 2,2022-12-01
41.18,-71.360001,2022-02-21,0d56f6bf1-13c2-2588-d6e7-8f1793a5c5c6,USA,FV PRINCESS SCARLETT,TRAWLERS,FISHING,368003140,0.65,Stage 2,2022-02-01
41.07,-71.389999,2022-08-19,0145509de-ed6b-9073-9887-0af2b28b0534,USA,MR G,POTS_AND_TRAPS,FISHING,338229941,1.09,Stage 2,2022-08-01
41.32,-71.379997,2022-05-29,c9804fdb4-469e-7f30-0a3f-044b6cc74b65,USA,KAREN ANN,SET_GILLNETS,FISHING,367105250,0.94,Stage 2,2022-05-01
40.86,-71.040001,2022-11-02,98a18da89-9340-eb9e-e0da-a173dde68eb5,USA,UNITED STATES,TRAWLERS,FISHING,367198440,1.56,Stage 2,2022-11-01
41.03,-71.18,2022-11-01,90b9eaea0-018d-1eaf-4055-36b770057d04,USA,GAIL FRANCES,INCONCLUSIVE,FISHING,366940990,2.16,Stage 2,2022-11-01
41.1,-71.120003,2022-10-27,0145509de-ed6b-9073-9887-0af2b28b0534,USA,MR G,POTS_AND_TRAPS,FISHING,338229941,1.1,Stage 2,2022-10-01
41.08,-70.739998,2022-02-08,bdf59862d-dee2-4d2f-0d97-4983bcb3d066,USA,NOAA GLORIA MICHELLE,TRAWLERS,FISHING,338066383,0.72,Stage 2,2022-02-01
41.17,-70.879997,2022-10-07,ed3b7a7de-ee33-966a-b9ab-cdc5dfa7a4b7,USA,BLACK EARL,POTS_AND_TRAPS,FISHING,338413783,1.52,Stage 2,2022-10-01
41.32,-71.410004,2022-12-29,d2d4a7623-3cb5-3aed-65b0-0866a70bfbb3,USA,OCEAN STATE,TRAWLERS,FISHING,366278770,1.77,Stage 2,2022-12-01
41.06,-71.290001,2022-08-04,39e6812c0-0518-8071-1e82-f5316c505a0f,USA,F/V STELLA MARIS,FIXED_GEAR,FISHING,367767060,1.05,Stage 2,2022-08-01
41.1,-71.290001,2022-08-04,51655e3d0-02e2-49dc-87de-6d06b6ca7bd1,USA,AXIOS,NA,FISHING,368163670,1.19,Stage 2,2022-08-01
41.08,-71.379997,2022-10-22,2326efd2e-ef2b-34f0-f4e7-9a078f8cb4c4,USA,BELL SKY,TRAWLERS,FISHING,367637420,4.89,Stage 2,2022-10-01
41.09,-71.279999,2022-08-04,51655e3d0-02e2-49dc-87de-6d06b6ca7bd1,USA,AXIOS,NA,FISHING,368163670,0.35,Stage 2,2022-08-01
40.98,-70.739998,2022-11-05,98a18da89-9340-eb9e-e0da-a173dde68eb5,USA,UNITED STATES,TRAWLERS,FISHING,367198440,1.4,Stage 2,2022-11-01
41.03,-71.379997,2022-09-14,4ec7abdd6-69d4-000f-cbfe-7a0785ad2d36,USA,GOTTA GO,FISHING,FISHING,338387984,1.93,Stage 2,2022-09-01
41.22,-71.209999,2022-10-15,94a980510-01b3-625f-8524-0b3b93600b8c,USA,CODY,TRAWLERS,FISHING,367190280,0.97,Stage 2,2022-10-01
40.95,-71.050003,2022-10-12,794fd7558-8f19-90e1-9d84-d52d180f5f88,USA,LADY DEE,FISHING,FISHING,368005310,0.99,Stage 2,2022-10-01
41.07,-71.160004,2022-09-13,0145509de-ed6b-9073-9887-0af2b28b0534,USA,MR G,POTS_AND_TRAPS,FISHING,338229941,0.91,Stage 2,2022-09-01
40.93,-71.160004,2022-11-24,7eb1c3e98-8fae-4f83-6622-054b88c46da7,USA,TIMBER WOLF,FISHING,FISHING,367105430,1.99,Stage 2,2022-11-01
41.11,-71.339996,2022-02-10,2326efd2e-ef2b-34f0-f4e7-9a078f8cb4c4,USA,BELL SKY,TRAWLERS,FISHING,367637420,1.67,Stage 2,2022-02-01
41.12,-71.330002,2022-07-12,59d8ab6e8-88ae-3379-7957-c3cf5af17475,USA,HOPE AND SYDNEY,TRAWLERS,FISHING,367084070,2.35,Stage 2,2022-07-01
41.35,-71.25,2022-06-27,2326efd2e-ef2b-34f0-f4e7-9a078f8cb4c4,USA,BELL SKY,TRAWLERS,FISHING,367637420,2.97,Stage 2,2022-06-01
41.25,-71.169998,2022-06-04,99abb0b52-2b02-66a0-4bd3-a438a4eca8ce,USA,GRAND LARSON 3,TRAWLERS,FISHING,366988540,0.76,Stage 2,2022-06-01
41.23,-70.949997,2022-01-24,a60bb8c1a-a9cd-5892-2581-2bea9933c8e0,USA,NEW SEA ROVER,TRAWLERS,FISHING,367346010,2.38,Stage 2,2022-01-01
41.03,-71.169998,2022-11-15,90b9eaea0-018d-1eaf-4055-36b770057d04,USA,GAIL FRANCES,INCONCLUSIVE,FISHING,366940990,0.42,Stage 2,2022-11-01
40.89,-71.010002,2022-10-16,d6cb16d52-2235-0b55-44fb-a7b816eaa339,USA,MARISSA & JULIE,TRAWLERS,FISHING,368178230,0.51,Stage 2,2022-10-01
41.3,-71.379997,2022-07-16,c9804fdb4-469e-7f30-0a3f-044b6cc74b65,USA,KAREN ANN,SET_GILLNETS,FISHING,367105250,2.26,Stage 2,2022-07-01
41.22,-70.889999,2022-07-22,ed3b7a7de-ee33-966a-b9ab-cdc5dfa7a4b7,USA,BLACK EARL,POTS_AND_TRAPS,FISHING,338413783,2.03,Stage 2,2022-07-01
41.12,-71.290001,2022-06-07,1cabdf828-80d6-1456-b8ec-bef9e3144ace,USA,BULLDOG,FISHING,FISHING,368126420,0.76,Stage 2,2022-06-01
41.05,-71.389999,2022-10-12,90b9eaea0-018d-1eaf-4055-36b770057d04,USA,GAIL FRANCES,INCONCLUSIVE,FISHING,366940990,2.45,Stage 2,2022-10-01
41.08,-71.18,2022-11-29,b56aa2f1e-e0df-757a-7fb3-58a8ea5d5333,USA,EDWARD&JOSEPH,SET_GILLNETS,FISHING,368280420,1.08,Stage 2,2022-11-01
41.1,-71.290001,2022-10-10,418acad20-02b1-4526-bc2d-2705584cd631,USA,NICHOLAS C,TRAWLERS,FISHING,367687740,0.77,Stage 2,2022-10-01
41.08,-71.370003,2022-05-05,2326efd2e-ef2b-34f0-f4e7-9a078f8cb4c4,USA,BELL SKY,TRAWLERS,FISHING,367637420,1.1,Stage 2,2022-05-01
40.92,-71.019997,2022-10-16,d6cb16d52-2235-0b55-44fb-a7b816eaa339,USA,MARISSA & JULIE,TRAWLERS,FISHING,368178230,3.93,Stage 2,2022-10-01
41.04,-71.129997,2022-11-24,7eb1c3e98-8fae-4f83-6622-054b88c46da7,USA,TIMBER WOLF,FISHING,FISHING,367105430,1.02,Stage 2,2022-11-01
40.9,-70.919998,2022-10-16,d6cb16d52-2235-0b55-44fb-a7b816eaa339,USA,MARISSA & JULIE,TRAWLERS,FISHING,368178230,0.86,Stage 2,2022-10-01
41.36,-71.25,2022-05-16,2326efd2e-ef2b-34f0-f4e7-9a078f8cb4c4,USA,BELL SKY,TRAWLERS,FISHING,367637420,4.15,Stage 2,2022-05-01
40.99,-71.400002,2022-09-02,3beae7bd8-867b-4b68-2064-5c4b0717018d,USA,BBSEA,FISHING,FISHING,338419567,1.1,Stage 2,2022-09-01
41.06,-71.379997,2022-03-09,d2d4a7623-3cb5-3aed-65b0-0866a70bfbb3,USA,OCEAN STATE,TRAWLERS,FISHING,366278770,0.68,Stage 2,2022-03-01
41.32,-70.989998,2022-09-21,ff3830e6a-a93e-1d34-b439-f9f742984f72,USA,DARANA R,FISHING,FISHING,367174730,1.15,Stage 2,2022-09-01
40.9,-71.010002,2022-10-12,d6cb16d52-2235-0b55-44fb-a7b816eaa339,USA,MARISSA & JULIE,TRAWLERS,FISHING,368178230,0.33,Stage 2,2022-10-01
41.07,-71.379997,2022-09-13,0145509de-ed6b-9073-9887-0af2b28b0534,USA,MR G,POTS_AND_TRAPS,FISHING,338229941,1.14,Stage 2,2022-09-01
41.02,-70.779999,2022-11-03,d6cb16d52-2235-0b55-44fb-a7b816eaa339,USA,MARISSA & JULIE,TRAWLERS,FISHING,368178230,0.65,Stage 2,2022-11-01
41.17,-71.279999,2022-09-29,ff3830e6a-a93e-1d34-b439-f9f742984f72,USA,DARANA R,FISHING,FISHING,367174730,1.14,Stage 2,2022-09-01
40.92,-71.370003,2022-05-02,f145d6b56-62bf-0ef6-570c-bb990c3c738f,USA,SEA WATCHER I,TRAWLERS,FISHING,367010820,3.13,Stage 2,2022-05-01
41.12,-71.32,2022-07-08,c9804fdb4-469e-7f30-0a3f-044b6cc74b65,USA,KAREN ANN,SET_GILLNETS,FISHING,367105250,0.49,Stage 2,2022-07-01
41.3,-71.239998,2022-05-25,ff3830e6a-a93e-1d34-b439-f9f742984f72,USA,DARANA R,FISHING,FISHING,367174730,0.72,Stage 2,2022-05-01
40.96,-70.860001,2022-10-25,98a18da89-9340-eb9e-e0da-a173dde68eb5,USA,UNITED STATES,TRAWLERS,FISHING,367198440,1.79,Stage 2,2022-10-01
41.34,-71.269997,2022-05-26,ff3830e6a-a93e-1d34-b439-f9f742984f72,USA,DARANA R,FISHING,FISHING,367174730,0.95,Stage 2,2022-05-01
40.96,-70.830002,2022-07-29,6b96c9b8e-e06c-1716-2de8-ec4a7c1f65fc,USA,KATHY MARIE,FISHING,FISHING,366758680,0.44,Stage 2,2022-07-01
41.25,-70.889999,2022-02-08,bdf59862d-dee2-4d2f-0d97-4983bcb3d066,USA,NOAA GLORIA MICHELLE,TRAWLERS,FISHING,338066383,1.01,Stage 2,2022-02-01
41.03,-71.199997,2022-11-04,90b9eaea0-018d-1eaf-4055-36b770057d04,USA,GAIL FRANCES,INCONCLUSIVE,FISHING,366940990,1.75,Stage 2,2022-11-01
41.09,-71.279999,2022-08-02,fda33ad3b-b3d7-9afb-257d-126bd7b77f81,USA,LADY FRANCES,INCONCLUSIVE,FISHING,367155670,0.97,Stage 2,2022-08-01
41.15,-71.290001,2022-08-25,fda33ad3b-b3d7-9afb-257d-126bd7b77f81,USA,LADY FRANCES,INCONCLUSIVE,FISHING,367155670,0.61,Stage 2,2022-08-01
41.19,-70.730003,2022-06-22,ebb6a4e48-87be-6452-1a28-194891ceef15,USA,JASON AND DANIELLE,FISHING,FISHING,367136470,0.98,Stage 2,2022-06-01
41.04,-71.389999,2022-10-27,0145509de-ed6b-9073-9887-0af2b28b0534,USA,MR G,POTS_AND_TRAPS,FISHING,338229941,1.12,Stage 2,2022-10-01
41.09,-71.370003,2022-08-01,59d8ab6e8-88ae-3379-7957-c3cf5af17475,USA,HOPE AND SYDNEY,TRAWLERS,FISHING,367084070,0.8,Stage 2,2022-08-01
41.26,-71.18,2022-06-30,e96885525-5b87-251d-81d8-440c8d6e26b4,USA,MARY ELIZABETH,TRAWLERS,FISHING,366988530,0.65,Stage 2,2022-06-01
41.02,-70.800003,2022-11-05,d6cb16d52-2235-0b55-44fb-a7b816eaa339,USA,MARISSA & JULIE,TRAWLERS,FISHING,368178230,1.32,Stage 2,2022-11-01
41.36,-71.25,2022-08-16,c11057b39-90b8-89c0-7f09-0f5a46f8d730,USA,BELL SKY,TRAWLERS,FISHING,367637420,0.91,Stage 2,2022-08-01
41.12,-71.309998,2022-07-27,c9804fdb4-469e-7f30-0a3f-044b6cc74b65,USA,KAREN ANN,SET_GILLNETS,FISHING,367105250,0.8,Stage 2,2022-07-01
41.18,-70.870003,2022-09-06,ed3b7a7de-ee33-966a-b9ab-cdc5dfa7a4b7,USA,BLACK EARL,POTS_AND_TRAPS,FISHING,338413783,5.42,Stage 2,2022-09-01
41.25,-71.010002,2022-07-09,cc83751ec-c92d-3712-ea87-a31cca1f910d,USA,ASHER AND ARIANA,TRAWLERS,FISHING,367522070,1.95,Stage 2,2022-07-01
41.13,-71.32,2022-04-22,2326efd2e-ef2b-34f0-f4e7-9a078f8cb4c4,USA,BELL SKY,TRAWLERS,FISHING,367637420,6.38,Stage 2,2022-04-01
40.98,-70.760002,2022-11-05,98a18da89-9340-eb9e-e0da-a173dde68eb5,USA,UNITED STATES,TRAWLERS,FISHING,367198440,0.93,Stage 2,2022-11-01
41.14,-71.300003,2022-07-29,c9804fdb4-469e-7f30-0a3f-044b6cc74b65,USA,KAREN ANN,SET_GILLNETS,FISHING,367105250,0.98,Stage 2,2022-07-01
41.05,-71.379997,2022-04-18,2326efd2e-ef2b-34f0-f4e7-9a078f8cb4c4,USA,BELL SKY,TRAWLERS,FISHING,367637420,7.4,Stage 2,2022-04-01
41.29,-71.309998,2022-10-26,cc83751ec-c92d-3712-ea87-a31cca1f910d,USA,ASHER AND ARIANA,TRAWLERS,FISHING,367522070,1.1,Stage 2,2022-10-01
40.95,-70.860001,2022-11-24,d6cb16d52-2235-0b55-44fb-a7b816eaa339,USA,MARISSA & JULIE,TRAWLERS,FISHING,368178230,3.14,Stage 2,2022-11-01
41.39,-71.279999,2022-05-26,ff3830e6a-a93e-1d34-b439-f9f742984f72,USA,DARANA R,FISHING,FISHING,367174730,0.67,Stage 2,2022-05-01
41.08,-71.239998,2022-08-19,39e6812c0-0518-8071-1e82-f5316c505a0f,USA,F/V STELLA MARIS,FIXED_GEAR,FISHING,367767060,1.02,Stage 2,2022-08-01
40.91,-71.099998,2022-11-29,98a18da89-9340-eb9e-e0da-a173dde68eb5,USA,UNITED STATES,TRAWLERS,FISHING,367198440,1,Stage 2,2022-11-01
41.02,-70.980003,2022-07-30,6b96c9b8e-e06c-1716-2de8-ec4a7c1f65fc,USA,KATHY MARIE,FISHING,FISHING,366758680,2,Stage 2,2022-07-01
41.32,-71.25,2022-06-24,2326efd2e-ef2b-34f0-f4e7-9a078f8cb4c4,USA,BELL SKY,TRAWLERS,FISHING,367637420,0.72,Stage 2,2022-06-01
41.15,-71.339996,2022-08-04,39e6812c0-0518-8071-1e82-f5316c505a0f,USA,F/V STELLA MARIS,FIXED_GEAR,FISHING,367767060,1.2,Stage 2,2022-08-01
41,-70.900002,2022-11-03,98a18da89-9340-eb9e-e0da-a173dde68eb5,USA,UNITED STATES,TRAWLERS,FISHING,367198440,1.73,Stage 2,2022-11-01
40.89,-71.220001,2022-07-23,01cb82c60-0ac5-1e19-f436-98a40a63f1a5,USA,WATERPROOF,POLE_AND_LINE,FISHING,338019005,0.33,Stage 2,2022-07-01
41.1,-71.360001,2022-01-25,2326efd2e-ef2b-34f0-f4e7-9a078f8cb4c4,USA,BELL SKY,TRAWLERS,FISHING,367637420,1.95,Stage 2,2022-01-01
41.1,-71.18,2022-06-15,0145509de-ed6b-9073-9887-0af2b28b0534,USA,MR G,POTS_AND_TRAPS,FISHING,338229941,0.88,Stage 2,2022-06-01
41.24,-71.120003,2022-10-15,94a980510-01b3-625f-8524-0b3b93600b8c,USA,CODY,TRAWLERS,FISHING,367190280,0.97,Stage 2,2022-10-01
40.89,-71.059998,2022-10-12,98a18da89-9340-eb9e-e0da-a173dde68eb5,USA,UNITED STATES,TRAWLERS,FISHING,367198440,1.01,Stage 2,2022-10-01
41.29,-70.959999,2022-06-05,ff3830e6a-a93e-1d34-b439-f9f742984f72,USA,DARANA R,FISHING,FISHING,367174730,0.99,Stage 2,2022-06-01
40.9,-71.190002,2022-10-23,39e6812c0-0518-8071-1e82-f5316c505a0f,USA,F/V STELLA MARIS,FIXED_GEAR,FISHING,367767060,0.94,Stage 2,2022-10-01
41.24,-71.080002,2022-07-26,dc7503a12-2012-2b23-c830-41a97164309d,USA,CHARLIES PRIDE,TRAWLERS,FISHING,366472920,11.63,Stage 2,2022-07-01
41,-70.830002,2022-11-02,d6cb16d52-2235-0b55-44fb-a7b816eaa339,USA,MARISSA & JULIE,TRAWLERS,FISHING,368178230,0.81,Stage 2,2022-11-01
41.05,-71.389999,2022-11-29,90b9eaea0-018d-1eaf-4055-36b770057d04,USA,GAIL FRANCES,INCONCLUSIVE,FISHING,366940990,3.3,Stage 2,2022-11-01
41.12,-71.309998,2022-08-04,fda33ad3b-b3d7-9afb-257d-126bd7b77f81,USA,LADY FRANCES,INCONCLUSIVE,FISHING,367155670,1.06,Stage 2,2022-08-01
40.97,-71.32,2022-02-02,f24e7875f-f61b-0cbe-f53f-b179dd5b9c21,USA,LINDA MARIE,TRAWLERS,FISHING,367588040,1,Stage 2,2022-02-01
41.36,-71.25,2022-06-24,2326efd2e-ef2b-34f0-f4e7-9a078f8cb4c4,USA,BELL SKY,TRAWLERS,FISHING,367637420,1.03,Stage 2,2022-06-01
41.24,-70.959999,2022-01-24,a60bb8c1a-a9cd-5892-2581-2bea9933c8e0,USA,NEW SEA ROVER,TRAWLERS,FISHING,367346010,2.12,Stage 2,2022-01-01
41.16,-70.919998,2022-11-10,d6cb16d52-2235-0b55-44fb-a7b816eaa339,USA,MARISSA & JULIE,TRAWLERS,FISHING,368178230,0.99,Stage 2,2022-11-01
41.14,-71.349998,2022-04-30,fda33ad3b-b3d7-9afb-257d-126bd7b77f81,USA,LADY FRANCES,INCONCLUSIVE,FISHING,367155670,1.07,Stage 2,2022-04-01
41.08,-71.370003,2022-10-12,30039633e-e65b-e85b-a838-221883cbc42a,USA,HERITAGE,FISHING,FISHING,367142820,3.25,Stage 2,2022-10-01
41.21,-71.010002,2022-08-31,a9181364b-b277-385e-9353-e8c31460020f,USA,SEAFARER,TRAWLERS,FISHING,367179650,0.98,Stage 2,2022-08-01
41.17,-71.110001,2022-12-02,d9a3b251d-db12-2ab9-60a9-bc0a029a0701,USA,DEBBIE ANN,FISHING,FISHING,367313950,0.49,Stage 2,2022-12-01
41.14,-71.290001,2022-05-05,d8bbf6380-05af-2b58-ca64-97ffb1eb319f,USA,ENTERPRISE,TRAWLERS,FISHING,367590310,1.93,Stage 2,2022-05-01
41.03,-71.230003,2022-09-28,39e6812c0-0518-8071-1e82-f5316c505a0f,USA,F/V STELLA MARIS,FIXED_GEAR,FISHING,367767060,2.87,Stage 2,2022-09-01
41.12,-71.309998,2022-08-31,ac678e753-342a-edbe-daf9-d83c9e0465ee,USA,SECOND WIND,FISHING,FISHING,367639380,1.12,Stage 2,2022-08-01
40.86,-70.870003,2022-10-07,98a18da89-9340-eb9e-e0da-a173dde68eb5,USA,UNITED STATES,TRAWLERS,FISHING,367198440,0.34,Stage 2,2022-10-01
41.07,-71.379997,2022-03-02,d2d4a7623-3cb5-3aed-65b0-0866a70bfbb3,USA,OCEAN STATE,TRAWLERS,FISHING,366278770,0.55,Stage 2,2022-03-01
41.35,-71.059998,2022-05-22,d9a3b251d-db12-2ab9-60a9-bc0a029a0701,USA,DEBBIE ANN,FISHING,FISHING,367313950,11.22,Stage 2,2022-05-01
41.03,-70.730003,2022-11-04,98a18da89-9340-eb9e-e0da-a173dde68eb5,USA,UNITED STATES,TRAWLERS,FISHING,367198440,0.57,Stage 2,2022-11-01
40.98,-71.309998,2022-01-05,2326efd2e-ef2b-34f0-f4e7-9a078f8cb4c4,USA,BELL SKY,TRAWLERS,FISHING,367637420,10.66,Stage 2,2022-01-01
41.21,-71.269997,2022-09-29,ff3830e6a-a93e-1d34-b439-f9f742984f72,USA,DARANA R,FISHING,FISHING,367174730,0.91,Stage 2,2022-09-01
40.87,-71.18,2022-12-21,b56aa2f1e-e0df-757a-7fb3-58a8ea5d5333,USA,EDWARD&JOSEPH,SET_GILLNETS,FISHING,368280420,0.98,Stage 2,2022-12-01
40.85,-71.050003,2022-10-07,98a18da89-9340-eb9e-e0da-a173dde68eb5,USA,UNITED STATES,TRAWLERS,FISHING,367198440,1.15,Stage 2,2022-10-01
40.96,-71.389999,2022-02-02,f24e7875f-f61b-0cbe-f53f-b179dd5b9c21,USA,LINDA MARIE,TRAWLERS,FISHING,367588040,1.04,Stage 2,2022-02-01
40.91,-70.989998,2022-10-13,98a18da89-9340-eb9e-e0da-a173dde68eb5,USA,UNITED STATES,TRAWLERS,FISHING,367198440,1.7,Stage 2,2022-10-01
41.07,-71.379997,2022-05-24,d8bbf6380-05af-2b58-ca64-97ffb1eb319f,USA,ENTERPRISE,TRAWLERS,FISHING,367590310,1.23,Stage 2,2022-05-01
41.05,-71.379997,2022-05-05,2326efd2e-ef2b-34f0-f4e7-9a078f8cb4c4,USA,BELL SKY,TRAWLERS,FISHING,367637420,2.2,Stage 2,2022-05-01
41.11,-71.339996,2022-01-24,d2d4a7623-3cb5-3aed-65b0-0866a70bfbb3,USA,OCEAN STATE,TRAWLERS,FISHING,366278770,1.03,Stage 2,2022-01-01
41.06,-71.150002,2022-11-29,b56aa2f1e-e0df-757a-7fb3-58a8ea5d5333,USA,EDWARD&JOSEPH,SET_GILLNETS,FISHING,368280420,1.16,Stage 2,2022-11-01
41.16,-70.720001,2022-09-02,dc9656afb-b3d5-224f-d10b-025dadd3b5e1,USA,EVENING STAR,FISHING,FISHING,367645750,0.95,Stage 2,2022-09-01
41.28,-71.400002,2022-06-04,ff3830e6a-a93e-1d34-b439-f9f742984f72,USA,DARANA R,FISHING,FISHING,367174730,1.05,Stage 2,2022-06-01
41.04,-70.75,2022-11-04,d6cb16d52-2235-0b55-44fb-a7b816eaa339,USA,MARISSA & JULIE,TRAWLERS,FISHING,368178230,1.68,Stage 2,2022-11-01
40.91,-71.050003,2022-11-29,98a18da89-9340-eb9e-e0da-a173dde68eb5,USA,UNITED STATES,TRAWLERS,FISHING,367198440,0.56,Stage 2,2022-11-01
41.39,-71.269997,2022-06-27,2326efd2e-ef2b-34f0-f4e7-9a078f8cb4c4,USA,BELL SKY,TRAWLERS,FISHING,367637420,1.05,Stage 2,2022-06-01
40.9,-70.959999,2022-10-15,d6cb16d52-2235-0b55-44fb-a7b816eaa339,USA,MARISSA & JULIE,TRAWLERS,FISHING,368178230,3.83,Stage 2,2022-10-01
41.28,-71.410004,2022-12-13,cec008aa2-264e-d098-8f9d-11769636d229,USA,KELSI & MORGAN,TRAWLERS,FISHING,338386525,0.84,Stage 2,2022-12-01
41.15,-71.309998,2022-10-12,d8bbf6380-05af-2b58-ca64-97ffb1eb319f,USA,ENTERPRISE,TRAWLERS,FISHING,367590310,6.92,Stage 2,2022-10-01
41.16,-71.290001,2022-10-11,d8bbf6380-05af-2b58-ca64-97ffb1eb319f,USA,ENTERPRISE,TRAWLERS,FISHING,367590310,1.29,Stage 2,2022-10-01
41.2,-71,2022-06-30,e96885525-5b87-251d-81d8-440c8d6e26b4,USA,MARY ELIZABETH,TRAWLERS,FISHING,366988530,0.84,Stage 2,2022-06-01
40.93,-70.949997,2022-11-30,98a18da89-9340-eb9e-e0da-a173dde68eb5,USA,UNITED STATES,TRAWLERS,FISHING,367198440,3.06,Stage 2,2022-11-01
40.9,-71.059998,2022-10-16,98a18da89-9340-eb9e-e0da-a173dde68eb5,USA,UNITED STATES,TRAWLERS,FISHING,367198440,0.82,Stage 2,2022-10-01
41.08,-71.379997,2022-12-22,cc83751ec-c92d-3712-ea87-a31cca1f910d,USA,ASHER AND ARIANA,TRAWLERS,FISHING,367522070,2.97,Stage 2,2022-12-01
41.03,-70.830002,2022-11-03,98a18da89-9340-eb9e-e0da-a173dde68eb5,USA,UNITED STATES,TRAWLERS,FISHING,367198440,3.12,Stage 2,2022-11-01
41.38,-71.269997,2022-09-27,ff3830e6a-a93e-1d34-b439-f9f742984f72,USA,DARANA R,FISHING,FISHING,367174730,0.84,Stage 2,2022-09-01
40.85,-71.110001,2022-07-30,6b96c9b8e-e06c-1716-2de8-ec4a7c1f65fc,USA,KATHY MARIE,FISHING,FISHING,366758680,1.56,Stage 2,2022-07-01
41.06,-70.959999,2022-08-19,5fd63feef-f5e1-8ef5-f76f-b08beeeb5fac,USA,MYSTIC WAY,FISHING,FISHING,367516830,0.79,Stage 2,2022-08-01
41.03,-71.389999,2022-04-25,2326efd2e-ef2b-34f0-f4e7-9a078f8cb4c4,USA,BELL SKY,TRAWLERS,FISHING,367637420,1.02,Stage 2,2022-04-01
41.12,-71.330002,2022-04-21,2326efd2e-ef2b-34f0-f4e7-9a078f8cb4c4,USA,BELL SKY,TRAWLERS,FISHING,367637420,1.22,Stage 2,2022-04-01
41.26,-71.050003,2022-10-21,d9a3b251d-db12-2ab9-60a9-bc0a029a0701,USA,DEBBIE ANN,FISHING,FISHING,367313950,0.92,Stage 2,2022-10-01
41.04,-71.379997,2022-01-27,2326efd2e-ef2b-34f0-f4e7-9a078f8cb4c4,USA,BELL SKY,TRAWLERS,FISHING,367637420,6.03,Stage 2,2022-01-01
41.01,-71.150002,2022-07-30,6b96c9b8e-e06c-1716-2de8-ec4a7c1f65fc,USA,KATHY MARIE,FISHING,FISHING,366758680,0.82,Stage 2,2022-07-01
41.32,-71.269997,2022-05-19,2326efd2e-ef2b-34f0-f4e7-9a078f8cb4c4,USA,BELL SKY,TRAWLERS,FISHING,367637420,1.61,Stage 2,2022-05-01
41.05,-71.400002,2022-09-01,90b9eaea0-018d-1eaf-4055-36b770057d04,USA,GAIL FRANCES,INCONCLUSIVE,FISHING,366940990,0.54,Stage 2,2022-09-01
41.21,-71.260002,2022-10-01,d8bbf6380-05af-2b58-ca64-97ffb1eb319f,USA,ENTERPRISE,TRAWLERS,FISHING,367590310,0.74,Stage 2,2022-10-01
41.33,-71.25,2022-05-26,ff3830e6a-a93e-1d34-b439-f9f742984f72,USA,DARANA R,FISHING,FISHING,367174730,1.95,Stage 2,2022-05-01
40.84,-70.900002,2022-10-07,98a18da89-9340-eb9e-e0da-a173dde68eb5,USA,UNITED STATES,TRAWLERS,FISHING,367198440,0.93,Stage 2,2022-10-01
41.14,-71.349998,2022-09-25,90b9eaea0-018d-1eaf-4055-36b770057d04,USA,GAIL FRANCES,INCONCLUSIVE,FISHING,366940990,0.8,Stage 2,2022-09-01
41.18,-71.279999,2022-09-29,ff3830e6a-a93e-1d34-b439-f9f742984f72,USA,DARANA R,FISHING,FISHING,367174730,0.99,Stage 2,2022-09-01
41.14,-71.32,2022-12-22,cc83751ec-c92d-3712-ea87-a31cca1f910d,USA,ASHER AND ARIANA,TRAWLERS,FISHING,367522070,0.84,Stage 2,2022-12-01
41.3,-70.980003,2022-06-03,ff3830e6a-a93e-1d34-b439-f9f742984f72,USA,DARANA R,FISHING,FISHING,367174730,0.57,Stage 2,2022-06-01
41.23,-70.940002,2022-07-26,a60bb8c1a-a9cd-5892-2581-2bea9933c8e0,USA,NEW SEA ROVER,TRAWLERS,FISHING,367346010,1.04,Stage 2,2022-07-01
40.93,-71.150002,2022-10-12,794fd7558-8f19-90e1-9d84-d52d180f5f88,USA,LADY DEE,FISHING,FISHING,368005310,1,Stage 2,2022-10-01
40.95,-70.93,2022-11-06,d6cb16d52-2235-0b55-44fb-a7b816eaa339,USA,MARISSA & JULIE,TRAWLERS,FISHING,368178230,0.58,Stage 2,2022-11-01
41.32,-71.400002,2022-01-04,f24e7875f-f61b-0cbe-f53f-b179dd5b9c21,USA,LINDA MARIE,TRAWLERS,FISHING,367588040,0.94,Stage 2,2022-01-01
41.19,-71.239998,2022-09-30,d8bbf6380-05af-2b58-ca64-97ffb1eb319f,USA,ENTERPRISE,TRAWLERS,FISHING,367590310,1.99,Stage 2,2022-09-01
41,-70.93,2022-11-04,98a18da89-9340-eb9e-e0da-a173dde68eb5,USA,UNITED STATES,TRAWLERS,FISHING,367198440,0.72,Stage 2,2022-11-01
41.19,-71.239998,2022-07-09,cc83751ec-c92d-3712-ea87-a31cca1f910d,USA,ASHER AND ARIANA,TRAWLERS,FISHING,367522070,0.89,Stage 2,2022-07-01
41.34,-71.239998,2022-05-30,2326efd2e-ef2b-34f0-f4e7-9a078f8cb4c4,USA,BELL SKY,TRAWLERS,FISHING,367637420,2.05,Stage 2,2022-05-01
41.15,-71.330002,2022-04-25,2326efd2e-ef2b-34f0-f4e7-9a078f8cb4c4,USA,BELL SKY,TRAWLERS,FISHING,367637420,0.43,Stage 2,2022-04-01
40.96,-70.839996,2022-10-22,d6cb16d52-2235-0b55-44fb-a7b816eaa339,USA,MARISSA & JULIE,TRAWLERS,FISHING,368178230,1.88,Stage 2,2022-10-01
40.9,-70.93,2022-10-15,d6cb16d52-2235-0b55-44fb-a7b816eaa339,USA,MARISSA & JULIE,TRAWLERS,FISHING,368178230,1.46,Stage 2,2022-10-01
41.22,-70.959999,2022-07-27,a60bb8c1a-a9cd-5892-2581-2bea9933c8e0,USA,NEW SEA ROVER,TRAWLERS,FISHING,367346010,1.8,Stage 2,2022-07-01
40.88,-71.169998,2022-10-16,98a18da89-9340-eb9e-e0da-a173dde68eb5,USA,UNITED STATES,TRAWLERS,FISHING,367198440,3.21,Stage 2,2022-10-01
40.89,-71.209999,2022-07-23,4ec7abdd6-69d4-000f-cbfe-7a0785ad2d36,USA,GOTTA GO,FISHING,FISHING,338387984,0.67,Stage 2,2022-07-01
41.12,-71.330002,2022-05-24,d8bbf6380-05af-2b58-ca64-97ffb1eb319f,USA,ENTERPRISE,TRAWLERS,FISHING,367590310,1.45,Stage 2,2022-05-01
41.11,-71.339996,2022-10-18,94a980510-01b3-625f-8524-0b3b93600b8c,USA,CODY,TRAWLERS,FISHING,367190280,0.65,Stage 2,2022-10-01
41.14,-71.32,2022-10-18,94a980510-01b3-625f-8524-0b3b93600b8c,USA,CODY,TRAWLERS,FISHING,367190280,0.77,Stage 2,2022-10-01
41.03,-70.760002,2022-11-03,d6cb16d52-2235-0b55-44fb-a7b816eaa339,USA,MARISSA & JULIE,TRAWLERS,FISHING,368178230,15.32,Stage 2,2022-11-01
41.23,-70.940002,2022-01-25,a60bb8c1a-a9cd-5892-2581-2bea9933c8e0,USA,NEW SEA ROVER,TRAWLERS,FISHING,367346010,1.38,Stage 2,2022-01-01
41.33,-71.239998,2022-05-24,2326efd2e-ef2b-34f0-f4e7-9a078f8cb4c4,USA,BELL SKY,TRAWLERS,FISHING,367637420,0.82,Stage 2,2022-05-01
41.18,-70.779999,2022-12-24,8933d7164-4cd5-773b-b25f-811ebc5f797b,USA,EAGLE,TRAWLERS,FISHING,367733350,0.67,Stage 2,2022-12-01
40.99,-71.290001,2022-08-19,39e6812c0-0518-8071-1e82-f5316c505a0f,USA,F/V STELLA MARIS,FIXED_GEAR,FISHING,367767060,0.9,Stage 2,2022-08-01
40.95,-71.379997,2022-08-02,c11057b39-90b8-89c0-7f09-0f5a46f8d730,USA,BELL SKY,TRAWLERS,FISHING,367637420,0.73,Stage 2,2022-08-01
40.94,-71.089996,2022-10-12,794fd7558-8f19-90e1-9d84-d52d180f5f88,USA,LADY DEE,FISHING,FISHING,368005310,1.08,Stage 2,2022-10-01
41.23,-70.940002,2022-07-27,a60bb8c1a-a9cd-5892-2581-2bea9933c8e0,USA,NEW SEA ROVER,TRAWLERS,FISHING,367346010,2.44,Stage 2,2022-07-01
41.17,-71.18,2022-12-02,7eb1c3e98-8fae-4f83-6622-054b88c46da7,USA,TIMBER WOLF,FISHING,FISHING,367105430,0.79,Stage 2,2022-12-01
41.25,-71.059998,2022-07-09,cc83751ec-c92d-3712-ea87-a31cca1f910d,USA,ASHER AND ARIANA,TRAWLERS,FISHING,367522070,0.99,Stage 2,2022-07-01
41.11,-71.339996,2022-12-22,cc83751ec-c92d-3712-ea87-a31cca1f910d,USA,ASHER AND ARIANA,TRAWLERS,FISHING,367522070,1.77,Stage 2,2022-12-01
41.03,-70.989998,2022-07-30,6b96c9b8e-e06c-1716-2de8-ec4a7c1f65fc,USA,KATHY MARIE,FISHING,FISHING,366758680,0.86,Stage 2,2022-07-01
41.03,-71.25,2022-08-19,39e6812c0-0518-8071-1e82-f5316c505a0f,USA,F/V STELLA MARIS,FIXED_GEAR,FISHING,367767060,2.95,Stage 2,2022-08-01
41.01,-70.730003,2022-06-12,460bff8bc-c729-20f5-5a0e-e2a0612007e1,USA,ANN MARIE,SET_GILLNETS,FISHING,338132083,1.01,Stage 2,2022-06-01
41.36,-71.25,2022-06-21,2326efd2e-ef2b-34f0-f4e7-9a078f8cb4c4,USA,BELL SKY,TRAWLERS,FISHING,367637420,0.33,Stage 2,2022-06-01
41.31,-71.400002,2022-04-22,d2d4a7623-3cb5-3aed-65b0-0866a70bfbb3,USA,OCEAN STATE,TRAWLERS,FISHING,366278770,1.08,Stage 2,2022-04-01
40.95,-71.230003,2022-10-23,39e6812c0-0518-8071-1e82-f5316c505a0f,USA,F/V STELLA MARIS,FIXED_GEAR,FISHING,367767060,1.05,Stage 2,2022-10-01
40.95,-71.379997,2022-04-04,2326efd2e-ef2b-34f0-f4e7-9a078f8cb4c4,USA,BELL SKY,TRAWLERS,FISHING,367637420,5.34,Stage 2,2022-04-01
41.03,-71.389999,2022-04-26,2326efd2e-ef2b-34f0-f4e7-9a078f8cb4c4,USA,BELL SKY,TRAWLERS,FISHING,367637420,4.18,Stage 2,2022-04-01
40.9,-71.32,2022-06-14,f145d6b56-62bf-0ef6-570c-bb990c3c738f,USA,SEA WATCHER I,TRAWLERS,FISHING,367010820,1.04,Stage 2,2022-06-01
41.05,-70.709999,2022-10-28,98a18da89-9340-eb9e-e0da-a173dde68eb5,USA,UNITED STATES,TRAWLERS,FISHING,367198440,14.02,Stage 2,2022-10-01
41.08,-71.309998,2022-08-19,39e6812c0-0518-8071-1e82-f5316c505a0f,USA,F/V STELLA MARIS,FIXED_GEAR,FISHING,367767060,0.36,Stage 2,2022-08-01
40.96,-71.080002,2022-06-20,794fd7558-8f19-90e1-9d84-d52d180f5f88,USA,LADY DEE,FISHING,FISHING,368005310,0.52,Stage 2,2022-06-01
41.14,-71.300003,2022-07-14,c9804fdb4-469e-7f30-0a3f-044b6cc74b65,USA,KAREN ANN,SET_GILLNETS,FISHING,367105250,0.83,Stage 2,2022-07-01
41.11,-71.139999,2022-11-09,0145509de-ed6b-9073-9887-0af2b28b0534,USA,MR G,POTS_AND_TRAPS,FISHING,338229941,0.8,Stage 2,2022-11-01
41.14,-71.32,2022-08-01,59d8ab6e8-88ae-3379-7957-c3cf5af17475,USA,HOPE AND SYDNEY,TRAWLERS,FISHING,367084070,1.7,Stage 2,2022-08-01
41.38,-71.269997,2022-05-26,ff3830e6a-a93e-1d34-b439-f9f742984f72,USA,DARANA R,FISHING,FISHING,367174730,0.94,Stage 2,2022-05-01
40.91,-71.379997,2022-03-21,59d8ab6e8-88ae-3379-7957-c3cf5af17475,USA,HOPE AND SYDNEY,TRAWLERS,FISHING,367084070,1.08,Stage 2,2022-03-01
41.2,-70.980003,2022-06-30,e96885525-5b87-251d-81d8-440c8d6e26b4,USA,MARY ELIZABETH,TRAWLERS,FISHING,366988530,1.03,Stage 2,2022-06-01
41.3,-71.400002,2022-09-16,d2d4a7623-3cb5-3aed-65b0-0866a70bfbb3,USA,OCEAN STATE,TRAWLERS,FISHING,366278770,0.56,Stage 2,2022-09-01
41.04,-71.160004,2022-08-19,39e6812c0-0518-8071-1e82-f5316c505a0f,USA,F/V STELLA MARIS,FIXED_GEAR,FISHING,367767060,0.82,Stage 2,2022-08-01
41.04,-71.25,2022-08-04,39e6812c0-0518-8071-1e82-f5316c505a0f,USA,F/V STELLA MARIS,FIXED_GEAR,FISHING,367767060,1.84,Stage 2,2022-08-01
41.05,-71.379997,2022-07-30,59d8ab6e8-88ae-3379-7957-c3cf5af17475,USA,HOPE AND SYDNEY,TRAWLERS,FISHING,367084070,0.6,Stage 2,2022-07-01
41.15,-71.330002,2022-07-22,39e6812c0-0518-8071-1e82-f5316c505a0f,USA,F/V STELLA MARIS,FIXED_GEAR,FISHING,367767060,1.09,Stage 2,2022-07-01
40.88,-71.279999,2022-07-26,e0f0d4e18-8203-ac4f-70be-7dd5946cbf29,USA,TAMI ANN,POLE_AND_LINE,FISHING,368168250,1.2,Stage 2,2022-07-01
41.38,-71.25,2022-07-14,cc83751ec-c92d-3712-ea87-a31cca1f910d,USA,ASHER AND ARIANA,TRAWLERS,FISHING,367522070,0.56,Stage 2,2022-07-01
41.12,-71.129997,2022-12-28,fda33ad3b-b3d7-9afb-257d-126bd7b77f81,USA,LADY FRANCES,INCONCLUSIVE,FISHING,367155670,1.31,Stage 2,2022-12-01
41.05,-71.239998,2022-07-22,39e6812c0-0518-8071-1e82-f5316c505a0f,USA,F/V STELLA MARIS,FIXED_GEAR,FISHING,367767060,3.06,Stage 2,2022-07-01
41.11,-71.129997,2022-04-13,0145509de-ed6b-9073-9887-0af2b28b0534,USA,MR G,POTS_AND_TRAPS,FISHING,338229941,0.86,Stage 2,2022-04-01
40.9,-70.940002,2022-10-12,d6cb16d52-2235-0b55-44fb-a7b816eaa339,USA,MARISSA & JULIE,TRAWLERS,FISHING,368178230,0.86,Stage 2,2022-10-01
40.86,-71,2022-10-07,98a18da89-9340-eb9e-e0da-a173dde68eb5,USA,UNITED STATES,TRAWLERS,FISHING,367198440,2.56,Stage 2,2022-10-01
41.03,-71.18,2022-12-31,fda33ad3b-b3d7-9afb-257d-126bd7b77f81,USA,LADY FRANCES,INCONCLUSIVE,FISHING,367155670,2.14,Stage 2,2022-12-01
41.29,-71.400002,2022-11-22,cec008aa2-264e-d098-8f9d-11769636d229,USA,KELSI & MORGAN,TRAWLERS,FISHING,338386525,0.88,Stage 2,2022-11-01
41.13,-71.32,2022-09-29,d8bbf6380-05af-2b58-ca64-97ffb1eb319f,USA,ENTERPRISE,TRAWLERS,FISHING,367590310,0.81,Stage 2,2022-09-01
41.04,-70.919998,2022-07-30,6b96c9b8e-e06c-1716-2de8-ec4a7c1f65fc,USA,KATHY MARIE,FISHING,FISHING,366758680,0.71,Stage 2,2022-07-01
40.93,-70.93,2022-10-25,d6cb16d52-2235-0b55-44fb-a7b816eaa339,USA,MARISSA & JULIE,TRAWLERS,FISHING,368178230,4.68,Stage 2,2022-10-01
41.11,-71.339996,2022-08-01,59d8ab6e8-88ae-3379-7957-c3cf5af17475,USA,HOPE AND SYDNEY,TRAWLERS,FISHING,367084070,0.58,Stage 2,2022-08-01
41.05,-71.389999,2022-10-25,90b9eaea0-018d-1eaf-4055-36b770057d04,USA,GAIL FRANCES,INCONCLUSIVE,FISHING,366940990,0.81,Stage 2,2022-10-01
40.94,-71.080002,2022-10-12,794fd7558-8f19-90e1-9d84-d52d180f5f88,USA,LADY DEE,FISHING,FISHING,368005310,0.77,Stage 2,2022-10-01
41.1,-71.120003,2022-12-20,0145509de-ed6b-9073-9887-0af2b28b0534,USA,MR G,POTS_AND_TRAPS,FISHING,338229941,0.87,Stage 2,2022-12-01
41.18,-71.269997,2022-10-12,d8bbf6380-05af-2b58-ca64-97ffb1eb319f,USA,ENTERPRISE,TRAWLERS,FISHING,367590310,0.92,Stage 2,2022-10-01
41.32,-71.400002,2022-11-27,d8bbf6380-05af-2b58-ca64-97ffb1eb319f,USA,ENTERPRISE,TRAWLERS,FISHING,367590310,1.87,Stage 2,2022-11-01
41.09,-71.370003,2022-12-21,0f7722a2a-a931-1550-0aef-e7ec8e1ddb44,USA,MATTIE AND MAREN II,TRAWLERS,FISHING,368285650,1.02,Stage 2,2022-12-01
41.16,-71.279999,2022-10-12,94a980510-01b3-625f-8524-0b3b93600b8c,USA,CODY,TRAWLERS,FISHING,367190280,0.93,Stage 2,2022-10-01
40.93,-70.940002,2022-10-17,98a18da89-9340-eb9e-e0da-a173dde68eb5,USA,UNITED STATES,TRAWLERS,FISHING,367198440,0.92,Stage 2,2022-10-01
41.07,-71.379997,2022-04-11,2326efd2e-ef2b-34f0-f4e7-9a078f8cb4c4,USA,BELL SKY,TRAWLERS,FISHING,367637420,1.58,Stage 2,2022-04-01
40.91,-71.349998,2022-05-01,f145d6b56-62bf-0ef6-570c-bb990c3c738f,USA,SEA WATCHER I,TRAWLERS,FISHING,367010820,2.86,Stage 2,2022-05-01
40.85,-71.080002,2022-10-07,98a18da89-9340-eb9e-e0da-a173dde68eb5,USA,UNITED STATES,TRAWLERS,FISHING,367198440,0.96,Stage 2,2022-10-01
41.11,-71.330002,2022-03-11,d2d4a7623-3cb5-3aed-65b0-0866a70bfbb3,USA,OCEAN STATE,TRAWLERS,FISHING,366278770,0.58,Stage 2,2022-03-01
40.9,-71.360001,2022-02-11,59d8ab6e8-88ae-3379-7957-c3cf5af17475,USA,HOPE AND SYDNEY,TRAWLERS,FISHING,367084070,2.16,Stage 2,2022-02-01
41.3,-71.400002,2022-05-20,b4dc0ac5f-fa14-71d0-69b0-1d5b63e4421e,USA,MICHELE JEAN 2,TRAWLERS,FISHING,367518040,0.92,Stage 2,2022-05-01
40.89,-71.209999,2022-07-26,e0f0d4e18-8203-ac4f-70be-7dd5946cbf29,USA,TAMI ANN,POLE_AND_LINE,FISHING,368168250,1.46,Stage 2,2022-07-01
40.88,-70.889999,2022-10-06,d6cb16d52-2235-0b55-44fb-a7b816eaa339,USA,MARISSA & JULIE,TRAWLERS,FISHING,368178230,6.53,Stage 2,2022-10-01
41.13,-71.32,2022-09-30,d8bbf6380-05af-2b58-ca64-97ffb1eb319f,USA,ENTERPRISE,TRAWLERS,FISHING,367590310,1.68,Stage 2,2022-09-01
41.3,-71.400002,2022-09-27,d2d4a7623-3cb5-3aed-65b0-0866a70bfbb3,USA,OCEAN STATE,TRAWLERS,FISHING,366278770,1.07,Stage 2,2022-09-01
41.2,-71.269997,2022-09-29,ff3830e6a-a93e-1d34-b439-f9f742984f72,USA,DARANA R,FISHING,FISHING,367174730,0.86,Stage 2,2022-09-01
41.3,-71.400002,2022-05-29,2326efd2e-ef2b-34f0-f4e7-9a078f8cb4c4,USA,BELL SKY,TRAWLERS,FISHING,367637420,0.72,Stage 2,2022-05-01
41.06,-71.150002,2022-07-14,82b45c510-0107-84f6-4a90-fb32cbbcdd3c,USA,STELLA,POLE_AND_LINE,FISHING,338194028,0.93,Stage 2,2022-07-01
40.95,-71.059998,2022-10-12,794fd7558-8f19-90e1-9d84-d52d180f5f88,USA,LADY DEE,FISHING,FISHING,368005310,2.07,Stage 2,2022-10-01
41.3,-71.400002,2022-11-22,8f987fea1-1754-c256-8d02-c8079a35624d,USA,RAYNA AND KERSTIN,TRAWLERS,FISHING,368102710,1.06,Stage 2,2022-11-01
41.04,-71.379997,2022-03-05,d2d4a7623-3cb5-3aed-65b0-0866a70bfbb3,USA,OCEAN STATE,TRAWLERS,FISHING,366278770,1.03,Stage 2,2022-03-01
41.14,-71.360001,2022-04-15,fda33ad3b-b3d7-9afb-257d-126bd7b77f81,USA,LADY FRANCES,INCONCLUSIVE,FISHING,367155670,0.97,Stage 2,2022-04-01
41.04,-71.190002,2022-07-14,82b45c510-0107-84f6-4a90-fb32cbbcdd3c,USA,STELLA,POLE_AND_LINE,FISHING,338194028,1.6,Stage 2,2022-07-01
41.07,-71.379997,2022-12-27,0f7722a2a-a931-1550-0aef-e7ec8e1ddb44,USA,MATTIE AND MAREN II,TRAWLERS,FISHING,368285650,0.52,Stage 2,2022-12-01
40.88,-71.25,2022-09-22,ec9538b38-830a-9923-c628-1b70537d6a7d,USA,JOCKA,TRAWLERS,FISHING,367551860,0.34,Stage 2,2022-09-01
41.05,-71.389999,2022-12-07,0f7722a2a-a931-1550-0aef-e7ec8e1ddb44,USA,MATTIE AND MAREN II,TRAWLERS,FISHING,368285650,10.02,Stage 2,2022-12-01
41.07,-71.18,2022-03-11,3827a0be8-8b67-2d8a-7d21-916458c1309a,USA,FREEDOM,TRAWLERS,FISHING,368016810,0.77,Stage 2,2022-03-01
41.09,-71.290001,2022-08-04,51655e3d0-02e2-49dc-87de-6d06b6ca7bd1,USA,AXIOS,NA,FISHING,368163670,0.56,Stage 2,2022-08-01
41,-71.190002,2022-06-02,ddc11a0d9-9b3f-a4c0-3b39-2bdff6fcf9fc,USA,LITTLE GULL,POTS_AND_TRAPS,FISHING,367645090,9.06,Stage 2,2022-06-01
41.09,-70.760002,2022-02-08,bdf59862d-dee2-4d2f-0d97-4983bcb3d066,USA,NOAA GLORIA MICHELLE,TRAWLERS,FISHING,338066383,1.03,Stage 2,2022-02-01
41.14,-71.290001,2022-10-01,d8bbf6380-05af-2b58-ca64-97ffb1eb319f,USA,ENTERPRISE,TRAWLERS,FISHING,367590310,0.93,Stage 2,2022-10-01
40.99,-71.169998,2022-12-30,fda33ad3b-b3d7-9afb-257d-126bd7b77f81,USA,LADY FRANCES,INCONCLUSIVE,FISHING,367155670,0.6,Stage 2,2022-12-01
41.24,-71.370003,2022-09-28,39e6812c0-0518-8071-1e82-f5316c505a0f,USA,F/V STELLA MARIS,FIXED_GEAR,FISHING,367767060,0.33,Stage 2,2022-09-01
40.94,-71.370003,2022-03-01,59d8ab6e8-88ae-3379-7957-c3cf5af17475,USA,HOPE AND SYDNEY,TRAWLERS,FISHING,367084070,11.14,Stage 2,2022-03-01
41.17,-71.290001,2022-10-12,d8bbf6380-05af-2b58-ca64-97ffb1eb319f,USA,ENTERPRISE,TRAWLERS,FISHING,367590310,1.11,Stage 2,2022-10-01
41.26,-71.040001,2022-07-08,d8bbf6380-05af-2b58-ca64-97ffb1eb319f,USA,ENTERPRISE,TRAWLERS,FISHING,367590310,0.9,Stage 2,2022-07-01
40.95,-71.089996,2022-10-13,794fd7558-8f19-90e1-9d84-d52d180f5f88,USA,LADY DEE,FISHING,FISHING,368005310,1.56,Stage 2,2022-10-01
41.16,-71.269997,2022-06-07,1cabdf828-80d6-1456-b8ec-bef9e3144ace,USA,BULLDOG,FISHING,FISHING,368126420,0.98,Stage 2,2022-06-01
41.14,-71.379997,2022-03-18,fda33ad3b-b3d7-9afb-257d-126bd7b77f81,USA,LADY FRANCES,INCONCLUSIVE,FISHING,367155670,0.91,Stage 2,2022-03-01
41.3,-71.400002,2022-12-30,6ae903a95-5315-4633-05e6-edfa6b61c787,USA,PROUD MARY,TRAWLERS,FISHING,368102540,1.17,Stage 2,2022-12-01
41.08,-71.279999,2022-08-04,51655e3d0-02e2-49dc-87de-6d06b6ca7bd1,USA,AXIOS,NA,FISHING,368163670,0.61,Stage 2,2022-08-01
40.97,-70.879997,2022-10-25,98a18da89-9340-eb9e-e0da-a173dde68eb5,USA,UNITED STATES,TRAWLERS,FISHING,367198440,0.58,Stage 2,2022-10-01
41.12,-71.129997,2022-10-10,90b9eaea0-018d-1eaf-4055-36b770057d04,USA,GAIL FRANCES,INCONCLUSIVE,FISHING,366940990,1,Stage 2,2022-10-01
41.03,-71.169998,2022-10-29,90b9eaea0-018d-1eaf-4055-36b770057d04,USA,GAIL FRANCES,INCONCLUSIVE,FISHING,366940990,1.28,Stage 2,2022-10-01
41.07,-71.150002,2022-07-14,82b45c510-0107-84f6-4a90-fb32cbbcdd3c,USA,STELLA,POLE_AND_LINE,FISHING,338194028,0.88,Stage 2,2022-07-01
41.24,-70.940002,2022-08-03,a60bb8c1a-a9cd-5892-2581-2bea9933c8e0,USA,NEW SEA ROVER,TRAWLERS,FISHING,367346010,2.35,Stage 2,2022-08-01
41.1,-71.230003,2022-02-07,bdf59862d-dee2-4d2f-0d97-4983bcb3d066,USA,NOAA GLORIA MICHELLE,TRAWLERS,FISHING,338066383,0.62,Stage 2,2022-02-01
40.87,-70.949997,2022-10-10,98a18da89-9340-eb9e-e0da-a173dde68eb5,USA,UNITED STATES,TRAWLERS,FISHING,367198440,0.93,Stage 2,2022-10-01
41.01,-71.360001,2022-02-11,6ae903a95-5315-4633-05e6-edfa6b61c787,USA,PROUD MARY,TRAWLERS,FISHING,368102540,0.65,Stage 2,2022-02-01
41.13,-71.309998,2022-07-14,c9804fdb4-469e-7f30-0a3f-044b6cc74b65,USA,KAREN ANN,SET_GILLNETS,FISHING,367105250,1.92,Stage 2,2022-07-01
41.25,-71.269997,2022-09-29,ff3830e6a-a93e-1d34-b439-f9f742984f72,USA,DARANA R,FISHING,FISHING,367174730,1.05,Stage 2,2022-09-01
41.03,-71.18,2022-10-22,90b9eaea0-018d-1eaf-4055-36b770057d04,USA,GAIL FRANCES,INCONCLUSIVE,FISHING,366940990,1.18,Stage 2,2022-10-01
41.18,-70.889999,2022-08-30,ed3b7a7de-ee33-966a-b9ab-cdc5dfa7a4b7,USA,BLACK EARL,POTS_AND_TRAPS,FISHING,338413783,0.72,Stage 2,2022-08-01
40.87,-70.940002,2022-10-12,d6cb16d52-2235-0b55-44fb-a7b816eaa339,USA,MARISSA & JULIE,TRAWLERS,FISHING,368178230,2.02,Stage 2,2022-10-01
41.23,-70.940002,2022-01-24,a60bb8c1a-a9cd-5892-2581-2bea9933c8e0,USA,NEW SEA ROVER,TRAWLERS,FISHING,367346010,0.84,Stage 2,2022-01-01
41.11,-71.279999,2022-10-12,d8bbf6380-05af-2b58-ca64-97ffb1eb319f,USA,ENTERPRISE,TRAWLERS,FISHING,367590310,0.75,Stage 2,2022-10-01
41.36,-71.260002,2022-06-28,2326efd2e-ef2b-34f0-f4e7-9a078f8cb4c4,USA,BELL SKY,TRAWLERS,FISHING,367637420,0.79,Stage 2,2022-06-01
41.2,-71.239998,2022-10-01,d8bbf6380-05af-2b58-ca64-97ffb1eb319f,USA,ENTERPRISE,TRAWLERS,FISHING,367590310,0.69,Stage 2,2022-10-01
40.85,-71.139999,2022-10-22,39e6812c0-0518-8071-1e82-f5316c505a0f,USA,F/V STELLA MARIS,FIXED_GEAR,FISHING,367767060,1.11,Stage 2,2022-10-01
41.13,-71.300003,2022-10-07,d8bbf6380-05af-2b58-ca64-97ffb1eb319f,USA,ENTERPRISE,TRAWLERS,FISHING,367590310,1.17,Stage 2,2022-10-01
41.02,-71.300003,2022-08-19,fda33ad3b-b3d7-9afb-257d-126bd7b77f81,USA,LADY FRANCES,INCONCLUSIVE,FISHING,367155670,0.89,Stage 2,2022-08-01
41.32,-70.980003,2022-07-05,30039633e-e65b-e85b-a838-221883cbc42a,USA,HERITAGE,FISHING,FISHING,367142820,1.04,Stage 2,2022-07-01
41.18,-70.75,2022-06-22,ebb6a4e48-87be-6452-1a28-194891ceef15,USA,JASON AND DANIELLE,FISHING,FISHING,367136470,1.02,Stage 2,2022-06-01
41.3,-71,2022-10-25,5357ab58e-ef34-dd8a-c067-df55a587a786,USA,PERSEVERANCE,POLE_AND_LINE,FISHING,368257640,1.14,Stage 2,2022-10-01
40.87,-71.059998,2022-10-12,98a18da89-9340-eb9e-e0da-a173dde68eb5,USA,UNITED STATES,TRAWLERS,FISHING,367198440,0.95,Stage 2,2022-10-01
41.08,-71.370003,2022-05-31,d8bbf6380-05af-2b58-ca64-97ffb1eb319f,USA,ENTERPRISE,TRAWLERS,FISHING,367590310,0.94,Stage 2,2022-05-01
40.87,-70.940002,2022-10-07,98a18da89-9340-eb9e-e0da-a173dde68eb5,USA,UNITED STATES,TRAWLERS,FISHING,367198440,1.03,Stage 2,2022-10-01
41.03,-71.18,2022-10-30,90b9eaea0-018d-1eaf-4055-36b770057d04,USA,GAIL FRANCES,INCONCLUSIVE,FISHING,366940990,2.49,Stage 2,2022-10-01
41.39,-71.269997,2022-07-24,90b9eaea0-018d-1eaf-4055-36b770057d04,USA,GAIL FRANCES,INCONCLUSIVE,FISHING,366940990,0.95,Stage 2,2022-07-01
41.25,-71.279999,2022-09-29,ff3830e6a-a93e-1d34-b439-f9f742984f72,USA,DARANA R,FISHING,FISHING,367174730,1.98,Stage 2,2022-09-01
40.88,-71.050003,2022-10-16,d6cb16d52-2235-0b55-44fb-a7b816eaa339,USA,MARISSA & JULIE,TRAWLERS,FISHING,368178230,1.59,Stage 2,2022-10-01
41.24,-71.120003,2022-07-08,d8bbf6380-05af-2b58-ca64-97ffb1eb319f,USA,ENTERPRISE,TRAWLERS,FISHING,367590310,0.99,Stage 2,2022-07-01
41.09,-70.980003,2022-06-11,0f6f9408d-da22-0c23-aab7-cbd167b479af,USA,VIKING STAR,PASSENGER,PASSENGER,367337990,1.06,Stage 2,2022-06-01
41.24,-71.300003,2022-09-28,ff3830e6a-a93e-1d34-b439-f9f742984f72,USA,DARANA R,FISHING,FISHING,367174730,1.19,Stage 2,2022-09-01
41.14,-71.309998,2022-07-29,c9804fdb4-469e-7f30-0a3f-044b6cc74b65,USA,KAREN ANN,SET_GILLNETS,FISHING,367105250,2.33,Stage 2,2022-07-01
40.86,-70.989998,2022-07-30,6b96c9b8e-e06c-1716-2de8-ec4a7c1f65fc,USA,KATHY MARIE,FISHING,FISHING,366758680,1.16,Stage 2,2022-07-01
40.9,-70.879997,2022-10-21,d6cb16d52-2235-0b55-44fb-a7b816eaa339,USA,MARISSA & JULIE,TRAWLERS,FISHING,368178230,11.49,Stage 2,2022-10-01
40.95,-71.300003,2022-03-21,59d8ab6e8-88ae-3379-7957-c3cf5af17475,USA,HOPE AND SYDNEY,TRAWLERS,FISHING,367084070,9.15,Stage 2,2022-03-01
41.13,-71.330002,2022-05-06,2326efd2e-ef2b-34f0-f4e7-9a078f8cb4c4,USA,BELL SKY,TRAWLERS,FISHING,367637420,6.07,Stage 2,2022-05-01
41.14,-70.959999,2022-08-26,0a186176e-e821-5e8f-2999-c4450cc08eab,USA,PAMET,TRAWLERS,FISHING,368222740,1.01,Stage 2,2022-08-01
40.91,-70.980003,2022-06-25,d0eedd395-565b-d998-24e7-e6095fdc296f,USA,SHAMROCK,SET_GILLNETS,FISHING,367396080,0.83,Stage 2,2022-06-01
41.03,-70.849998,2022-11-03,98a18da89-9340-eb9e-e0da-a173dde68eb5,USA,UNITED STATES,TRAWLERS,FISHING,367198440,2.45,Stage 2,2022-11-01
40.99,-70.989998,2022-06-25,794fd7558-8f19-90e1-9d84-d52d180f5f88,USA,LADY DEE,FISHING,FISHING,368005310,1.33,Stage 2,2022-06-01
40.9,-70.910004,2022-10-15,d6cb16d52-2235-0b55-44fb-a7b816eaa339,USA,MARISSA & JULIE,TRAWLERS,FISHING,368178230,0.96,Stage 2,2022-10-01
41.16,-71.360001,2022-02-21,0d56f6bf1-13c2-2588-d6e7-8f1793a5c5c6,USA,FV PRINCESS SCARLETT,TRAWLERS,FISHING,368003140,1.18,Stage 2,2022-02-01
40.94,-70.860001,2022-11-10,d6cb16d52-2235-0b55-44fb-a7b816eaa339,USA,MARISSA & JULIE,TRAWLERS,FISHING,368178230,3.66,Stage 2,2022-11-01
41.31,-71.379997,2022-06-06,c9804fdb4-469e-7f30-0a3f-044b6cc74b65,USA,KAREN ANN,SET_GILLNETS,FISHING,367105250,1.78,Stage 2,2022-06-01
40.88,-71.099998,2022-10-16,98a18da89-9340-eb9e-e0da-a173dde68eb5,USA,UNITED STATES,TRAWLERS,FISHING,367198440,1.33,Stage 2,2022-10-01
41.07,-71.279999,2022-07-16,5fd63feef-f5e1-8ef5-f76f-b08beeeb5fac,USA,MYSTIC WAY,FISHING,FISHING,367516830,0.62,Stage 2,2022-07-01
41.31,-71.400002,2022-10-06,d2d4a7623-3cb5-3aed-65b0-0866a70bfbb3,USA,OCEAN STATE,TRAWLERS,FISHING,366278770,1.16,Stage 2,2022-10-01
40.96,-71.059998,2022-07-30,6b96c9b8e-e06c-1716-2de8-ec4a7c1f65fc,USA,KATHY MARIE,FISHING,FISHING,366758680,1.03,Stage 2,2022-07-01
41.03,-71.169998,2022-10-16,90b9eaea0-018d-1eaf-4055-36b770057d04,USA,GAIL FRANCES,INCONCLUSIVE,FISHING,366940990,0.91,Stage 2,2022-10-01
40.9,-70.970001,2022-10-07,98a18da89-9340-eb9e-e0da-a173dde68eb5,USA,UNITED STATES,TRAWLERS,FISHING,367198440,0.94,Stage 2,2022-10-01
40.89,-71.07,2022-11-02,98a18da89-9340-eb9e-e0da-a173dde68eb5,USA,UNITED STATES,TRAWLERS,FISHING,367198440,1.17,Stage 2,2022-11-01
41.08,-71.150002,2022-10-27,0145509de-ed6b-9073-9887-0af2b28b0534,USA,MR G,POTS_AND_TRAPS,FISHING,338229941,1.09,Stage 2,2022-10-01
41.11,-71.32,2022-08-05,c9804fdb4-469e-7f30-0a3f-044b6cc74b65,USA,KAREN ANN,SET_GILLNETS,FISHING,367105250,1.69,Stage 2,2022-08-01
41.04,-71.169998,2022-07-14,82b45c510-0107-84f6-4a90-fb32cbbcdd3c,USA,STELLA,POLE_AND_LINE,FISHING,338194028,1.1,Stage 2,2022-07-01
40.91,-71.160004,2022-07-26,e0f0d4e18-8203-ac4f-70be-7dd5946cbf29,USA,TAMI ANN,POLE_AND_LINE,FISHING,368168250,0.48,Stage 2,2022-07-01
41.05,-71.389999,2022-12-04,90b9eaea0-018d-1eaf-4055-36b770057d04,USA,GAIL FRANCES,INCONCLUSIVE,FISHING,366940990,2.98,Stage 2,2022-12-01
41.39,-71.269997,2022-07-14,cc83751ec-c92d-3712-ea87-a31cca1f910d,USA,ASHER AND ARIANA,TRAWLERS,FISHING,367522070,1.21,Stage 2,2022-07-01
41.01,-71.330002,2022-01-31,f24e7875f-f61b-0cbe-f53f-b179dd5b9c21,USA,LINDA MARIE,TRAWLERS,FISHING,367588040,1.07,Stage 2,2022-01-01
41.12,-71.260002,2022-10-12,d8bbf6380-05af-2b58-ca64-97ffb1eb319f,USA,ENTERPRISE,TRAWLERS,FISHING,367590310,1.05,Stage 2,2022-10-01
41.3,-71.400002,2022-04-21,d2d4a7623-3cb5-3aed-65b0-0866a70bfbb3,USA,OCEAN STATE,TRAWLERS,FISHING,366278770,0.91,Stage 2,2022-04-01
41.24,-71.150002,2022-09-28,ff3830e6a-a93e-1d34-b439-f9f742984f72,USA,DARANA R,FISHING,FISHING,367174730,9.61,Stage 2,2022-09-01
40.92,-71.360001,2022-05-01,f145d6b56-62bf-0ef6-570c-bb990c3c738f,USA,SEA WATCHER I,TRAWLERS,FISHING,367010820,0.88,Stage 2,2022-05-01
41.06,-71.389999,2022-04-25,59d8ab6e8-88ae-3379-7957-c3cf5af17475,USA,HOPE AND SYDNEY,TRAWLERS,FISHING,367084070,1.17,Stage 2,2022-04-01
41.05,-71.360001,2022-12-20,0145509de-ed6b-9073-9887-0af2b28b0534,USA,MR G,POTS_AND_TRAPS,FISHING,338229941,0.83,Stage 2,2022-12-01
41.1,-71.099998,2022-01-24,0145509de-ed6b-9073-9887-0af2b28b0534,USA,MR G,POTS_AND_TRAPS,FISHING,338229941,0.85,Stage 2,2022-01-01
41.31,-71.239998,2022-05-26,ff3830e6a-a93e-1d34-b439-f9f742984f72,USA,DARANA R,FISHING,FISHING,367174730,0.9,Stage 2,2022-05-01
41.36,-71.080002,2022-09-28,ff3830e6a-a93e-1d34-b439-f9f742984f72,USA,DARANA R,FISHING,FISHING,367174730,0.86,Stage 2,2022-09-01
41.24,-71.099998,2022-07-10,21d37d4ea-a9ad-6b49-0a4f-fc8627df4165,USA,HADLEY RUTH,FISHING,FISHING,367428520,1.03,Stage 2,2022-07-01
41.33,-71.239998,2022-05-16,2326efd2e-ef2b-34f0-f4e7-9a078f8cb4c4,USA,BELL SKY,TRAWLERS,FISHING,367637420,1.73,Stage 2,2022-05-01
41.15,-70.809998,2022-02-08,bdf59862d-dee2-4d2f-0d97-4983bcb3d066,USA,NOAA GLORIA MICHELLE,TRAWLERS,FISHING,338066383,1.02,Stage 2,2022-02-01
41.06,-71.379997,2022-04-09,2326efd2e-ef2b-34f0-f4e7-9a078f8cb4c4,USA,BELL SKY,TRAWLERS,FISHING,367637420,1.43,Stage 2,2022-04-01
41.01,-70.730003,2022-06-06,460bff8bc-c729-20f5-5a0e-e2a0612007e1,USA,ANN MARIE,SET_GILLNETS,FISHING,338132083,0.82,Stage 2,2022-06-01
40.87,-70.919998,2022-10-07,d6cb16d52-2235-0b55-44fb-a7b816eaa339,USA,MARISSA & JULIE,TRAWLERS,FISHING,368178230,2.41,Stage 2,2022-10-01
40.9,-70.970001,2022-10-12,d6cb16d52-2235-0b55-44fb-a7b816eaa339,USA,MARISSA & JULIE,TRAWLERS,FISHING,368178230,0.84,Stage 2,2022-10-01
40.96,-70.879997,2022-10-20,d6cb16d52-2235-0b55-44fb-a7b816eaa339,USA,MARISSA & JULIE,TRAWLERS,FISHING,368178230,5.17,Stage 2,2022-10-01
41.1,-71.260002,2022-08-04,39e6812c0-0518-8071-1e82-f5316c505a0f,USA,F/V STELLA MARIS,FIXED_GEAR,FISHING,367767060,0.78,Stage 2,2022-08-01
40.84,-70.870003,2022-03-18,1052830ff-f368-787b-026c-c4b72ab5cb1b,USA,MCKINLEY,FISHING,FISHING,367183240,0.8,Stage 2,2022-03-01
40.89,-70.839996,2022-12-14,25373aa10-051d-40cb-370e-680b29ed593f,USA,MISS EMMA,FIXED_GEAR,FISHING,368159010,6.6,Stage 2,2022-12-01
41.08,-71.379997,2022-05-25,d8bbf6380-05af-2b58-ca64-97ffb1eb319f,USA,ENTERPRISE,TRAWLERS,FISHING,367590310,1.21,Stage 2,2022-05-01
40.85,-71.059998,2022-10-07,98a18da89-9340-eb9e-e0da-a173dde68eb5,USA,UNITED STATES,TRAWLERS,FISHING,367198440,2.68,Stage 2,2022-10-01
41.32,-71.379997,2022-06-06,c9804fdb4-469e-7f30-0a3f-044b6cc74b65,USA,KAREN ANN,SET_GILLNETS,FISHING,367105250,0.76,Stage 2,2022-06-01
40.88,-70.879997,2022-05-30,d0eedd395-565b-d998-24e7-e6095fdc296f,USA,SHAMROCK,SET_GILLNETS,FISHING,367396080,0.86,Stage 2,2022-05-01
40.94,-71.169998,2022-07-30,6b96c9b8e-e06c-1716-2de8-ec4a7c1f65fc,USA,KATHY MARIE,FISHING,FISHING,366758680,1.12,Stage 2,2022-07-01
41.32,-71,2022-06-05,ff3830e6a-a93e-1d34-b439-f9f742984f72,USA,DARANA R,FISHING,FISHING,367174730,1.57,Stage 2,2022-06-01
41.32,-71.379997,2022-07-09,c9804fdb4-469e-7f30-0a3f-044b6cc74b65,USA,KAREN ANN,SET_GILLNETS,FISHING,367105250,2.9,Stage 2,2022-07-01
41.31,-71.389999,2022-06-06,c9804fdb4-469e-7f30-0a3f-044b6cc74b65,USA,KAREN ANN,SET_GILLNETS,FISHING,367105250,1.66,Stage 2,2022-06-01
41.14,-71.32,2022-07-30,59d8ab6e8-88ae-3379-7957-c3cf5af17475,USA,HOPE AND SYDNEY,TRAWLERS,FISHING,367084070,1.26,Stage 2,2022-07-01
40.9,-70.949997,2022-10-16,98a18da89-9340-eb9e-e0da-a173dde68eb5,USA,UNITED STATES,TRAWLERS,FISHING,367198440,0.91,Stage 2,2022-10-01
41.18,-71.25,2022-10-15,94a980510-01b3-625f-8524-0b3b93600b8c,USA,CODY,TRAWLERS,FISHING,367190280,1,Stage 2,2022-10-01
41.07,-71.169998,2022-11-24,b56aa2f1e-e0df-757a-7fb3-58a8ea5d5333,USA,EDWARD&JOSEPH,SET_GILLNETS,FISHING,368280420,0.73,Stage 2,2022-11-01
41.02,-70.790001,2022-11-02,d6cb16d52-2235-0b55-44fb-a7b816eaa339,USA,MARISSA & JULIE,TRAWLERS,FISHING,368178230,0.94,Stage 2,2022-11-01
41.18,-71.260002,2022-03-12,2326efd2e-ef2b-34f0-f4e7-9a078f8cb4c4,USA,BELL SKY,TRAWLERS,FISHING,367637420,1.2,Stage 2,2022-03-01
41.12,-71.239998,2022-10-12,d8bbf6380-05af-2b58-ca64-97ffb1eb319f,USA,ENTERPRISE,TRAWLERS,FISHING,367590310,1.11,Stage 2,2022-10-01
41.05,-71.379997,2022-08-01,59d8ab6e8-88ae-3379-7957-c3cf5af17475,USA,HOPE AND SYDNEY,TRAWLERS,FISHING,367084070,3.15,Stage 2,2022-08-01
41.2,-70.980003,2022-05-29,d9a3b251d-db12-2ab9-60a9-bc0a029a0701,USA,DEBBIE ANN,FISHING,FISHING,367313950,2.18,Stage 2,2022-05-01
41.09,-71.370003,2022-10-12,30039633e-e65b-e85b-a838-221883cbc42a,USA,HERITAGE,FISHING,FISHING,367142820,1.1,Stage 2,2022-10-01
41.07,-71.379997,2022-08-25,c11057b39-90b8-89c0-7f09-0f5a46f8d730,USA,BELL SKY,TRAWLERS,FISHING,367637420,0.63,Stage 2,2022-08-01
41.13,-71.330002,2022-08-19,39e6812c0-0518-8071-1e82-f5316c505a0f,USA,F/V STELLA MARIS,FIXED_GEAR,FISHING,367767060,1.14,Stage 2,2022-08-01
41.13,-71.300003,2022-05-18,d8bbf6380-05af-2b58-ca64-97ffb1eb319f,USA,ENTERPRISE,TRAWLERS,FISHING,367590310,0.93,Stage 2,2022-05-01
41.2,-71.360001,2022-07-22,39e6812c0-0518-8071-1e82-f5316c505a0f,USA,F/V STELLA MARIS,FIXED_GEAR,FISHING,367767060,0.84,Stage 2,2022-07-01
40.94,-70.989998,2022-02-11,410f103b3-3bf1-c50e-50ee-18fb85c0b8b9,USA,RAYDA CHERAMIE,FISHING,FISHING,366947090,3.22,Stage 2,2022-02-01
41.14,-71.349998,2022-05-01,fda33ad3b-b3d7-9afb-257d-126bd7b77f81,USA,LADY FRANCES,INCONCLUSIVE,FISHING,367155670,1.75,Stage 2,2022-05-01
41.1,-71.190002,2022-09-13,0145509de-ed6b-9073-9887-0af2b28b0534,USA,MR G,POTS_AND_TRAPS,FISHING,338229941,2.07,Stage 2,2022-09-01
40.98,-70.760002,2022-11-04,d6cb16d52-2235-0b55-44fb-a7b816eaa339,USA,MARISSA & JULIE,TRAWLERS,FISHING,368178230,2.33,Stage 2,2022-11-01
41.21,-71.209999,2022-10-12,d8bbf6380-05af-2b58-ca64-97ffb1eb319f,USA,ENTERPRISE,TRAWLERS,FISHING,367590310,1.16,Stage 2,2022-10-01
40.94,-71.160004,2022-08-03,88a7880a6-659f-2b76-7702-84aedad3a3d5,USA,MENEMSHA ROSE,FISHING,FISHING,368124390,0.65,Stage 2,2022-08-01
40.92,-71,2022-10-16,98a18da89-9340-eb9e-e0da-a173dde68eb5,USA,UNITED STATES,TRAWLERS,FISHING,367198440,1.23,Stage 2,2022-10-01
41.08,-71.18,2022-07-14,82b45c510-0107-84f6-4a90-fb32cbbcdd3c,USA,STELLA,POLE_AND_LINE,FISHING,338194028,2.01,Stage 2,2022-07-01
41.27,-70.970001,2022-05-29,d9a3b251d-db12-2ab9-60a9-bc0a029a0701,USA,DEBBIE ANN,FISHING,FISHING,367313950,1.16,Stage 2,2022-05-01
41.32,-71.239998,2022-05-26,ff3830e6a-a93e-1d34-b439-f9f742984f72,USA,DARANA R,FISHING,FISHING,367174730,3.15,Stage 2,2022-05-01
41.06,-70.980003,2022-08-19,5fd63feef-f5e1-8ef5-f76f-b08beeeb5fac,USA,MYSTIC WAY,FISHING,FISHING,367516830,1.04,Stage 2,2022-08-01
41.01,-70.919998,2022-11-03,98a18da89-9340-eb9e-e0da-a173dde68eb5,USA,UNITED STATES,TRAWLERS,FISHING,367198440,0.59,Stage 2,2022-11-01
41.06,-71.360001,2022-11-09,0145509de-ed6b-9073-9887-0af2b28b0534,USA,MR G,POTS_AND_TRAPS,FISHING,338229941,1.13,Stage 2,2022-11-01
41.35,-71.239998,2022-08-16,c11057b39-90b8-89c0-7f09-0f5a46f8d730,USA,BELL SKY,TRAWLERS,FISHING,367637420,1.46,Stage 2,2022-08-01
41.01,-70.82,2022-07-16,5fd63feef-f5e1-8ef5-f76f-b08beeeb5fac,USA,MYSTIC WAY,FISHING,FISHING,367516830,0.93,Stage 2,2022-07-01
40.95,-71.379997,2022-06-30,2326efd2e-ef2b-34f0-f4e7-9a078f8cb4c4,USA,BELL SKY,TRAWLERS,FISHING,367637420,0.35,Stage 2,2022-06-01
41.04,-71.32,2022-07-08,fda33ad3b-b3d7-9afb-257d-126bd7b77f81,USA,LADY FRANCES,INCONCLUSIVE,FISHING,367155670,0.98,Stage 2,2022-07-01
41.12,-71.330002,2022-03-09,2326efd2e-ef2b-34f0-f4e7-9a078f8cb4c4,USA,BELL SKY,TRAWLERS,FISHING,367637420,1.27,Stage 2,2022-03-01
41.36,-71.25,2022-05-19,2326efd2e-ef2b-34f0-f4e7-9a078f8cb4c4,USA,BELL SKY,TRAWLERS,FISHING,367637420,5.77,Stage 2,2022-05-01
40.95,-71.260002,2022-03-15,59d8ab6e8-88ae-3379-7957-c3cf5af17475,USA,HOPE AND SYDNEY,TRAWLERS,FISHING,367084070,1.12,Stage 2,2022-03-01
41.14,-71.349998,2022-04-23,fda33ad3b-b3d7-9afb-257d-126bd7b77f81,USA,LADY FRANCES,INCONCLUSIVE,FISHING,367155670,2.22,Stage 2,2022-04-01
41.1,-71.360001,2022-07-30,59d8ab6e8-88ae-3379-7957-c3cf5af17475,USA,HOPE AND SYDNEY,TRAWLERS,FISHING,367084070,0.72,Stage 2,2022-07-01
41.11,-71.339996,2022-07-30,59d8ab6e8-88ae-3379-7957-c3cf5af17475,USA,HOPE AND SYDNEY,TRAWLERS,FISHING,367084070,1.38,Stage 2,2022-07-01
40.96,-70.879997,2022-11-06,d6cb16d52-2235-0b55-44fb-a7b816eaa339,USA,MARISSA & JULIE,TRAWLERS,FISHING,368178230,2.42,Stage 2,2022-11-01
41.06,-71.379997,2022-04-25,59d8ab6e8-88ae-3379-7957-c3cf5af17475,USA,HOPE AND SYDNEY,TRAWLERS,FISHING,367084070,1.02,Stage 2,2022-04-01
40.97,-71.360001,2022-02-08,6ae903a95-5315-4633-05e6-edfa6b61c787,USA,PROUD MARY,TRAWLERS,FISHING,368102540,0.94,Stage 2,2022-02-01
41.32,-71.25,2022-07-21,c11057b39-90b8-89c0-7f09-0f5a46f8d730,USA,BELL SKY,TRAWLERS,FISHING,367637420,1.94,Stage 2,2022-07-01
41.04,-71.160004,2022-09-10,90b9eaea0-018d-1eaf-4055-36b770057d04,USA,GAIL FRANCES,INCONCLUSIVE,FISHING,366940990,0.61,Stage 2,2022-09-01
41.29,-70.949997,2022-06-05,ff3830e6a-a93e-1d34-b439-f9f742984f72,USA,DARANA R,FISHING,FISHING,367174730,0.97,Stage 2,2022-06-01
41.04,-71.120003,2022-07-16,76d201cbb-b14b-4796-9c75-75e74fac527d,USA,REEL CRAZY,POLE_AND_LINE,FISHING,367680840,0.68,Stage 2,2022-07-01
41.07,-71.279999,2022-07-29,fda33ad3b-b3d7-9afb-257d-126bd7b77f81,USA,LADY FRANCES,INCONCLUSIVE,FISHING,367155670,1.04,Stage 2,2022-07-01
41.22,-70.970001,2022-07-27,a60bb8c1a-a9cd-5892-2581-2bea9933c8e0,USA,NEW SEA ROVER,TRAWLERS,FISHING,367346010,5.97,Stage 2,2022-07-01
41.14,-71.360001,2022-04-30,fda33ad3b-b3d7-9afb-257d-126bd7b77f81,USA,LADY FRANCES,INCONCLUSIVE,FISHING,367155670,1.1,Stage 2,2022-04-01
40.92,-71.339996,2022-05-01,f145d6b56-62bf-0ef6-570c-bb990c3c738f,USA,SEA WATCHER I,TRAWLERS,FISHING,367010820,5.18,Stage 2,2022-05-01
40.97,-71.379997,2022-01-31,f24e7875f-f61b-0cbe-f53f-b179dd5b9c21,USA,LINDA MARIE,TRAWLERS,FISHING,367588040,2.97,Stage 2,2022-01-01
40.9,-70.910004,2022-10-16,98a18da89-9340-eb9e-e0da-a173dde68eb5,USA,UNITED STATES,TRAWLERS,FISHING,367198440,2.24,Stage 2,2022-10-01
40.93,-71.309998,2022-01-05,2326efd2e-ef2b-34f0-f4e7-9a078f8cb4c4,USA,BELL SKY,TRAWLERS,FISHING,367637420,5.89,Stage 2,2022-01-01
40.9,-71.239998,2022-07-14,6b96c9b8e-e06c-1716-2de8-ec4a7c1f65fc,USA,KATHY MARIE,FISHING,FISHING,366758680,1.26,Stage 2,2022-07-01
40.91,-71.010002,2022-10-15,d6cb16d52-2235-0b55-44fb-a7b816eaa339,USA,MARISSA & JULIE,TRAWLERS,FISHING,368178230,2.19,Stage 2,2022-10-01
41.12,-71.269997,2022-10-12,d8bbf6380-05af-2b58-ca64-97ffb1eb319f,USA,ENTERPRISE,TRAWLERS,FISHING,367590310,1.05,Stage 2,2022-10-01
40.89,-70.970001,2022-10-15,d6cb16d52-2235-0b55-44fb-a7b816eaa339,USA,MARISSA & JULIE,TRAWLERS,FISHING,368178230,1.12,Stage 2,2022-10-01
41.03,-70.82,2022-11-03,98a18da89-9340-eb9e-e0da-a173dde68eb5,USA,UNITED STATES,TRAWLERS,FISHING,367198440,1.09,Stage 2,2022-11-01
41.01,-70.830002,2022-11-04,98a18da89-9340-eb9e-e0da-a173dde68eb5,USA,UNITED STATES,TRAWLERS,FISHING,367198440,1.12,Stage 2,2022-11-01
41.04,-71.230003,2022-12-28,287fc1cbf-fbc0-3baa-ae98-f20768f5d10f,USA,VIKING STARSHIP,PASSENGER,PASSENGER,367661740,1.52,Stage 2,2022-12-01
41.02,-70.919998,2022-07-30,6b96c9b8e-e06c-1716-2de8-ec4a7c1f65fc,USA,KATHY MARIE,FISHING,FISHING,366758680,0.97,Stage 2,2022-07-01
41.32,-71.279999,2022-06-28,2326efd2e-ef2b-34f0-f4e7-9a078f8cb4c4,USA,BELL SKY,TRAWLERS,FISHING,367637420,3,Stage 2,2022-06-01
41.13,-71.300003,2022-06-07,1cabdf828-80d6-1456-b8ec-bef9e3144ace,USA,BULLDOG,FISHING,FISHING,368126420,0.71,Stage 2,2022-06-01
41.32,-71.260002,2022-06-24,2326efd2e-ef2b-34f0-f4e7-9a078f8cb4c4,USA,BELL SKY,TRAWLERS,FISHING,367637420,2.34,Stage 2,2022-06-01
41,-71.309998,2022-06-21,4f95fa8d9-93bb-0748-e166-751a185af5c2,USA,BLUE MOON,FISHING,FISHING,338251733,1.44,Stage 2,2022-06-01
41.22,-70.93,2022-06-08,a60bb8c1a-a9cd-5892-2581-2bea9933c8e0,USA,NEW SEA ROVER,TRAWLERS,FISHING,367346010,0.69,Stage 2,2022-06-01
41.12,-71.300003,2022-10-06,d8bbf6380-05af-2b58-ca64-97ffb1eb319f,USA,ENTERPRISE,TRAWLERS,FISHING,367590310,0.62,Stage 2,2022-10-01
40.87,-71.129997,2022-08-20,01cb82c60-0ac5-1e19-f436-98a40a63f1a5,USA,WATERPROOF,POLE_AND_LINE,FISHING,338019005,1.02,Stage 2,2022-08-01
41.01,-70.93,2022-07-03,1052830ff-f368-787b-026c-c4b72ab5cb1b,USA,MCKINLEY,FISHING,FISHING,367183240,2,Stage 2,2022-07-01
41.23,-70.910004,2022-07-22,ed3b7a7de-ee33-966a-b9ab-cdc5dfa7a4b7,USA,BLACK EARL,POTS_AND_TRAPS,FISHING,338413783,0.95,Stage 2,2022-07-01
41.25,-71.089996,2022-07-08,d8bbf6380-05af-2b58-ca64-97ffb1eb319f,USA,ENTERPRISE,TRAWLERS,FISHING,367590310,1.17,Stage 2,2022-07-01
40.89,-71,2022-10-16,98a18da89-9340-eb9e-e0da-a173dde68eb5,USA,UNITED STATES,TRAWLERS,FISHING,367198440,0.87,Stage 2,2022-10-01
41.25,-71,2022-07-09,cc83751ec-c92d-3712-ea87-a31cca1f910d,USA,ASHER AND ARIANA,TRAWLERS,FISHING,367522070,1.9,Stage 2,2022-07-01
41.17,-71.330002,2022-08-20,39e6812c0-0518-8071-1e82-f5316c505a0f,USA,F/V STELLA MARIS,FIXED_GEAR,FISHING,367767060,1.05,Stage 2,2022-08-01
41.22,-70.919998,2022-01-24,a60bb8c1a-a9cd-5892-2581-2bea9933c8e0,USA,NEW SEA ROVER,TRAWLERS,FISHING,367346010,1.07,Stage 2,2022-01-01
41.22,-71.190002,2022-07-08,d8bbf6380-05af-2b58-ca64-97ffb1eb319f,USA,ENTERPRISE,TRAWLERS,FISHING,367590310,1.01,Stage 2,2022-07-01
40.85,-70.959999,2022-10-07,d6cb16d52-2235-0b55-44fb-a7b816eaa339,USA,MARISSA & JULIE,TRAWLERS,FISHING,368178230,4.56,Stage 2,2022-10-01
41.04,-71.279999,2022-12-28,287fc1cbf-fbc0-3baa-ae98-f20768f5d10f,USA,VIKING STARSHIP,PASSENGER,PASSENGER,367661740,0.51,Stage 2,2022-12-01
41.32,-71.040001,2022-06-02,ff3830e6a-a93e-1d34-b439-f9f742984f72,USA,DARANA R,FISHING,FISHING,367174730,0.49,Stage 2,2022-06-01
41.04,-71.150002,2022-08-19,39e6812c0-0518-8071-1e82-f5316c505a0f,USA,F/V STELLA MARIS,FIXED_GEAR,FISHING,367767060,0.98,Stage 2,2022-08-01
40.92,-71.330002,2022-05-01,f145d6b56-62bf-0ef6-570c-bb990c3c738f,USA,SEA WATCHER I,TRAWLERS,FISHING,367010820,1.26,Stage 2,2022-05-01
41.18,-70.860001,2022-08-26,0a186176e-e821-5e8f-2999-c4450cc08eab,USA,PAMET,TRAWLERS,FISHING,368222740,1.33,Stage 2,2022-08-01
40.92,-71.220001,2022-10-23,39e6812c0-0518-8071-1e82-f5316c505a0f,USA,F/V STELLA MARIS,FIXED_GEAR,FISHING,367767060,0.98,Stage 2,2022-10-01
40.95,-70.989998,2022-06-19,d0eedd395-565b-d998-24e7-e6095fdc296f,USA,SHAMROCK,SET_GILLNETS,FISHING,367396080,7.98,Stage 2,2022-06-01
40.9,-71.209999,2022-07-23,01cb82c60-0ac5-1e19-f436-98a40a63f1a5,USA,WATERPROOF,POLE_AND_LINE,FISHING,338019005,0.86,Stage 2,2022-07-01
41.07,-71.300003,2022-10-27,0145509de-ed6b-9073-9887-0af2b28b0534,USA,MR G,POTS_AND_TRAPS,FISHING,338229941,0.81,Stage 2,2022-10-01
40.94,-70.970001,2022-10-07,98a18da89-9340-eb9e-e0da-a173dde68eb5,USA,UNITED STATES,TRAWLERS,FISHING,367198440,0.53,Stage 2,2022-10-01
41.01,-70.830002,2022-11-04,d6cb16d52-2235-0b55-44fb-a7b816eaa339,USA,MARISSA & JULIE,TRAWLERS,FISHING,368178230,2.13,Stage 2,2022-11-01
41.27,-70.989998,2022-07-09,cc83751ec-c92d-3712-ea87-a31cca1f910d,USA,ASHER AND ARIANA,TRAWLERS,FISHING,367522070,2.05,Stage 2,2022-07-01
41.18,-71.220001,2022-11-21,7eb1c3e98-8fae-4f83-6622-054b88c46da7,USA,TIMBER WOLF,FISHING,FISHING,367105430,1.03,Stage 2,2022-11-01
41.09,-71.370003,2022-04-25,59d8ab6e8-88ae-3379-7957-c3cf5af17475,USA,HOPE AND SYDNEY,TRAWLERS,FISHING,367084070,0.57,Stage 2,2022-04-01
41.31,-71.029999,2022-08-21,7eb1c3e98-8fae-4f83-6622-054b88c46da7,USA,TIMBER WOLF,FISHING,FISHING,367105430,0.95,Stage 2,2022-08-01
41.05,-71.379997,2022-03-09,d2d4a7623-3cb5-3aed-65b0-0866a70bfbb3,USA,OCEAN STATE,TRAWLERS,FISHING,366278770,2.14,Stage 2,2022-03-01
41.16,-71.32,2022-07-27,c9804fdb4-469e-7f30-0a3f-044b6cc74b65,USA,KAREN ANN,SET_GILLNETS,FISHING,367105250,0.46,Stage 2,2022-07-01
40.97,-70.720001,2022-06-06,460bff8bc-c729-20f5-5a0e-e2a0612007e1,USA,ANN MARIE,SET_GILLNETS,FISHING,338132083,1.12,Stage 2,2022-06-01
41.26,-71.029999,2022-10-25,5357ab58e-ef34-dd8a-c067-df55a587a786,USA,PERSEVERANCE,POLE_AND_LINE,FISHING,368257640,6.87,Stage 2,2022-10-01
41.05,-71.379997,2022-02-08,2326efd2e-ef2b-34f0-f4e7-9a078f8cb4c4,USA,BELL SKY,TRAWLERS,FISHING,367637420,1.37,Stage 2,2022-02-01
41.12,-71.32,2022-07-27,c9804fdb4-469e-7f30-0a3f-044b6cc74b65,USA,KAREN ANN,SET_GILLNETS,FISHING,367105250,1.14,Stage 2,2022-07-01
41.12,-71.309998,2022-07-08,c9804fdb4-469e-7f30-0a3f-044b6cc74b65,USA,KAREN ANN,SET_GILLNETS,FISHING,367105250,1.32,Stage 2,2022-07-01
41.13,-71.309998,2022-08-19,c9804fdb4-469e-7f30-0a3f-044b6cc74b65,USA,KAREN ANN,SET_GILLNETS,FISHING,367105250,4.25,Stage 2,2022-08-01
41.12,-71.330002,2022-07-13,59d8ab6e8-88ae-3379-7957-c3cf5af17475,USA,HOPE AND SYDNEY,TRAWLERS,FISHING,367084070,1.08,Stage 2,2022-07-01
41.31,-71.389999,2022-07-16,c9804fdb4-469e-7f30-0a3f-044b6cc74b65,USA,KAREN ANN,SET_GILLNETS,FISHING,367105250,0.83,Stage 2,2022-07-01
41.11,-71.150002,2022-10-27,0145509de-ed6b-9073-9887-0af2b28b0534,USA,MR G,POTS_AND_TRAPS,FISHING,338229941,0.45,Stage 2,2022-10-01
40.91,-71.370003,2022-05-02,f145d6b56-62bf-0ef6-570c-bb990c3c738f,USA,SEA WATCHER I,TRAWLERS,FISHING,367010820,1.17,Stage 2,2022-05-01
41.04,-71.230003,2022-10-16,90b9eaea0-018d-1eaf-4055-36b770057d04,USA,GAIL FRANCES,INCONCLUSIVE,FISHING,366940990,1.63,Stage 2,2022-10-01
41.04,-71.230003,2022-11-04,90b9eaea0-018d-1eaf-4055-36b770057d04,USA,GAIL FRANCES,INCONCLUSIVE,FISHING,366940990,1.74,Stage 2,2022-11-01
41.28,-71.400002,2022-05-19,2326efd2e-ef2b-34f0-f4e7-9a078f8cb4c4,USA,BELL SKY,TRAWLERS,FISHING,367637420,2.44,Stage 2,2022-05-01
40.89,-71,2022-10-16,d6cb16d52-2235-0b55-44fb-a7b816eaa339,USA,MARISSA & JULIE,TRAWLERS,FISHING,368178230,1.02,Stage 2,2022-10-01
41.34,-71.389999,2022-07-21,39e6812c0-0518-8071-1e82-f5316c505a0f,USA,F/V STELLA MARIS,FIXED_GEAR,FISHING,367767060,0.42,Stage 2,2022-07-01
40.87,-71.139999,2022-08-20,01cb82c60-0ac5-1e19-f436-98a40a63f1a5,USA,WATERPROOF,POLE_AND_LINE,FISHING,338019005,0.83,Stage 2,2022-08-01
41.31,-71.050003,2022-06-05,ff3830e6a-a93e-1d34-b439-f9f742984f72,USA,DARANA R,FISHING,FISHING,367174730,0.56,Stage 2,2022-06-01
41.24,-71.290001,2022-09-28,ff3830e6a-a93e-1d34-b439-f9f742984f72,USA,DARANA R,FISHING,FISHING,367174730,0.87,Stage 2,2022-09-01
41.24,-70.940002,2022-05-29,d9a3b251d-db12-2ab9-60a9-bc0a029a0701,USA,DEBBIE ANN,FISHING,FISHING,367313950,0.87,Stage 2,2022-05-01
40.89,-71.209999,2022-07-23,01cb82c60-0ac5-1e19-f436-98a40a63f1a5,USA,WATERPROOF,POLE_AND_LINE,FISHING,338019005,1.23,Stage 2,2022-07-01
41.09,-71.129997,2022-11-09,0145509de-ed6b-9073-9887-0af2b28b0534,USA,MR G,POTS_AND_TRAPS,FISHING,338229941,0.91,Stage 2,2022-11-01
41.26,-71.029999,2022-07-11,d8bbf6380-05af-2b58-ca64-97ffb1eb319f,USA,ENTERPRISE,TRAWLERS,FISHING,367590310,0.69,Stage 2,2022-07-01
41.05,-71.379997,2022-07-12,59d8ab6e8-88ae-3379-7957-c3cf5af17475,USA,HOPE AND SYDNEY,TRAWLERS,FISHING,367084070,0.86,Stage 2,2022-07-01
41.02,-71.389999,2022-01-31,6ae903a95-5315-4633-05e6-edfa6b61c787,USA,PROUD MARY,TRAWLERS,FISHING,368102540,0.77,Stage 2,2022-01-01
41.23,-71.269997,2022-09-29,ff3830e6a-a93e-1d34-b439-f9f742984f72,USA,DARANA R,FISHING,FISHING,367174730,1.05,Stage 2,2022-09-01
41.2,-71.230003,2022-10-11,cc83751ec-c92d-3712-ea87-a31cca1f910d,USA,ASHER AND ARIANA,TRAWLERS,FISHING,367522070,1.33,Stage 2,2022-10-01
41.12,-71.169998,2022-12-20,0145509de-ed6b-9073-9887-0af2b28b0534,USA,MR G,POTS_AND_TRAPS,FISHING,338229941,1.02,Stage 2,2022-12-01
40.9,-71.120003,2022-08-20,01cb82c60-0ac5-1e19-f436-98a40a63f1a5,USA,WATERPROOF,POLE_AND_LINE,FISHING,338019005,0.82,Stage 2,2022-08-01
40.87,-71.260002,2022-09-22,ec9538b38-830a-9923-c628-1b70537d6a7d,USA,JOCKA,TRAWLERS,FISHING,367551860,0.76,Stage 2,2022-09-01
40.97,-71.360001,2022-10-22,cc83751ec-c92d-3712-ea87-a31cca1f910d,USA,ASHER AND ARIANA,TRAWLERS,FISHING,367522070,1,Stage 2,2022-10-01
40.91,-71.110001,2022-08-20,01cb82c60-0ac5-1e19-f436-98a40a63f1a5,USA,WATERPROOF,POLE_AND_LINE,FISHING,338019005,1.08,Stage 2,2022-08-01
41.28,-71.410004,2022-06-28,2326efd2e-ef2b-34f0-f4e7-9a078f8cb4c4,USA,BELL SKY,TRAWLERS,FISHING,367637420,0.83,Stage 2,2022-06-01
41.24,-70.970001,2022-01-24,a60bb8c1a-a9cd-5892-2581-2bea9933c8e0,USA,NEW SEA ROVER,TRAWLERS,FISHING,367346010,1.11,Stage 2,2022-01-01
41.14,-71.290001,2022-10-12,cc83751ec-c92d-3712-ea87-a31cca1f910d,USA,ASHER AND ARIANA,TRAWLERS,FISHING,367522070,0.9,Stage 2,2022-10-01
41.33,-71.410004,2022-12-20,d8bbf6380-05af-2b58-ca64-97ffb1eb319f,USA,ENTERPRISE,TRAWLERS,FISHING,367590310,1.13,Stage 2,2022-12-01
41.19,-70.779999,2022-07-12,35eb371c0-088a-1382-098a-c7fea019d959,USA,STARBRITE,FISHING,FISHING,367707710,0.69,Stage 2,2022-07-01
41.31,-71.339996,2022-06-20,2326efd2e-ef2b-34f0-f4e7-9a078f8cb4c4,USA,BELL SKY,TRAWLERS,FISHING,367637420,1.24,Stage 2,2022-06-01
41.09,-71.370003,2022-08-19,fda33ad3b-b3d7-9afb-257d-126bd7b77f81,USA,LADY FRANCES,INCONCLUSIVE,FISHING,367155670,0.59,Stage 2,2022-08-01
41.14,-71.349998,2022-11-22,fda33ad3b-b3d7-9afb-257d-126bd7b77f81,USA,LADY FRANCES,INCONCLUSIVE,FISHING,367155670,2.23,Stage 2,2022-11-01
41.25,-71.040001,2022-07-09,d8bbf6380-05af-2b58-ca64-97ffb1eb319f,USA,ENTERPRISE,TRAWLERS,FISHING,367590310,0.97,Stage 2,2022-07-01
41.17,-71.300003,2022-10-07,d8bbf6380-05af-2b58-ca64-97ffb1eb319f,USA,ENTERPRISE,TRAWLERS,FISHING,367590310,0.88,Stage 2,2022-10-01
40.89,-70.93,2022-10-10,d6cb16d52-2235-0b55-44fb-a7b816eaa339,USA,MARISSA & JULIE,TRAWLERS,FISHING,368178230,12.74,Stage 2,2022-10-01
41.29,-71.400002,2022-09-28,d2d4a7623-3cb5-3aed-65b0-0866a70bfbb3,USA,OCEAN STATE,TRAWLERS,FISHING,366278770,1.67,Stage 2,2022-09-01
41.03,-71.18,2022-12-28,fda33ad3b-b3d7-9afb-257d-126bd7b77f81,USA,LADY FRANCES,INCONCLUSIVE,FISHING,367155670,1.76,Stage 2,2022-12-01
41.15,-71.290001,2022-05-01,d8bbf6380-05af-2b58-ca64-97ffb1eb319f,USA,ENTERPRISE,TRAWLERS,FISHING,367590310,0.58,Stage 2,2022-05-01
41.1,-71.199997,2022-12-05,b56aa2f1e-e0df-757a-7fb3-58a8ea5d5333,USA,EDWARD&JOSEPH,SET_GILLNETS,FISHING,368280420,0.95,Stage 2,2022-12-01
41.18,-71.25,2022-09-30,d8bbf6380-05af-2b58-ca64-97ffb1eb319f,USA,ENTERPRISE,TRAWLERS,FISHING,367590310,0.77,Stage 2,2022-09-01
41.11,-71.339996,2022-09-18,59d8ab6e8-88ae-3379-7957-c3cf5af17475,USA,HOPE AND SYDNEY,TRAWLERS,FISHING,367084070,2.44,Stage 2,2022-09-01
41.01,-70.720001,2022-06-06,460bff8bc-c729-20f5-5a0e-e2a0612007e1,USA,ANN MARIE,SET_GILLNETS,FISHING,338132083,1.01,Stage 2,2022-06-01
40.95,-71.349998,2022-05-19,da28a0113-3273-3a9f-10ab-097e617c5725,USA,JOHN & NICHOLAS,TRAWLERS,FISHING,367181750,0.77,Stage 2,2022-05-01
41.24,-71.110001,2022-07-09,d8bbf6380-05af-2b58-ca64-97ffb1eb319f,USA,ENTERPRISE,TRAWLERS,FISHING,367590310,2.73,Stage 2,2022-07-01
41.05,-71.379997,2022-04-14,2326efd2e-ef2b-34f0-f4e7-9a078f8cb4c4,USA,BELL SKY,TRAWLERS,FISHING,367637420,2.12,Stage 2,2022-04-01
41.1,-71.169998,2022-08-19,0145509de-ed6b-9073-9887-0af2b28b0534,USA,MR G,POTS_AND_TRAPS,FISHING,338229941,1.08,Stage 2,2022-08-01
40.9,-70.980003,2022-10-12,d6cb16d52-2235-0b55-44fb-a7b816eaa339,USA,MARISSA & JULIE,TRAWLERS,FISHING,368178230,0.95,Stage 2,2022-10-01
41.32,-71.019997,2022-09-21,ff3830e6a-a93e-1d34-b439-f9f742984f72,USA,DARANA R,FISHING,FISHING,367174730,3.53,Stage 2,2022-09-01
41.14,-70.849998,2022-05-25,d9a3b251d-db12-2ab9-60a9-bc0a029a0701,USA,DEBBIE ANN,FISHING,FISHING,367313950,1,Stage 2,2022-05-01
41.16,-71.300003,2022-12-22,cc83751ec-c92d-3712-ea87-a31cca1f910d,USA,ASHER AND ARIANA,TRAWLERS,FISHING,367522070,1.14,Stage 2,2022-12-01
40.9,-71.330002,2022-06-14,f145d6b56-62bf-0ef6-570c-bb990c3c738f,USA,SEA WATCHER I,TRAWLERS,FISHING,367010820,1.97,Stage 2,2022-06-01
41.26,-71.080002,2022-07-03,4f592e330-09eb-7660-bfba-e409cea93985,USA,STARLIGHT,TRAWLERS,FISHING,366953940,1.15,Stage 2,2022-07-01
40.96,-71.389999,2022-02-26,f24e7875f-f61b-0cbe-f53f-b179dd5b9c21,USA,LINDA MARIE,TRAWLERS,FISHING,367588040,2.06,Stage 2,2022-02-01
41.24,-71.050003,2022-03-11,3827a0be8-8b67-2d8a-7d21-916458c1309a,USA,FREEDOM,TRAWLERS,FISHING,368016810,0.51,Stage 2,2022-03-01
41.12,-71.309998,2022-07-31,39e6812c0-0518-8071-1e82-f5316c505a0f,USA,F/V STELLA MARIS,FIXED_GEAR,FISHING,367767060,7.9,Stage 2,2022-07-01
40.97,-71.260002,2022-08-22,88a7880a6-659f-2b76-7702-84aedad3a3d5,USA,MENEMSHA ROSE,FISHING,FISHING,368124390,2.44,Stage 2,2022-08-01
41.05,-71.379997,2022-06-20,2326efd2e-ef2b-34f0-f4e7-9a078f8cb4c4,USA,BELL SKY,TRAWLERS,FISHING,367637420,0.37,Stage 2,2022-06-01
41.1,-71.190002,2022-12-20,0145509de-ed6b-9073-9887-0af2b28b0534,USA,MR G,POTS_AND_TRAPS,FISHING,338229941,0.65,Stage 2,2022-12-01
40.86,-70.900002,2022-10-07,d6cb16d52-2235-0b55-44fb-a7b816eaa339,USA,MARISSA & JULIE,TRAWLERS,FISHING,368178230,1.47,Stage 2,2022-10-01
41.23,-70.940002,2022-06-08,a60bb8c1a-a9cd-5892-2581-2bea9933c8e0,USA,NEW SEA ROVER,TRAWLERS,FISHING,367346010,8.88,Stage 2,2022-06-01
40.89,-71.129997,2022-08-26,82b45c510-0107-84f6-4a90-fb32cbbcdd3c,USA,STELLA,POLE_AND_LINE,FISHING,338194028,1.48,Stage 2,2022-08-01
41.04,-71.230003,2022-10-12,90b9eaea0-018d-1eaf-4055-36b770057d04,USA,GAIL FRANCES,INCONCLUSIVE,FISHING,366940990,1.11,Stage 2,2022-10-01
41.11,-71.339996,2022-04-26,2326efd2e-ef2b-34f0-f4e7-9a078f8cb4c4,USA,BELL SKY,TRAWLERS,FISHING,367637420,1.62,Stage 2,2022-04-01
41.09,-71.190002,2022-12-05,b56aa2f1e-e0df-757a-7fb3-58a8ea5d5333,USA,EDWARD&JOSEPH,SET_GILLNETS,FISHING,368280420,1.11,Stage 2,2022-12-01
40.89,-71.239998,2022-07-14,6b96c9b8e-e06c-1716-2de8-ec4a7c1f65fc,USA,KATHY MARIE,FISHING,FISHING,366758680,0.79,Stage 2,2022-07-01
41.03,-71.18,2022-10-29,90b9eaea0-018d-1eaf-4055-36b770057d04,USA,GAIL FRANCES,INCONCLUSIVE,FISHING,366940990,2.59,Stage 2,2022-10-01
40.92,-71.339996,2022-05-02,f145d6b56-62bf-0ef6-570c-bb990c3c738f,USA,SEA WATCHER I,TRAWLERS,FISHING,367010820,1.87,Stage 2,2022-05-01
41.02,-71.379997,2022-01-31,6ae903a95-5315-4633-05e6-edfa6b61c787,USA,PROUD MARY,TRAWLERS,FISHING,368102540,1.35,Stage 2,2022-01-01
41.3,-71.239998,2022-10-13,94a980510-01b3-625f-8524-0b3b93600b8c,USA,CODY,TRAWLERS,FISHING,367190280,0.63,Stage 2,2022-10-01
41.06,-71.160004,2022-11-29,b56aa2f1e-e0df-757a-7fb3-58a8ea5d5333,USA,EDWARD&JOSEPH,SET_GILLNETS,FISHING,368280420,1.97,Stage 2,2022-11-01
40.97,-71.010002,2022-08-12,88a7880a6-659f-2b76-7702-84aedad3a3d5,USA,MENEMSHA ROSE,FISHING,FISHING,368124390,1.76,Stage 2,2022-08-01
41.29,-71.389999,2022-07-16,c9804fdb4-469e-7f30-0a3f-044b6cc74b65,USA,KAREN ANN,SET_GILLNETS,FISHING,367105250,0.56,Stage 2,2022-07-01
41,-70.910004,2022-11-03,d6cb16d52-2235-0b55-44fb-a7b816eaa339,USA,MARISSA & JULIE,TRAWLERS,FISHING,368178230,1.27,Stage 2,2022-11-01
41.36,-71.25,2022-05-31,2326efd2e-ef2b-34f0-f4e7-9a078f8cb4c4,USA,BELL SKY,TRAWLERS,FISHING,367637420,1.13,Stage 2,2022-05-01
41.22,-71.129997,2022-08-31,a9181364b-b277-385e-9353-e8c31460020f,USA,SEAFARER,TRAWLERS,FISHING,367179650,1.37,Stage 2,2022-08-01
41.15,-71.290001,2022-08-04,39e6812c0-0518-8071-1e82-f5316c505a0f,USA,F/V STELLA MARIS,FIXED_GEAR,FISHING,367767060,0.75,Stage 2,2022-08-01
41.05,-71.389999,2022-10-21,90b9eaea0-018d-1eaf-4055-36b770057d04,USA,GAIL FRANCES,INCONCLUSIVE,FISHING,366940990,2.23,Stage 2,2022-10-01
41.05,-71.379997,2022-03-05,59d8ab6e8-88ae-3379-7957-c3cf5af17475,USA,HOPE AND SYDNEY,TRAWLERS,FISHING,367084070,0.68,Stage 2,2022-03-01
41.27,-70.980003,2022-05-29,d9a3b251d-db12-2ab9-60a9-bc0a029a0701,USA,DEBBIE ANN,FISHING,FISHING,367313950,1.54,Stage 2,2022-05-01
41.13,-71.32,2022-08-24,c11057b39-90b8-89c0-7f09-0f5a46f8d730,USA,BELL SKY,TRAWLERS,FISHING,367637420,4.75,Stage 2,2022-08-01
41.36,-71.260002,2022-05-30,2326efd2e-ef2b-34f0-f4e7-9a078f8cb4c4,USA,BELL SKY,TRAWLERS,FISHING,367637420,0.54,Stage 2,2022-05-01
41.13,-71.32,2022-03-09,2326efd2e-ef2b-34f0-f4e7-9a078f8cb4c4,USA,BELL SKY,TRAWLERS,FISHING,367637420,0.49,Stage 2,2022-03-01
41.29,-71.400002,2022-05-26,f24e7875f-f61b-0cbe-f53f-b179dd5b9c21,USA,LINDA MARIE,TRAWLERS,FISHING,367588040,0.44,Stage 2,2022-05-01
41.36,-71.260002,2022-07-27,d12a18828-8cbb-8887-d07d-bea9f8e76229,USA,F/V HOPEFULL,TRAWLERS,FISHING,367325850,1.07,Stage 2,2022-07-01
41.22,-70.959999,2022-06-08,a60bb8c1a-a9cd-5892-2581-2bea9933c8e0,USA,NEW SEA ROVER,TRAWLERS,FISHING,367346010,0.61,Stage 2,2022-06-01
41.05,-71.389999,2022-03-11,3827a0be8-8b67-2d8a-7d21-916458c1309a,USA,FREEDOM,TRAWLERS,FISHING,368016810,0.97,Stage 2,2022-03-01
41.15,-71.290001,2022-05-18,d8bbf6380-05af-2b58-ca64-97ffb1eb319f,USA,ENTERPRISE,TRAWLERS,FISHING,367590310,1.33,Stage 2,2022-05-01
41.31,-71.330002,2022-06-24,2326efd2e-ef2b-34f0-f4e7-9a078f8cb4c4,USA,BELL SKY,TRAWLERS,FISHING,367637420,3.03,Stage 2,2022-06-01
41,-71.379997,2023-03-02,0f7722a2a-a931-1550-0aef-e7ec8e1ddb44,USA,MATTIE AND MAREN II,TRAWLERS,FISHING,368285650,1.22,Stage 2,2023-03-01
40.94,-71.389999,2023-01-22,0f7722a2a-a931-1550-0aef-e7ec8e1ddb44,USA,MATTIE AND MAREN II,TRAWLERS,FISHING,368285650,2.84,Stage 2,2023-01-01
41,-71.230003,2023-03-02,0f7722a2a-a931-1550-0aef-e7ec8e1ddb44,USA,MATTIE AND MAREN II,TRAWLERS,FISHING,368285650,1.54,Stage 2,2023-03-01
41.01,-71.339996,2023-01-31,0f7722a2a-a931-1550-0aef-e7ec8e1ddb44,USA,MATTIE AND MAREN II,TRAWLERS,FISHING,368285650,3.06,Stage 2,2023-01-01
41,-71.279999,2023-01-12,0f7722a2a-a931-1550-0aef-e7ec8e1ddb44,USA,MATTIE AND MAREN II,TRAWLERS,FISHING,368285650,5.54,Stage 2,2023-01-01
40.97,-71.269997,2023-02-01,8b6586286-6c3e-b72b-ab96-cd895fbeede6,USA,EMILIA ROSE,TRAWLERS,FISHING,367087060,1.22,Stage 2,2023-02-01
41,-71.389999,2023-03-02,0f7722a2a-a931-1550-0aef-e7ec8e1ddb44,USA,MATTIE AND MAREN II,TRAWLERS,FISHING,368285650,3.37,Stage 2,2023-03-01
41.01,-71.010002,2023-01-15,9fa6e011f-f085-03c0-f32a-6c4a0266e9ed,USA,BENTHIC HARVESTER,FIXED_GEAR,FISHING,368284160,0.97,Stage 2,2023-01-01
41.04,-71.370003,2023-01-19,0145509de-ed6b-9073-9887-0af2b28b0534,USA,MR G,POTS_AND_TRAPS,FISHING,338229941,0.68,Stage 2,2023-01-01
41.01,-71.32,2023-01-12,0f7722a2a-a931-1550-0aef-e7ec8e1ddb44,USA,MATTIE AND MAREN II,TRAWLERS,FISHING,368285650,3.26,Stage 2,2023-01-01
40.84,-71,2023-01-15,9fa6e011f-f085-03c0-f32a-6c4a0266e9ed,USA,BENTHIC HARVESTER,FIXED_GEAR,FISHING,368284160,0.89,Stage 2,2023-01-01
40.94,-71.150002,2023-03-31,88a7880a6-659f-2b76-7702-84aedad3a3d5,USA,MENEMSHA ROSE,FISHING,FISHING,368124390,3.76,Stage 2,2023-03-01
40.92,-71,2023-01-15,9fa6e011f-f085-03c0-f32a-6c4a0266e9ed,USA,BENTHIC HARVESTER,FIXED_GEAR,FISHING,368284160,1.17,Stage 2,2023-01-01
40.93,-71.269997,2023-03-10,f145d6b56-62bf-0ef6-570c-bb990c3c738f,USA,SEA WATCHER I,TRAWLERS,FISHING,367010820,2.31,Stage 2,2023-03-01
40.8,-71.040001,2023-02-15,72fd7980a-a343-edb1-6067-b80a1e1b3c43,USA,ARGO,SET_GILLNETS,FISHING,338350046,4.18,Stage 2,2023-02-01
41.05,-71.360001,2023-01-19,0145509de-ed6b-9073-9887-0af2b28b0534,USA,MR G,POTS_AND_TRAPS,FISHING,338229941,2.38,Stage 2,2023-01-01
41.01,-71.269997,2023-01-18,0f7722a2a-a931-1550-0aef-e7ec8e1ddb44,USA,MATTIE AND MAREN II,TRAWLERS,FISHING,368285650,1.02,Stage 2,2023-01-01
40.96,-71.029999,2023-03-22,fd96b30e3-3f77-f437-8122-20e7744dfdb4,USA,TIMBERLINE,DREDGE_FISHING,FISHING,367071460,12.91,Stage 2,2023-03-01
40.96,-71.309998,2023-03-27,0f7722a2a-a931-1550-0aef-e7ec8e1ddb44,USA,MATTIE AND MAREN II,TRAWLERS,FISHING,368285650,3.73,Stage 2,2023-03-01
40.9,-71.239998,2023-03-31,88a7880a6-659f-2b76-7702-84aedad3a3d5,USA,MENEMSHA ROSE,FISHING,FISHING,368124390,1.61,Stage 2,2023-03-01
41.02,-71.379997,2023-01-18,b91c9478b-bfa0-844e-f949-ccea31ce5ac1,USA,ELIZ AND KATHERINE,TRAWLERS,FISHING,367542540,0.37,Stage 2,2023-01-01
41,-71.330002,2023-01-18,b91c9478b-bfa0-844e-f949-ccea31ce5ac1,USA,ELIZ AND KATHERINE,TRAWLERS,FISHING,367542540,0.81,Stage 2,2023-01-01
41,-71.32,2023-03-02,0f7722a2a-a931-1550-0aef-e7ec8e1ddb44,USA,MATTIE AND MAREN II,TRAWLERS,FISHING,368285650,2.45,Stage 2,2023-03-01
41,-71.32,2023-01-12,0f7722a2a-a931-1550-0aef-e7ec8e1ddb44,USA,MATTIE AND MAREN II,TRAWLERS,FISHING,368285650,0.57,Stage 2,2023-01-01
40.95,-71.389999,2023-01-22,0f7722a2a-a931-1550-0aef-e7ec8e1ddb44,USA,MATTIE AND MAREN II,TRAWLERS,FISHING,368285650,6.05,Stage 2,2023-01-01
40.97,-71.209999,2023-03-31,88a7880a6-659f-2b76-7702-84aedad3a3d5,USA,MENEMSHA ROSE,FISHING,FISHING,368124390,1.27,Stage 2,2023-03-01
41.07,-71.400002,2023-03-22,0145509de-ed6b-9073-9887-0af2b28b0534,USA,MR G,POTS_AND_TRAPS,FISHING,338229941,0.99,Stage 2,2023-03-01
40.98,-71.010002,2023-03-31,88a7880a6-659f-2b76-7702-84aedad3a3d5,USA,MENEMSHA ROSE,FISHING,FISHING,368124390,1.37,Stage 2,2023-03-01
41.01,-71.260002,2023-01-11,0f7722a2a-a931-1550-0aef-e7ec8e1ddb44,USA,MATTIE AND MAREN II,TRAWLERS,FISHING,368285650,2.45,Stage 2,2023-01-01
40.94,-71.379997,2023-01-11,d6cb16d52-2235-0b55-44fb-a7b816eaa339,USA,MARISSA & JULIE,TRAWLERS,FISHING,368178230,2.1,Stage 2,2023-01-01
41.09,-71.139999,2023-03-23,6b96c9b8e-e06c-1716-2de8-ec4a7c1f65fc,USA,KATHY MARIE,FISHING,FISHING,366758680,1.92,Stage 2,2023-03-01
40.96,-71.349998,2023-02-01,8b6586286-6c3e-b72b-ab96-cd895fbeede6,USA,EMILIA ROSE,TRAWLERS,FISHING,367087060,2.9,Stage 2,2023-02-01
40.98,-71.269997,2023-02-01,8b6586286-6c3e-b72b-ab96-cd895fbeede6,USA,EMILIA ROSE,TRAWLERS,FISHING,367087060,0.44,Stage 2,2023-02-01
41.12,-71.18,2023-01-19,0145509de-ed6b-9073-9887-0af2b28b0534,USA,MR G,POTS_AND_TRAPS,FISHING,338229941,0.6,Stage 2,2023-01-01
41.06,-71.349998,2023-01-19,0145509de-ed6b-9073-9887-0af2b28b0534,USA,MR G,POTS_AND_TRAPS,FISHING,338229941,0.42,Stage 2,2023-01-01
41.14,-71.360001,2023-03-10,90b9eaea0-018d-1eaf-4055-36b770057d04,USA,GAIL FRANCES,INCONCLUSIVE,FISHING,366940990,0.82,Stage 2,2023-03-01
41.01,-71.349998,2023-01-17,0f7722a2a-a931-1550-0aef-e7ec8e1ddb44,USA,MATTIE AND MAREN II,TRAWLERS,FISHING,368285650,1.09,Stage 2,2023-01-01
40.96,-71.080002,2023-03-31,88a7880a6-659f-2b76-7702-84aedad3a3d5,USA,MENEMSHA ROSE,FISHING,FISHING,368124390,2.51,Stage 2,2023-03-01
40.95,-71.330002,2023-01-11,d6cb16d52-2235-0b55-44fb-a7b816eaa339,USA,MARISSA & JULIE,TRAWLERS,FISHING,368178230,2.47,Stage 2,2023-01-01
41,-71.309998,2023-01-18,0f7722a2a-a931-1550-0aef-e7ec8e1ddb44,USA,MATTIE AND MAREN II,TRAWLERS,FISHING,368285650,1.03,Stage 2,2023-01-01
41,-71.32,2023-01-31,0f7722a2a-a931-1550-0aef-e7ec8e1ddb44,USA,MATTIE AND MAREN II,TRAWLERS,FISHING,368285650,1.17,Stage 2,2023-01-01
41,-71.309998,2023-03-02,0f7722a2a-a931-1550-0aef-e7ec8e1ddb44,USA,MATTIE AND MAREN II,TRAWLERS,FISHING,368285650,1.47,Stage 2,2023-03-01
41.12,-70.910004,2023-03-31,88a7880a6-659f-2b76-7702-84aedad3a3d5,USA,MENEMSHA ROSE,FISHING,FISHING,368124390,0.84,Stage 2,2023-03-01
41.07,-71.18,2023-02-12,0145509de-ed6b-9073-9887-0af2b28b0534,USA,MR G,POTS_AND_TRAPS,FISHING,338229941,1.22,Stage 2,2023-02-01
41.1,-71.099998,2023-02-12,0145509de-ed6b-9073-9887-0af2b28b0534,USA,MR G,POTS_AND_TRAPS,FISHING,338229941,0.97,Stage 2,2023-02-01
40.94,-71.379997,2023-01-22,d6cb16d52-2235-0b55-44fb-a7b816eaa339,USA,MARISSA & JULIE,TRAWLERS,FISHING,368178230,1.63,Stage 2,2023-01-01
41.01,-71.290001,2023-01-18,b91c9478b-bfa0-844e-f949-ccea31ce5ac1,USA,ELIZ AND KATHERINE,TRAWLERS,FISHING,367542540,0.77,Stage 2,2023-01-01
41.08,-71.379997,2023-03-02,0f7722a2a-a931-1550-0aef-e7ec8e1ddb44,USA,MATTIE AND MAREN II,TRAWLERS,FISHING,368285650,4.88,Stage 2,2023-03-01
41.06,-71.360001,2023-03-22,0145509de-ed6b-9073-9887-0af2b28b0534,USA,MR G,POTS_AND_TRAPS,FISHING,338229941,1.08,Stage 2,2023-03-01
41.12,-71.169998,2023-01-19,0145509de-ed6b-9073-9887-0af2b28b0534,USA,MR G,POTS_AND_TRAPS,FISHING,338229941,0.94,Stage 2,2023-01-01
41,-71.300003,2023-02-01,943ab90cb-b546-44a3-62a6-6f2035449a91,USA,STORMY ELIZABETH,FISHING,FISHING,367151950,3.62,Stage 2,2023-02-01
41.1,-71.110001,2023-02-12,0145509de-ed6b-9073-9887-0af2b28b0534,USA,MR G,POTS_AND_TRAPS,FISHING,338229941,0.52,Stage 2,2023-02-01
41,-71.32,2023-02-01,8b6586286-6c3e-b72b-ab96-cd895fbeede6,USA,EMILIA ROSE,TRAWLERS,FISHING,367087060,0.88,Stage 2,2023-02-01
41.12,-71.18,2023-03-22,0145509de-ed6b-9073-9887-0af2b28b0534,USA,MR G,POTS_AND_TRAPS,FISHING,338229941,0.47,Stage 2,2023-03-01
41.12,-71.18,2023-02-12,0145509de-ed6b-9073-9887-0af2b28b0534,USA,MR G,POTS_AND_TRAPS,FISHING,338229941,0.84,Stage 2,2023-02-01
41.05,-71.389999,2023-01-02,fda33ad3b-b3d7-9afb-257d-126bd7b77f81,USA,LADY FRANCES,INCONCLUSIVE,FISHING,367155670,1.01,Stage 2,2023-01-01
41.1,-71.129997,2023-03-23,6b96c9b8e-e06c-1716-2de8-ec4a7c1f65fc,USA,KATHY MARIE,FISHING,FISHING,366758680,0.51,Stage 2,2023-03-01
40.96,-71.330002,2023-03-28,0f7722a2a-a931-1550-0aef-e7ec8e1ddb44,USA,MATTIE AND MAREN II,TRAWLERS,FISHING,368285650,5.62,Stage 2,2023-03-01
41.02,-71.389999,2023-01-18,0f7722a2a-a931-1550-0aef-e7ec8e1ddb44,USA,MATTIE AND MAREN II,TRAWLERS,FISHING,368285650,0.79,Stage 2,2023-01-01
41.09,-71.169998,2023-01-30,7eb1c3e98-8fae-4f83-6622-054b88c46da7,USA,TIMBER WOLF,FISHING,FISHING,367105430,5.05,Stage 2,2023-01-01
40.98,-71.269997,2023-01-11,d6cb16d52-2235-0b55-44fb-a7b816eaa339,USA,MARISSA & JULIE,TRAWLERS,FISHING,368178230,2.61,Stage 2,2023-01-01
40.95,-71.099998,2023-03-31,88a7880a6-659f-2b76-7702-84aedad3a3d5,USA,MENEMSHA ROSE,FISHING,FISHING,368124390,0.97,Stage 2,2023-03-01
41.01,-71.339996,2023-01-17,0f7722a2a-a931-1550-0aef-e7ec8e1ddb44,USA,MATTIE AND MAREN II,TRAWLERS,FISHING,368285650,1.89,Stage 2,2023-01-01
41.1,-71.129997,2023-01-19,0145509de-ed6b-9073-9887-0af2b28b0534,USA,MR G,POTS_AND_TRAPS,FISHING,338229941,1.05,Stage 2,2023-01-01
40.93,-71,2023-01-15,9fa6e011f-f085-03c0-f32a-6c4a0266e9ed,USA,BENTHIC HARVESTER,FIXED_GEAR,FISHING,368284160,0.96,Stage 2,2023-01-01
41.02,-71.379997,2023-01-18,0f7722a2a-a931-1550-0aef-e7ec8e1ddb44,USA,MATTIE AND MAREN II,TRAWLERS,FISHING,368285650,2.16,Stage 2,2023-01-01
41,-71.370003,2023-01-12,0f7722a2a-a931-1550-0aef-e7ec8e1ddb44,USA,MATTIE AND MAREN II,TRAWLERS,FISHING,368285650,3.12,Stage 2,2023-01-01
41,-71.370003,2023-03-02,0f7722a2a-a931-1550-0aef-e7ec8e1ddb44,USA,MATTIE AND MAREN II,TRAWLERS,FISHING,368285650,0.86,Stage 2,2023-03-01
40.95,-71.389999,2023-03-28,0f7722a2a-a931-1550-0aef-e7ec8e1ddb44,USA,MATTIE AND MAREN II,TRAWLERS,FISHING,368285650,3.78,Stage 2,2023-03-01
41.05,-71.370003,2023-03-22,0145509de-ed6b-9073-9887-0af2b28b0534,USA,MR G,POTS_AND_TRAPS,FISHING,338229941,1.19,Stage 2,2023-03-01
41.21,-71.309998,2023-03-03,0145509de-ed6b-9073-9887-0af2b28b0534,USA,MR G,POTS_AND_TRAPS,FISHING,338229941,0.93,Stage 2,2023-03-01
41.02,-71.260002,2023-01-18,b91c9478b-bfa0-844e-f949-ccea31ce5ac1,USA,ELIZ AND KATHERINE,TRAWLERS,FISHING,367542540,1.02,Stage 2,2023-01-01
41.17,-71.360001,2023-01-08,fda33ad3b-b3d7-9afb-257d-126bd7b77f81,USA,LADY FRANCES,INCONCLUSIVE,FISHING,367155670,0.35,Stage 2,2023-01-01
41,-71.32,2023-01-11,0f7722a2a-a931-1550-0aef-e7ec8e1ddb44,USA,MATTIE AND MAREN II,TRAWLERS,FISHING,368285650,1.06,Stage 2,2023-01-01
40.96,-71.330002,2023-01-11,d6cb16d52-2235-0b55-44fb-a7b816eaa339,USA,MARISSA & JULIE,TRAWLERS,FISHING,368178230,2.7,Stage 2,2023-01-01
40.92,-71.290001,2023-03-10,f145d6b56-62bf-0ef6-570c-bb990c3c738f,USA,SEA WATCHER I,TRAWLERS,FISHING,367010820,8.81,Stage 2,2023-03-01
41.02,-71.360001,2023-01-12,0f7722a2a-a931-1550-0aef-e7ec8e1ddb44,USA,MATTIE AND MAREN II,TRAWLERS,FISHING,368285650,0.93,Stage 2,2023-01-01
41.03,-71.379997,2023-02-01,8b6586286-6c3e-b72b-ab96-cd895fbeede6,USA,EMILIA ROSE,TRAWLERS,FISHING,367087060,1.13,Stage 2,2023-02-01
41.1,-71.120003,2023-03-22,0145509de-ed6b-9073-9887-0af2b28b0534,USA,MR G,POTS_AND_TRAPS,FISHING,338229941,1.72,Stage 2,2023-03-01
41.01,-71.300003,2023-01-18,b91c9478b-bfa0-844e-f949-ccea31ce5ac1,USA,ELIZ AND KATHERINE,TRAWLERS,FISHING,367542540,1.62,Stage 2,2023-01-01
40.9,-71.290001,2023-03-10,f145d6b56-62bf-0ef6-570c-bb990c3c738f,USA,SEA WATCHER I,TRAWLERS,FISHING,367010820,4.95,Stage 2,2023-03-01
40.79,-70.989998,2023-01-15,9fa6e011f-f085-03c0-f32a-6c4a0266e9ed,USA,BENTHIC HARVESTER,FIXED_GEAR,FISHING,368284160,0.97,Stage 2,2023-01-01
41.11,-71.139999,2023-01-19,0145509de-ed6b-9073-9887-0af2b28b0534,USA,MR G,POTS_AND_TRAPS,FISHING,338229941,1.25,Stage 2,2023-01-01
41.01,-71.260002,2023-01-31,0f7722a2a-a931-1550-0aef-e7ec8e1ddb44,USA,MATTIE AND MAREN II,TRAWLERS,FISHING,368285650,3.1,Stage 2,2023-01-01
41,-71.139999,2023-03-31,88a7880a6-659f-2b76-7702-84aedad3a3d5,USA,MENEMSHA ROSE,FISHING,FISHING,368124390,0.75,Stage 2,2023-03-01
40.91,-70.93,2023-03-31,88a7880a6-659f-2b76-7702-84aedad3a3d5,USA,MENEMSHA ROSE,FISHING,FISHING,368124390,1.2,Stage 2,2023-03-01
41.05,-71.379997,2023-03-10,6ae903a95-5315-4633-05e6-edfa6b61c787,USA,PROUD MARY,TRAWLERS,FISHING,368102540,3.55,Stage 2,2023-03-01
41.02,-71.269997,2023-03-31,88a7880a6-659f-2b76-7702-84aedad3a3d5,USA,MENEMSHA ROSE,FISHING,FISHING,368124390,3.58,Stage 2,2023-03-01
41,-71.360001,2023-03-27,0f7722a2a-a931-1550-0aef-e7ec8e1ddb44,USA,MATTIE AND MAREN II,TRAWLERS,FISHING,368285650,1.26,Stage 2,2023-03-01
41.01,-71.330002,2023-01-18,0f7722a2a-a931-1550-0aef-e7ec8e1ddb44,USA,MATTIE AND MAREN II,TRAWLERS,FISHING,368285650,1.02,Stage 2,2023-01-01
41.09,-71.370003,2023-02-21,6ae903a95-5315-4633-05e6-edfa6b61c787,USA,PROUD MARY,TRAWLERS,FISHING,368102540,20.23,Stage 2,2023-02-01
41.02,-71.379997,2023-01-17,0f7722a2a-a931-1550-0aef-e7ec8e1ddb44,USA,MATTIE AND MAREN II,TRAWLERS,FISHING,368285650,1.12,Stage 2,2023-01-01
40.89,-71.32,2023-01-30,0f7722a2a-a931-1550-0aef-e7ec8e1ddb44,USA,MATTIE AND MAREN II,TRAWLERS,FISHING,368285650,2.28,Stage 2,2023-01-01
40.83,-70.959999,2023-02-22,88a7880a6-659f-2b76-7702-84aedad3a3d5,USA,MENEMSHA ROSE,FISHING,FISHING,368124390,5.73,Stage 2,2023-02-01
40.93,-71.389999,2023-01-07,d6cb16d52-2235-0b55-44fb-a7b816eaa339,USA,MARISSA & JULIE,TRAWLERS,FISHING,368178230,3.42,Stage 2,2023-01-01
40.92,-71.349998,2023-03-17,a60bb8c1a-a9cd-5892-2581-2bea9933c8e0,USA,NEW SEA ROVER,TRAWLERS,FISHING,367346010,0.78,Stage 2,2023-03-01
40.89,-70.940002,2023-02-24,57966a098-8f46-c905-cee4-cef7e60af81c,USA,RELENTLESS,FISHING,FISHING,367394060,14.55,Stage 2,2023-02-01
