Lat,Lon,Time Range,Vessel ID,Flag,Vessel Name,Gear Type,Vessel Type,MMSI,Apparent Fishing Hours,Development Stage,Year Month
40.95,-71.389999,2016-12-22,33ff8cfa3-3333-eaff-9333-6cdc72d2468f,USA,F/V SAO JACINTO,TRAWLERS,FISHING,367312670,0.86,Stage 1,2016-12-01
40.93,-71.110001,2016-10-08,3f27d2108-864a-b211-81d9-713270af0b4a,USA,F/V DINAH JANE,TRAWLERS,FISHING,367310080,1.26,Stage 1,2016-10-01
41.03,-71.18,2016-09-23,90b9eaea0-018d-1eaf-4055-36b770057d04,USA,GAIL FRANCES,INCONCLUSIVE,FISHING,366940990,1.35,Stage 1,2016-09-01
41.31,-71.379997,2016-08-28,36173efb2-29a8-c9aa-9051-86a8f7b52a89,USA,SUSAN ROSE,FISHING,FISHING,366103960,2.8,Stage 1,2016-08-01
40.89,-70.800003,2016-09-18,da28a0113-3273-3a9f-10ab-097e617c5725,USA,JOHN & NICHOLAS,TRAWLERS,FISHING,367181750,0.98,Stage 1,2016-09-01
41.28,-71.379997,2016-08-27,419d86568-8982-aff9-21b2-d6e9a7fedeed,USA,SEVEN SEAS,NA,FISHING,367624610,0.83,Stage 1,2016-08-01
40.95,-70.739998,2016-09-11,130bd7807-7881-49c7-fe2a-3f734bcbe8dc,USA,OCEAN BLUE,TRAWLERS,FISHING,367083130,0.62,Stage 1,2016-09-01
40.97,-71.379997,2016-12-07,da28a0113-3273-3a9f-10ab-097e617c5725,USA,JOHN & NICHOLAS,TRAWLERS,FISHING,367181750,3.61,Stage 1,2016-12-01
41.22,-71.279999,2016-10-03,80c93a995-5867-33f1-9459-368ca9fa6bc9,USA,F/V BLUE OCEAN,TRAWLERS,FISHING,367670220,3.57,Stage 1,2016-10-01
41.16,-71.230003,2016-08-08,fd96b30e3-3f77-f437-8122-20e7744dfdb4,USA,TIMBERLINE,DREDGE_FISHING,FISHING,367071460,0.88,Stage 1,2016-08-01
41.03,-71.18,2016-10-07,90b9eaea0-018d-1eaf-4055-36b770057d04,USA,GAIL FRANCES,INCONCLUSIVE,FISHING,366940990,0.51,Stage 1,2016-10-01
40.99,-71.309998,2016-12-06,da28a0113-3273-3a9f-10ab-097e617c5725,USA,JOHN & NICHOLAS,TRAWLERS,FISHING,367181750,0.79,Stage 1,2016-12-01
40.98,-71.400002,2016-12-05,da28a0113-3273-3a9f-10ab-097e617c5725,USA,JOHN & NICHOLAS,TRAWLERS,FISHING,367181750,0.37,Stage 1,2016-12-01
40.88,-71.269997,2016-05-13,ab54f8f1b-bd9e-6eae-3df8-405afa52cdbe,USA,NA,TRAWLERS,FISHING,367718760,1.12,Stage 1,2016-05-01
41.04,-71.349998,2016-03-19,ebcec2904-465b-e06c-7510-59d0d3ad3506,USA,SUNLIGHT,TRAWLERS,FISHING,366900670,0.86,Stage 1,2016-03-01
40.93,-70.900002,2016-09-14,8e22db9b2-2bf0-adda-13be-d3d60cac358e,USA,PREVAIL,POLE_AND_LINE,FISHING,367166230,1.22,Stage 1,2016-09-01
41.14,-71.349998,2016-10-30,90b9eaea0-018d-1eaf-4055-36b770057d04,USA,GAIL FRANCES,INCONCLUSIVE,FISHING,366940990,0.97,Stage 1,2016-10-01
40.94,-71.260002,2016-08-09,9a8640511-1c91-5720-80f0-021981ce9f23,USA,WANDO RIVER,TRAWLERS,FISHING,367718760,1.85,Stage 1,2016-08-01
40.85,-71.139999,2016-09-18,b0b2ef95b-bb56-5068-836b-fd4ed7e8dd98,USA,NEPTUNE,TRAWLERS,FISHING,366308790,0.35,Stage 1,2016-09-01
40.84,-70.849998,2016-09-16,da28a0113-3273-3a9f-10ab-097e617c5725,USA,JOHN & NICHOLAS,TRAWLERS,FISHING,367181750,1.13,Stage 1,2016-09-01
40.92,-71.300003,2016-11-14,638eecf61-1a8a-a539-95df-468b4840e755,USA,HUNTER,FISHING,FISHING,367639280,1.43,Stage 1,2016-11-01
40.94,-70.75,2016-09-11,da28a0113-3273-3a9f-10ab-097e617c5725,USA,JOHN & NICHOLAS,TRAWLERS,FISHING,367181750,2.76,Stage 1,2016-09-01
40.86,-70.839996,2016-09-17,da28a0113-3273-3a9f-10ab-097e617c5725,USA,JOHN & NICHOLAS,TRAWLERS,FISHING,367181750,0.79,Stage 1,2016-09-01
40.97,-71.290001,2016-09-09,da28a0113-3273-3a9f-10ab-097e617c5725,USA,JOHN & NICHOLAS,TRAWLERS,FISHING,367181750,1.65,Stage 1,2016-09-01
40.84,-70.870003,2016-09-23,cbfafe985-5d2a-7d35-bd3d-0b5997544a89,USA,OLIVIA CATHERINE,TRAWLERS,FISHING,366186640,1.08,Stage 1,2016-09-01
40.89,-71.120003,2016-08-20,8904b9c4e-ee9e-fbd4-a011-8c1d321679f1,USA,ESS PRIDE,TRAWLERS,FISHING,367411950,0.38,Stage 1,2016-08-01
41.08,-70.830002,2016-10-07,7dd3dd22b-b87a-4dc1-cbfe-48bd467a54b3,USA,F/V TRIUNFO,TRAWLERS,FISHING,367356690,1.55,Stage 1,2016-10-01
40.87,-70.959999,2016-09-23,cbfafe985-5d2a-7d35-bd3d-0b5997544a89,USA,OLIVIA CATHERINE,TRAWLERS,FISHING,366186640,1.47,Stage 1,2016-09-01
41.14,-71.099998,2016-11-25,90b9eaea0-018d-1eaf-4055-36b770057d04,USA,GAIL FRANCES,INCONCLUSIVE,FISHING,366940990,1.7,Stage 1,2016-11-01
40.96,-71.220001,2016-07-13,78be6431d-d69f-a720-5497-3eeaea22bfaf,USA,NA,TRAWLERS,FISHING,367411950,1.09,Stage 1,2016-07-01
40.9,-71.099998,2016-09-23,8904b9c4e-ee9e-fbd4-a011-8c1d321679f1,USA,ESS PRIDE,TRAWLERS,FISHING,367411950,2.53,Stage 1,2016-09-01
41.2,-71.029999,2016-08-29,36173efb2-29a8-c9aa-9051-86a8f7b52a89,USA,SUSAN ROSE,FISHING,FISHING,366103960,0.78,Stage 1,2016-08-01
40.89,-70.849998,2016-09-17,da28a0113-3273-3a9f-10ab-097e617c5725,USA,JOHN & NICHOLAS,TRAWLERS,FISHING,367181750,1.02,Stage 1,2016-09-01
41.14,-71.18,2016-10-08,3f27d2108-864a-b211-81d9-713270af0b4a,USA,F/V DINAH JANE,TRAWLERS,FISHING,367310080,1.92,Stage 1,2016-10-01
41.22,-71.269997,2016-08-24,419d86568-8982-aff9-21b2-d6e9a7fedeed,USA,SEVEN SEAS,NA,FISHING,367624610,1.13,Stage 1,2016-08-01
41.1,-70.760002,2016-09-08,eee4bf772-24eb-f59b-e5d2-3f1d5f21719a,USA,ILLUSION,TRAWLERS,FISHING,366218620,1.4,Stage 1,2016-09-01
40.94,-71.349998,2016-10-07,b5c8f14ac-cc19-ce97-1589-8ed6d3b58f48,USA,STEPHANIE BRYAN,FISHING,FISHING,367428520,2.47,Stage 1,2016-10-01
40.81,-71.040001,2016-09-16,da28a0113-3273-3a9f-10ab-097e617c5725,USA,JOHN & NICHOLAS,TRAWLERS,FISHING,367181750,1.58,Stage 1,2016-09-01
40.96,-71.349998,2016-12-07,da28a0113-3273-3a9f-10ab-097e617c5725,USA,JOHN & NICHOLAS,TRAWLERS,FISHING,367181750,1.18,Stage 1,2016-12-01
40.91,-71.330002,2016-07-01,ab54f8f1b-bd9e-6eae-3df8-405afa52cdbe,USA,NA,TRAWLERS,FISHING,367718760,1.69,Stage 1,2016-07-01
40.94,-70.760002,2016-08-20,419d86568-8982-aff9-21b2-d6e9a7fedeed,USA,SEVEN SEAS,NA,FISHING,367624610,0.85,Stage 1,2016-08-01
41.06,-70.959999,2016-04-22,e70c99e5d-d87b-b8a6-7724-884fa0d56a53,USA,SANDRA JANE,TRAWLERS,FISHING,367327960,1.82,Stage 1,2016-04-01
41.35,-71.389999,2016-12-20,bfc0a78eb-b630-ac26-554e-448eb3094376,USA,NAVY TIBURON 701,DREDGE_FISHING,FISHING,369970738,0.95,Stage 1,2016-12-01
41.25,-71.120003,2016-03-08,ebcec2904-465b-e06c-7510-59d0d3ad3506,USA,SUNLIGHT,TRAWLERS,FISHING,366900670,3.27,Stage 1,2016-03-01
40.94,-71.110001,2016-04-23,e70c99e5d-d87b-b8a6-7724-884fa0d56a53,USA,SANDRA JANE,TRAWLERS,FISHING,367327960,0.51,Stage 1,2016-04-01
40.94,-71.080002,2016-10-07,3f27d2108-864a-b211-81d9-713270af0b4a,USA,F/V DINAH JANE,TRAWLERS,FISHING,367310080,3.38,Stage 1,2016-10-01
40.88,-70.889999,2016-09-17,da28a0113-3273-3a9f-10ab-097e617c5725,USA,JOHN & NICHOLAS,TRAWLERS,FISHING,367181750,1.15,Stage 1,2016-09-01
40.83,-70.989998,2016-09-18,da28a0113-3273-3a9f-10ab-097e617c5725,USA,JOHN & NICHOLAS,TRAWLERS,FISHING,367181750,0.95,Stage 1,2016-09-01
40.85,-71.160004,2016-09-23,8904b9c4e-ee9e-fbd4-a011-8c1d321679f1,USA,ESS PRIDE,TRAWLERS,FISHING,367411950,0.91,Stage 1,2016-09-01
40.89,-70.910004,2016-09-18,b0b2ef95b-bb56-5068-836b-fd4ed7e8dd98,USA,NEPTUNE,TRAWLERS,FISHING,366308790,0.98,Stage 1,2016-09-01
41.03,-71.18,2016-09-21,90b9eaea0-018d-1eaf-4055-36b770057d04,USA,GAIL FRANCES,INCONCLUSIVE,FISHING,366940990,0.41,Stage 1,2016-09-01
41.33,-70.989998,2016-07-28,8d12aac2c-c77b-9401-6f32-e5c3e2c31f6e,USA,KELLY MARIE,FISHING,FISHING,367383970,0.62,Stage 1,2016-07-01
41.01,-71.300003,2016-03-17,ebcec2904-465b-e06c-7510-59d0d3ad3506,USA,SUNLIGHT,TRAWLERS,FISHING,366900670,0.78,Stage 1,2016-03-01
41.21,-71.120003,2016-03-09,ebcec2904-465b-e06c-7510-59d0d3ad3506,USA,SUNLIGHT,TRAWLERS,FISHING,366900670,1.91,Stage 1,2016-03-01
41,-71.279999,2016-09-10,eee4bf772-24eb-f59b-e5d2-3f1d5f21719a,USA,ILLUSION,TRAWLERS,FISHING,366218620,0.78,Stage 1,2016-09-01
40.97,-71.029999,2016-06-19,b2438cfc0-095d-8257-86a8-b3ac734657be,USA,NA,TRAWLERS,FISHING,367356690,1.72,Stage 1,2016-06-01
40.92,-71.220001,2016-12-22,f01b02923-33f4-cf51-a193-8090ea37a925,USA,LEONARDO,FISHING,FISHING,367673740,5.5,Stage 1,2016-12-01
40.98,-71.220001,2016-11-15,94a980510-01b3-625f-8524-0b3b93600b8c,USA,CODY,TRAWLERS,FISHING,367190280,0.53,Stage 1,2016-11-01
40.95,-71.209999,2016-07-13,78be6431d-d69f-a720-5497-3eeaea22bfaf,USA,NA,TRAWLERS,FISHING,367411950,0.57,Stage 1,2016-07-01
41.04,-70.739998,2016-06-11,336df487c-c7f8-bc07-2b6b-e9740d7241c2,USA,NA,SET_GILLNETS,FISHING,338132083,0.36,Stage 1,2016-06-01
41.08,-71.220001,2016-07-16,fd96b30e3-3f77-f437-8122-20e7744dfdb4,USA,TIMBERLINE,DREDGE_FISHING,FISHING,367071460,2.98,Stage 1,2016-07-01
41.28,-71.230003,2016-09-08,eee4bf772-24eb-f59b-e5d2-3f1d5f21719a,USA,ILLUSION,TRAWLERS,FISHING,366218620,0.87,Stage 1,2016-09-01
40.98,-71,2016-06-20,b2438cfc0-095d-8257-86a8-b3ac734657be,USA,NA,TRAWLERS,FISHING,367356690,3.93,Stage 1,2016-06-01
41.06,-70.839996,2016-10-06,7dd3dd22b-b87a-4dc1-cbfe-48bd467a54b3,USA,F/V TRIUNFO,TRAWLERS,FISHING,367356690,10.84,Stage 1,2016-10-01
40.97,-71.389999,2016-12-08,da28a0113-3273-3a9f-10ab-097e617c5725,USA,JOHN & NICHOLAS,TRAWLERS,FISHING,367181750,3.62,Stage 1,2016-12-01
41.23,-71.169998,2016-03-09,ebcec2904-465b-e06c-7510-59d0d3ad3506,USA,SUNLIGHT,TRAWLERS,FISHING,366900670,1.83,Stage 1,2016-03-01
40.88,-71.150002,2016-08-21,8904b9c4e-ee9e-fbd4-a011-8c1d321679f1,USA,ESS PRIDE,TRAWLERS,FISHING,367411950,0.85,Stage 1,2016-08-01
41.16,-71.25,2016-07-31,fd96b30e3-3f77-f437-8122-20e7744dfdb4,USA,TIMBERLINE,DREDGE_FISHING,FISHING,367071460,1.07,Stage 1,2016-07-01
40.8,-71.059998,2016-06-26,82b45c510-0107-84f6-4a90-fb32cbbcdd3c,USA,STELLA,POLE_AND_LINE,FISHING,338194028,1.07,Stage 1,2016-06-01
40.97,-71.029999,2016-06-20,b2438cfc0-095d-8257-86a8-b3ac734657be,USA,NA,TRAWLERS,FISHING,367356690,6.82,Stage 1,2016-06-01
40.89,-71.150002,2016-08-20,8904b9c4e-ee9e-fbd4-a011-8c1d321679f1,USA,ESS PRIDE,TRAWLERS,FISHING,367411950,1,Stage 1,2016-08-01
40.96,-71.330002,2016-12-07,da28a0113-3273-3a9f-10ab-097e617c5725,USA,JOHN & NICHOLAS,TRAWLERS,FISHING,367181750,1.74,Stage 1,2016-12-01
40.79,-71.089996,2016-06-26,82b45c510-0107-84f6-4a90-fb32cbbcdd3c,USA,STELLA,POLE_AND_LINE,FISHING,338194028,0.35,Stage 1,2016-06-01
40.97,-71.389999,2016-06-18,fc7ae9517-710f-e339-f1fe-59232b4e41ea,USA,NA,FISHING,FISHING,367051920,2.3,Stage 1,2016-06-01
40.92,-71.199997,2016-03-17,4f592e330-09eb-7660-bfba-e409cea93985,USA,STARLIGHT,TRAWLERS,FISHING,366953940,0.9,Stage 1,2016-03-01
40.97,-71.010002,2016-06-20,b2438cfc0-095d-8257-86a8-b3ac734657be,USA,NA,TRAWLERS,FISHING,367356690,1.23,Stage 1,2016-06-01
41.35,-71.089996,2016-11-12,fda33ad3b-b3d7-9afb-257d-126bd7b77f81,USA,LADY FRANCES,INCONCLUSIVE,FISHING,367155670,1.61,Stage 1,2016-11-01
40.95,-71.050003,2016-10-07,3f27d2108-864a-b211-81d9-713270af0b4a,USA,F/V DINAH JANE,TRAWLERS,FISHING,367310080,0.68,Stage 1,2016-10-01
41.36,-71.279999,2016-10-08,32b606172-2468-2817-1b4f-fae340279e02,USA,SEVEN B 5,TRAWLERS,FISHING,367052470,19.87,Stage 1,2016-10-01
40.95,-71.379997,2016-12-22,7dd3dd22b-b87a-4dc1-cbfe-48bd467a54b3,USA,F/V TRIUNFO,TRAWLERS,FISHING,367356690,1.18,Stage 1,2016-12-01
40.89,-71.129997,2016-08-21,8904b9c4e-ee9e-fbd4-a011-8c1d321679f1,USA,ESS PRIDE,TRAWLERS,FISHING,367411950,1.46,Stage 1,2016-08-01
40.91,-71.220001,2016-11-09,63eb304eb-b1bd-d6ed-1dd0-062caa8818ce,USA,F/V OLIVIA RAFAELA,TRAWLERS,FISHING,367199540,1.84,Stage 1,2016-11-01
41.35,-71.110001,2016-11-04,32b606172-2468-2817-1b4f-fae340279e02,USA,SEVEN B 5,TRAWLERS,FISHING,367052470,0.87,Stage 1,2016-11-01
40.92,-70.800003,2016-09-11,da28a0113-3273-3a9f-10ab-097e617c5725,USA,JOHN & NICHOLAS,TRAWLERS,FISHING,367181750,1.68,Stage 1,2016-09-01
41.29,-71.400002,2016-07-19,d2d4a7623-3cb5-3aed-65b0-0866a70bfbb3,USA,OCEAN STATE,TRAWLERS,FISHING,366278770,0.98,Stage 1,2016-07-01
40.86,-70.889999,2016-09-15,da28a0113-3273-3a9f-10ab-097e617c5725,USA,JOHN & NICHOLAS,TRAWLERS,FISHING,367181750,1.61,Stage 1,2016-09-01
40.92,-71.239998,2016-12-22,f01b02923-33f4-cf51-a193-8090ea37a925,USA,LEONARDO,FISHING,FISHING,367673740,0.64,Stage 1,2016-12-01
41.13,-71.279999,2016-03-12,ebcec2904-465b-e06c-7510-59d0d3ad3506,USA,SUNLIGHT,TRAWLERS,FISHING,366900670,1.37,Stage 1,2016-03-01
40.85,-70.970001,2016-09-23,cbfafe985-5d2a-7d35-bd3d-0b5997544a89,USA,OLIVIA CATHERINE,TRAWLERS,FISHING,366186640,0.63,Stage 1,2016-09-01
40.95,-71.400002,2016-11-15,638eecf61-1a8a-a539-95df-468b4840e755,USA,HUNTER,FISHING,FISHING,367639280,1.04,Stage 1,2016-11-01
41.01,-71.330002,2016-10-31,addf04584-4557-f78a-3763-2049978e3815,USA,LUZITANO,TRAWLERS,FISHING,366926320,1.38,Stage 1,2016-10-01
40.97,-71.389999,2016-12-05,da28a0113-3273-3a9f-10ab-097e617c5725,USA,JOHN & NICHOLAS,TRAWLERS,FISHING,367181750,1.39,Stage 1,2016-12-01
40.96,-71.370003,2016-11-09,638eecf61-1a8a-a539-95df-468b4840e755,USA,HUNTER,FISHING,FISHING,367639280,1.27,Stage 1,2016-11-01
40.95,-71.110001,2016-09-09,da28a0113-3273-3a9f-10ab-097e617c5725,USA,JOHN & NICHOLAS,TRAWLERS,FISHING,367181750,0.85,Stage 1,2016-09-01
41.32,-71.370003,2016-08-27,36173efb2-29a8-c9aa-9051-86a8f7b52a89,USA,SUSAN ROSE,FISHING,FISHING,366103960,2.82,Stage 1,2016-08-01
40.91,-70.769997,2016-09-12,da28a0113-3273-3a9f-10ab-097e617c5725,USA,JOHN & NICHOLAS,TRAWLERS,FISHING,367181750,3.56,Stage 1,2016-09-01
40.89,-71.120003,2016-09-21,8904b9c4e-ee9e-fbd4-a011-8c1d321679f1,USA,ESS PRIDE,TRAWLERS,FISHING,367411950,1.67,Stage 1,2016-09-01
40.96,-71.370003,2016-12-04,da28a0113-3273-3a9f-10ab-097e617c5725,USA,JOHN & NICHOLAS,TRAWLERS,FISHING,367181750,1.26,Stage 1,2016-12-01
40.9,-70.900002,2016-09-17,da28a0113-3273-3a9f-10ab-097e617c5725,USA,JOHN & NICHOLAS,TRAWLERS,FISHING,367181750,2.25,Stage 1,2016-09-01
40.88,-71.019997,2016-09-18,b0b2ef95b-bb56-5068-836b-fd4ed7e8dd98,USA,NEPTUNE,TRAWLERS,FISHING,366308790,3.19,Stage 1,2016-09-01
40.89,-71.07,2016-11-09,94a980510-01b3-625f-8524-0b3b93600b8c,USA,CODY,TRAWLERS,FISHING,367190280,2.15,Stage 1,2016-11-01
40.99,-70.809998,2016-09-10,da28a0113-3273-3a9f-10ab-097e617c5725,USA,JOHN & NICHOLAS,TRAWLERS,FISHING,367181750,0.88,Stage 1,2016-09-01
41.21,-71.220001,2016-03-09,ebcec2904-465b-e06c-7510-59d0d3ad3506,USA,SUNLIGHT,TRAWLERS,FISHING,366900670,0.92,Stage 1,2016-03-01
40.91,-71.080002,2016-09-22,8904b9c4e-ee9e-fbd4-a011-8c1d321679f1,USA,ESS PRIDE,TRAWLERS,FISHING,367411950,3.02,Stage 1,2016-09-01
41.07,-70.839996,2016-10-08,7dd3dd22b-b87a-4dc1-cbfe-48bd467a54b3,USA,F/V TRIUNFO,TRAWLERS,FISHING,367356690,2.13,Stage 1,2016-10-01
41.29,-70.949997,2016-05-19,80f2147a9-9153-9935-608c-6d0a5f87d20f,USA,NA,TRAWLERS,FISHING,366850380,6.67,Stage 1,2016-05-01
40.93,-71.370003,2016-06-19,ab54f8f1b-bd9e-6eae-3df8-405afa52cdbe,USA,NA,TRAWLERS,FISHING,367718760,0.84,Stage 1,2016-06-01
40.95,-70.809998,2016-09-08,da28a0113-3273-3a9f-10ab-097e617c5725,USA,JOHN & NICHOLAS,TRAWLERS,FISHING,367181750,1.42,Stage 1,2016-09-01
40.95,-70.75,2016-09-08,da28a0113-3273-3a9f-10ab-097e617c5725,USA,JOHN & NICHOLAS,TRAWLERS,FISHING,367181750,1.02,Stage 1,2016-09-01
41.36,-71.379997,2016-07-13,bfc0a78eb-b630-ac26-554e-448eb3094376,USA,NAVY TIBURON 701,DREDGE_FISHING,FISHING,369970738,1.25,Stage 1,2016-07-01
40.98,-70.989998,2016-06-20,b2438cfc0-095d-8257-86a8-b3ac734657be,USA,NA,TRAWLERS,FISHING,367356690,0.82,Stage 1,2016-06-01
41.36,-71.190002,2016-09-15,cbfafe985-5d2a-7d35-bd3d-0b5997544a89,USA,OLIVIA CATHERINE,TRAWLERS,FISHING,366186640,0.89,Stage 1,2016-09-01
40.9,-71.110001,2016-09-23,8904b9c4e-ee9e-fbd4-a011-8c1d321679f1,USA,ESS PRIDE,TRAWLERS,FISHING,367411950,1.95,Stage 1,2016-09-01
40.96,-71.389999,2016-12-08,da28a0113-3273-3a9f-10ab-097e617c5725,USA,JOHN & NICHOLAS,TRAWLERS,FISHING,367181750,1.66,Stage 1,2016-12-01
41.03,-70.779999,2016-09-08,da28a0113-3273-3a9f-10ab-097e617c5725,USA,JOHN & NICHOLAS,TRAWLERS,FISHING,367181750,0.8,Stage 1,2016-09-01
41.25,-71.129997,2016-06-12,21d1de556-6cf7-f550-2601-99eb1001285f,USA,NA,POLE_AND_LINE,FISHING,367166230,9.64,Stage 1,2016-06-01
40.86,-71.279999,2016-10-06,fd96b30e3-3f77-f437-8122-20e7744dfdb4,USA,TIMBERLINE,DREDGE_FISHING,FISHING,367071460,0.96,Stage 1,2016-10-01
40.89,-70.809998,2016-09-08,da28a0113-3273-3a9f-10ab-097e617c5725,USA,JOHN & NICHOLAS,TRAWLERS,FISHING,367181750,0.93,Stage 1,2016-09-01
41.21,-71.230003,2016-03-09,4f592e330-09eb-7660-bfba-e409cea93985,USA,STARLIGHT,TRAWLERS,FISHING,366953940,1.24,Stage 1,2016-03-01
40.89,-70.93,2016-09-17,da28a0113-3273-3a9f-10ab-097e617c5725,USA,JOHN & NICHOLAS,TRAWLERS,FISHING,367181750,1.71,Stage 1,2016-09-01
40.87,-71.18,2016-08-27,8904b9c4e-ee9e-fbd4-a011-8c1d321679f1,USA,ESS PRIDE,TRAWLERS,FISHING,367411950,0.89,Stage 1,2016-08-01
41.01,-71.279999,2016-09-11,eee4bf772-24eb-f59b-e5d2-3f1d5f21719a,USA,ILLUSION,TRAWLERS,FISHING,366218620,5.21,Stage 1,2016-09-01
41,-71.290001,2016-09-13,eee4bf772-24eb-f59b-e5d2-3f1d5f21719a,USA,ILLUSION,TRAWLERS,FISHING,366218620,1.11,Stage 1,2016-09-01
40.91,-70.980003,2016-09-14,f321a5bcb-b9a3-1da9-32d8-22077f65efcf,USA,DETERMINATION,TRAWLERS,FISHING,367518960,0.94,Stage 1,2016-09-01
41.36,-71.379997,2016-12-20,bfc0a78eb-b630-ac26-554e-448eb3094376,USA,NAVY TIBURON 701,DREDGE_FISHING,FISHING,369970738,1.1,Stage 1,2016-12-01
40.92,-71.370003,2016-06-19,ab54f8f1b-bd9e-6eae-3df8-405afa52cdbe,USA,NA,TRAWLERS,FISHING,367718760,1.05,Stage 1,2016-06-01
41.03,-71.160004,2016-09-11,eee4bf772-24eb-f59b-e5d2-3f1d5f21719a,USA,ILLUSION,TRAWLERS,FISHING,366218620,0.79,Stage 1,2016-09-01
40.87,-70.82,2016-09-17,da28a0113-3273-3a9f-10ab-097e617c5725,USA,JOHN & NICHOLAS,TRAWLERS,FISHING,367181750,1.14,Stage 1,2016-09-01
40.94,-71.099998,2016-06-22,b2438cfc0-095d-8257-86a8-b3ac734657be,USA,NA,TRAWLERS,FISHING,367356690,0.8,Stage 1,2016-06-01
41.24,-71.18,2016-08-28,36173efb2-29a8-c9aa-9051-86a8f7b52a89,USA,SUSAN ROSE,FISHING,FISHING,366103960,2.1,Stage 1,2016-08-01
40.85,-71.07,2016-09-23,cbfafe985-5d2a-7d35-bd3d-0b5997544a89,USA,OLIVIA CATHERINE,TRAWLERS,FISHING,366186640,0.87,Stage 1,2016-09-01
41.14,-71.269997,2016-03-12,4f592e330-09eb-7660-bfba-e409cea93985,USA,STARLIGHT,TRAWLERS,FISHING,366953940,0.83,Stage 1,2016-03-01
41.22,-71.010002,2016-06-20,cc9afbfde-e2c5-8f25-c62b-a3ee6b810201,USA,NA,TRAWLERS,FISHING,367335230,2.18,Stage 1,2016-06-01
40.95,-71.370003,2016-12-03,5d566c882-2133-9801-ce60-970c2d3d2a7f,USA,LILLIE BELLE,TRAWLERS,FISHING,367120750,0.54,Stage 1,2016-12-01
40.88,-71.18,2016-08-27,8904b9c4e-ee9e-fbd4-a011-8c1d321679f1,USA,ESS PRIDE,TRAWLERS,FISHING,367411950,0.87,Stage 1,2016-08-01
41.05,-70.839996,2016-08-03,63eb304eb-b1bd-d6ed-1dd0-062caa8818ce,USA,F/V OLIVIA RAFAELA,TRAWLERS,FISHING,367199540,3.66,Stage 1,2016-08-01
41.01,-71.300003,2016-09-10,eee4bf772-24eb-f59b-e5d2-3f1d5f21719a,USA,ILLUSION,TRAWLERS,FISHING,366218620,0.64,Stage 1,2016-09-01
40.96,-71.32,2016-12-07,da28a0113-3273-3a9f-10ab-097e617c5725,USA,JOHN & NICHOLAS,TRAWLERS,FISHING,367181750,1.05,Stage 1,2016-12-01
40.99,-71.389999,2016-10-31,addf04584-4557-f78a-3763-2049978e3815,USA,LUZITANO,TRAWLERS,FISHING,366926320,1.73,Stage 1,2016-10-01
40.94,-71.120003,2016-04-23,e70c99e5d-d87b-b8a6-7724-884fa0d56a53,USA,SANDRA JANE,TRAWLERS,FISHING,367327960,1.96,Stage 1,2016-04-01
40.9,-70.889999,2016-09-14,24aa6bd14-4c09-dee0-e739-f2c477558329,USA,RUTHY L,TRAWLERS,FISHING,367503310,5.98,Stage 1,2016-09-01
41.33,-71,2016-08-10,8d12aac2c-c77b-9401-6f32-e5c3e2c31f6e,USA,KELLY MARIE,FISHING,FISHING,367383970,0.56,Stage 1,2016-08-01
41.21,-71,2016-06-17,35eb371c0-088a-1382-098a-c7fea019d959,USA,STARBRITE,FISHING,FISHING,367707710,0.97,Stage 1,2016-06-01
40.92,-71.360001,2016-06-19,ab54f8f1b-bd9e-6eae-3df8-405afa52cdbe,USA,NA,TRAWLERS,FISHING,367718760,7.47,Stage 1,2016-06-01
40.93,-70.760002,2016-09-08,da28a0113-3273-3a9f-10ab-097e617c5725,USA,JOHN & NICHOLAS,TRAWLERS,FISHING,367181750,2.1,Stage 1,2016-09-01
40.99,-71.279999,2016-06-19,ab54f8f1b-bd9e-6eae-3df8-405afa52cdbe,USA,NA,TRAWLERS,FISHING,367718760,0.68,Stage 1,2016-06-01
40.91,-71.349998,2016-07-06,ab54f8f1b-bd9e-6eae-3df8-405afa52cdbe,USA,NA,TRAWLERS,FISHING,367718760,0.97,Stage 1,2016-07-01
40.94,-71.040001,2016-06-18,b2438cfc0-095d-8257-86a8-b3ac734657be,USA,NA,TRAWLERS,FISHING,367356690,0.71,Stage 1,2016-06-01
40.84,-70.849998,2016-09-18,da28a0113-3273-3a9f-10ab-097e617c5725,USA,JOHN & NICHOLAS,TRAWLERS,FISHING,367181750,0.69,Stage 1,2016-09-01
40.99,-71.239998,2016-12-07,da28a0113-3273-3a9f-10ab-097e617c5725,USA,JOHN & NICHOLAS,TRAWLERS,FISHING,367181750,0.81,Stage 1,2016-12-01
41.03,-70.790001,2016-09-08,da28a0113-3273-3a9f-10ab-097e617c5725,USA,JOHN & NICHOLAS,TRAWLERS,FISHING,367181750,1.87,Stage 1,2016-09-01
40.9,-71.269997,2016-08-09,9a8640511-1c91-5720-80f0-021981ce9f23,USA,WANDO RIVER,TRAWLERS,FISHING,367718760,1.17,Stage 1,2016-08-01
40.91,-70.800003,2016-09-12,da28a0113-3273-3a9f-10ab-097e617c5725,USA,JOHN & NICHOLAS,TRAWLERS,FISHING,367181750,0.55,Stage 1,2016-09-01
40.81,-70.949997,2016-09-16,da28a0113-3273-3a9f-10ab-097e617c5725,USA,JOHN & NICHOLAS,TRAWLERS,FISHING,367181750,0.58,Stage 1,2016-09-01
41.23,-71.040001,2016-08-28,36173efb2-29a8-c9aa-9051-86a8f7b52a89,USA,SUSAN ROSE,FISHING,FISHING,366103960,2.37,Stage 1,2016-08-01
41.3,-71.410004,2016-12-06,bccb22dcb-b512-2cc8-43d4-551f36e0038b,USA,F/V RETRIEVER,TRAWLERS,FISHING,367324660,1.02,Stage 1,2016-12-01
41.04,-70.779999,2016-09-08,da28a0113-3273-3a9f-10ab-097e617c5725,USA,JOHN & NICHOLAS,TRAWLERS,FISHING,367181750,1.04,Stage 1,2016-09-01
40.92,-71.199997,2016-03-17,ebcec2904-465b-e06c-7510-59d0d3ad3506,USA,SUNLIGHT,TRAWLERS,FISHING,366900670,0.89,Stage 1,2016-03-01
41.01,-71.230003,2016-09-10,ec9538b38-830a-9923-c628-1b70537d6a7d,USA,JOCKA,TRAWLERS,FISHING,367551860,1.31,Stage 1,2016-09-01
40.94,-71.07,2016-10-07,3f27d2108-864a-b211-81d9-713270af0b4a,USA,F/V DINAH JANE,TRAWLERS,FISHING,367310080,0.86,Stage 1,2016-10-01
40.96,-71.290001,2016-09-09,da28a0113-3273-3a9f-10ab-097e617c5725,USA,JOHN & NICHOLAS,TRAWLERS,FISHING,367181750,1.17,Stage 1,2016-09-01
41.23,-71.050003,2016-06-17,35eb371c0-088a-1382-098a-c7fea019d959,USA,STARBRITE,FISHING,FISHING,367707710,0.86,Stage 1,2016-06-01
41.14,-71.349998,2016-10-09,90b9eaea0-018d-1eaf-4055-36b770057d04,USA,GAIL FRANCES,INCONCLUSIVE,FISHING,366940990,0.35,Stage 1,2016-10-01
40.88,-71.139999,2016-08-27,8904b9c4e-ee9e-fbd4-a011-8c1d321679f1,USA,ESS PRIDE,TRAWLERS,FISHING,367411950,0.67,Stage 1,2016-08-01
40.99,-71.379997,2016-12-07,da28a0113-3273-3a9f-10ab-097e617c5725,USA,JOHN & NICHOLAS,TRAWLERS,FISHING,367181750,1.59,Stage 1,2016-12-01
40.97,-71.269997,2016-12-12,da28a0113-3273-3a9f-10ab-097e617c5725,USA,JOHN & NICHOLAS,TRAWLERS,FISHING,367181750,1.05,Stage 1,2016-12-01
41.36,-71.370003,2016-12-20,bfc0a78eb-b630-ac26-554e-448eb3094376,USA,NAVY TIBURON 701,DREDGE_FISHING,FISHING,369970738,0.96,Stage 1,2016-12-01
40.89,-71.269997,2016-08-10,9a8640511-1c91-5720-80f0-021981ce9f23,USA,WANDO RIVER,TRAWLERS,FISHING,367718760,1.15,Stage 1,2016-08-01
40.95,-71.080002,2016-09-09,da28a0113-3273-3a9f-10ab-097e617c5725,USA,JOHN & NICHOLAS,TRAWLERS,FISHING,367181750,1.01,Stage 1,2016-09-01
40.89,-71.160004,2016-08-19,8904b9c4e-ee9e-fbd4-a011-8c1d321679f1,USA,ESS PRIDE,TRAWLERS,FISHING,367411950,2.82,Stage 1,2016-08-01
40.8,-71.029999,2016-06-26,82b45c510-0107-84f6-4a90-fb32cbbcdd3c,USA,STELLA,POLE_AND_LINE,FISHING,338194028,0.9,Stage 1,2016-06-01
40.87,-70.940002,2016-09-17,da28a0113-3273-3a9f-10ab-097e617c5725,USA,JOHN & NICHOLAS,TRAWLERS,FISHING,367181750,0.92,Stage 1,2016-09-01
40.84,-71.019997,2016-06-26,82b45c510-0107-84f6-4a90-fb32cbbcdd3c,USA,STELLA,POLE_AND_LINE,FISHING,338194028,0.99,Stage 1,2016-06-01
41,-71.150002,2016-09-11,eee4bf772-24eb-f59b-e5d2-3f1d5f21719a,USA,ILLUSION,TRAWLERS,FISHING,366218620,0.93,Stage 1,2016-09-01
40.96,-71.379997,2016-11-09,638eecf61-1a8a-a539-95df-468b4840e755,USA,HUNTER,FISHING,FISHING,367639280,0.86,Stage 1,2016-11-01
40.92,-71.389999,2016-07-13,ab54f8f1b-bd9e-6eae-3df8-405afa52cdbe,USA,NA,TRAWLERS,FISHING,367718760,0.84,Stage 1,2016-07-01
41.03,-71.339996,2016-03-19,ebcec2904-465b-e06c-7510-59d0d3ad3506,USA,SUNLIGHT,TRAWLERS,FISHING,366900670,0.52,Stage 1,2016-03-01
40.94,-70.769997,2016-08-20,419d86568-8982-aff9-21b2-d6e9a7fedeed,USA,SEVEN SEAS,NA,FISHING,367624610,1.4,Stage 1,2016-08-01
40.92,-71.099998,2016-10-07,3f27d2108-864a-b211-81d9-713270af0b4a,USA,F/V DINAH JANE,TRAWLERS,FISHING,367310080,0.6,Stage 1,2016-10-01
41.01,-71.230003,2016-09-11,eee4bf772-24eb-f59b-e5d2-3f1d5f21719a,USA,ILLUSION,TRAWLERS,FISHING,366218620,0.72,Stage 1,2016-09-01
40.94,-71.089996,2016-04-23,e70c99e5d-d87b-b8a6-7724-884fa0d56a53,USA,SANDRA JANE,TRAWLERS,FISHING,367327960,1.18,Stage 1,2016-04-01
40.91,-70.790001,2016-09-12,eee4bf772-24eb-f59b-e5d2-3f1d5f21719a,USA,ILLUSION,TRAWLERS,FISHING,366218620,0.84,Stage 1,2016-09-01
41.03,-71.360001,2016-03-19,4f592e330-09eb-7660-bfba-e409cea93985,USA,STARLIGHT,TRAWLERS,FISHING,366953940,0.5,Stage 1,2016-03-01
41.17,-71.220001,2016-08-16,fd96b30e3-3f77-f437-8122-20e7744dfdb4,USA,TIMBERLINE,DREDGE_FISHING,FISHING,367071460,2.14,Stage 1,2016-08-01
41.19,-70.93,2016-07-31,283d67bf6-654b-a5fd-1fbc-536f97501e2f,USA,MARY ANNE,FISHING,FISHING,367077960,1.07,Stage 1,2016-07-01
41.34,-71.379997,2016-01-02,ebcec2904-465b-e06c-7510-59d0d3ad3506,USA,SUNLIGHT,TRAWLERS,FISHING,366900670,1.3,Stage 1,2016-01-01
40.98,-71.32,2016-12-06,da28a0113-3273-3a9f-10ab-097e617c5725,USA,JOHN & NICHOLAS,TRAWLERS,FISHING,367181750,1.11,Stage 1,2016-12-01
40.83,-70.900002,2016-09-15,da28a0113-3273-3a9f-10ab-097e617c5725,USA,JOHN & NICHOLAS,TRAWLERS,FISHING,367181750,0.77,Stage 1,2016-09-01
41.14,-71.269997,2016-03-12,ebcec2904-465b-e06c-7510-59d0d3ad3506,USA,SUNLIGHT,TRAWLERS,FISHING,366900670,1.63,Stage 1,2016-03-01
40.99,-71.370003,2016-11-09,7dd3dd22b-b87a-4dc1-cbfe-48bd467a54b3,USA,F/V TRIUNFO,TRAWLERS,FISHING,367356690,4.96,Stage 1,2016-11-01
41.05,-70.860001,2016-10-07,7dd3dd22b-b87a-4dc1-cbfe-48bd467a54b3,USA,F/V TRIUNFO,TRAWLERS,FISHING,367356690,1.23,Stage 1,2016-10-01
41,-71.330002,2016-09-13,eee4bf772-24eb-f59b-e5d2-3f1d5f21719a,USA,ILLUSION,TRAWLERS,FISHING,366218620,1.01,Stage 1,2016-09-01
41.35,-71.379997,2016-07-12,bfc0a78eb-b630-ac26-554e-448eb3094376,USA,NAVY TIBURON 701,DREDGE_FISHING,FISHING,369970738,1.05,Stage 1,2016-07-01
40.88,-71.010002,2016-09-23,cbfafe985-5d2a-7d35-bd3d-0b5997544a89,USA,OLIVIA CATHERINE,TRAWLERS,FISHING,366186640,1.39,Stage 1,2016-09-01
41.06,-71.330002,2016-03-19,4f592e330-09eb-7660-bfba-e409cea93985,USA,STARLIGHT,TRAWLERS,FISHING,366953940,0.61,Stage 1,2016-03-01
41.07,-71.360001,2016-03-19,ebcec2904-465b-e06c-7510-59d0d3ad3506,USA,SUNLIGHT,TRAWLERS,FISHING,366900670,1.03,Stage 1,2016-03-01
41.21,-71.199997,2016-05-27,de237e28e-ee6a-a924-2f28-b7bf9534ea67,USA,NA,DREDGE_FISHING,FISHING,367071460,1.32,Stage 1,2016-05-01
40.92,-71.309998,2016-07-13,ab54f8f1b-bd9e-6eae-3df8-405afa52cdbe,USA,NA,TRAWLERS,FISHING,367718760,1.11,Stage 1,2016-07-01
40.98,-71.360001,2016-12-08,2b76d4b10-04e2-39bb-e3aa-dc7a7f45a05f,USA,PACER,TRAWLERS,FISHING,366866750,3.17,Stage 1,2016-12-01
40.94,-71.059998,2016-09-12,eee4bf772-24eb-f59b-e5d2-3f1d5f21719a,USA,ILLUSION,TRAWLERS,FISHING,366218620,1.48,Stage 1,2016-09-01
41.06,-71.360001,2016-03-17,ebcec2904-465b-e06c-7510-59d0d3ad3506,USA,SUNLIGHT,TRAWLERS,FISHING,366900670,0.56,Stage 1,2016-03-01
40.94,-71.029999,2016-04-23,e70c99e5d-d87b-b8a6-7724-884fa0d56a53,USA,SANDRA JANE,TRAWLERS,FISHING,367327960,1.52,Stage 1,2016-04-01
41.15,-71.25,2016-07-31,fd96b30e3-3f77-f437-8122-20e7744dfdb4,USA,TIMBERLINE,DREDGE_FISHING,FISHING,367071460,1.09,Stage 1,2016-07-01
40.98,-71.400002,2016-12-07,2b76d4b10-04e2-39bb-e3aa-dc7a7f45a05f,USA,PACER,TRAWLERS,FISHING,366866750,5.25,Stage 1,2016-12-01
40.91,-71.25,2016-11-09,63eb304eb-b1bd-d6ed-1dd0-062caa8818ce,USA,F/V OLIVIA RAFAELA,TRAWLERS,FISHING,367199540,2.05,Stage 1,2016-11-01
41.02,-70.730003,2016-08-20,419d86568-8982-aff9-21b2-d6e9a7fedeed,USA,SEVEN SEAS,NA,FISHING,367624610,1.26,Stage 1,2016-08-01
40.93,-70.760002,2016-09-12,da28a0113-3273-3a9f-10ab-097e617c5725,USA,JOHN & NICHOLAS,TRAWLERS,FISHING,367181750,1.37,Stage 1,2016-09-01
40.89,-70.849998,2016-09-13,5a7bd0854-4b15-d8e8-585b-13287e33e124,USA,MARGARET HOLLEY,TRAWLERS,FISHING,367401480,2.63,Stage 1,2016-09-01
40.95,-71.089996,2016-10-30,addf04584-4557-f78a-3763-2049978e3815,USA,LUZITANO,TRAWLERS,FISHING,366926320,0.57,Stage 1,2016-10-01
40.92,-71.18,2016-11-14,638eecf61-1a8a-a539-95df-468b4840e755,USA,HUNTER,FISHING,FISHING,367639280,0.85,Stage 1,2016-11-01
41,-71.269997,2016-09-13,eee4bf772-24eb-f59b-e5d2-3f1d5f21719a,USA,ILLUSION,TRAWLERS,FISHING,366218620,0.76,Stage 1,2016-09-01
40.89,-70.849998,2016-09-13,419d86568-8982-aff9-21b2-d6e9a7fedeed,USA,SEVEN SEAS,NA,FISHING,367624610,1.14,Stage 1,2016-09-01
40.87,-71,2016-09-23,cbfafe985-5d2a-7d35-bd3d-0b5997544a89,USA,OLIVIA CATHERINE,TRAWLERS,FISHING,366186640,0.75,Stage 1,2016-09-01
41.34,-71,2016-08-01,8d12aac2c-c77b-9401-6f32-e5c3e2c31f6e,USA,KELLY MARIE,FISHING,FISHING,367383970,2.37,Stage 1,2016-08-01
41.05,-71.169998,2016-09-11,eee4bf772-24eb-f59b-e5d2-3f1d5f21719a,USA,ILLUSION,TRAWLERS,FISHING,366218620,0.84,Stage 1,2016-09-01
41.19,-71.209999,2016-03-09,4f592e330-09eb-7660-bfba-e409cea93985,USA,STARLIGHT,TRAWLERS,FISHING,366953940,1.34,Stage 1,2016-03-01
40.92,-70.769997,2016-09-12,da28a0113-3273-3a9f-10ab-097e617c5725,USA,JOHN & NICHOLAS,TRAWLERS,FISHING,367181750,1.09,Stage 1,2016-09-01
41.29,-71.330002,2016-09-11,cbfafe985-5d2a-7d35-bd3d-0b5997544a89,USA,OLIVIA CATHERINE,TRAWLERS,FISHING,366186640,1.03,Stage 1,2016-09-01
41,-71.25,2016-09-13,eee4bf772-24eb-f59b-e5d2-3f1d5f21719a,USA,ILLUSION,TRAWLERS,FISHING,366218620,1.03,Stage 1,2016-09-01
41.12,-71.129997,2016-11-25,90b9eaea0-018d-1eaf-4055-36b770057d04,USA,GAIL FRANCES,INCONCLUSIVE,FISHING,366940990,1.74,Stage 1,2016-11-01
41.05,-71.169998,2016-09-23,90b9eaea0-018d-1eaf-4055-36b770057d04,USA,GAIL FRANCES,INCONCLUSIVE,FISHING,366940990,0.84,Stage 1,2016-09-01
41.1,-71.25,2016-03-31,b06b0962f-f968-8e3b-8dd9-e75279d9a497,USA,VANQUISH,FISHING,FISHING,367494810,2.17,Stage 1,2016-03-01
40.95,-71.389999,2016-11-19,f01b02923-33f4-cf51-a193-8090ea37a925,USA,LEONARDO,FISHING,FISHING,367673740,9.28,Stage 1,2016-11-01
40.92,-71.080002,2016-04-23,e70c99e5d-d87b-b8a6-7724-884fa0d56a53,USA,SANDRA JANE,TRAWLERS,FISHING,367327960,0.99,Stage 1,2016-04-01
40.97,-71.360001,2016-12-07,da28a0113-3273-3a9f-10ab-097e617c5725,USA,JOHN & NICHOLAS,TRAWLERS,FISHING,367181750,1.09,Stage 1,2016-12-01
40.99,-71.169998,2016-08-21,fda33ad3b-b3d7-9afb-257d-126bd7b77f81,USA,LADY FRANCES,INCONCLUSIVE,FISHING,367155670,1.6,Stage 1,2016-08-01
41,-71.239998,2016-09-13,eee4bf772-24eb-f59b-e5d2-3f1d5f21719a,USA,ILLUSION,TRAWLERS,FISHING,366218620,1,Stage 1,2016-09-01
40.94,-71.080002,2016-10-06,3f27d2108-864a-b211-81d9-713270af0b4a,USA,F/V DINAH JANE,TRAWLERS,FISHING,367310080,9.34,Stage 1,2016-10-01
40.79,-71.080002,2016-06-26,82b45c510-0107-84f6-4a90-fb32cbbcdd3c,USA,STELLA,POLE_AND_LINE,FISHING,338194028,0.88,Stage 1,2016-06-01
40.93,-71.139999,2016-08-03,fd96b30e3-3f77-f437-8122-20e7744dfdb4,USA,TIMBERLINE,DREDGE_FISHING,FISHING,367071460,1.16,Stage 1,2016-08-01
40.93,-71.339996,2016-06-19,ab54f8f1b-bd9e-6eae-3df8-405afa52cdbe,USA,NA,TRAWLERS,FISHING,367718760,7.51,Stage 1,2016-06-01
41.33,-71.379997,2016-12-19,395358792-2ac0-d275-16a9-bd8cad811778,USA,HEATHER LYNN,TRAWLERS,FISHING,367119340,0.66,Stage 1,2016-12-01
41.21,-71.209999,2016-03-09,ebcec2904-465b-e06c-7510-59d0d3ad3506,USA,SUNLIGHT,TRAWLERS,FISHING,366900670,1.35,Stage 1,2016-03-01
40.85,-70.980003,2016-09-18,b0b2ef95b-bb56-5068-836b-fd4ed7e8dd98,USA,NEPTUNE,TRAWLERS,FISHING,366308790,0.87,Stage 1,2016-09-01
40.97,-71.330002,2016-12-07,da28a0113-3273-3a9f-10ab-097e617c5725,USA,JOHN & NICHOLAS,TRAWLERS,FISHING,367181750,1.77,Stage 1,2016-12-01
40.92,-70.769997,2016-09-08,da28a0113-3273-3a9f-10ab-097e617c5725,USA,JOHN & NICHOLAS,TRAWLERS,FISHING,367181750,1.51,Stage 1,2016-09-01
41.16,-71.230003,2016-08-07,fd96b30e3-3f77-f437-8122-20e7744dfdb4,USA,TIMBERLINE,DREDGE_FISHING,FISHING,367071460,1.73,Stage 1,2016-08-01
40.94,-71.339996,2016-06-19,ab54f8f1b-bd9e-6eae-3df8-405afa52cdbe,USA,NA,TRAWLERS,FISHING,367718760,0.83,Stage 1,2016-06-01
40.91,-71.349998,2016-07-13,ab54f8f1b-bd9e-6eae-3df8-405afa52cdbe,USA,NA,TRAWLERS,FISHING,367718760,1.23,Stage 1,2016-07-01
40.82,-70.910004,2016-09-16,da28a0113-3273-3a9f-10ab-097e617c5725,USA,JOHN & NICHOLAS,TRAWLERS,FISHING,367181750,2.42,Stage 1,2016-09-01
40.89,-71.330002,2016-07-28,fd96b30e3-3f77-f437-8122-20e7744dfdb4,USA,TIMBERLINE,DREDGE_FISHING,FISHING,367071460,0.81,Stage 1,2016-07-01
41.18,-70.959999,2016-06-22,cc9afbfde-e2c5-8f25-c62b-a3ee6b810201,USA,NA,TRAWLERS,FISHING,367335230,4.29,Stage 1,2016-06-01
40.88,-71.32,2016-03-31,b06b0962f-f968-8e3b-8dd9-e75279d9a497,USA,VANQUISH,FISHING,FISHING,367494810,1.32,Stage 1,2016-03-01
40.86,-70.980003,2016-09-18,da28a0113-3273-3a9f-10ab-097e617c5725,USA,JOHN & NICHOLAS,TRAWLERS,FISHING,367181750,0.98,Stage 1,2016-09-01
40.97,-71.349998,2016-12-07,2b76d4b10-04e2-39bb-e3aa-dc7a7f45a05f,USA,PACER,TRAWLERS,FISHING,366866750,1.33,Stage 1,2016-12-01
40.87,-70.949997,2016-09-18,da28a0113-3273-3a9f-10ab-097e617c5725,USA,JOHN & NICHOLAS,TRAWLERS,FISHING,367181750,1.76,Stage 1,2016-09-01
40.89,-71.139999,2016-08-20,8904b9c4e-ee9e-fbd4-a011-8c1d321679f1,USA,ESS PRIDE,TRAWLERS,FISHING,367411950,21.54,Stage 1,2016-08-01
40.9,-71.089996,2016-08-28,8904b9c4e-ee9e-fbd4-a011-8c1d321679f1,USA,ESS PRIDE,TRAWLERS,FISHING,367411950,13.67,Stage 1,2016-08-01
40.86,-70.830002,2016-09-15,da28a0113-3273-3a9f-10ab-097e617c5725,USA,JOHN & NICHOLAS,TRAWLERS,FISHING,367181750,1.52,Stage 1,2016-09-01
40.93,-71.139999,2016-08-04,fd96b30e3-3f77-f437-8122-20e7744dfdb4,USA,TIMBERLINE,DREDGE_FISHING,FISHING,367071460,11.73,Stage 1,2016-08-01
41.28,-71.400002,2016-12-18,60b4e59f1-1c41-cad1-1384-42f15727104a,USA,RELENTLESS,FISHING,FISHING,367394060,0.98,Stage 1,2016-12-01
40.9,-70.790001,2016-09-12,eee4bf772-24eb-f59b-e5d2-3f1d5f21719a,USA,ILLUSION,TRAWLERS,FISHING,366218620,1.2,Stage 1,2016-09-01
40.9,-71.099998,2016-09-22,8904b9c4e-ee9e-fbd4-a011-8c1d321679f1,USA,ESS PRIDE,TRAWLERS,FISHING,367411950,0.66,Stage 1,2016-09-01
40.89,-71.129997,2016-09-23,8904b9c4e-ee9e-fbd4-a011-8c1d321679f1,USA,ESS PRIDE,TRAWLERS,FISHING,367411950,3.1,Stage 1,2016-09-01
40.98,-70.989998,2016-06-19,b2438cfc0-095d-8257-86a8-b3ac734657be,USA,NA,TRAWLERS,FISHING,367356690,1.76,Stage 1,2016-06-01
40.91,-71.370003,2016-06-21,ab54f8f1b-bd9e-6eae-3df8-405afa52cdbe,USA,NA,TRAWLERS,FISHING,367718760,1.01,Stage 1,2016-06-01
40.96,-70.769997,2016-09-11,606b6ecca-ac79-5842-d88c-fe7608145aea,USA,F/V LADY PATRICIA,INCONCLUSIVE,FISHING,366989560,0.86,Stage 1,2016-09-01
41.11,-71.290001,2016-03-12,ebcec2904-465b-e06c-7510-59d0d3ad3506,USA,SUNLIGHT,TRAWLERS,FISHING,366900670,1.48,Stage 1,2016-03-01
40.98,-71.379997,2016-11-09,7dd3dd22b-b87a-4dc1-cbfe-48bd467a54b3,USA,F/V TRIUNFO,TRAWLERS,FISHING,367356690,0.47,Stage 1,2016-11-01
41.1,-71.150002,2016-07-12,ab54f8f1b-bd9e-6eae-3df8-405afa52cdbe,USA,NA,TRAWLERS,FISHING,367718760,0.79,Stage 1,2016-07-01
41,-71.379997,2016-10-31,addf04584-4557-f78a-3763-2049978e3815,USA,LUZITANO,TRAWLERS,FISHING,366926320,0.34,Stage 1,2016-10-01
40.83,-70.860001,2016-09-23,cbfafe985-5d2a-7d35-bd3d-0b5997544a89,USA,OLIVIA CATHERINE,TRAWLERS,FISHING,366186640,1.23,Stage 1,2016-09-01
41.25,-71.339996,2016-05-19,80f2147a9-9153-9935-608c-6d0a5f87d20f,USA,NA,TRAWLERS,FISHING,366850380,5.72,Stage 1,2016-05-01
40.79,-71.07,2016-06-26,82b45c510-0107-84f6-4a90-fb32cbbcdd3c,USA,STELLA,POLE_AND_LINE,FISHING,338194028,1.1,Stage 1,2016-06-01
41.29,-71.309998,2016-09-11,cbfafe985-5d2a-7d35-bd3d-0b5997544a89,USA,OLIVIA CATHERINE,TRAWLERS,FISHING,366186640,1.32,Stage 1,2016-09-01
40.99,-71.25,2016-08-09,9a8640511-1c91-5720-80f0-021981ce9f23,USA,WANDO RIVER,TRAWLERS,FISHING,367718760,0.54,Stage 1,2016-08-01
40.97,-71.389999,2016-12-07,da28a0113-3273-3a9f-10ab-097e617c5725,USA,JOHN & NICHOLAS,TRAWLERS,FISHING,367181750,1.02,Stage 1,2016-12-01
40.85,-70.910004,2016-09-15,da28a0113-3273-3a9f-10ab-097e617c5725,USA,JOHN & NICHOLAS,TRAWLERS,FISHING,367181750,0.42,Stage 1,2016-09-01
40.89,-70.809998,2016-09-17,da28a0113-3273-3a9f-10ab-097e617c5725,USA,JOHN & NICHOLAS,TRAWLERS,FISHING,367181750,1.29,Stage 1,2016-09-01
40.94,-71.059998,2016-06-18,b2438cfc0-095d-8257-86a8-b3ac734657be,USA,NA,TRAWLERS,FISHING,367356690,1.64,Stage 1,2016-06-01
41.11,-71.190002,2016-08-09,9a8640511-1c91-5720-80f0-021981ce9f23,USA,WANDO RIVER,TRAWLERS,FISHING,367718760,0.38,Stage 1,2016-08-01
40.89,-70.809998,2016-09-13,5a7bd0854-4b15-d8e8-585b-13287e33e124,USA,MARGARET HOLLEY,TRAWLERS,FISHING,367401480,0.68,Stage 1,2016-09-01
40.92,-71.309998,2016-06-30,ab54f8f1b-bd9e-6eae-3df8-405afa52cdbe,USA,NA,TRAWLERS,FISHING,367718760,0.68,Stage 1,2016-06-01
40.94,-71.239998,2016-12-22,f01b02923-33f4-cf51-a193-8090ea37a925,USA,LEONARDO,FISHING,FISHING,367673740,1.1,Stage 1,2016-12-01
40.88,-70.809998,2016-09-13,1ac07d8ae-ee16-d3df-f510-4e723aedbfa4,USA,ROSE MARIE,FISHING,FISHING,367185620,0.91,Stage 1,2016-09-01
40.97,-71.190002,2016-08-09,fd96b30e3-3f77-f437-8122-20e7744dfdb4,USA,TIMBERLINE,DREDGE_FISHING,FISHING,367071460,1.58,Stage 1,2016-08-01
40.96,-71.160004,2016-08-02,fd96b30e3-3f77-f437-8122-20e7744dfdb4,USA,TIMBERLINE,DREDGE_FISHING,FISHING,367071460,0.7,Stage 1,2016-08-01
41.18,-71.220001,2016-08-16,fd96b30e3-3f77-f437-8122-20e7744dfdb4,USA,TIMBERLINE,DREDGE_FISHING,FISHING,367071460,1.6,Stage 1,2016-08-01
41.31,-71.370003,2016-09-11,cbfafe985-5d2a-7d35-bd3d-0b5997544a89,USA,OLIVIA CATHERINE,TRAWLERS,FISHING,366186640,1.04,Stage 1,2016-09-01
40.86,-70.910004,2016-09-17,da28a0113-3273-3a9f-10ab-097e617c5725,USA,JOHN & NICHOLAS,TRAWLERS,FISHING,367181750,1.04,Stage 1,2016-09-01
41.22,-71.209999,2016-03-09,ebcec2904-465b-e06c-7510-59d0d3ad3506,USA,SUNLIGHT,TRAWLERS,FISHING,366900670,0.43,Stage 1,2016-03-01
40.9,-70.800003,2016-09-12,eee4bf772-24eb-f59b-e5d2-3f1d5f21719a,USA,ILLUSION,TRAWLERS,FISHING,366218620,3.81,Stage 1,2016-09-01
40.99,-71.279999,2016-09-12,eee4bf772-24eb-f59b-e5d2-3f1d5f21719a,USA,ILLUSION,TRAWLERS,FISHING,366218620,0.49,Stage 1,2016-09-01
41.36,-71.110001,2016-09-15,cbfafe985-5d2a-7d35-bd3d-0b5997544a89,USA,OLIVIA CATHERINE,TRAWLERS,FISHING,366186640,1.85,Stage 1,2016-09-01
41.21,-71.220001,2016-03-09,4f592e330-09eb-7660-bfba-e409cea93985,USA,STARLIGHT,TRAWLERS,FISHING,366953940,1.5,Stage 1,2016-03-01
40.93,-71.139999,2016-08-09,fd96b30e3-3f77-f437-8122-20e7744dfdb4,USA,TIMBERLINE,DREDGE_FISHING,FISHING,367071460,0.84,Stage 1,2016-08-01
41.3,-71.269997,2016-08-10,5a7bd0854-4b15-d8e8-585b-13287e33e124,USA,MARGARET HOLLEY,TRAWLERS,FISHING,367401480,0.36,Stage 1,2016-08-01
41.1,-70.809998,2016-09-09,ec9538b38-830a-9923-c628-1b70537d6a7d,USA,JOCKA,TRAWLERS,FISHING,367551860,1.6,Stage 1,2016-09-01
40.92,-70.809998,2016-09-12,da28a0113-3273-3a9f-10ab-097e617c5725,USA,JOHN & NICHOLAS,TRAWLERS,FISHING,367181750,1.39,Stage 1,2016-09-01
40.92,-71.260002,2016-07-06,ab54f8f1b-bd9e-6eae-3df8-405afa52cdbe,USA,NA,TRAWLERS,FISHING,367718760,2.15,Stage 1,2016-07-01
41.37,-71.139999,2016-11-29,a6fb6e959-9d59-5d51-6734-ce931d852a9e,USA,RETRIEVER,TRAWLERS,FISHING,367324660,0.91,Stage 1,2016-11-01
40.84,-70.879997,2016-09-16,da28a0113-3273-3a9f-10ab-097e617c5725,USA,JOHN & NICHOLAS,TRAWLERS,FISHING,367181750,0.53,Stage 1,2016-09-01
41.07,-70.860001,2016-10-07,7dd3dd22b-b87a-4dc1-cbfe-48bd467a54b3,USA,F/V TRIUNFO,TRAWLERS,FISHING,367356690,3.54,Stage 1,2016-10-01
40.96,-71.080002,2016-04-23,e70c99e5d-d87b-b8a6-7724-884fa0d56a53,USA,SANDRA JANE,TRAWLERS,FISHING,367327960,0.86,Stage 1,2016-04-01
40.92,-71.360001,2016-06-21,ab54f8f1b-bd9e-6eae-3df8-405afa52cdbe,USA,NA,TRAWLERS,FISHING,367718760,1.33,Stage 1,2016-06-01
40.94,-70.919998,2016-09-12,eee4bf772-24eb-f59b-e5d2-3f1d5f21719a,USA,ILLUSION,TRAWLERS,FISHING,366218620,0.75,Stage 1,2016-09-01
40.98,-71.339996,2016-12-06,da28a0113-3273-3a9f-10ab-097e617c5725,USA,JOHN & NICHOLAS,TRAWLERS,FISHING,367181750,0.84,Stage 1,2016-12-01
40.89,-70.809998,2016-09-13,e835426b5-5325-4b79-ca28-832b6de511b0,USA,CONOR AND MICHAEL,TRAWLERS,FISHING,367301540,0.74,Stage 1,2016-09-01
40.94,-71.209999,2016-03-17,ebcec2904-465b-e06c-7510-59d0d3ad3506,USA,SUNLIGHT,TRAWLERS,FISHING,366900670,0.56,Stage 1,2016-03-01
40.96,-71.379997,2016-06-18,fc7ae9517-710f-e339-f1fe-59232b4e41ea,USA,NA,FISHING,FISHING,367051920,0.85,Stage 1,2016-06-01
41.14,-71.239998,2016-03-12,de237e28e-ee6a-a924-2f28-b7bf9534ea67,USA,NA,DREDGE_FISHING,FISHING,367071460,13.37,Stage 1,2016-03-01
41.05,-71.309998,2016-03-18,ebcec2904-465b-e06c-7510-59d0d3ad3506,USA,SUNLIGHT,TRAWLERS,FISHING,366900670,0.68,Stage 1,2016-03-01
41.01,-71.309998,2016-09-10,eee4bf772-24eb-f59b-e5d2-3f1d5f21719a,USA,ILLUSION,TRAWLERS,FISHING,366218620,1.89,Stage 1,2016-09-01
40.89,-71.120003,2016-09-23,8904b9c4e-ee9e-fbd4-a011-8c1d321679f1,USA,ESS PRIDE,TRAWLERS,FISHING,367411950,1.32,Stage 1,2016-09-01
40.96,-71.400002,2016-12-04,da28a0113-3273-3a9f-10ab-097e617c5725,USA,JOHN & NICHOLAS,TRAWLERS,FISHING,367181750,2.04,Stage 1,2016-12-01
41.21,-71.190002,2016-03-09,ebcec2904-465b-e06c-7510-59d0d3ad3506,USA,SUNLIGHT,TRAWLERS,FISHING,366900670,1.46,Stage 1,2016-03-01
40.99,-71.279999,2016-09-09,da28a0113-3273-3a9f-10ab-097e617c5725,USA,JOHN & NICHOLAS,TRAWLERS,FISHING,367181750,1.94,Stage 1,2016-09-01
40.87,-70.839996,2016-09-17,da28a0113-3273-3a9f-10ab-097e617c5725,USA,JOHN & NICHOLAS,TRAWLERS,FISHING,367181750,1.08,Stage 1,2016-09-01
40.94,-71.209999,2016-03-17,4f592e330-09eb-7660-bfba-e409cea93985,USA,STARLIGHT,TRAWLERS,FISHING,366953940,0.85,Stage 1,2016-03-01
41.15,-70.93,2016-09-09,ec9538b38-830a-9923-c628-1b70537d6a7d,USA,JOCKA,TRAWLERS,FISHING,367551860,2.81,Stage 1,2016-09-01
40.87,-71.290001,2016-10-06,fd96b30e3-3f77-f437-8122-20e7744dfdb4,USA,TIMBERLINE,DREDGE_FISHING,FISHING,367071460,1.33,Stage 1,2016-10-01
40.81,-71.019997,2016-06-26,82b45c510-0107-84f6-4a90-fb32cbbcdd3c,USA,STELLA,POLE_AND_LINE,FISHING,338194028,0.93,Stage 1,2016-06-01
40.95,-71.059998,2016-06-21,b2438cfc0-095d-8257-86a8-b3ac734657be,USA,NA,TRAWLERS,FISHING,367356690,1.5,Stage 1,2016-06-01
40.84,-70.900002,2016-09-18,da28a0113-3273-3a9f-10ab-097e617c5725,USA,JOHN & NICHOLAS,TRAWLERS,FISHING,367181750,1.93,Stage 1,2016-09-01
41.03,-71.370003,2016-10-31,addf04584-4557-f78a-3763-2049978e3815,USA,LUZITANO,TRAWLERS,FISHING,366926320,0.82,Stage 1,2016-10-01
40.94,-71.32,2016-06-21,ab54f8f1b-bd9e-6eae-3df8-405afa52cdbe,USA,NA,TRAWLERS,FISHING,367718760,2.85,Stage 1,2016-06-01
41.08,-70.860001,2016-10-08,7dd3dd22b-b87a-4dc1-cbfe-48bd467a54b3,USA,F/V TRIUNFO,TRAWLERS,FISHING,367356690,1.91,Stage 1,2016-10-01
40.92,-71.089996,2016-09-23,8904b9c4e-ee9e-fbd4-a011-8c1d321679f1,USA,ESS PRIDE,TRAWLERS,FISHING,367411950,1.62,Stage 1,2016-09-01
41.29,-71.400002,2016-12-17,395358792-2ac0-d275-16a9-bd8cad811778,USA,HEATHER LYNN,TRAWLERS,FISHING,367119340,1.13,Stage 1,2016-12-01
40.89,-71.129997,2016-08-20,8904b9c4e-ee9e-fbd4-a011-8c1d321679f1,USA,ESS PRIDE,TRAWLERS,FISHING,367411950,1.09,Stage 1,2016-08-01
40.93,-71.089996,2016-10-07,3f27d2108-864a-b211-81d9-713270af0b4a,USA,F/V DINAH JANE,TRAWLERS,FISHING,367310080,1.53,Stage 1,2016-10-01
41.33,-71.400002,2016-12-26,b502ce01e-ef13-4994-f8f5-0ff27d7fd6aa,USA,PERSISTENCE,FISHING,FISHING,367717970,0.71,Stage 1,2016-12-01
40.81,-71,2016-09-16,da28a0113-3273-3a9f-10ab-097e617c5725,USA,JOHN & NICHOLAS,TRAWLERS,FISHING,367181750,1.44,Stage 1,2016-09-01
40.97,-71.389999,2016-12-08,2b76d4b10-04e2-39bb-e3aa-dc7a7f45a05f,USA,PACER,TRAWLERS,FISHING,366866750,1.38,Stage 1,2016-12-01
41.01,-71.309998,2016-09-13,eee4bf772-24eb-f59b-e5d2-3f1d5f21719a,USA,ILLUSION,TRAWLERS,FISHING,366218620,2.87,Stage 1,2016-09-01
41.16,-71.239998,2016-07-31,fd96b30e3-3f77-f437-8122-20e7744dfdb4,USA,TIMBERLINE,DREDGE_FISHING,FISHING,367071460,2.99,Stage 1,2016-07-01
41.07,-70.849998,2016-10-08,7dd3dd22b-b87a-4dc1-cbfe-48bd467a54b3,USA,F/V TRIUNFO,TRAWLERS,FISHING,367356690,3.3,Stage 1,2016-10-01
40.87,-70.839996,2016-09-18,da28a0113-3273-3a9f-10ab-097e617c5725,USA,JOHN & NICHOLAS,TRAWLERS,FISHING,367181750,1.27,Stage 1,2016-09-01
41.22,-71.199997,2016-03-09,ebcec2904-465b-e06c-7510-59d0d3ad3506,USA,SUNLIGHT,TRAWLERS,FISHING,366900670,1.02,Stage 1,2016-03-01
40.97,-71.379997,2016-12-06,da28a0113-3273-3a9f-10ab-097e617c5725,USA,JOHN & NICHOLAS,TRAWLERS,FISHING,367181750,1.96,Stage 1,2016-12-01
40.94,-71.400002,2016-12-07,da28a0113-3273-3a9f-10ab-097e617c5725,USA,JOHN & NICHOLAS,TRAWLERS,FISHING,367181750,0.94,Stage 1,2016-12-01
41.01,-71.360001,2016-03-19,ebcec2904-465b-e06c-7510-59d0d3ad3506,USA,SUNLIGHT,TRAWLERS,FISHING,366900670,0.94,Stage 1,2016-03-01
40.96,-71.169998,2016-08-02,fd96b30e3-3f77-f437-8122-20e7744dfdb4,USA,TIMBERLINE,DREDGE_FISHING,FISHING,367071460,1.92,Stage 1,2016-08-01
40.96,-71.400002,2016-12-08,da28a0113-3273-3a9f-10ab-097e617c5725,USA,JOHN & NICHOLAS,TRAWLERS,FISHING,367181750,1.93,Stage 1,2016-12-01
40.92,-71.279999,2016-07-17,ab54f8f1b-bd9e-6eae-3df8-405afa52cdbe,USA,NA,TRAWLERS,FISHING,367718760,0.38,Stage 1,2016-07-01
40.93,-71.129997,2016-08-03,fd96b30e3-3f77-f437-8122-20e7744dfdb4,USA,TIMBERLINE,DREDGE_FISHING,FISHING,367071460,8.66,Stage 1,2016-08-01
40.83,-70.989998,2016-09-16,da28a0113-3273-3a9f-10ab-097e617c5725,USA,JOHN & NICHOLAS,TRAWLERS,FISHING,367181750,1.24,Stage 1,2016-09-01
40.96,-71.389999,2016-06-25,fc7ae9517-710f-e339-f1fe-59232b4e41ea,USA,NA,FISHING,FISHING,367051920,0.79,Stage 1,2016-06-01
40.94,-71.099998,2016-04-23,e70c99e5d-d87b-b8a6-7724-884fa0d56a53,USA,SANDRA JANE,TRAWLERS,FISHING,367327960,1.94,Stage 1,2016-04-01
41.07,-70.830002,2016-10-08,7dd3dd22b-b87a-4dc1-cbfe-48bd467a54b3,USA,F/V TRIUNFO,TRAWLERS,FISHING,367356690,2.16,Stage 1,2016-10-01
40.9,-70.790001,2016-09-11,da28a0113-3273-3a9f-10ab-097e617c5725,USA,JOHN & NICHOLAS,TRAWLERS,FISHING,367181750,0.67,Stage 1,2016-09-01
40.91,-70.889999,2016-09-12,eee4bf772-24eb-f59b-e5d2-3f1d5f21719a,USA,ILLUSION,TRAWLERS,FISHING,366218620,0.87,Stage 1,2016-09-01
40.98,-71.379997,2016-12-05,da28a0113-3273-3a9f-10ab-097e617c5725,USA,JOHN & NICHOLAS,TRAWLERS,FISHING,367181750,1.18,Stage 1,2016-12-01
41.02,-71.199997,2016-09-11,eee4bf772-24eb-f59b-e5d2-3f1d5f21719a,USA,ILLUSION,TRAWLERS,FISHING,366218620,1.2,Stage 1,2016-09-01
40.91,-70.959999,2016-09-12,eee4bf772-24eb-f59b-e5d2-3f1d5f21719a,USA,ILLUSION,TRAWLERS,FISHING,366218620,1.12,Stage 1,2016-09-01
40.96,-71.07,2016-06-24,4d85b662e-e983-a305-b5e4-3f4591264f81,USA,NA,TRAWLERS,FISHING,367310080,3.15,Stage 1,2016-06-01
40.88,-70.900002,2016-09-16,da28a0113-3273-3a9f-10ab-097e617c5725,USA,JOHN & NICHOLAS,TRAWLERS,FISHING,367181750,1.02,Stage 1,2016-09-01
40.95,-71.25,2016-07-17,ab54f8f1b-bd9e-6eae-3df8-405afa52cdbe,USA,NA,TRAWLERS,FISHING,367718760,4.16,Stage 1,2016-07-01
41.01,-71.309998,2016-09-11,eee4bf772-24eb-f59b-e5d2-3f1d5f21719a,USA,ILLUSION,TRAWLERS,FISHING,366218620,2.58,Stage 1,2016-09-01
40.98,-71.220001,2016-09-12,eee4bf772-24eb-f59b-e5d2-3f1d5f21719a,USA,ILLUSION,TRAWLERS,FISHING,366218620,1.51,Stage 1,2016-09-01
40.96,-71.019997,2016-06-22,b2438cfc0-095d-8257-86a8-b3ac734657be,USA,NA,TRAWLERS,FISHING,367356690,0.47,Stage 1,2016-06-01
41.1,-70.709999,2016-09-08,eee4bf772-24eb-f59b-e5d2-3f1d5f21719a,USA,ILLUSION,TRAWLERS,FISHING,366218620,1.45,Stage 1,2016-09-01
41.07,-70.839996,2016-10-07,7dd3dd22b-b87a-4dc1-cbfe-48bd467a54b3,USA,F/V TRIUNFO,TRAWLERS,FISHING,367356690,1.13,Stage 1,2016-10-01
40.96,-71.389999,2016-12-05,da28a0113-3273-3a9f-10ab-097e617c5725,USA,JOHN & NICHOLAS,TRAWLERS,FISHING,367181750,1.69,Stage 1,2016-12-01
41.04,-71.230003,2016-08-21,fda33ad3b-b3d7-9afb-257d-126bd7b77f81,USA,LADY FRANCES,INCONCLUSIVE,FISHING,367155670,2.02,Stage 1,2016-08-01
40.83,-70.940002,2016-09-23,cbfafe985-5d2a-7d35-bd3d-0b5997544a89,USA,OLIVIA CATHERINE,TRAWLERS,FISHING,366186640,0.92,Stage 1,2016-09-01
40.99,-71.349998,2016-12-06,da28a0113-3273-3a9f-10ab-097e617c5725,USA,JOHN & NICHOLAS,TRAWLERS,FISHING,367181750,1.23,Stage 1,2016-12-01
40.96,-71.199997,2016-08-02,fd96b30e3-3f77-f437-8122-20e7744dfdb4,USA,TIMBERLINE,DREDGE_FISHING,FISHING,367071460,0.42,Stage 1,2016-08-01
41.05,-71.360001,2016-09-14,eee4bf772-24eb-f59b-e5d2-3f1d5f21719a,USA,ILLUSION,TRAWLERS,FISHING,366218620,0.8,Stage 1,2016-09-01
41.15,-71.239998,2016-07-31,fd96b30e3-3f77-f437-8122-20e7744dfdb4,USA,TIMBERLINE,DREDGE_FISHING,FISHING,367071460,11.7,Stage 1,2016-07-01
40.83,-70.879997,2016-09-16,da28a0113-3273-3a9f-10ab-097e617c5725,USA,JOHN & NICHOLAS,TRAWLERS,FISHING,367181750,1.09,Stage 1,2016-09-01
40.89,-71.110001,2016-09-22,8904b9c4e-ee9e-fbd4-a011-8c1d321679f1,USA,ESS PRIDE,TRAWLERS,FISHING,367411950,6.05,Stage 1,2016-09-01
40.9,-71.110001,2016-09-21,8904b9c4e-ee9e-fbd4-a011-8c1d321679f1,USA,ESS PRIDE,TRAWLERS,FISHING,367411950,0.33,Stage 1,2016-09-01
40.86,-70.870003,2016-09-15,da28a0113-3273-3a9f-10ab-097e617c5725,USA,JOHN & NICHOLAS,TRAWLERS,FISHING,367181750,0.6,Stage 1,2016-09-01
40.91,-71.370003,2016-10-06,b5c8f14ac-cc19-ce97-1589-8ed6d3b58f48,USA,STEPHANIE BRYAN,FISHING,FISHING,367428520,0.72,Stage 1,2016-10-01
40.95,-71.389999,2016-11-15,638eecf61-1a8a-a539-95df-468b4840e755,USA,HUNTER,FISHING,FISHING,367639280,0.87,Stage 1,2016-11-01
40.9,-70.800003,2016-09-17,b91c9478b-bfa0-844e-f949-ccea31ce5ac1,USA,ELIZ AND KATHERINE,TRAWLERS,FISHING,367542540,0.67,Stage 1,2016-09-01
41.12,-71.309998,2016-03-19,ebcec2904-465b-e06c-7510-59d0d3ad3506,USA,SUNLIGHT,TRAWLERS,FISHING,366900670,1.63,Stage 1,2016-03-01
41.2,-71.190002,2016-03-09,4f592e330-09eb-7660-bfba-e409cea93985,USA,STARLIGHT,TRAWLERS,FISHING,366953940,2.13,Stage 1,2016-03-01
41.06,-70.709999,2016-09-01,eee4bf772-24eb-f59b-e5d2-3f1d5f21719a,USA,ILLUSION,TRAWLERS,FISHING,366218620,0.94,Stage 1,2016-09-01
40.92,-71.349998,2016-06-20,ab54f8f1b-bd9e-6eae-3df8-405afa52cdbe,USA,NA,TRAWLERS,FISHING,367718760,1.96,Stage 1,2016-06-01
41.02,-70.769997,2016-08-19,419d86568-8982-aff9-21b2-d6e9a7fedeed,USA,SEVEN SEAS,NA,FISHING,367624610,0.68,Stage 1,2016-08-01
41.36,-71.330002,2016-09-15,cbfafe985-5d2a-7d35-bd3d-0b5997544a89,USA,OLIVIA CATHERINE,TRAWLERS,FISHING,366186640,0.93,Stage 1,2016-09-01
40.92,-70.790001,2016-09-11,da28a0113-3273-3a9f-10ab-097e617c5725,USA,JOHN & NICHOLAS,TRAWLERS,FISHING,367181750,0.54,Stage 1,2016-09-01
40.88,-71.150002,2016-08-27,8904b9c4e-ee9e-fbd4-a011-8c1d321679f1,USA,ESS PRIDE,TRAWLERS,FISHING,367411950,3.03,Stage 1,2016-08-01
41.29,-71.400002,2016-07-25,d2d4a7623-3cb5-3aed-65b0-0866a70bfbb3,USA,OCEAN STATE,TRAWLERS,FISHING,366278770,1.14,Stage 1,2016-07-01
41.29,-70.980003,2016-07-06,cf01696b8-89df-2acf-561d-a8a26c9162a4,USA,NA,TRAWLERS,FISHING,367709870,0.73,Stage 1,2016-07-01
41.06,-71.300003,2016-03-31,b06b0962f-f968-8e3b-8dd9-e75279d9a497,USA,VANQUISH,FISHING,FISHING,367494810,1.69,Stage 1,2016-03-01
40.95,-70.730003,2016-09-11,da28a0113-3273-3a9f-10ab-097e617c5725,USA,JOHN & NICHOLAS,TRAWLERS,FISHING,367181750,1.25,Stage 1,2016-09-01
40.87,-71.129997,2016-09-22,8904b9c4e-ee9e-fbd4-a011-8c1d321679f1,USA,ESS PRIDE,TRAWLERS,FISHING,367411950,7,Stage 1,2016-09-01
40.96,-71.300003,2016-09-09,da28a0113-3273-3a9f-10ab-097e617c5725,USA,JOHN & NICHOLAS,TRAWLERS,FISHING,367181750,1.32,Stage 1,2016-09-01
41.16,-71.239998,2016-03-09,de237e28e-ee6a-a924-2f28-b7bf9534ea67,USA,NA,DREDGE_FISHING,FISHING,367071460,0.59,Stage 1,2016-03-01
41.06,-71.360001,2016-03-19,ebcec2904-465b-e06c-7510-59d0d3ad3506,USA,SUNLIGHT,TRAWLERS,FISHING,366900670,1.13,Stage 1,2016-03-01
40.82,-70.959999,2016-09-16,da28a0113-3273-3a9f-10ab-097e617c5725,USA,JOHN & NICHOLAS,TRAWLERS,FISHING,367181750,2.23,Stage 1,2016-09-01
40.93,-71.120003,2016-08-03,fd96b30e3-3f77-f437-8122-20e7744dfdb4,USA,TIMBERLINE,DREDGE_FISHING,FISHING,367071460,5.23,Stage 1,2016-08-01
41.05,-71.169998,2016-10-07,90b9eaea0-018d-1eaf-4055-36b770057d04,USA,GAIL FRANCES,INCONCLUSIVE,FISHING,366940990,0.88,Stage 1,2016-10-01
41.06,-70.720001,2016-10-16,a7082568b-bb57-d191-6f0f-d282e4d51cad,USA,MCKINLEY,FISHING,FISHING,366739960,1.47,Stage 1,2016-10-01
40.95,-70.839996,2016-09-14,da28a0113-3273-3a9f-10ab-097e617c5725,USA,JOHN & NICHOLAS,TRAWLERS,FISHING,367181750,0.87,Stage 1,2016-09-01
41.14,-71.360001,2016-10-30,90b9eaea0-018d-1eaf-4055-36b770057d04,USA,GAIL FRANCES,INCONCLUSIVE,FISHING,366940990,0.77,Stage 1,2016-10-01
41.05,-71.300003,2016-09-11,ba4a52920-081c-0c35-d8de-8626e17931f5,USA,F/V GUARDIAN,FISHING,FISHING,367393670,0.81,Stage 1,2016-09-01
40.86,-70.849998,2016-09-18,da28a0113-3273-3a9f-10ab-097e617c5725,USA,JOHN & NICHOLAS,TRAWLERS,FISHING,367181750,1.09,Stage 1,2016-09-01
40.95,-70.849998,2016-09-11,606b6ecca-ac79-5842-d88c-fe7608145aea,USA,F/V LADY PATRICIA,INCONCLUSIVE,FISHING,366989560,0.39,Stage 1,2016-09-01
40.96,-71.309998,2016-12-07,da28a0113-3273-3a9f-10ab-097e617c5725,USA,JOHN & NICHOLAS,TRAWLERS,FISHING,367181750,0.95,Stage 1,2016-12-01
41.05,-71.089996,2016-10-07,90b9eaea0-018d-1eaf-4055-36b770057d04,USA,GAIL FRANCES,INCONCLUSIVE,FISHING,366940990,0.43,Stage 1,2016-10-01
40.93,-71.209999,2016-09-18,b0b2ef95b-bb56-5068-836b-fd4ed7e8dd98,USA,NEPTUNE,TRAWLERS,FISHING,366308790,0.53,Stage 1,2016-09-01
40.96,-71.370003,2016-12-07,da28a0113-3273-3a9f-10ab-097e617c5725,USA,JOHN & NICHOLAS,TRAWLERS,FISHING,367181750,1,Stage 1,2016-12-01
40.91,-71.129997,2016-10-07,3f27d2108-864a-b211-81d9-713270af0b4a,USA,F/V DINAH JANE,TRAWLERS,FISHING,367310080,0.86,Stage 1,2016-10-01
41.24,-71.139999,2016-03-08,4f592e330-09eb-7660-bfba-e409cea93985,USA,STARLIGHT,TRAWLERS,FISHING,366953940,2.49,Stage 1,2016-03-01
41.06,-70.760002,2016-09-01,eee4bf772-24eb-f59b-e5d2-3f1d5f21719a,USA,ILLUSION,TRAWLERS,FISHING,366218620,1.25,Stage 1,2016-09-01
40.99,-70.769997,2016-06-11,336df487c-c7f8-bc07-2b6b-e9740d7241c2,USA,NA,SET_GILLNETS,FISHING,338132083,0.84,Stage 1,2016-06-01
40.95,-71.370003,2016-11-15,638eecf61-1a8a-a539-95df-468b4840e755,USA,HUNTER,FISHING,FISHING,367639280,4.38,Stage 1,2016-11-01
40.96,-71.330002,2016-11-09,638eecf61-1a8a-a539-95df-468b4840e755,USA,HUNTER,FISHING,FISHING,367639280,0.72,Stage 1,2016-11-01
40.98,-71.400002,2016-12-08,da28a0113-3273-3a9f-10ab-097e617c5725,USA,JOHN & NICHOLAS,TRAWLERS,FISHING,367181750,2.15,Stage 1,2016-12-01
41.03,-71.18,2016-10-03,90b9eaea0-018d-1eaf-4055-36b770057d04,USA,GAIL FRANCES,INCONCLUSIVE,FISHING,366940990,1.88,Stage 1,2016-10-01
41.16,-71.220001,2016-07-31,fd96b30e3-3f77-f437-8122-20e7744dfdb4,USA,TIMBERLINE,DREDGE_FISHING,FISHING,367071460,3.59,Stage 1,2016-07-01
40.96,-71.389999,2016-06-18,fc7ae9517-710f-e339-f1fe-59232b4e41ea,USA,NA,FISHING,FISHING,367051920,0.83,Stage 1,2016-06-01
40.89,-71.260002,2016-11-09,63eb304eb-b1bd-d6ed-1dd0-062caa8818ce,USA,F/V OLIVIA RAFAELA,TRAWLERS,FISHING,367199540,0.9,Stage 1,2016-11-01
40.97,-71.360001,2016-12-06,da28a0113-3273-3a9f-10ab-097e617c5725,USA,JOHN & NICHOLAS,TRAWLERS,FISHING,367181750,0.77,Stage 1,2016-12-01
40.98,-71.300003,2016-10-31,addf04584-4557-f78a-3763-2049978e3815,USA,LUZITANO,TRAWLERS,FISHING,366926320,0.41,Stage 1,2016-10-01
41.06,-70.739998,2016-11-15,79b0852e1-1e25-4bae-ba24-811a7b9779fb,USA,MISS LINDSEY,FISHING,FISHING,367742440,2.06,Stage 1,2016-11-01
41.02,-70.730003,2016-09-08,da28a0113-3273-3a9f-10ab-097e617c5725,USA,JOHN & NICHOLAS,TRAWLERS,FISHING,367181750,1.08,Stage 1,2016-09-01
40.87,-70.82,2016-09-18,da28a0113-3273-3a9f-10ab-097e617c5725,USA,JOHN & NICHOLAS,TRAWLERS,FISHING,367181750,1.36,Stage 1,2016-09-01
41.14,-71.349998,2016-11-14,90b9eaea0-018d-1eaf-4055-36b770057d04,USA,GAIL FRANCES,INCONCLUSIVE,FISHING,366940990,0.81,Stage 1,2016-11-01
40.94,-71.040001,2016-06-22,b2438cfc0-095d-8257-86a8-b3ac734657be,USA,NA,TRAWLERS,FISHING,367356690,7.11,Stage 1,2016-06-01
40.91,-71.099998,2016-09-23,8904b9c4e-ee9e-fbd4-a011-8c1d321679f1,USA,ESS PRIDE,TRAWLERS,FISHING,367411950,2.51,Stage 1,2016-09-01
40.88,-71.129997,2016-08-28,8904b9c4e-ee9e-fbd4-a011-8c1d321679f1,USA,ESS PRIDE,TRAWLERS,FISHING,367411950,3.95,Stage 1,2016-08-01
41.05,-70.919998,2016-04-22,e70c99e5d-d87b-b8a6-7724-884fa0d56a53,USA,SANDRA JANE,TRAWLERS,FISHING,367327960,1.59,Stage 1,2016-04-01
40.93,-71.32,2016-06-21,ab54f8f1b-bd9e-6eae-3df8-405afa52cdbe,USA,NA,TRAWLERS,FISHING,367718760,0.56,Stage 1,2016-06-01
40.91,-70.769997,2016-09-15,da28a0113-3273-3a9f-10ab-097e617c5725,USA,JOHN & NICHOLAS,TRAWLERS,FISHING,367181750,0.71,Stage 1,2016-09-01
40.96,-70.82,2016-09-10,da28a0113-3273-3a9f-10ab-097e617c5725,USA,JOHN & NICHOLAS,TRAWLERS,FISHING,367181750,2.33,Stage 1,2016-09-01
41,-71.279999,2016-09-13,eee4bf772-24eb-f59b-e5d2-3f1d5f21719a,USA,ILLUSION,TRAWLERS,FISHING,366218620,0.87,Stage 1,2016-09-01
40.97,-71.389999,2016-10-31,addf04584-4557-f78a-3763-2049978e3815,USA,LUZITANO,TRAWLERS,FISHING,366926320,0.95,Stage 1,2016-10-01
40.96,-71.18,2016-08-02,fd96b30e3-3f77-f437-8122-20e7744dfdb4,USA,TIMBERLINE,DREDGE_FISHING,FISHING,367071460,0.92,Stage 1,2016-08-01
41.1,-71.300003,2016-03-12,ebcec2904-465b-e06c-7510-59d0d3ad3506,USA,SUNLIGHT,TRAWLERS,FISHING,366900670,1.52,Stage 1,2016-03-01
41.22,-71.110001,2016-08-27,419d86568-8982-aff9-21b2-d6e9a7fedeed,USA,SEVEN SEAS,NA,FISHING,367624610,0.81,Stage 1,2016-08-01
40.9,-70.849998,2016-09-18,b0b2ef95b-bb56-5068-836b-fd4ed7e8dd98,USA,NEPTUNE,TRAWLERS,FISHING,366308790,1.48,Stage 1,2016-09-01
40.93,-71.110001,2016-04-27,b2438cfc0-095d-8257-86a8-b3ac734657be,USA,NA,TRAWLERS,FISHING,367356690,1.31,Stage 1,2016-04-01
40.91,-70.870003,2016-09-08,da28a0113-3273-3a9f-10ab-097e617c5725,USA,JOHN & NICHOLAS,TRAWLERS,FISHING,367181750,1.26,Stage 1,2016-09-01
40.86,-71.169998,2016-08-27,8904b9c4e-ee9e-fbd4-a011-8c1d321679f1,USA,ESS PRIDE,TRAWLERS,FISHING,367411950,0.82,Stage 1,2016-08-01
40.95,-70.790001,2016-08-20,419d86568-8982-aff9-21b2-d6e9a7fedeed,USA,SEVEN SEAS,NA,FISHING,367624610,0.94,Stage 1,2016-08-01
40.98,-71.010002,2016-06-20,b2438cfc0-095d-8257-86a8-b3ac734657be,USA,NA,TRAWLERS,FISHING,367356690,3.8,Stage 1,2016-06-01
41.08,-70.849998,2016-10-06,7dd3dd22b-b87a-4dc1-cbfe-48bd467a54b3,USA,F/V TRIUNFO,TRAWLERS,FISHING,367356690,2.65,Stage 1,2016-10-01
41.03,-71.199997,2016-10-03,90b9eaea0-018d-1eaf-4055-36b770057d04,USA,GAIL FRANCES,INCONCLUSIVE,FISHING,366940990,2.64,Stage 1,2016-10-01
41.26,-71.209999,2016-09-11,cbfafe985-5d2a-7d35-bd3d-0b5997544a89,USA,OLIVIA CATHERINE,TRAWLERS,FISHING,366186640,0.62,Stage 1,2016-09-01
41.05,-71.160004,2016-09-11,eee4bf772-24eb-f59b-e5d2-3f1d5f21719a,USA,ILLUSION,TRAWLERS,FISHING,366218620,2.19,Stage 1,2016-09-01
40.88,-70.879997,2016-09-18,da28a0113-3273-3a9f-10ab-097e617c5725,USA,JOHN & NICHOLAS,TRAWLERS,FISHING,367181750,0.34,Stage 1,2016-09-01
40.99,-71.190002,2016-08-09,fd96b30e3-3f77-f437-8122-20e7744dfdb4,USA,TIMBERLINE,DREDGE_FISHING,FISHING,367071460,7.37,Stage 1,2016-08-01
40.94,-70.790001,2016-08-20,419d86568-8982-aff9-21b2-d6e9a7fedeed,USA,SEVEN SEAS,NA,FISHING,367624610,0.68,Stage 1,2016-08-01
40.89,-71.110001,2016-09-23,8904b9c4e-ee9e-fbd4-a011-8c1d321679f1,USA,ESS PRIDE,TRAWLERS,FISHING,367411950,0.96,Stage 1,2016-09-01
41.25,-71.129997,2016-03-08,4f592e330-09eb-7660-bfba-e409cea93985,USA,STARLIGHT,TRAWLERS,FISHING,366953940,2.7,Stage 1,2016-03-01
41.07,-71.220001,2016-09-21,90b9eaea0-018d-1eaf-4055-36b770057d04,USA,GAIL FRANCES,INCONCLUSIVE,FISHING,366940990,1.02,Stage 1,2016-09-01
40.92,-71.230003,2016-12-22,f01b02923-33f4-cf51-a193-8090ea37a925,USA,LEONARDO,FISHING,FISHING,367673740,4.32,Stage 1,2016-12-01
40.89,-70.860001,2016-09-13,ba4a52920-081c-0c35-d8de-8626e17931f5,USA,F/V GUARDIAN,FISHING,FISHING,367393670,16.69,Stage 1,2016-09-01
41.01,-71.25,2016-09-11,eee4bf772-24eb-f59b-e5d2-3f1d5f21719a,USA,ILLUSION,TRAWLERS,FISHING,366218620,1.41,Stage 1,2016-09-01
41.13,-71.279999,2016-03-12,4f592e330-09eb-7660-bfba-e409cea93985,USA,STARLIGHT,TRAWLERS,FISHING,366953940,0.93,Stage 1,2016-03-01
40.97,-71.25,2016-08-09,9a8640511-1c91-5720-80f0-021981ce9f23,USA,WANDO RIVER,TRAWLERS,FISHING,367718760,0.94,Stage 1,2016-08-01
41.33,-71.400002,2016-11-27,b91c9478b-bfa0-844e-f949-ccea31ce5ac1,USA,ELIZ AND KATHERINE,TRAWLERS,FISHING,367542540,5.26,Stage 1,2016-11-01
41.03,-71.169998,2016-09-21,90b9eaea0-018d-1eaf-4055-36b770057d04,USA,GAIL FRANCES,INCONCLUSIVE,FISHING,366940990,2.43,Stage 1,2016-09-01
41.32,-71.410004,2016-12-06,8e22db9b2-2bf0-adda-13be-d3d60cac358e,USA,PREVAIL,POLE_AND_LINE,FISHING,367166230,1.24,Stage 1,2016-12-01
41.36,-71.269997,2016-09-15,cbfafe985-5d2a-7d35-bd3d-0b5997544a89,USA,OLIVIA CATHERINE,TRAWLERS,FISHING,366186640,1.22,Stage 1,2016-09-01
41.05,-71.349998,2016-03-17,4f592e330-09eb-7660-bfba-e409cea93985,USA,STARLIGHT,TRAWLERS,FISHING,366953940,1.71,Stage 1,2016-03-01
40.96,-70.779999,2016-09-08,da28a0113-3273-3a9f-10ab-097e617c5725,USA,JOHN & NICHOLAS,TRAWLERS,FISHING,367181750,0.86,Stage 1,2016-09-01
40.92,-71.269997,2016-08-09,9a8640511-1c91-5720-80f0-021981ce9f23,USA,WANDO RIVER,TRAWLERS,FISHING,367718760,0.87,Stage 1,2016-08-01
40.94,-71.059998,2016-10-07,3f27d2108-864a-b211-81d9-713270af0b4a,USA,F/V DINAH JANE,TRAWLERS,FISHING,367310080,0.95,Stage 1,2016-10-01
41.05,-70.790001,2016-09-08,da28a0113-3273-3a9f-10ab-097e617c5725,USA,JOHN & NICHOLAS,TRAWLERS,FISHING,367181750,1.04,Stage 1,2016-09-01
40.8,-71.07,2016-09-16,da28a0113-3273-3a9f-10ab-097e617c5725,USA,JOHN & NICHOLAS,TRAWLERS,FISHING,367181750,2.07,Stage 1,2016-09-01
40.81,-70.900002,2016-09-15,da28a0113-3273-3a9f-10ab-097e617c5725,USA,JOHN & NICHOLAS,TRAWLERS,FISHING,367181750,1.09,Stage 1,2016-09-01
40.93,-71.279999,2016-07-17,ab54f8f1b-bd9e-6eae-3df8-405afa52cdbe,USA,NA,TRAWLERS,FISHING,367718760,2.41,Stage 1,2016-07-01
40.93,-71.260002,2016-11-09,63eb304eb-b1bd-d6ed-1dd0-062caa8818ce,USA,F/V OLIVIA RAFAELA,TRAWLERS,FISHING,367199540,1.95,Stage 1,2016-11-01
41.02,-71.25,2016-03-31,b06b0962f-f968-8e3b-8dd9-e75279d9a497,USA,VANQUISH,FISHING,FISHING,367494810,1.38,Stage 1,2016-03-01
40.94,-71.269997,2016-07-17,ab54f8f1b-bd9e-6eae-3df8-405afa52cdbe,USA,NA,TRAWLERS,FISHING,367718760,10.21,Stage 1,2016-07-01
40.91,-71.089996,2016-09-23,8904b9c4e-ee9e-fbd4-a011-8c1d321679f1,USA,ESS PRIDE,TRAWLERS,FISHING,367411950,0.98,Stage 1,2016-09-01
40.98,-71.400002,2016-10-31,addf04584-4557-f78a-3763-2049978e3815,USA,LUZITANO,TRAWLERS,FISHING,366926320,1.45,Stage 1,2016-10-01
40.83,-71.110001,2016-09-13,419d86568-8982-aff9-21b2-d6e9a7fedeed,USA,SEVEN SEAS,NA,FISHING,367624610,1.34,Stage 1,2016-09-01
40.93,-71.349998,2016-06-19,ab54f8f1b-bd9e-6eae-3df8-405afa52cdbe,USA,NA,TRAWLERS,FISHING,367718760,2.42,Stage 1,2016-06-01
41.01,-71.150002,2016-09-11,eee4bf772-24eb-f59b-e5d2-3f1d5f21719a,USA,ILLUSION,TRAWLERS,FISHING,366218620,1.23,Stage 1,2016-09-01
41.24,-71.160004,2016-03-08,ebcec2904-465b-e06c-7510-59d0d3ad3506,USA,SUNLIGHT,TRAWLERS,FISHING,366900670,0.51,Stage 1,2016-03-01
40.95,-71.260002,2016-12-21,f01b02923-33f4-cf51-a193-8090ea37a925,USA,LEONARDO,FISHING,FISHING,367673740,3.59,Stage 1,2016-12-01
40.98,-71.330002,2016-12-05,da28a0113-3273-3a9f-10ab-097e617c5725,USA,JOHN & NICHOLAS,TRAWLERS,FISHING,367181750,1.09,Stage 1,2016-12-01
40.96,-71.029999,2016-10-07,3f27d2108-864a-b211-81d9-713270af0b4a,USA,F/V DINAH JANE,TRAWLERS,FISHING,367310080,1.14,Stage 1,2016-10-01
40.95,-71.360001,2016-11-09,638eecf61-1a8a-a539-95df-468b4840e755,USA,HUNTER,FISHING,FISHING,367639280,1.12,Stage 1,2016-11-01
40.96,-71.190002,2016-08-02,fd96b30e3-3f77-f437-8122-20e7744dfdb4,USA,TIMBERLINE,DREDGE_FISHING,FISHING,367071460,2.99,Stage 1,2016-08-01
40.89,-71.269997,2016-08-09,9a8640511-1c91-5720-80f0-021981ce9f23,USA,WANDO RIVER,TRAWLERS,FISHING,367718760,0.82,Stage 1,2016-08-01
41.32,-71.029999,2016-07-13,f23cdd077-73ec-0d1f-0439-79ec15fd9f8b,USA,NA,TRAWLERS,FISHING,367687850,0.73,Stage 1,2016-07-01
40.98,-71.279999,2016-09-09,da28a0113-3273-3a9f-10ab-097e617c5725,USA,JOHN & NICHOLAS,TRAWLERS,FISHING,367181750,1.07,Stage 1,2016-09-01
40.97,-71.400002,2016-06-18,fc7ae9517-710f-e339-f1fe-59232b4e41ea,USA,NA,FISHING,FISHING,367051920,1.1,Stage 1,2016-06-01
40.94,-71.080002,2016-06-18,b2438cfc0-095d-8257-86a8-b3ac734657be,USA,NA,TRAWLERS,FISHING,367356690,3.91,Stage 1,2016-06-01
40.89,-70.830002,2016-09-17,da28a0113-3273-3a9f-10ab-097e617c5725,USA,JOHN & NICHOLAS,TRAWLERS,FISHING,367181750,2.02,Stage 1,2016-09-01
41.07,-70.849998,2016-10-07,7dd3dd22b-b87a-4dc1-cbfe-48bd467a54b3,USA,F/V TRIUNFO,TRAWLERS,FISHING,367356690,1.19,Stage 1,2016-10-01
40.88,-71.339996,2016-10-06,b5c8f14ac-cc19-ce97-1589-8ed6d3b58f48,USA,STEPHANIE BRYAN,FISHING,FISHING,367428520,0.59,Stage 1,2016-10-01
41.37,-71.099998,2016-11-27,4f592e330-09eb-7660-bfba-e409cea93985,USA,STARLIGHT,TRAWLERS,FISHING,366953940,0.38,Stage 1,2016-11-01
41.21,-70.910004,2016-06-20,cc9afbfde-e2c5-8f25-c62b-a3ee6b810201,USA,NA,TRAWLERS,FISHING,367335230,0.58,Stage 1,2016-06-01
41.07,-71.269997,2016-09-11,ba4a52920-081c-0c35-d8de-8626e17931f5,USA,F/V GUARDIAN,FISHING,FISHING,367393670,1.6,Stage 1,2016-09-01
40.86,-70.940002,2016-09-22,cbfafe985-5d2a-7d35-bd3d-0b5997544a89,USA,OLIVIA CATHERINE,TRAWLERS,FISHING,366186640,9.53,Stage 1,2016-09-01
41.07,-70.839996,2016-10-06,7dd3dd22b-b87a-4dc1-cbfe-48bd467a54b3,USA,F/V TRIUNFO,TRAWLERS,FISHING,367356690,1.29,Stage 1,2016-10-01
41.22,-71.099998,2016-08-29,eb0285846-6fce-0a03-683a-75c407b38e06,USA,NORDIK VIKING,POLE_AND_LINE,FISHING,367300830,14.76,Stage 1,2016-08-01
41.03,-71.260002,2016-11-15,94a980510-01b3-625f-8524-0b3b93600b8c,USA,CODY,TRAWLERS,FISHING,367190280,1.1,Stage 1,2016-11-01
40.94,-70.730003,2016-09-10,da28a0113-3273-3a9f-10ab-097e617c5725,USA,JOHN & NICHOLAS,TRAWLERS,FISHING,367181750,0.94,Stage 1,2016-09-01
41.25,-71.190002,2016-09-11,cbfafe985-5d2a-7d35-bd3d-0b5997544a89,USA,OLIVIA CATHERINE,TRAWLERS,FISHING,366186640,0.9,Stage 1,2016-09-01
40.94,-71.059998,2016-06-22,b2438cfc0-095d-8257-86a8-b3ac734657be,USA,NA,TRAWLERS,FISHING,367356690,3.99,Stage 1,2016-06-01
40.98,-71.400002,2016-12-06,da28a0113-3273-3a9f-10ab-097e617c5725,USA,JOHN & NICHOLAS,TRAWLERS,FISHING,367181750,3.16,Stage 1,2016-12-01
40.99,-71.25,2016-03-17,ebcec2904-465b-e06c-7510-59d0d3ad3506,USA,SUNLIGHT,TRAWLERS,FISHING,366900670,1.21,Stage 1,2016-03-01
40.82,-70.989998,2016-09-16,da28a0113-3273-3a9f-10ab-097e617c5725,USA,JOHN & NICHOLAS,TRAWLERS,FISHING,367181750,0.45,Stage 1,2016-09-01
40.92,-70.760002,2016-09-11,da28a0113-3273-3a9f-10ab-097e617c5725,USA,JOHN & NICHOLAS,TRAWLERS,FISHING,367181750,0.96,Stage 1,2016-09-01
40.99,-71.199997,2016-06-23,fd96b30e3-3f77-f437-8122-20e7744dfdb4,USA,TIMBERLINE,DREDGE_FISHING,FISHING,367071460,0.72,Stage 1,2016-06-01
40.92,-71.230003,2016-11-14,638eecf61-1a8a-a539-95df-468b4840e755,USA,HUNTER,FISHING,FISHING,367639280,8.65,Stage 1,2016-11-01
40.9,-70.910004,2016-09-17,da28a0113-3273-3a9f-10ab-097e617c5725,USA,JOHN & NICHOLAS,TRAWLERS,FISHING,367181750,3.65,Stage 1,2016-09-01
40.97,-71.339996,2016-12-08,2b76d4b10-04e2-39bb-e3aa-dc7a7f45a05f,USA,PACER,TRAWLERS,FISHING,366866750,1.21,Stage 1,2016-12-01
40.92,-70.910004,2016-09-12,eee4bf772-24eb-f59b-e5d2-3f1d5f21719a,USA,ILLUSION,TRAWLERS,FISHING,366218620,0.98,Stage 1,2016-09-01
40.97,-71.019997,2016-06-20,b2438cfc0-095d-8257-86a8-b3ac734657be,USA,NA,TRAWLERS,FISHING,367356690,3.73,Stage 1,2016-06-01
40.88,-71.279999,2016-10-07,fd96b30e3-3f77-f437-8122-20e7744dfdb4,USA,TIMBERLINE,DREDGE_FISHING,FISHING,367071460,1.09,Stage 1,2016-10-01
41.29,-71.290001,2016-06-12,21d1de556-6cf7-f550-2601-99eb1001285f,USA,NA,POLE_AND_LINE,FISHING,367166230,1.22,Stage 1,2016-06-01
40.92,-70.800003,2016-09-14,da28a0113-3273-3a9f-10ab-097e617c5725,USA,JOHN & NICHOLAS,TRAWLERS,FISHING,367181750,0.91,Stage 1,2016-09-01
41,-71.309998,2016-09-11,eee4bf772-24eb-f59b-e5d2-3f1d5f21719a,USA,ILLUSION,TRAWLERS,FISHING,366218620,1.04,Stage 1,2016-09-01
40.93,-71.169998,2016-03-17,ebcec2904-465b-e06c-7510-59d0d3ad3506,USA,SUNLIGHT,TRAWLERS,FISHING,366900670,0.39,Stage 1,2016-03-01
40.96,-71.349998,2016-12-05,da28a0113-3273-3a9f-10ab-097e617c5725,USA,JOHN & NICHOLAS,TRAWLERS,FISHING,367181750,1.51,Stage 1,2016-12-01
40.86,-70.900002,2016-09-08,da28a0113-3273-3a9f-10ab-097e617c5725,USA,JOHN & NICHOLAS,TRAWLERS,FISHING,367181750,1.73,Stage 1,2016-09-01
40.86,-71.129997,2016-09-18,b0b2ef95b-bb56-5068-836b-fd4ed7e8dd98,USA,NEPTUNE,TRAWLERS,FISHING,366308790,1.35,Stage 1,2016-09-01
41.06,-70.839996,2016-10-07,7dd3dd22b-b87a-4dc1-cbfe-48bd467a54b3,USA,F/V TRIUNFO,TRAWLERS,FISHING,367356690,2.48,Stage 1,2016-10-01
40.98,-71.400002,2016-12-08,2b76d4b10-04e2-39bb-e3aa-dc7a7f45a05f,USA,PACER,TRAWLERS,FISHING,366866750,1.26,Stage 1,2016-12-01
41,-71.25,2016-09-10,eee4bf772-24eb-f59b-e5d2-3f1d5f21719a,USA,ILLUSION,TRAWLERS,FISHING,366218620,0.94,Stage 1,2016-09-01
40.89,-71.139999,2016-09-21,8904b9c4e-ee9e-fbd4-a011-8c1d321679f1,USA,ESS PRIDE,TRAWLERS,FISHING,367411950,0.72,Stage 1,2016-09-01
40.86,-70.970001,2016-09-18,b0b2ef95b-bb56-5068-836b-fd4ed7e8dd98,USA,NEPTUNE,TRAWLERS,FISHING,366308790,0.87,Stage 1,2016-09-01
41.13,-71.18,2016-10-08,3f27d2108-864a-b211-81d9-713270af0b4a,USA,F/V DINAH JANE,TRAWLERS,FISHING,367310080,0.57,Stage 1,2016-10-01
40.97,-71.389999,2016-06-24,fc7ae9517-710f-e339-f1fe-59232b4e41ea,USA,NA,FISHING,FISHING,367051920,1.07,Stage 1,2016-06-01
40.84,-70.940002,2016-09-15,da28a0113-3273-3a9f-10ab-097e617c5725,USA,JOHN & NICHOLAS,TRAWLERS,FISHING,367181750,1.14,Stage 1,2016-09-01
41.23,-71.160004,2016-03-09,4f592e330-09eb-7660-bfba-e409cea93985,USA,STARLIGHT,TRAWLERS,FISHING,366953940,0.98,Stage 1,2016-03-01
40.97,-71.089996,2016-12-07,fd96b30e3-3f77-f437-8122-20e7744dfdb4,USA,TIMBERLINE,DREDGE_FISHING,FISHING,367071460,6.08,Stage 1,2016-12-01
40.97,-71.360001,2016-12-08,2b76d4b10-04e2-39bb-e3aa-dc7a7f45a05f,USA,PACER,TRAWLERS,FISHING,366866750,1.15,Stage 1,2016-12-01
41.09,-71.339996,2016-03-19,ebcec2904-465b-e06c-7510-59d0d3ad3506,USA,SUNLIGHT,TRAWLERS,FISHING,366900670,0.36,Stage 1,2016-03-01
40.89,-70.870003,2016-09-18,da28a0113-3273-3a9f-10ab-097e617c5725,USA,JOHN & NICHOLAS,TRAWLERS,FISHING,367181750,0.89,Stage 1,2016-09-01
41,-71.290001,2016-09-10,eee4bf772-24eb-f59b-e5d2-3f1d5f21719a,USA,ILLUSION,TRAWLERS,FISHING,366218620,2.54,Stage 1,2016-09-01
40.96,-71.129997,2016-09-12,eee4bf772-24eb-f59b-e5d2-3f1d5f21719a,USA,ILLUSION,TRAWLERS,FISHING,366218620,0.95,Stage 1,2016-09-01
41.34,-71.400002,2016-12-26,8e22db9b2-2bf0-adda-13be-d3d60cac358e,USA,PREVAIL,POLE_AND_LINE,FISHING,367166230,1.02,Stage 1,2016-12-01
41.03,-71.349998,2016-03-19,ebcec2904-465b-e06c-7510-59d0d3ad3506,USA,SUNLIGHT,TRAWLERS,FISHING,366900670,0.86,Stage 1,2016-03-01
41.38,-71.300003,2016-11-26,32b606172-2468-2817-1b4f-fae340279e02,USA,SEVEN B 5,TRAWLERS,FISHING,367052470,0.38,Stage 1,2016-11-01
40.99,-71.010002,2016-04-22,e70c99e5d-d87b-b8a6-7724-884fa0d56a53,USA,SANDRA JANE,TRAWLERS,FISHING,367327960,1.93,Stage 1,2016-04-01
41.31,-71.370003,2016-08-28,36173efb2-29a8-c9aa-9051-86a8f7b52a89,USA,SUSAN ROSE,FISHING,FISHING,366103960,5.14,Stage 1,2016-08-01
40.95,-71.25,2016-09-18,b0b2ef95b-bb56-5068-836b-fd4ed7e8dd98,USA,NEPTUNE,TRAWLERS,FISHING,366308790,0.64,Stage 1,2016-09-01
41.13,-71.269997,2016-03-12,4f592e330-09eb-7660-bfba-e409cea93985,USA,STARLIGHT,TRAWLERS,FISHING,366953940,0.5,Stage 1,2016-03-01
40.99,-71.360001,2016-12-06,da28a0113-3273-3a9f-10ab-097e617c5725,USA,JOHN & NICHOLAS,TRAWLERS,FISHING,367181750,1.11,Stage 1,2016-12-01
40.95,-71.150002,2016-04-23,e70c99e5d-d87b-b8a6-7724-884fa0d56a53,USA,SANDRA JANE,TRAWLERS,FISHING,367327960,2.02,Stage 1,2016-04-01
40.84,-70.919998,2016-09-18,da28a0113-3273-3a9f-10ab-097e617c5725,USA,JOHN & NICHOLAS,TRAWLERS,FISHING,367181750,1.02,Stage 1,2016-09-01
40.89,-71.110001,2016-08-21,8904b9c4e-ee9e-fbd4-a011-8c1d321679f1,USA,ESS PRIDE,TRAWLERS,FISHING,367411950,1.15,Stage 1,2016-08-01
40.95,-71.360001,2016-12-22,7dd3dd22b-b87a-4dc1-cbfe-48bd467a54b3,USA,F/V TRIUNFO,TRAWLERS,FISHING,367356690,0.53,Stage 1,2016-12-01
40.87,-70.940002,2016-09-18,b0b2ef95b-bb56-5068-836b-fd4ed7e8dd98,USA,NEPTUNE,TRAWLERS,FISHING,366308790,2.21,Stage 1,2016-09-01
41.26,-71.120003,2016-03-08,4f592e330-09eb-7660-bfba-e409cea93985,USA,STARLIGHT,TRAWLERS,FISHING,366953940,3.17,Stage 1,2016-03-01
41,-71.230003,2016-09-11,eee4bf772-24eb-f59b-e5d2-3f1d5f21719a,USA,ILLUSION,TRAWLERS,FISHING,366218620,1,Stage 1,2016-09-01
40.94,-71.260002,2016-08-10,9a8640511-1c91-5720-80f0-021981ce9f23,USA,WANDO RIVER,TRAWLERS,FISHING,367718760,0.83,Stage 1,2016-08-01
40.94,-71.330002,2016-06-20,ab54f8f1b-bd9e-6eae-3df8-405afa52cdbe,USA,NA,TRAWLERS,FISHING,367718760,1.04,Stage 1,2016-06-01
41.08,-70.849998,2016-10-08,7dd3dd22b-b87a-4dc1-cbfe-48bd467a54b3,USA,F/V TRIUNFO,TRAWLERS,FISHING,367356690,0.6,Stage 1,2016-10-01
41.13,-71.099998,2016-11-25,90b9eaea0-018d-1eaf-4055-36b770057d04,USA,GAIL FRANCES,INCONCLUSIVE,FISHING,366940990,0.42,Stage 1,2016-11-01
41.24,-71.150002,2016-03-08,4f592e330-09eb-7660-bfba-e409cea93985,USA,STARLIGHT,TRAWLERS,FISHING,366953940,1.15,Stage 1,2016-03-01
40.98,-70.790001,2016-09-10,da28a0113-3273-3a9f-10ab-097e617c5725,USA,JOHN & NICHOLAS,TRAWLERS,FISHING,367181750,1.13,Stage 1,2016-09-01
40.93,-71.330002,2016-06-20,ab54f8f1b-bd9e-6eae-3df8-405afa52cdbe,USA,NA,TRAWLERS,FISHING,367718760,0.77,Stage 1,2016-06-01
41.09,-71.269997,2016-09-10,ec9538b38-830a-9923-c628-1b70537d6a7d,USA,JOCKA,TRAWLERS,FISHING,367551860,2.51,Stage 1,2016-09-01
41.24,-71.150002,2016-03-08,ebcec2904-465b-e06c-7510-59d0d3ad3506,USA,SUNLIGHT,TRAWLERS,FISHING,366900670,0.97,Stage 1,2016-03-01
41.01,-71.160004,2016-09-11,eee4bf772-24eb-f59b-e5d2-3f1d5f21719a,USA,ILLUSION,TRAWLERS,FISHING,366218620,1.04,Stage 1,2016-09-01
40.94,-70.760002,2016-09-11,da28a0113-3273-3a9f-10ab-097e617c5725,USA,JOHN & NICHOLAS,TRAWLERS,FISHING,367181750,1.17,Stage 1,2016-09-01
40.9,-70.809998,2016-09-12,da28a0113-3273-3a9f-10ab-097e617c5725,USA,JOHN & NICHOLAS,TRAWLERS,FISHING,367181750,2.81,Stage 1,2016-09-01
41.12,-71.339996,2016-10-30,90b9eaea0-018d-1eaf-4055-36b770057d04,USA,GAIL FRANCES,INCONCLUSIVE,FISHING,366940990,1.08,Stage 1,2016-10-01
40.92,-71.129997,2016-08-09,fd96b30e3-3f77-f437-8122-20e7744dfdb4,USA,TIMBERLINE,DREDGE_FISHING,FISHING,367071460,0.81,Stage 1,2016-08-01
41.02,-71.349998,2016-03-19,ebcec2904-465b-e06c-7510-59d0d3ad3506,USA,SUNLIGHT,TRAWLERS,FISHING,366900670,1.23,Stage 1,2016-03-01
40.93,-71.309998,2016-08-09,9a8640511-1c91-5720-80f0-021981ce9f23,USA,WANDO RIVER,TRAWLERS,FISHING,367718760,9.77,Stage 1,2016-08-01
40.88,-71.139999,2016-08-19,8904b9c4e-ee9e-fbd4-a011-8c1d321679f1,USA,ESS PRIDE,TRAWLERS,FISHING,367411950,13.63,Stage 1,2016-08-01
41.04,-70.980003,2016-09-08,eee4bf772-24eb-f59b-e5d2-3f1d5f21719a,USA,ILLUSION,TRAWLERS,FISHING,366218620,0.64,Stage 1,2016-09-01
40.89,-71.360001,2016-08-18,9a8640511-1c91-5720-80f0-021981ce9f23,USA,WANDO RIVER,TRAWLERS,FISHING,367718760,0.62,Stage 1,2016-08-01
41.05,-71.019997,2016-08-24,419d86568-8982-aff9-21b2-d6e9a7fedeed,USA,SEVEN SEAS,NA,FISHING,367624610,1.78,Stage 1,2016-08-01
41.06,-71.099998,2016-10-07,90b9eaea0-018d-1eaf-4055-36b770057d04,USA,GAIL FRANCES,INCONCLUSIVE,FISHING,366940990,0.8,Stage 1,2016-10-01
40.94,-71.370003,2016-12-21,33ff8cfa3-3333-eaff-9333-6cdc72d2468f,USA,F/V SAO JACINTO,TRAWLERS,FISHING,367312670,0.55,Stage 1,2016-12-01
40.94,-71.389999,2016-11-19,f01b02923-33f4-cf51-a193-8090ea37a925,USA,LEONARDO,FISHING,FISHING,367673740,2.61,Stage 1,2016-11-01
41.13,-71.129997,2016-10-07,90b9eaea0-018d-1eaf-4055-36b770057d04,USA,GAIL FRANCES,INCONCLUSIVE,FISHING,366940990,0.95,Stage 1,2016-10-01
40.93,-71.239998,2016-07-01,ab54f8f1b-bd9e-6eae-3df8-405afa52cdbe,USA,NA,TRAWLERS,FISHING,367718760,1.06,Stage 1,2016-07-01
40.94,-71.360001,2016-10-07,b5c8f14ac-cc19-ce97-1589-8ed6d3b58f48,USA,STEPHANIE BRYAN,FISHING,FISHING,367428520,0.85,Stage 1,2016-10-01
40.91,-70.779999,2016-09-12,eee4bf772-24eb-f59b-e5d2-3f1d5f21719a,USA,ILLUSION,TRAWLERS,FISHING,366218620,3.85,Stage 1,2016-09-01
40.82,-70.919998,2016-09-15,da28a0113-3273-3a9f-10ab-097e617c5725,USA,JOHN & NICHOLAS,TRAWLERS,FISHING,367181750,0.99,Stage 1,2016-09-01
41.36,-71.300003,2016-11-04,32b606172-2468-2817-1b4f-fae340279e02,USA,SEVEN B 5,TRAWLERS,FISHING,367052470,15.72,Stage 1,2016-11-01
41.17,-70.879997,2016-08-28,36173efb2-29a8-c9aa-9051-86a8f7b52a89,USA,SUSAN ROSE,FISHING,FISHING,366103960,1.22,Stage 1,2016-08-01
41.06,-71.379997,2016-03-19,4f592e330-09eb-7660-bfba-e409cea93985,USA,STARLIGHT,TRAWLERS,FISHING,366953940,2.52,Stage 1,2016-03-01
40.87,-70.980003,2016-09-18,b0b2ef95b-bb56-5068-836b-fd4ed7e8dd98,USA,NEPTUNE,TRAWLERS,FISHING,366308790,1,Stage 1,2016-09-01
40.9,-71.110001,2016-09-22,8904b9c4e-ee9e-fbd4-a011-8c1d321679f1,USA,ESS PRIDE,TRAWLERS,FISHING,367411950,1.77,Stage 1,2016-09-01
40.82,-70.980003,2016-09-16,da28a0113-3273-3a9f-10ab-097e617c5725,USA,JOHN & NICHOLAS,TRAWLERS,FISHING,367181750,3.06,Stage 1,2016-09-01
41.19,-70.75,2016-10-16,a7082568b-bb57-d191-6f0f-d282e4d51cad,USA,MCKINLEY,FISHING,FISHING,366739960,1.35,Stage 1,2016-10-01
41,-71.360001,2016-12-07,da28a0113-3273-3a9f-10ab-097e617c5725,USA,JOHN & NICHOLAS,TRAWLERS,FISHING,367181750,0.9,Stage 1,2016-12-01
40.95,-71.400002,2016-11-14,f01b02923-33f4-cf51-a193-8090ea37a925,USA,LEONARDO,FISHING,FISHING,367673740,1.18,Stage 1,2016-11-01
41.35,-71.150002,2016-11-29,a6fb6e959-9d59-5d51-6734-ce931d852a9e,USA,RETRIEVER,TRAWLERS,FISHING,367324660,1.01,Stage 1,2016-11-01
40.98,-71.190002,2016-08-09,fd96b30e3-3f77-f437-8122-20e7744dfdb4,USA,TIMBERLINE,DREDGE_FISHING,FISHING,367071460,0.7,Stage 1,2016-08-01
40.91,-70.949997,2016-09-12,eee4bf772-24eb-f59b-e5d2-3f1d5f21719a,USA,ILLUSION,TRAWLERS,FISHING,366218620,0.65,Stage 1,2016-09-01
40.89,-71.32,2016-08-09,9a8640511-1c91-5720-80f0-021981ce9f23,USA,WANDO RIVER,TRAWLERS,FISHING,367718760,1.58,Stage 1,2016-08-01
40.86,-70.879997,2016-09-17,da28a0113-3273-3a9f-10ab-097e617c5725,USA,JOHN & NICHOLAS,TRAWLERS,FISHING,367181750,1.14,Stage 1,2016-09-01
40.93,-71.099998,2016-04-22,b2438cfc0-095d-8257-86a8-b3ac734657be,USA,NA,TRAWLERS,FISHING,367356690,4.62,Stage 1,2016-04-01
40.95,-70.830002,2016-09-11,606b6ecca-ac79-5842-d88c-fe7608145aea,USA,F/V LADY PATRICIA,INCONCLUSIVE,FISHING,366989560,1.04,Stage 1,2016-09-01
41.06,-71.290001,2016-03-19,ebcec2904-465b-e06c-7510-59d0d3ad3506,USA,SUNLIGHT,TRAWLERS,FISHING,366900670,1.19,Stage 1,2016-03-01
40.91,-71.379997,2016-10-07,b5c8f14ac-cc19-ce97-1589-8ed6d3b58f48,USA,STEPHANIE BRYAN,FISHING,FISHING,367428520,0.93,Stage 1,2016-10-01
40.95,-71.370003,2016-11-09,638eecf61-1a8a-a539-95df-468b4840e755,USA,HUNTER,FISHING,FISHING,367639280,1.13,Stage 1,2016-11-01
40.91,-71.339996,2016-07-01,ab54f8f1b-bd9e-6eae-3df8-405afa52cdbe,USA,NA,TRAWLERS,FISHING,367718760,5.29,Stage 1,2016-07-01
41.03,-71.18,2016-08-21,fda33ad3b-b3d7-9afb-257d-126bd7b77f81,USA,LADY FRANCES,INCONCLUSIVE,FISHING,367155670,0.35,Stage 1,2016-08-01
41.14,-71.110001,2016-11-25,90b9eaea0-018d-1eaf-4055-36b770057d04,USA,GAIL FRANCES,INCONCLUSIVE,FISHING,366940990,0.94,Stage 1,2016-11-01
40.97,-71.32,2016-12-06,da28a0113-3273-3a9f-10ab-097e617c5725,USA,JOHN & NICHOLAS,TRAWLERS,FISHING,367181750,1.08,Stage 1,2016-12-01
41.08,-70.849998,2016-08-03,63eb304eb-b1bd-d6ed-1dd0-062caa8818ce,USA,F/V OLIVIA RAFAELA,TRAWLERS,FISHING,367199540,2.12,Stage 1,2016-08-01
40.91,-71.089996,2016-09-21,8904b9c4e-ee9e-fbd4-a011-8c1d321679f1,USA,ESS PRIDE,TRAWLERS,FISHING,367411950,1.68,Stage 1,2016-09-01
40.95,-71.080002,2016-04-23,e70c99e5d-d87b-b8a6-7724-884fa0d56a53,USA,SANDRA JANE,TRAWLERS,FISHING,367327960,1.22,Stage 1,2016-04-01
41.06,-71.379997,2016-03-17,ebcec2904-465b-e06c-7510-59d0d3ad3506,USA,SUNLIGHT,TRAWLERS,FISHING,366900670,0.78,Stage 1,2016-03-01
40.91,-70.790001,2016-09-15,da28a0113-3273-3a9f-10ab-097e617c5725,USA,JOHN & NICHOLAS,TRAWLERS,FISHING,367181750,3.01,Stage 1,2016-09-01
41.32,-71.400002,2016-12-18,60b4e59f1-1c41-cad1-1384-42f15727104a,USA,RELENTLESS,FISHING,FISHING,367394060,1.1,Stage 1,2016-12-01
40.89,-70.900002,2016-09-17,da28a0113-3273-3a9f-10ab-097e617c5725,USA,JOHN & NICHOLAS,TRAWLERS,FISHING,367181750,1.19,Stage 1,2016-09-01
40.87,-70.989998,2016-09-23,cbfafe985-5d2a-7d35-bd3d-0b5997544a89,USA,OLIVIA CATHERINE,TRAWLERS,FISHING,366186640,1.5,Stage 1,2016-09-01
40.96,-71.18,2016-08-09,fd96b30e3-3f77-f437-8122-20e7744dfdb4,USA,TIMBERLINE,DREDGE_FISHING,FISHING,367071460,1.43,Stage 1,2016-08-01
40.96,-71.330002,2016-12-08,da28a0113-3273-3a9f-10ab-097e617c5725,USA,JOHN & NICHOLAS,TRAWLERS,FISHING,367181750,0.93,Stage 1,2016-12-01
40.94,-71.139999,2016-08-09,fd96b30e3-3f77-f437-8122-20e7744dfdb4,USA,TIMBERLINE,DREDGE_FISHING,FISHING,367071460,1.73,Stage 1,2016-08-01
40.9,-70.800003,2016-09-14,419d86568-8982-aff9-21b2-d6e9a7fedeed,USA,SEVEN SEAS,NA,FISHING,367624610,0.55,Stage 1,2016-09-01
40.88,-70.900002,2016-09-17,da28a0113-3273-3a9f-10ab-097e617c5725,USA,JOHN & NICHOLAS,TRAWLERS,FISHING,367181750,0.88,Stage 1,2016-09-01
40.94,-71.160004,2016-10-30,addf04584-4557-f78a-3763-2049978e3815,USA,LUZITANO,TRAWLERS,FISHING,366926320,1.04,Stage 1,2016-10-01
40.94,-71.07,2016-06-18,b2438cfc0-095d-8257-86a8-b3ac734657be,USA,NA,TRAWLERS,FISHING,367356690,1.09,Stage 1,2016-06-01
40.97,-71.309998,2016-12-07,da28a0113-3273-3a9f-10ab-097e617c5725,USA,JOHN & NICHOLAS,TRAWLERS,FISHING,367181750,0.56,Stage 1,2016-12-01
41.28,-71.309998,2016-08-27,419d86568-8982-aff9-21b2-d6e9a7fedeed,USA,SEVEN SEAS,NA,FISHING,367624610,1.35,Stage 1,2016-08-01
41.29,-71.25,2016-05-19,80f2147a9-9153-9935-608c-6d0a5f87d20f,USA,NA,TRAWLERS,FISHING,366850380,0.76,Stage 1,2016-05-01
41.24,-71.139999,2016-03-08,ebcec2904-465b-e06c-7510-59d0d3ad3506,USA,SUNLIGHT,TRAWLERS,FISHING,366900670,1.87,Stage 1,2016-03-01
41.15,-71.269997,2016-03-13,ebcec2904-465b-e06c-7510-59d0d3ad3506,USA,SUNLIGHT,TRAWLERS,FISHING,366900670,1.77,Stage 1,2016-03-01
41.06,-70.769997,2016-09-01,eee4bf772-24eb-f59b-e5d2-3f1d5f21719a,USA,ILLUSION,TRAWLERS,FISHING,366218620,0.84,Stage 1,2016-09-01
40.99,-70.760002,2016-06-11,336df487c-c7f8-bc07-2b6b-e9740d7241c2,USA,NA,SET_GILLNETS,FISHING,338132083,0.77,Stage 1,2016-06-01
40.97,-71.360001,2016-12-07,2b76d4b10-04e2-39bb-e3aa-dc7a7f45a05f,USA,PACER,TRAWLERS,FISHING,366866750,0.49,Stage 1,2016-12-01
40.92,-71.290001,2016-07-01,ab54f8f1b-bd9e-6eae-3df8-405afa52cdbe,USA,NA,TRAWLERS,FISHING,367718760,0.38,Stage 1,2016-07-01
41.03,-71.169998,2016-09-23,90b9eaea0-018d-1eaf-4055-36b770057d04,USA,GAIL FRANCES,INCONCLUSIVE,FISHING,366940990,2.15,Stage 1,2016-09-01
40.83,-70.889999,2016-09-16,da28a0113-3273-3a9f-10ab-097e617c5725,USA,JOHN & NICHOLAS,TRAWLERS,FISHING,367181750,1.11,Stage 1,2016-09-01
41.29,-71.099998,2016-07-06,cf01696b8-89df-2acf-561d-a8a26c9162a4,USA,NA,TRAWLERS,FISHING,367709870,17.87,Stage 1,2016-07-01
41,-71.279999,2016-09-11,eee4bf772-24eb-f59b-e5d2-3f1d5f21719a,USA,ILLUSION,TRAWLERS,FISHING,366218620,1.99,Stage 1,2016-09-01
40.9,-71.239998,2016-12-22,f01b02923-33f4-cf51-a193-8090ea37a925,USA,LEONARDO,FISHING,FISHING,367673740,0.84,Stage 1,2016-12-01
40.93,-71.330002,2016-06-21,ab54f8f1b-bd9e-6eae-3df8-405afa52cdbe,USA,NA,TRAWLERS,FISHING,367718760,1.18,Stage 1,2016-06-01
41.18,-71.220001,2016-03-13,ebcec2904-465b-e06c-7510-59d0d3ad3506,USA,SUNLIGHT,TRAWLERS,FISHING,366900670,2.54,Stage 1,2016-03-01
41.16,-71.239998,2016-08-08,fd96b30e3-3f77-f437-8122-20e7744dfdb4,USA,TIMBERLINE,DREDGE_FISHING,FISHING,367071460,2,Stage 1,2016-08-01
40.89,-71.349998,2016-10-06,b5c8f14ac-cc19-ce97-1589-8ed6d3b58f48,USA,STEPHANIE BRYAN,FISHING,FISHING,367428520,1.66,Stage 1,2016-10-01
40.91,-70.790001,2016-09-12,da28a0113-3273-3a9f-10ab-097e617c5725,USA,JOHN & NICHOLAS,TRAWLERS,FISHING,367181750,1.73,Stage 1,2016-09-01
40.96,-71.309998,2016-12-12,da28a0113-3273-3a9f-10ab-097e617c5725,USA,JOHN & NICHOLAS,TRAWLERS,FISHING,367181750,1.06,Stage 1,2016-12-01
40.97,-71.32,2016-12-07,da28a0113-3273-3a9f-10ab-097e617c5725,USA,JOHN & NICHOLAS,TRAWLERS,FISHING,367181750,1.28,Stage 1,2016-12-01
41.06,-71.309998,2016-03-19,ebcec2904-465b-e06c-7510-59d0d3ad3506,USA,SUNLIGHT,TRAWLERS,FISHING,366900670,1.19,Stage 1,2016-03-01
40.93,-71.050003,2016-06-22,b2438cfc0-095d-8257-86a8-b3ac734657be,USA,NA,TRAWLERS,FISHING,367356690,0.82,Stage 1,2016-06-01
41.05,-71.389999,2016-09-10,90b9eaea0-018d-1eaf-4055-36b770057d04,USA,GAIL FRANCES,INCONCLUSIVE,FISHING,366940990,2.15,Stage 1,2016-09-01
40.95,-71.379997,2016-11-15,638eecf61-1a8a-a539-95df-468b4840e755,USA,HUNTER,FISHING,FISHING,367639280,1.12,Stage 1,2016-11-01
40.95,-70.739998,2016-09-11,da28a0113-3273-3a9f-10ab-097e617c5725,USA,JOHN & NICHOLAS,TRAWLERS,FISHING,367181750,2.92,Stage 1,2016-09-01
40.91,-71.120003,2016-10-07,3f27d2108-864a-b211-81d9-713270af0b4a,USA,F/V DINAH JANE,TRAWLERS,FISHING,367310080,1.31,Stage 1,2016-10-01
41.08,-70.849998,2016-10-07,7dd3dd22b-b87a-4dc1-cbfe-48bd467a54b3,USA,F/V TRIUNFO,TRAWLERS,FISHING,367356690,1.72,Stage 1,2016-10-01
40.88,-70.830002,2016-09-18,da28a0113-3273-3a9f-10ab-097e617c5725,USA,JOHN & NICHOLAS,TRAWLERS,FISHING,367181750,0.63,Stage 1,2016-09-01
41.23,-71.129997,2016-03-08,ebcec2904-465b-e06c-7510-59d0d3ad3506,USA,SUNLIGHT,TRAWLERS,FISHING,366900670,0.82,Stage 1,2016-03-01
40.94,-71.089996,2016-10-07,3f27d2108-864a-b211-81d9-713270af0b4a,USA,F/V DINAH JANE,TRAWLERS,FISHING,367310080,0.9,Stage 1,2016-10-01
40.99,-71.379997,2016-10-31,addf04584-4557-f78a-3763-2049978e3815,USA,LUZITANO,TRAWLERS,FISHING,366926320,0.93,Stage 1,2016-10-01
41.16,-71.220001,2016-08-07,fd96b30e3-3f77-f437-8122-20e7744dfdb4,USA,TIMBERLINE,DREDGE_FISHING,FISHING,367071460,8.31,Stage 1,2016-08-01
40.95,-71.339996,2016-09-09,da28a0113-3273-3a9f-10ab-097e617c5725,USA,JOHN & NICHOLAS,TRAWLERS,FISHING,367181750,0.98,Stage 1,2016-09-01
40.93,-70.839996,2016-09-09,da28a0113-3273-3a9f-10ab-097e617c5725,USA,JOHN & NICHOLAS,TRAWLERS,FISHING,367181750,1.28,Stage 1,2016-09-01
40.91,-71.18,2016-12-22,f01b02923-33f4-cf51-a193-8090ea37a925,USA,LEONARDO,FISHING,FISHING,367673740,1.71,Stage 1,2016-12-01
40.89,-71.279999,2016-10-07,fd96b30e3-3f77-f437-8122-20e7744dfdb4,USA,TIMBERLINE,DREDGE_FISHING,FISHING,367071460,0.55,Stage 1,2016-10-01
41.01,-70.739998,2016-08-20,419d86568-8982-aff9-21b2-d6e9a7fedeed,USA,SEVEN SEAS,NA,FISHING,367624610,1.1,Stage 1,2016-08-01
40.93,-71.010002,2016-09-14,f321a5bcb-b9a3-1da9-32d8-22077f65efcf,USA,DETERMINATION,TRAWLERS,FISHING,367518960,0.54,Stage 1,2016-09-01
40.95,-71.099998,2016-09-12,eee4bf772-24eb-f59b-e5d2-3f1d5f21719a,USA,ILLUSION,TRAWLERS,FISHING,366218620,0.41,Stage 1,2016-09-01
40.92,-71.279999,2016-07-06,ab54f8f1b-bd9e-6eae-3df8-405afa52cdbe,USA,NA,TRAWLERS,FISHING,367718760,0.8,Stage 1,2016-07-01
41.12,-71.129997,2016-10-07,90b9eaea0-018d-1eaf-4055-36b770057d04,USA,GAIL FRANCES,INCONCLUSIVE,FISHING,366940990,0.53,Stage 1,2016-10-01
41.05,-71.389999,2016-12-26,287fc1cbf-fbc0-3baa-ae98-f20768f5d10f,USA,VIKING STARSHIP,PASSENGER,PASSENGER,367661740,0.94,Stage 1,2016-12-01
41.09,-70.849998,2016-10-07,7dd3dd22b-b87a-4dc1-cbfe-48bd467a54b3,USA,F/V TRIUNFO,TRAWLERS,FISHING,367356690,4.32,Stage 1,2016-10-01
41.01,-71.379997,2016-12-07,da28a0113-3273-3a9f-10ab-097e617c5725,USA,JOHN & NICHOLAS,TRAWLERS,FISHING,367181750,0.85,Stage 1,2016-12-01
41.21,-71.209999,2016-03-09,4f592e330-09eb-7660-bfba-e409cea93985,USA,STARLIGHT,TRAWLERS,FISHING,366953940,0.75,Stage 1,2016-03-01
40.93,-70.809998,2016-09-08,da28a0113-3273-3a9f-10ab-097e617c5725,USA,JOHN & NICHOLAS,TRAWLERS,FISHING,367181750,0.77,Stage 1,2016-09-01
40.99,-71.099998,2016-04-27,de237e28e-ee6a-a924-2f28-b7bf9534ea67,USA,NA,DREDGE_FISHING,FISHING,367071460,0.53,Stage 1,2016-04-01
40.94,-71.300003,2016-07-13,ab54f8f1b-bd9e-6eae-3df8-405afa52cdbe,USA,NA,TRAWLERS,FISHING,367718760,1.08,Stage 1,2016-07-01
40.83,-70.879997,2016-09-15,da28a0113-3273-3a9f-10ab-097e617c5725,USA,JOHN & NICHOLAS,TRAWLERS,FISHING,367181750,1.28,Stage 1,2016-09-01
41.25,-71.209999,2016-08-27,419d86568-8982-aff9-21b2-d6e9a7fedeed,USA,SEVEN SEAS,NA,FISHING,367624610,1.32,Stage 1,2016-08-01
40.92,-70.790001,2016-09-12,da28a0113-3273-3a9f-10ab-097e617c5725,USA,JOHN & NICHOLAS,TRAWLERS,FISHING,367181750,1.93,Stage 1,2016-09-01
40.91,-70.900002,2016-09-17,da28a0113-3273-3a9f-10ab-097e617c5725,USA,JOHN & NICHOLAS,TRAWLERS,FISHING,367181750,0.97,Stage 1,2016-09-01
40.98,-71.349998,2016-12-05,da28a0113-3273-3a9f-10ab-097e617c5725,USA,JOHN & NICHOLAS,TRAWLERS,FISHING,367181750,0.56,Stage 1,2016-12-01
41.08,-70.800003,2016-08-19,419d86568-8982-aff9-21b2-d6e9a7fedeed,USA,SEVEN SEAS,NA,FISHING,367624610,1.1,Stage 1,2016-08-01
41.05,-71.290001,2016-03-17,ebcec2904-465b-e06c-7510-59d0d3ad3506,USA,SUNLIGHT,TRAWLERS,FISHING,366900670,1.39,Stage 1,2016-03-01
40.89,-71.129997,2016-09-21,8904b9c4e-ee9e-fbd4-a011-8c1d321679f1,USA,ESS PRIDE,TRAWLERS,FISHING,367411950,1,Stage 1,2016-09-01
40.89,-70.82,2016-09-18,da28a0113-3273-3a9f-10ab-097e617c5725,USA,JOHN & NICHOLAS,TRAWLERS,FISHING,367181750,1.39,Stage 1,2016-09-01
41.18,-70.910004,2016-07-31,283d67bf6-654b-a5fd-1fbc-536f97501e2f,USA,MARY ANNE,FISHING,FISHING,367077960,3.94,Stage 1,2016-07-01
40.91,-71.32,2016-07-06,ab54f8f1b-bd9e-6eae-3df8-405afa52cdbe,USA,NA,TRAWLERS,FISHING,367718760,0.78,Stage 1,2016-07-01
40.92,-70.779999,2016-09-12,eee4bf772-24eb-f59b-e5d2-3f1d5f21719a,USA,ILLUSION,TRAWLERS,FISHING,366218620,1.32,Stage 1,2016-09-01
40.94,-70.739998,2016-09-10,da28a0113-3273-3a9f-10ab-097e617c5725,USA,JOHN & NICHOLAS,TRAWLERS,FISHING,367181750,0.87,Stage 1,2016-09-01
40.94,-71.120003,2016-08-09,fd96b30e3-3f77-f437-8122-20e7744dfdb4,USA,TIMBERLINE,DREDGE_FISHING,FISHING,367071460,1.4,Stage 1,2016-08-01
41,-71.18,2016-09-10,eee4bf772-24eb-f59b-e5d2-3f1d5f21719a,USA,ILLUSION,TRAWLERS,FISHING,366218620,0.98,Stage 1,2016-09-01
41.08,-71.279999,2016-03-31,b06b0962f-f968-8e3b-8dd9-e75279d9a497,USA,VANQUISH,FISHING,FISHING,367494810,1.05,Stage 1,2016-03-01
40.92,-71.220001,2016-11-14,638eecf61-1a8a-a539-95df-468b4840e755,USA,HUNTER,FISHING,FISHING,367639280,2.95,Stage 1,2016-11-01
41.14,-70.949997,2016-09-09,ec9538b38-830a-9923-c628-1b70537d6a7d,USA,JOCKA,TRAWLERS,FISHING,367551860,1.99,Stage 1,2016-09-01
40.84,-70.900002,2016-09-16,da28a0113-3273-3a9f-10ab-097e617c5725,USA,JOHN & NICHOLAS,TRAWLERS,FISHING,367181750,1.64,Stage 1,2016-09-01
40.97,-71.040001,2016-06-20,b2438cfc0-095d-8257-86a8-b3ac734657be,USA,NA,TRAWLERS,FISHING,367356690,2.05,Stage 1,2016-06-01
41.35,-71.379997,2016-12-20,bfc0a78eb-b630-ac26-554e-448eb3094376,USA,NAVY TIBURON 701,DREDGE_FISHING,FISHING,369970738,1.9,Stage 1,2016-12-01
40.98,-71.389999,2016-12-06,da28a0113-3273-3a9f-10ab-097e617c5725,USA,JOHN & NICHOLAS,TRAWLERS,FISHING,367181750,1.01,Stage 1,2016-12-01
40.91,-71.379997,2016-07-12,ab54f8f1b-bd9e-6eae-3df8-405afa52cdbe,USA,NA,TRAWLERS,FISHING,367718760,0.43,Stage 1,2016-07-01
41.36,-71.07,2016-11-27,ebcec2904-465b-e06c-7510-59d0d3ad3506,USA,SUNLIGHT,TRAWLERS,FISHING,366900670,1.07,Stage 1,2016-11-01
41.23,-71.18,2016-03-09,ebcec2904-465b-e06c-7510-59d0d3ad3506,USA,SUNLIGHT,TRAWLERS,FISHING,366900670,0.88,Stage 1,2016-03-01
40.98,-71,2016-06-24,4d85b662e-e983-a305-b5e4-3f4591264f81,USA,NA,TRAWLERS,FISHING,367310080,1.13,Stage 1,2016-06-01
40.91,-71.120003,2016-04-23,e70c99e5d-d87b-b8a6-7724-884fa0d56a53,USA,SANDRA JANE,TRAWLERS,FISHING,367327960,0.78,Stage 1,2016-04-01
41.15,-71.239998,2016-03-12,de237e28e-ee6a-a924-2f28-b7bf9534ea67,USA,NA,DREDGE_FISHING,FISHING,367071460,1.23,Stage 1,2016-03-01
41.04,-71.360001,2016-03-17,ebcec2904-465b-e06c-7510-59d0d3ad3506,USA,SUNLIGHT,TRAWLERS,FISHING,366900670,1.05,Stage 1,2016-03-01
41.16,-71.209999,2016-08-07,fd96b30e3-3f77-f437-8122-20e7744dfdb4,USA,TIMBERLINE,DREDGE_FISHING,FISHING,367071460,1.35,Stage 1,2016-08-01
41.08,-71.239998,2016-03-31,b06b0962f-f968-8e3b-8dd9-e75279d9a497,USA,VANQUISH,FISHING,FISHING,367494810,0.54,Stage 1,2016-03-01
41.36,-71.099998,2016-11-27,ebcec2904-465b-e06c-7510-59d0d3ad3506,USA,SUNLIGHT,TRAWLERS,FISHING,366900670,0.53,Stage 1,2016-11-01
40.93,-71.290001,2016-07-13,ab54f8f1b-bd9e-6eae-3df8-405afa52cdbe,USA,NA,TRAWLERS,FISHING,367718760,0.67,Stage 1,2016-07-01
40.98,-71.349998,2016-12-07,2b76d4b10-04e2-39bb-e3aa-dc7a7f45a05f,USA,PACER,TRAWLERS,FISHING,366866750,2.46,Stage 1,2016-12-01
40.96,-71.379997,2016-10-06,b5c8f14ac-cc19-ce97-1589-8ed6d3b58f48,USA,STEPHANIE BRYAN,FISHING,FISHING,367428520,0.81,Stage 1,2016-10-01
41,-70.849998,2016-09-10,da28a0113-3273-3a9f-10ab-097e617c5725,USA,JOHN & NICHOLAS,TRAWLERS,FISHING,367181750,1.34,Stage 1,2016-09-01
41.3,-71.400002,2016-12-06,e262d6055-5ca7-21ca-7dbc-f48f76c919fd,USA,F/V ENTERPRISE,FISHING,FISHING,367658950,1.24,Stage 1,2016-12-01
41.01,-71.150002,2016-06-23,fd96b30e3-3f77-f437-8122-20e7744dfdb4,USA,TIMBERLINE,DREDGE_FISHING,FISHING,367071460,6.28,Stage 1,2016-06-01
41.35,-71.379997,2016-07-13,bfc0a78eb-b630-ac26-554e-448eb3094376,USA,NAVY TIBURON 701,DREDGE_FISHING,FISHING,369970738,1.24,Stage 1,2016-07-01
41.17,-71.239998,2016-03-10,de237e28e-ee6a-a924-2f28-b7bf9534ea67,USA,NA,DREDGE_FISHING,FISHING,367071460,11.75,Stage 1,2016-03-01
40.91,-71.379997,2016-10-06,b5c8f14ac-cc19-ce97-1589-8ed6d3b58f48,USA,STEPHANIE BRYAN,FISHING,FISHING,367428520,0.53,Stage 1,2016-10-01
41.11,-71.339996,2016-12-21,1ac07d8ae-ee16-d3df-f510-4e723aedbfa4,USA,ROSE MARIE,FISHING,FISHING,367185620,8.5,Stage 1,2016-12-01
40.86,-71.300003,2016-10-08,fd96b30e3-3f77-f437-8122-20e7744dfdb4,USA,TIMBERLINE,DREDGE_FISHING,FISHING,367071460,0.9,Stage 1,2016-10-01
40.93,-71.099998,2016-10-07,3f27d2108-864a-b211-81d9-713270af0b4a,USA,F/V DINAH JANE,TRAWLERS,FISHING,367310080,1.68,Stage 1,2016-10-01
41.15,-71.230003,2016-08-07,fd96b30e3-3f77-f437-8122-20e7744dfdb4,USA,TIMBERLINE,DREDGE_FISHING,FISHING,367071460,1.61,Stage 1,2016-08-01
40.97,-71.349998,2016-12-05,da28a0113-3273-3a9f-10ab-097e617c5725,USA,JOHN & NICHOLAS,TRAWLERS,FISHING,367181750,0.88,Stage 1,2016-12-01
41.18,-71.309998,2016-09-21,9a8640511-1c91-5720-80f0-021981ce9f23,USA,WANDO RIVER,TRAWLERS,FISHING,367718760,0.34,Stage 1,2016-09-01
41.05,-71.349998,2016-03-17,ebcec2904-465b-e06c-7510-59d0d3ad3506,USA,SUNLIGHT,TRAWLERS,FISHING,366900670,1.7,Stage 1,2016-03-01
40.84,-71.089996,2016-06-26,82b45c510-0107-84f6-4a90-fb32cbbcdd3c,USA,STELLA,POLE_AND_LINE,FISHING,338194028,1.13,Stage 1,2016-06-01
41.1,-71.25,2016-09-21,90b9eaea0-018d-1eaf-4055-36b770057d04,USA,GAIL FRANCES,INCONCLUSIVE,FISHING,366940990,0.38,Stage 1,2016-09-01
40.92,-71.160004,2016-11-14,638eecf61-1a8a-a539-95df-468b4840e755,USA,HUNTER,FISHING,FISHING,367639280,1.11,Stage 1,2016-11-01
41,-71.139999,2016-09-11,eee4bf772-24eb-f59b-e5d2-3f1d5f21719a,USA,ILLUSION,TRAWLERS,FISHING,366218620,2.07,Stage 1,2016-09-01
40.93,-71.360001,2016-06-19,ab54f8f1b-bd9e-6eae-3df8-405afa52cdbe,USA,NA,TRAWLERS,FISHING,367718760,1.82,Stage 1,2016-06-01
40.97,-71.370003,2017-04-29,1ac07d8ae-ee16-d3df-f510-4e723aedbfa4,USA,ROSE MARIE,FISHING,FISHING,367185620,0.98,Stage 1,2017-04-01
41.02,-71.239998,2017-10-22,a60bb8c1a-a9cd-5892-2581-2bea9933c8e0,USA,NEW SEA ROVER,TRAWLERS,FISHING,367346010,2.33,Stage 1,2017-10-01
41,-71.050003,2017-10-06,f01b02923-33f4-cf51-a193-8090ea37a925,USA,LEONARDO,FISHING,FISHING,367673740,2.27,Stage 1,2017-10-01
41.25,-71.059998,2017-06-23,eb0285846-6fce-0a03-683a-75c407b38e06,USA,NORDIK VIKING,POLE_AND_LINE,FISHING,367300830,2.29,Stage 1,2017-06-01
40.97,-70.730003,2017-07-20,fa3fa7276-6e4d-eebf-bbc9-480139b13f1f,USA,HOOKEM,POLE_AND_LINE,FISHING,338169372,0.64,Stage 1,2017-07-01
41.15,-71.290001,2017-09-25,d8bbf6380-05af-2b58-ca64-97ffb1eb319f,USA,ENTERPRISE,TRAWLERS,FISHING,367590310,0.57,Stage 1,2017-09-01
41.23,-71.389999,2017-09-15,67cc0cf55-58ed-4dd6-94d0-174760da5a67,USA,CAPT CADEN,TRAWLERS,FISHING,367107650,3.15,Stage 1,2017-09-01
41.08,-70.720001,2017-08-22,b91c9478b-bfa0-844e-f949-ccea31ce5ac1,USA,ELIZ AND KATHERINE,TRAWLERS,FISHING,367542540,0.96,Stage 1,2017-08-01
41.05,-71.389999,2017-01-29,287fc1cbf-fbc0-3baa-ae98-f20768f5d10f,USA,VIKING STARSHIP,PASSENGER,PASSENGER,367661740,2.55,Stage 1,2017-01-01
41.37,-71.279999,2017-10-24,33ff8cfa3-3333-eaff-9333-6cdc72d2468f,USA,F/V SAO JACINTO,TRAWLERS,FISHING,367312670,1.69,Stage 1,2017-10-01
41.12,-71.290001,2017-12-21,b91c9478b-bfa0-844e-f949-ccea31ce5ac1,USA,ELIZ AND KATHERINE,TRAWLERS,FISHING,367542540,3.49,Stage 1,2017-12-01
40.96,-70.980003,2017-09-13,f01b02923-33f4-cf51-a193-8090ea37a925,USA,LEONARDO,FISHING,FISHING,367673740,1.02,Stage 1,2017-09-01
41.1,-71.349998,2017-10-11,138335867-750f-7b39-06ff-645add8dbdc7,USA,BROOKE ELISE,TRAWLERS,FISHING,367687740,2.32,Stage 1,2017-10-01
41.33,-71.290001,2017-07-26,59d8ab6e8-88ae-3379-7957-c3cf5af17475,USA,HOPE AND SYDNEY,TRAWLERS,FISHING,367084070,1.3,Stage 1,2017-07-01
41.29,-71.389999,2017-07-28,2326efd2e-ef2b-34f0-f4e7-9a078f8cb4c4,USA,BELL SKY,TRAWLERS,FISHING,367637420,0.95,Stage 1,2017-07-01
40.96,-71.309998,2017-08-10,fda33ad3b-b3d7-9afb-257d-126bd7b77f81,USA,LADY FRANCES,INCONCLUSIVE,FISHING,367155670,0.59,Stage 1,2017-08-01
41.12,-70.889999,2017-08-20,8b6c30313-3d46-04e2-5a69-4358ed29bcbd,USA,F/V APOLLO,TRAWLERS,FISHING,367163790,1.6,Stage 1,2017-08-01
41.03,-70.989998,2017-08-04,82b45c510-0107-84f6-4a90-fb32cbbcdd3c,USA,STELLA,POLE_AND_LINE,FISHING,338194028,1.15,Stage 1,2017-08-01
40.96,-70.889999,2017-09-25,59d8ab6e8-88ae-3379-7957-c3cf5af17475,USA,HOPE AND SYDNEY,TRAWLERS,FISHING,367084070,3.85,Stage 1,2017-09-01
40.87,-71.160004,2017-07-23,eb0285846-6fce-0a03-683a-75c407b38e06,USA,NORDIK VIKING,POLE_AND_LINE,FISHING,367300830,0.35,Stage 1,2017-07-01
41.13,-71.099998,2017-12-03,90b9eaea0-018d-1eaf-4055-36b770057d04,USA,GAIL FRANCES,INCONCLUSIVE,FISHING,366940990,0.47,Stage 1,2017-12-01
41.24,-71.339996,2017-10-13,b91c9478b-bfa0-844e-f949-ccea31ce5ac1,USA,ELIZ AND KATHERINE,TRAWLERS,FISHING,367542540,0.4,Stage 1,2017-10-01
41.01,-71.239998,2017-09-13,a60bb8c1a-a9cd-5892-2581-2bea9933c8e0,USA,NEW SEA ROVER,TRAWLERS,FISHING,367346010,8.5,Stage 1,2017-09-01
41.12,-71.269997,2017-11-03,8db3a8299-96f2-de38-cc59-08a540328662,USA,MISS MAE & SON,FISHING,FISHING,367689320,1.22,Stage 1,2017-11-01
41.05,-71.389999,2017-10-02,90b9eaea0-018d-1eaf-4055-36b770057d04,USA,GAIL FRANCES,INCONCLUSIVE,FISHING,366940990,2.4,Stage 1,2017-10-01
40.9,-71.059998,2017-06-29,d0eedd395-565b-d998-24e7-e6095fdc296f,USA,SHAMROCK,SET_GILLNETS,FISHING,367396080,1.62,Stage 1,2017-06-01
41.02,-71.330002,2017-01-30,fda33ad3b-b3d7-9afb-257d-126bd7b77f81,USA,LADY FRANCES,INCONCLUSIVE,FISHING,367155670,1.92,Stage 1,2017-01-01
40.91,-71.330002,2017-05-18,9a8640511-1c91-5720-80f0-021981ce9f23,USA,WANDO RIVER,TRAWLERS,FISHING,367718760,0.95,Stage 1,2017-05-01
41.32,-71.389999,2017-06-25,dc7503a12-2012-2b23-c830-41a97164309d,USA,CHARLIES PRIDE,TRAWLERS,FISHING,366472920,0.67,Stage 1,2017-06-01
40.94,-71.230003,2017-10-22,3f27d2108-864a-b211-81d9-713270af0b4a,USA,F/V DINAH JANE,TRAWLERS,FISHING,367310080,1.07,Stage 1,2017-10-01
40.87,-71.190002,2017-06-23,d0eedd395-565b-d998-24e7-e6095fdc296f,USA,SHAMROCK,SET_GILLNETS,FISHING,367396080,0.82,Stage 1,2017-06-01
40.93,-71.300003,2017-09-16,dfb4280fb-b107-5766-7352-7e4dbe0dffcc,USA,SOVEREIGN STAR,TRAWLERS,FISHING,367069720,0.39,Stage 1,2017-09-01
40.99,-71.190002,2017-06-01,fd96b30e3-3f77-f437-8122-20e7744dfdb4,USA,TIMBERLINE,DREDGE_FISHING,FISHING,367071460,8.13,Stage 1,2017-06-01
41.1,-71.349998,2017-05-21,419d86568-8982-aff9-21b2-d6e9a7fedeed,USA,SEVEN SEAS,NA,FISHING,367624610,0.84,Stage 1,2017-05-01
41.24,-71.110001,2017-08-09,d8bbf6380-05af-2b58-ca64-97ffb1eb319f,USA,ENTERPRISE,TRAWLERS,FISHING,367590310,1.02,Stage 1,2017-08-01
41.12,-71.129997,2017-09-16,90b9eaea0-018d-1eaf-4055-36b770057d04,USA,GAIL FRANCES,INCONCLUSIVE,FISHING,366940990,1,Stage 1,2017-09-01
40.9,-71.199997,2017-08-04,638eecf61-1a8a-a539-95df-468b4840e755,USA,HUNTER,FISHING,FISHING,367639280,0.92,Stage 1,2017-08-01
41.3,-71.370003,2017-10-12,dd6eb6d60-0fea-40b3-82c4-6fd4fe4b2e7c,USA,SEVEN SEAS,TRAWLERS,FISHING,367624610,0.87,Stage 1,2017-10-01
40.97,-70.730003,2017-07-03,d0eedd395-565b-d998-24e7-e6095fdc296f,USA,SHAMROCK,SET_GILLNETS,FISHING,367396080,0.84,Stage 1,2017-07-01
40.9,-71.32,2017-08-15,dfb4280fb-b107-5766-7352-7e4dbe0dffcc,USA,SOVEREIGN STAR,TRAWLERS,FISHING,367069720,0.98,Stage 1,2017-08-01
41.22,-71.190002,2017-07-21,d8bbf6380-05af-2b58-ca64-97ffb1eb319f,USA,ENTERPRISE,TRAWLERS,FISHING,367590310,1.09,Stage 1,2017-07-01
40.87,-71.129997,2017-06-16,33ff8cfa3-3333-eaff-9333-6cdc72d2468f,USA,F/V SAO JACINTO,TRAWLERS,FISHING,367312670,1.17,Stage 1,2017-06-01
40.92,-70.82,2017-09-12,79b0852e1-1e25-4bae-ba24-811a7b9779fb,USA,MISS LINDSEY,FISHING,FISHING,367742440,0.57,Stage 1,2017-09-01
41.34,-71.360001,2017-08-23,b5c8f14ac-cc19-ce97-1589-8ed6d3b58f48,USA,STEPHANIE BRYAN,FISHING,FISHING,367428520,1.41,Stage 1,2017-08-01
41.31,-71.199997,2017-10-14,8f4478dc0-04b4-5637-a8c9-46c32c10fb1f,USA,RANGER,NA,FISHING,366910520,15.87,Stage 1,2017-10-01
41.31,-71.330002,2017-06-25,dc7503a12-2012-2b23-c830-41a97164309d,USA,CHARLIES PRIDE,TRAWLERS,FISHING,366472920,13.84,Stage 1,2017-06-01
41.34,-71.379997,2017-01-07,bccb22dcb-b512-2cc8-43d4-551f36e0038b,USA,F/V RETRIEVER,TRAWLERS,FISHING,367324660,0.9,Stage 1,2017-01-01
40.98,-71.089996,2017-04-10,fd96b30e3-3f77-f437-8122-20e7744dfdb4,USA,TIMBERLINE,DREDGE_FISHING,FISHING,367071460,5.36,Stage 1,2017-04-01
41.23,-71.150002,2017-07-21,d8bbf6380-05af-2b58-ca64-97ffb1eb319f,USA,ENTERPRISE,TRAWLERS,FISHING,367590310,1.11,Stage 1,2017-07-01
41.04,-71.230003,2017-10-22,90b9eaea0-018d-1eaf-4055-36b770057d04,USA,GAIL FRANCES,INCONCLUSIVE,FISHING,366940990,1.37,Stage 1,2017-10-01
41.28,-71.120003,2017-07-21,33ff8cfa3-3333-eaff-9333-6cdc72d2468f,USA,F/V SAO JACINTO,TRAWLERS,FISHING,367312670,1.21,Stage 1,2017-07-01
41.02,-71.230003,2017-08-01,9a8640511-1c91-5720-80f0-021981ce9f23,USA,WANDO RIVER,TRAWLERS,FISHING,367718760,7.97,Stage 1,2017-08-01
41.03,-71.220001,2017-09-13,a60bb8c1a-a9cd-5892-2581-2bea9933c8e0,USA,NEW SEA ROVER,TRAWLERS,FISHING,367346010,0.85,Stage 1,2017-09-01
40.92,-71.32,2017-10-21,f01b02923-33f4-cf51-a193-8090ea37a925,USA,LEONARDO,FISHING,FISHING,367673740,0.66,Stage 1,2017-10-01
41.05,-70.839996,2017-07-20,cf82ed35c-c219-f8c2-745a-24c38db5d7cf,USA,BLACK SHEEP,TRAWLERS,FISHING,366831480,1.78,Stage 1,2017-07-01
41.32,-71.360001,2017-07-21,27268459a-a059-cdeb-52bd-4a54dd139d35,USA,AMERICAN PRIDE,FISHING,FISHING,338229893,7.17,Stage 1,2017-07-01
41.05,-71.389999,2017-11-03,90b9eaea0-018d-1eaf-4055-36b770057d04,USA,GAIL FRANCES,INCONCLUSIVE,FISHING,366940990,0.4,Stage 1,2017-11-01
40.88,-71.220001,2017-09-25,90b9eaea0-018d-1eaf-4055-36b770057d04,USA,GAIL FRANCES,INCONCLUSIVE,FISHING,366940990,2.06,Stage 1,2017-09-01
40.87,-71.199997,2017-06-23,d0eedd395-565b-d998-24e7-e6095fdc296f,USA,SHAMROCK,SET_GILLNETS,FISHING,367396080,0.73,Stage 1,2017-06-01
41.36,-71.269997,2017-07-11,0a583f0af-f901-3364-9a79-65b031137f03,USA,ROSE MARIE,FISHING,FISHING,367185620,0.67,Stage 1,2017-07-01
41.01,-71.190002,2017-09-13,a60bb8c1a-a9cd-5892-2581-2bea9933c8e0,USA,NEW SEA ROVER,TRAWLERS,FISHING,367346010,1.05,Stage 1,2017-09-01
41.04,-71.400002,2017-02-23,fda33ad3b-b3d7-9afb-257d-126bd7b77f81,USA,LADY FRANCES,INCONCLUSIVE,FISHING,367155670,0.84,Stage 1,2017-02-01
41.36,-71.360001,2017-01-07,bccb22dcb-b512-2cc8-43d4-551f36e0038b,USA,F/V RETRIEVER,TRAWLERS,FISHING,367324660,1.25,Stage 1,2017-01-01
41.28,-71.400002,2017-07-20,2326efd2e-ef2b-34f0-f4e7-9a078f8cb4c4,USA,BELL SKY,TRAWLERS,FISHING,367637420,1.52,Stage 1,2017-07-01
40.96,-71,2017-09-13,7dd3dd22b-b87a-4dc1-cbfe-48bd467a54b3,USA,F/V TRIUNFO,TRAWLERS,FISHING,367356690,2.57,Stage 1,2017-09-01
41.26,-71.169998,2017-06-26,f321a5bcb-b9a3-1da9-32d8-22077f65efcf,USA,DETERMINATION,TRAWLERS,FISHING,367518960,0.54,Stage 1,2017-06-01
41.28,-71.410004,2017-12-02,b5c8f14ac-cc19-ce97-1589-8ed6d3b58f48,USA,STEPHANIE BRYAN,FISHING,FISHING,367428520,0.48,Stage 1,2017-12-01
41.09,-71.269997,2017-11-03,8db3a8299-96f2-de38-cc59-08a540328662,USA,MISS MAE & SON,FISHING,FISHING,367689320,1.18,Stage 1,2017-11-01
40.96,-71.360001,2017-07-20,ab2f79b55-5a71-cb3f-fd67-c76f8f51b47b,USA,VIRGINIA WAVE,TRAWLERS,FISHING,367696380,6.45,Stage 1,2017-07-01
41.22,-71.18,2017-12-03,d8bbf6380-05af-2b58-ca64-97ffb1eb319f,USA,ENTERPRISE,TRAWLERS,FISHING,367590310,0.81,Stage 1,2017-12-01
41.01,-70.860001,2017-07-10,d0eedd395-565b-d998-24e7-e6095fdc296f,USA,SHAMROCK,SET_GILLNETS,FISHING,367396080,0.34,Stage 1,2017-07-01
41.03,-71.169998,2017-09-24,90b9eaea0-018d-1eaf-4055-36b770057d04,USA,GAIL FRANCES,INCONCLUSIVE,FISHING,366940990,0.52,Stage 1,2017-09-01
40.99,-71.370003,2017-08-11,b5c8f14ac-cc19-ce97-1589-8ed6d3b58f48,USA,STEPHANIE BRYAN,FISHING,FISHING,367428520,0.69,Stage 1,2017-08-01
41.23,-71.160004,2017-11-03,d8bbf6380-05af-2b58-ca64-97ffb1eb319f,USA,ENTERPRISE,TRAWLERS,FISHING,367590310,0.67,Stage 1,2017-11-01
40.98,-70.82,2017-10-22,cf82ed35c-c219-f8c2-745a-24c38db5d7cf,USA,BLACK SHEEP,TRAWLERS,FISHING,366831480,2.03,Stage 1,2017-10-01
40.96,-71.330002,2017-07-20,cf82ed35c-c219-f8c2-745a-24c38db5d7cf,USA,BLACK SHEEP,TRAWLERS,FISHING,366831480,6.36,Stage 1,2017-07-01
40.98,-71,2017-09-12,f01b02923-33f4-cf51-a193-8090ea37a925,USA,LEONARDO,FISHING,FISHING,367673740,0.55,Stage 1,2017-09-01
41,-70.760002,2017-09-04,7dd3dd22b-b87a-4dc1-cbfe-48bd467a54b3,USA,F/V TRIUNFO,TRAWLERS,FISHING,367356690,0.85,Stage 1,2017-09-01
40.84,-70.959999,2017-08-04,82b45c510-0107-84f6-4a90-fb32cbbcdd3c,USA,STELLA,POLE_AND_LINE,FISHING,338194028,1.92,Stage 1,2017-08-01
41.13,-71.360001,2017-05-21,419d86568-8982-aff9-21b2-d6e9a7fedeed,USA,SEVEN SEAS,NA,FISHING,367624610,6.21,Stage 1,2017-05-01
40.99,-70.75,2017-08-20,33ff8cfa3-3333-eaff-9333-6cdc72d2468f,USA,F/V SAO JACINTO,TRAWLERS,FISHING,367312670,8.85,Stage 1,2017-08-01
41.31,-71.059998,2017-06-13,ff3830e6a-a93e-1d34-b439-f9f742984f72,USA,DARANA R,FISHING,FISHING,367174730,0.71,Stage 1,2017-06-01
41.12,-71.129997,2017-12-27,fda33ad3b-b3d7-9afb-257d-126bd7b77f81,USA,LADY FRANCES,INCONCLUSIVE,FISHING,367155670,0.81,Stage 1,2017-12-01
41.13,-70.959999,2017-08-20,8b6c30313-3d46-04e2-5a69-4358ed29bcbd,USA,F/V APOLLO,TRAWLERS,FISHING,367163790,1.21,Stage 1,2017-08-01
41.31,-71.400002,2017-12-07,d8bbf6380-05af-2b58-ca64-97ffb1eb319f,USA,ENTERPRISE,TRAWLERS,FISHING,367590310,0.55,Stage 1,2017-12-01
41.26,-71.379997,2017-09-24,d8a31dd1e-e685-7761-f150-6fa97696148b,USA,F/V  C-VENTURE,FISHING,FISHING,367098360,2.88,Stage 1,2017-09-01
40.93,-71.18,2017-06-16,d0eedd395-565b-d998-24e7-e6095fdc296f,USA,SHAMROCK,SET_GILLNETS,FISHING,367396080,0.66,Stage 1,2017-06-01
40.9,-70.870003,2017-08-19,33ff8cfa3-3333-eaff-9333-6cdc72d2468f,USA,F/V SAO JACINTO,TRAWLERS,FISHING,367312670,7.91,Stage 1,2017-08-01
40.94,-71.279999,2017-10-19,f01b02923-33f4-cf51-a193-8090ea37a925,USA,LEONARDO,FISHING,FISHING,367673740,0.41,Stage 1,2017-10-01
41.26,-71.389999,2017-09-25,d8a31dd1e-e685-7761-f150-6fa97696148b,USA,F/V  C-VENTURE,FISHING,FISHING,367098360,1.08,Stage 1,2017-09-01
41.02,-71.330002,2017-01-31,fda33ad3b-b3d7-9afb-257d-126bd7b77f81,USA,LADY FRANCES,INCONCLUSIVE,FISHING,367155670,1.24,Stage 1,2017-01-01
40.9,-71.25,2017-08-04,638eecf61-1a8a-a539-95df-468b4840e755,USA,HUNTER,FISHING,FISHING,367639280,0.96,Stage 1,2017-08-01
41,-71.099998,2017-09-13,d8bbf6380-05af-2b58-ca64-97ffb1eb319f,USA,ENTERPRISE,TRAWLERS,FISHING,367590310,0.37,Stage 1,2017-09-01
41.26,-71.080002,2017-06-23,d12a18828-8cbb-8887-d07d-bea9f8e76229,USA,F/V HOPEFULL,TRAWLERS,FISHING,367325850,0.62,Stage 1,2017-06-01
41.22,-70.959999,2017-07-10,d0eedd395-565b-d998-24e7-e6095fdc296f,USA,SHAMROCK,SET_GILLNETS,FISHING,367396080,0.67,Stage 1,2017-07-01
41.3,-71.239998,2017-07-09,0c05898cc-c145-3da6-e753-0c2137af8e2c,USA,SEA RAMBLER,FISHING,FISHING,367710210,6.51,Stage 1,2017-07-01
41.03,-71.169998,2017-12-01,90b9eaea0-018d-1eaf-4055-36b770057d04,USA,GAIL FRANCES,INCONCLUSIVE,FISHING,366940990,2.31,Stage 1,2017-12-01
41.05,-71.169998,2017-10-22,eb63b86fa-aa79-de78-b47f-5bd32d03e9e4,USA,LIONESS,FISHING,FISHING,338160808,5.05,Stage 1,2017-10-01
40.98,-71.029999,2017-09-13,f01b02923-33f4-cf51-a193-8090ea37a925,USA,LEONARDO,FISHING,FISHING,367673740,1.85,Stage 1,2017-09-01
40.98,-71.110001,2017-05-22,fd96b30e3-3f77-f437-8122-20e7744dfdb4,USA,TIMBERLINE,DREDGE_FISHING,FISHING,367071460,0.8,Stage 1,2017-05-01
41.04,-71.379997,2017-10-06,b91c9478b-bfa0-844e-f949-ccea31ce5ac1,USA,ELIZ AND KATHERINE,TRAWLERS,FISHING,367542540,1.73,Stage 1,2017-10-01
41.28,-71.389999,2017-09-25,d8a31dd1e-e685-7761-f150-6fa97696148b,USA,F/V  C-VENTURE,FISHING,FISHING,367098360,3.52,Stage 1,2017-09-01
41,-71.239998,2017-10-06,a60bb8c1a-a9cd-5892-2581-2bea9933c8e0,USA,NEW SEA ROVER,TRAWLERS,FISHING,367346010,1.27,Stage 1,2017-10-01
40.91,-71.019997,2017-06-15,33ff8cfa3-3333-eaff-9333-6cdc72d2468f,USA,F/V SAO JACINTO,TRAWLERS,FISHING,367312670,0.62,Stage 1,2017-06-01
41.32,-71.410004,2017-10-12,dd6eb6d60-0fea-40b3-82c4-6fd4fe4b2e7c,USA,SEVEN SEAS,TRAWLERS,FISHING,367624610,0.89,Stage 1,2017-10-01
41.17,-70.910004,2017-09-12,0b0bbd407-7d86-aab4-dca0-8079eb74d7f1,USA,LET IT RIDE,TRAWLERS,FISHING,366822910,0.56,Stage 1,2017-09-01
41.32,-71.410004,2017-12-08,d8bbf6380-05af-2b58-ca64-97ffb1eb319f,USA,ENTERPRISE,TRAWLERS,FISHING,367590310,17.03,Stage 1,2017-12-01
40.92,-71.269997,2017-09-13,8db3a8299-96f2-de38-cc59-08a540328662,USA,MISS MAE & SON,FISHING,FISHING,367689320,2.15,Stage 1,2017-09-01
41.23,-71.18,2017-08-02,d8bbf6380-05af-2b58-ca64-97ffb1eb319f,USA,ENTERPRISE,TRAWLERS,FISHING,367590310,2.26,Stage 1,2017-08-01
40.98,-71.089996,2017-05-22,fd96b30e3-3f77-f437-8122-20e7744dfdb4,USA,TIMBERLINE,DREDGE_FISHING,FISHING,367071460,0.98,Stage 1,2017-05-01
40.9,-71.099998,2017-08-04,638eecf61-1a8a-a539-95df-468b4840e755,USA,HUNTER,FISHING,FISHING,367639280,1.12,Stage 1,2017-08-01
41.01,-71.169998,2017-04-10,a45b489d0-00f1-5dc5-64d8-6d681d72b4ba,USA,LADY BRITTANY,TRAWLERS,FISHING,366983260,2.61,Stage 1,2017-04-01
41.02,-70.720001,2017-06-27,d0eedd395-565b-d998-24e7-e6095fdc296f,USA,SHAMROCK,SET_GILLNETS,FISHING,367396080,6.7,Stage 1,2017-06-01
41.13,-70.940002,2017-08-20,8b6c30313-3d46-04e2-5a69-4358ed29bcbd,USA,F/V APOLLO,TRAWLERS,FISHING,367163790,1.3,Stage 1,2017-08-01
41.03,-71.389999,2017-09-16,a250a6240-0f62-238e-2f2f-314e5cfca037,USA,SWAGGY B,TRAWLERS,FISHING,367767950,4.03,Stage 1,2017-09-01
41.35,-71.139999,2017-10-07,ff3830e6a-a93e-1d34-b439-f9f742984f72,USA,DARANA R,FISHING,FISHING,367174730,1.13,Stage 1,2017-10-01
41.06,-71.110001,2017-06-23,d0eedd395-565b-d998-24e7-e6095fdc296f,USA,SHAMROCK,SET_GILLNETS,FISHING,367396080,1.38,Stage 1,2017-06-01
41.01,-71.230003,2017-05-17,fd96b30e3-3f77-f437-8122-20e7744dfdb4,USA,TIMBERLINE,DREDGE_FISHING,FISHING,367071460,0.63,Stage 1,2017-05-01
40.94,-71.260002,2017-10-23,3f27d2108-864a-b211-81d9-713270af0b4a,USA,F/V DINAH JANE,TRAWLERS,FISHING,367310080,0.94,Stage 1,2017-10-01
41.01,-70.910004,2017-10-22,cf82ed35c-c219-f8c2-745a-24c38db5d7cf,USA,BLACK SHEEP,TRAWLERS,FISHING,366831480,0.85,Stage 1,2017-10-01
40.94,-71.120003,2017-06-10,d0eedd395-565b-d998-24e7-e6095fdc296f,USA,SHAMROCK,SET_GILLNETS,FISHING,367396080,0.82,Stage 1,2017-06-01
41.23,-71.169998,2017-09-16,d8bbf6380-05af-2b58-ca64-97ffb1eb319f,USA,ENTERPRISE,TRAWLERS,FISHING,367590310,1.22,Stage 1,2017-09-01
40.97,-71.389999,2017-08-21,da28a0113-3273-3a9f-10ab-097e617c5725,USA,JOHN & NICHOLAS,TRAWLERS,FISHING,367181750,0.95,Stage 1,2017-08-01
41.25,-71.040001,2017-06-23,d12a18828-8cbb-8887-d07d-bea9f8e76229,USA,F/V HOPEFULL,TRAWLERS,FISHING,367325850,0.34,Stage 1,2017-06-01
41.01,-70.980003,2017-08-04,82b45c510-0107-84f6-4a90-fb32cbbcdd3c,USA,STELLA,POLE_AND_LINE,FISHING,338194028,0.35,Stage 1,2017-08-01
41.03,-71.239998,2017-10-23,9a8640511-1c91-5720-80f0-021981ce9f23,USA,WANDO RIVER,TRAWLERS,FISHING,367718760,2.05,Stage 1,2017-10-01
41.15,-71.269997,2017-10-21,43f53617c-c08e-b2f5-79de-9618f2e30980,USA,TENACITY,TRAWLERS,FISHING,367651150,0.82,Stage 1,2017-10-01
41.24,-71.139999,2017-07-21,d8bbf6380-05af-2b58-ca64-97ffb1eb319f,USA,ENTERPRISE,TRAWLERS,FISHING,367590310,1.06,Stage 1,2017-07-01
40.91,-71.300003,2017-05-19,9a8640511-1c91-5720-80f0-021981ce9f23,USA,WANDO RIVER,TRAWLERS,FISHING,367718760,1.13,Stage 1,2017-05-01
41,-71.239998,2017-09-12,9a8640511-1c91-5720-80f0-021981ce9f23,USA,WANDO RIVER,TRAWLERS,FISHING,367718760,1.48,Stage 1,2017-09-01
41.38,-71.309998,2017-06-17,32b606172-2468-2817-1b4f-fae340279e02,USA,SEVEN B 5,TRAWLERS,FISHING,367052470,0.92,Stage 1,2017-06-01
40.9,-71.220001,2017-08-04,638eecf61-1a8a-a539-95df-468b4840e755,USA,HUNTER,FISHING,FISHING,367639280,2.54,Stage 1,2017-08-01
41.23,-71.190002,2017-09-15,d8bbf6380-05af-2b58-ca64-97ffb1eb319f,USA,ENTERPRISE,TRAWLERS,FISHING,367590310,1.18,Stage 1,2017-09-01
40.91,-71.050003,2017-06-15,33ff8cfa3-3333-eaff-9333-6cdc72d2468f,USA,F/V SAO JACINTO,TRAWLERS,FISHING,367312670,2.14,Stage 1,2017-06-01
41.05,-71.389999,2017-11-04,90b9eaea0-018d-1eaf-4055-36b770057d04,USA,GAIL FRANCES,INCONCLUSIVE,FISHING,366940990,4.04,Stage 1,2017-11-01
41.24,-71.120003,2017-09-16,d8bbf6380-05af-2b58-ca64-97ffb1eb319f,USA,ENTERPRISE,TRAWLERS,FISHING,367590310,0.94,Stage 1,2017-09-01
41.03,-71.169998,2017-10-22,90b9eaea0-018d-1eaf-4055-36b770057d04,USA,GAIL FRANCES,INCONCLUSIVE,FISHING,366940990,2.77,Stage 1,2017-10-01
41.23,-71.18,2017-08-09,d8bbf6380-05af-2b58-ca64-97ffb1eb319f,USA,ENTERPRISE,TRAWLERS,FISHING,367590310,0.87,Stage 1,2017-08-01
41.01,-71.230003,2017-10-23,a60bb8c1a-a9cd-5892-2581-2bea9933c8e0,USA,NEW SEA ROVER,TRAWLERS,FISHING,367346010,6,Stage 1,2017-10-01
41.24,-71.389999,2017-10-04,138335867-750f-7b39-06ff-645add8dbdc7,USA,BROOKE ELISE,TRAWLERS,FISHING,367687740,0.41,Stage 1,2017-10-01
41.27,-71.220001,2017-08-08,d8a31dd1e-e685-7761-f150-6fa97696148b,USA,F/V  C-VENTURE,FISHING,FISHING,367098360,0.53,Stage 1,2017-08-01
41.23,-71.169998,2017-08-04,d8bbf6380-05af-2b58-ca64-97ffb1eb319f,USA,ENTERPRISE,TRAWLERS,FISHING,367590310,0.57,Stage 1,2017-08-01
41.03,-71.230003,2017-10-22,9a8640511-1c91-5720-80f0-021981ce9f23,USA,WANDO RIVER,TRAWLERS,FISHING,367718760,2.55,Stage 1,2017-10-01
41.09,-70.879997,2017-09-13,79b0852e1-1e25-4bae-ba24-811a7b9779fb,USA,MISS LINDSEY,FISHING,FISHING,367742440,1.15,Stage 1,2017-09-01
41.38,-71.32,2017-12-01,395358792-2ac0-d275-16a9-bd8cad811778,USA,HEATHER LYNN,TRAWLERS,FISHING,367119340,0.64,Stage 1,2017-12-01
40.96,-71,2017-09-13,f01b02923-33f4-cf51-a193-8090ea37a925,USA,LEONARDO,FISHING,FISHING,367673740,0.84,Stage 1,2017-09-01
40.93,-71.25,2017-10-07,f01b02923-33f4-cf51-a193-8090ea37a925,USA,LEONARDO,FISHING,FISHING,367673740,1.08,Stage 1,2017-10-01
41.05,-71.389999,2017-11-22,90b9eaea0-018d-1eaf-4055-36b770057d04,USA,GAIL FRANCES,INCONCLUSIVE,FISHING,366940990,2.33,Stage 1,2017-11-01
41,-70.779999,2017-08-09,cf82ed35c-c219-f8c2-745a-24c38db5d7cf,USA,BLACK SHEEP,TRAWLERS,FISHING,366831480,1.22,Stage 1,2017-08-01
41.01,-71.239998,2017-10-22,a60bb8c1a-a9cd-5892-2581-2bea9933c8e0,USA,NEW SEA ROVER,TRAWLERS,FISHING,367346010,3.82,Stage 1,2017-10-01
40.95,-71.379997,2017-11-03,cf82ed35c-c219-f8c2-745a-24c38db5d7cf,USA,BLACK SHEEP,TRAWLERS,FISHING,366831480,0.35,Stage 1,2017-11-01
40.89,-71.209999,2017-08-04,638eecf61-1a8a-a539-95df-468b4840e755,USA,HUNTER,FISHING,FISHING,367639280,1.1,Stage 1,2017-08-01
41.02,-71.25,2017-10-22,a60bb8c1a-a9cd-5892-2581-2bea9933c8e0,USA,NEW SEA ROVER,TRAWLERS,FISHING,367346010,3.85,Stage 1,2017-10-01
41.15,-70.75,2017-06-21,0ed2a9285-57df-f322-e5a3-e481ae54a537,USA,JONATHAN RYAN,FISHING,FISHING,367478370,0.73,Stage 1,2017-06-01
41.3,-71.150002,2017-06-14,ff3830e6a-a93e-1d34-b439-f9f742984f72,USA,DARANA R,FISHING,FISHING,367174730,0.65,Stage 1,2017-06-01
41.02,-70.75,2017-08-10,d8bbf6380-05af-2b58-ca64-97ffb1eb319f,USA,ENTERPRISE,TRAWLERS,FISHING,367590310,0.96,Stage 1,2017-08-01
41.07,-70.800003,2017-08-22,b91c9478b-bfa0-844e-f949-ccea31ce5ac1,USA,ELIZ AND KATHERINE,TRAWLERS,FISHING,367542540,1.19,Stage 1,2017-08-01
40.99,-71.089996,2017-05-22,fd96b30e3-3f77-f437-8122-20e7744dfdb4,USA,TIMBERLINE,DREDGE_FISHING,FISHING,367071460,1.74,Stage 1,2017-05-01
40.98,-71.019997,2017-09-12,f01b02923-33f4-cf51-a193-8090ea37a925,USA,LEONARDO,FISHING,FISHING,367673740,0.78,Stage 1,2017-09-01
41.23,-71.389999,2017-09-16,a250a6240-0f62-238e-2f2f-314e5cfca037,USA,SWAGGY B,TRAWLERS,FISHING,367767950,3.67,Stage 1,2017-09-01
41.04,-71.160004,2017-09-16,90b9eaea0-018d-1eaf-4055-36b770057d04,USA,GAIL FRANCES,INCONCLUSIVE,FISHING,366940990,2.2,Stage 1,2017-09-01
41.05,-71.089996,2017-09-16,90b9eaea0-018d-1eaf-4055-36b770057d04,USA,GAIL FRANCES,INCONCLUSIVE,FISHING,366940990,1.03,Stage 1,2017-09-01
40.98,-70.919998,2017-08-19,8b6c30313-3d46-04e2-5a69-4358ed29bcbd,USA,F/V APOLLO,TRAWLERS,FISHING,367163790,6.55,Stage 1,2017-08-01
41.29,-71.139999,2017-08-12,33ff8cfa3-3333-eaff-9333-6cdc72d2468f,USA,F/V SAO JACINTO,TRAWLERS,FISHING,367312670,1.28,Stage 1,2017-08-01
41.03,-71.18,2017-12-02,90b9eaea0-018d-1eaf-4055-36b770057d04,USA,GAIL FRANCES,INCONCLUSIVE,FISHING,366940990,3.44,Stage 1,2017-12-01
41.03,-70.900002,2017-08-18,79b0852e1-1e25-4bae-ba24-811a7b9779fb,USA,MISS LINDSEY,FISHING,FISHING,367742440,1.02,Stage 1,2017-08-01
41.25,-71.379997,2017-09-18,d8a31dd1e-e685-7761-f150-6fa97696148b,USA,F/V  C-VENTURE,FISHING,FISHING,367098360,1.16,Stage 1,2017-09-01
40.92,-71.379997,2017-08-04,973fc9c79-9de5-9090-70db-197cfd04e594,USA,JERSEY CAPE,FISHING,FISHING,367131650,2.57,Stage 1,2017-08-01
41.19,-70.769997,2017-06-26,f321a5bcb-b9a3-1da9-32d8-22077f65efcf,USA,DETERMINATION,TRAWLERS,FISHING,367518960,0.89,Stage 1,2017-06-01
41.36,-71.169998,2017-08-22,b5c8f14ac-cc19-ce97-1589-8ed6d3b58f48,USA,STEPHANIE BRYAN,FISHING,FISHING,367428520,1.15,Stage 1,2017-08-01
40.96,-71.019997,2017-09-13,7dd3dd22b-b87a-4dc1-cbfe-48bd467a54b3,USA,F/V TRIUNFO,TRAWLERS,FISHING,367356690,4.32,Stage 1,2017-09-01
41.01,-70.82,2017-10-22,cf82ed35c-c219-f8c2-745a-24c38db5d7cf,USA,BLACK SHEEP,TRAWLERS,FISHING,366831480,1.91,Stage 1,2017-10-01
41,-71.230003,2017-10-22,a60bb8c1a-a9cd-5892-2581-2bea9933c8e0,USA,NEW SEA ROVER,TRAWLERS,FISHING,367346010,0.87,Stage 1,2017-10-01
40.92,-71.209999,2017-10-23,f01b02923-33f4-cf51-a193-8090ea37a925,USA,LEONARDO,FISHING,FISHING,367673740,0.89,Stage 1,2017-10-01
41.12,-71.110001,2017-01-21,287fc1cbf-fbc0-3baa-ae98-f20768f5d10f,USA,VIKING STARSHIP,PASSENGER,PASSENGER,367661740,0.85,Stage 1,2017-01-01
41,-70.889999,2017-09-13,d8bbf6380-05af-2b58-ca64-97ffb1eb319f,USA,ENTERPRISE,TRAWLERS,FISHING,367590310,1.54,Stage 1,2017-09-01
40.98,-70.989998,2017-09-12,f01b02923-33f4-cf51-a193-8090ea37a925,USA,LEONARDO,FISHING,FISHING,367673740,1.01,Stage 1,2017-09-01
41.04,-71.230003,2017-10-20,90b9eaea0-018d-1eaf-4055-36b770057d04,USA,GAIL FRANCES,INCONCLUSIVE,FISHING,366940990,2.6,Stage 1,2017-10-01
40.92,-71.199997,2017-10-19,f01b02923-33f4-cf51-a193-8090ea37a925,USA,LEONARDO,FISHING,FISHING,367673740,13.3,Stage 1,2017-10-01
40.93,-71.230003,2017-10-21,f01b02923-33f4-cf51-a193-8090ea37a925,USA,LEONARDO,FISHING,FISHING,367673740,0.6,Stage 1,2017-10-01
41.28,-71.410004,2017-08-09,2326efd2e-ef2b-34f0-f4e7-9a078f8cb4c4,USA,BELL SKY,TRAWLERS,FISHING,367637420,1.53,Stage 1,2017-08-01
40.96,-71.040001,2017-09-13,f01b02923-33f4-cf51-a193-8090ea37a925,USA,LEONARDO,FISHING,FISHING,367673740,1.23,Stage 1,2017-09-01
41.02,-71.230003,2017-10-23,a60bb8c1a-a9cd-5892-2581-2bea9933c8e0,USA,NEW SEA ROVER,TRAWLERS,FISHING,367346010,1.36,Stage 1,2017-10-01
40.96,-71.029999,2017-09-13,7dd3dd22b-b87a-4dc1-cbfe-48bd467a54b3,USA,F/V TRIUNFO,TRAWLERS,FISHING,367356690,2.74,Stage 1,2017-09-01
40.93,-71.220001,2017-04-25,5f037ebcc-c29f-d06a-bda4-acb68dcfa274,USA,JERSEY PRIDE,TRAWLERS,FISHING,366848260,0.92,Stage 1,2017-04-01
41,-71.209999,2017-10-06,9a8640511-1c91-5720-80f0-021981ce9f23,USA,WANDO RIVER,TRAWLERS,FISHING,367718760,1.31,Stage 1,2017-10-01
41.21,-71.139999,2017-10-24,a60bb8c1a-a9cd-5892-2581-2bea9933c8e0,USA,NEW SEA ROVER,TRAWLERS,FISHING,367346010,10.47,Stage 1,2017-10-01
40.91,-70.919998,2017-08-02,4a15fbafa-a6ba-096c-1d6d-7626963dda4c,USA,CRAB EYES,POLE_AND_LINE,FISHING,338199742,1.34,Stage 1,2017-08-01
41.18,-71.370003,2017-09-09,c5ba9d21b-b51d-aa90-0fc4-b4a9278a5138,USA,KAILEY ANN,TRAWLERS,FISHING,367138050,1.54,Stage 1,2017-09-01
40.99,-70.980003,2017-09-13,f01b02923-33f4-cf51-a193-8090ea37a925,USA,LEONARDO,FISHING,FISHING,367673740,0.94,Stage 1,2017-09-01
40.91,-71.209999,2017-10-23,3f27d2108-864a-b211-81d9-713270af0b4a,USA,F/V DINAH JANE,TRAWLERS,FISHING,367310080,0.84,Stage 1,2017-10-01
41.24,-71.129997,2017-09-16,d8bbf6380-05af-2b58-ca64-97ffb1eb319f,USA,ENTERPRISE,TRAWLERS,FISHING,367590310,1.84,Stage 1,2017-09-01
41.13,-70.949997,2017-08-20,8b6c30313-3d46-04e2-5a69-4358ed29bcbd,USA,F/V APOLLO,TRAWLERS,FISHING,367163790,1.9,Stage 1,2017-08-01
41.2,-70.889999,2017-06-17,35eb371c0-088a-1382-098a-c7fea019d959,USA,STARBRITE,FISHING,FISHING,367707710,0.84,Stage 1,2017-06-01
40.92,-71.279999,2017-09-13,8db3a8299-96f2-de38-cc59-08a540328662,USA,MISS MAE & SON,FISHING,FISHING,367689320,1.24,Stage 1,2017-09-01
41.29,-71.279999,2017-06-25,f321a5bcb-b9a3-1da9-32d8-22077f65efcf,USA,DETERMINATION,TRAWLERS,FISHING,367518960,1.12,Stage 1,2017-06-01
41.31,-71.220001,2017-06-05,f321a5bcb-b9a3-1da9-32d8-22077f65efcf,USA,DETERMINATION,TRAWLERS,FISHING,367518960,0.57,Stage 1,2017-06-01
41.36,-71.150002,2017-08-17,b5c8f14ac-cc19-ce97-1589-8ed6d3b58f48,USA,STEPHANIE BRYAN,FISHING,FISHING,367428520,1,Stage 1,2017-08-01
41.08,-70.75,2017-08-22,b91c9478b-bfa0-844e-f949-ccea31ce5ac1,USA,ELIZ AND KATHERINE,TRAWLERS,FISHING,367542540,2.09,Stage 1,2017-08-01
41.1,-71.07,2017-10-19,cf82ed35c-c219-f8c2-745a-24c38db5d7cf,USA,BLACK SHEEP,TRAWLERS,FISHING,366831480,1.15,Stage 1,2017-10-01
41.02,-70.760002,2017-06-27,79b0852e1-1e25-4bae-ba24-811a7b9779fb,USA,MISS LINDSEY,FISHING,FISHING,367742440,1.1,Stage 1,2017-06-01
41.02,-71.25,2017-10-21,a60bb8c1a-a9cd-5892-2581-2bea9933c8e0,USA,NEW SEA ROVER,TRAWLERS,FISHING,367346010,1.2,Stage 1,2017-10-01
40.85,-71.160004,2017-08-04,973fc9c79-9de5-9090-70db-197cfd04e594,USA,JERSEY CAPE,FISHING,FISHING,367131650,1.98,Stage 1,2017-08-01
41.24,-71.129997,2017-08-02,d8bbf6380-05af-2b58-ca64-97ffb1eb319f,USA,ENTERPRISE,TRAWLERS,FISHING,367590310,1.49,Stage 1,2017-08-01
40.98,-71.010002,2017-09-13,f01b02923-33f4-cf51-a193-8090ea37a925,USA,LEONARDO,FISHING,FISHING,367673740,0.94,Stage 1,2017-09-01
41.08,-71.370003,2017-10-19,b5c8f14ac-cc19-ce97-1589-8ed6d3b58f48,USA,STEPHANIE BRYAN,FISHING,FISHING,367428520,11.32,Stage 1,2017-10-01
40.89,-71.220001,2017-08-05,638eecf61-1a8a-a539-95df-468b4840e755,USA,HUNTER,FISHING,FISHING,367639280,1.87,Stage 1,2017-08-01
41.05,-71.389999,2017-10-06,138335867-750f-7b39-06ff-645add8dbdc7,USA,BROOKE ELISE,TRAWLERS,FISHING,367687740,4.21,Stage 1,2017-10-01
41.08,-70.720001,2017-08-21,b91c9478b-bfa0-844e-f949-ccea31ce5ac1,USA,ELIZ AND KATHERINE,TRAWLERS,FISHING,367542540,0.57,Stage 1,2017-08-01
41.04,-71.230003,2017-09-24,90b9eaea0-018d-1eaf-4055-36b770057d04,USA,GAIL FRANCES,INCONCLUSIVE,FISHING,366940990,0.63,Stage 1,2017-09-01
40.93,-71.239998,2017-10-23,3f27d2108-864a-b211-81d9-713270af0b4a,USA,F/V DINAH JANE,TRAWLERS,FISHING,367310080,1.15,Stage 1,2017-10-01
41.23,-71.389999,2017-09-16,67cc0cf55-58ed-4dd6-94d0-174760da5a67,USA,CAPT CADEN,TRAWLERS,FISHING,367107650,0.63,Stage 1,2017-09-01
41,-71.239998,2017-10-23,a60bb8c1a-a9cd-5892-2581-2bea9933c8e0,USA,NEW SEA ROVER,TRAWLERS,FISHING,367346010,1.16,Stage 1,2017-10-01
41.2,-70.879997,2017-08-04,0c05898cc-c145-3da6-e753-0c2137af8e2c,USA,SEA RAMBLER,FISHING,FISHING,367710210,0.78,Stage 1,2017-08-01
41.04,-71.230003,2017-01-16,287fc1cbf-fbc0-3baa-ae98-f20768f5d10f,USA,VIKING STARSHIP,PASSENGER,PASSENGER,367661740,2.38,Stage 1,2017-01-01
40.96,-71.019997,2017-09-25,f01b02923-33f4-cf51-a193-8090ea37a925,USA,LEONARDO,FISHING,FISHING,367673740,18.83,Stage 1,2017-09-01
40.98,-70.839996,2017-09-13,79b0852e1-1e25-4bae-ba24-811a7b9779fb,USA,MISS LINDSEY,FISHING,FISHING,367742440,1.23,Stage 1,2017-09-01
41.03,-71.010002,2017-08-10,82b45c510-0107-84f6-4a90-fb32cbbcdd3c,USA,STELLA,POLE_AND_LINE,FISHING,338194028,0.35,Stage 1,2017-08-01
41.32,-71.400002,2017-01-07,bccb22dcb-b512-2cc8-43d4-551f36e0038b,USA,F/V RETRIEVER,TRAWLERS,FISHING,367324660,0.8,Stage 1,2017-01-01
40.91,-71.330002,2017-08-14,dfb4280fb-b107-5766-7352-7e4dbe0dffcc,USA,SOVEREIGN STAR,TRAWLERS,FISHING,367069720,1.74,Stage 1,2017-08-01
40.95,-71.239998,2017-10-11,f01b02923-33f4-cf51-a193-8090ea37a925,USA,LEONARDO,FISHING,FISHING,367673740,0.64,Stage 1,2017-10-01
40.91,-71.230003,2017-08-05,638eecf61-1a8a-a539-95df-468b4840e755,USA,HUNTER,FISHING,FISHING,367639280,0.72,Stage 1,2017-08-01
41.25,-71.389999,2017-09-24,d8a31dd1e-e685-7761-f150-6fa97696148b,USA,F/V  C-VENTURE,FISHING,FISHING,367098360,1.05,Stage 1,2017-09-01
41.18,-71.220001,2017-09-09,611352f20-0eac-f578-7374-e63d454d8842,USA,BLUE DIAMOND,TRAWLERS,FISHING,367356550,2.32,Stage 1,2017-09-01
40.98,-71.360001,2017-04-29,1ac07d8ae-ee16-d3df-f510-4e723aedbfa4,USA,ROSE MARIE,FISHING,FISHING,367185620,0.99,Stage 1,2017-04-01
40.92,-71.209999,2017-10-23,3f27d2108-864a-b211-81d9-713270af0b4a,USA,F/V DINAH JANE,TRAWLERS,FISHING,367310080,1.13,Stage 1,2017-10-01
41.03,-71.239998,2017-10-06,9a8640511-1c91-5720-80f0-021981ce9f23,USA,WANDO RIVER,TRAWLERS,FISHING,367718760,3.62,Stage 1,2017-10-01
41.02,-71.260002,2017-08-01,9a8640511-1c91-5720-80f0-021981ce9f23,USA,WANDO RIVER,TRAWLERS,FISHING,367718760,1.18,Stage 1,2017-08-01
40.96,-70.910004,2017-08-19,8b6c30313-3d46-04e2-5a69-4358ed29bcbd,USA,F/V APOLLO,TRAWLERS,FISHING,367163790,0.55,Stage 1,2017-08-01
40.97,-71.010002,2017-09-05,f01b02923-33f4-cf51-a193-8090ea37a925,USA,LEONARDO,FISHING,FISHING,367673740,0.58,Stage 1,2017-09-01
41.05,-71.389999,2017-10-06,32b606172-2468-2817-1b4f-fae340279e02,USA,SEVEN B 5,TRAWLERS,FISHING,367052470,1.25,Stage 1,2017-10-01
40.98,-70.980003,2017-09-13,f01b02923-33f4-cf51-a193-8090ea37a925,USA,LEONARDO,FISHING,FISHING,367673740,1.04,Stage 1,2017-09-01
40.9,-71.209999,2017-08-04,638eecf61-1a8a-a539-95df-468b4840e755,USA,HUNTER,FISHING,FISHING,367639280,2.81,Stage 1,2017-08-01
41.32,-71.080002,2017-07-26,eee4bf772-24eb-f59b-e5d2-3f1d5f21719a,USA,ILLUSION,TRAWLERS,FISHING,366218620,1.09,Stage 1,2017-07-01
41.32,-71.059998,2017-06-13,9a8640511-1c91-5720-80f0-021981ce9f23,USA,WANDO RIVER,TRAWLERS,FISHING,367718760,2.02,Stage 1,2017-06-01
41.01,-70.809998,2017-10-22,cf82ed35c-c219-f8c2-745a-24c38db5d7cf,USA,BLACK SHEEP,TRAWLERS,FISHING,366831480,1.13,Stage 1,2017-10-01
41.02,-71.25,2017-09-13,a60bb8c1a-a9cd-5892-2581-2bea9933c8e0,USA,NEW SEA ROVER,TRAWLERS,FISHING,367346010,3.29,Stage 1,2017-09-01
41.09,-71.160004,2017-10-23,a60bb8c1a-a9cd-5892-2581-2bea9933c8e0,USA,NEW SEA ROVER,TRAWLERS,FISHING,367346010,0.57,Stage 1,2017-10-01
41.37,-71.25,2017-08-23,d12a18828-8cbb-8887-d07d-bea9f8e76229,USA,F/V HOPEFULL,TRAWLERS,FISHING,367325850,0.89,Stage 1,2017-08-01
41.24,-71.019997,2017-06-27,559f52593-3c3d-b5fa-42c8-c74643a3bade,USA,MAIZEY JAMES,FISHING,FISHING,367625230,0.88,Stage 1,2017-06-01
41.34,-71.389999,2017-08-06,410f103b3-3bf1-c50e-50ee-18fb85c0b8b9,USA,RAYDA CHERAMIE,FISHING,FISHING,366947090,18.13,Stage 1,2017-08-01
41.36,-71.129997,2017-08-16,b5c8f14ac-cc19-ce97-1589-8ed6d3b58f48,USA,STEPHANIE BRYAN,FISHING,FISHING,367428520,1,Stage 1,2017-08-01
41.36,-71.099998,2017-10-24,33ff8cfa3-3333-eaff-9333-6cdc72d2468f,USA,F/V SAO JACINTO,TRAWLERS,FISHING,367312670,1.22,Stage 1,2017-10-01
41.08,-70.949997,2017-07-10,d0eedd395-565b-d998-24e7-e6095fdc296f,USA,SHAMROCK,SET_GILLNETS,FISHING,367396080,0.98,Stage 1,2017-07-01
41.25,-71.379997,2017-09-24,d8a31dd1e-e685-7761-f150-6fa97696148b,USA,F/V  C-VENTURE,FISHING,FISHING,367098360,1.2,Stage 1,2017-09-01
40.96,-71.019997,2017-09-24,f01b02923-33f4-cf51-a193-8090ea37a925,USA,LEONARDO,FISHING,FISHING,367673740,1.08,Stage 1,2017-09-01
41.03,-71.169998,2017-10-18,90b9eaea0-018d-1eaf-4055-36b770057d04,USA,GAIL FRANCES,INCONCLUSIVE,FISHING,366940990,1.27,Stage 1,2017-10-01
41.16,-70.730003,2017-08-14,27268459a-a059-cdeb-52bd-4a54dd139d35,USA,AMERICAN PRIDE,FISHING,FISHING,338229893,0.7,Stage 1,2017-08-01
41.02,-70.879997,2017-08-31,d8bbf6380-05af-2b58-ca64-97ffb1eb319f,USA,ENTERPRISE,TRAWLERS,FISHING,367590310,2.87,Stage 1,2017-08-01
41.02,-71.199997,2017-08-01,9a8640511-1c91-5720-80f0-021981ce9f23,USA,WANDO RIVER,TRAWLERS,FISHING,367718760,1.95,Stage 1,2017-08-01
41.15,-71.029999,2017-06-21,cb26fb761-17ce-79ab-c9bb-63c470ef71c5,USA,JESSICA HEATHER,SET_LONGLINES,FISHING,367506980,4.83,Stage 1,2017-06-01
41,-71.190002,2017-06-01,fd96b30e3-3f77-f437-8122-20e7744dfdb4,USA,TIMBERLINE,DREDGE_FISHING,FISHING,367071460,4.87,Stage 1,2017-06-01
41.27,-71.309998,2017-08-09,d8bbf6380-05af-2b58-ca64-97ffb1eb319f,USA,ENTERPRISE,TRAWLERS,FISHING,367590310,0.89,Stage 1,2017-08-01
41.27,-71.169998,2017-08-13,395358792-2ac0-d275-16a9-bd8cad811778,USA,HEATHER LYNN,TRAWLERS,FISHING,367119340,6.56,Stage 1,2017-08-01
41.32,-71.379997,2017-07-28,2326efd2e-ef2b-34f0-f4e7-9a078f8cb4c4,USA,BELL SKY,TRAWLERS,FISHING,367637420,1.07,Stage 1,2017-07-01
41.02,-71.339996,2017-01-30,fda33ad3b-b3d7-9afb-257d-126bd7b77f81,USA,LADY FRANCES,INCONCLUSIVE,FISHING,367155670,0.87,Stage 1,2017-01-01
41.34,-71.349998,2017-07-26,eee4bf772-24eb-f59b-e5d2-3f1d5f21719a,USA,ILLUSION,TRAWLERS,FISHING,366218620,0.85,Stage 1,2017-07-01
41.04,-71.089996,2017-09-16,90b9eaea0-018d-1eaf-4055-36b770057d04,USA,GAIL FRANCES,INCONCLUSIVE,FISHING,366940990,0.79,Stage 1,2017-09-01
41.06,-70.870003,2017-02-21,91e52d3e5-5d01-efdc-40c4-01ac1cc8e3a4,USA,F/V MY WAY,TRAWLERS,FISHING,367688160,1.68,Stage 1,2017-02-01
40.9,-70.82,2017-07-10,d0eedd395-565b-d998-24e7-e6095fdc296f,USA,SHAMROCK,SET_GILLNETS,FISHING,367396080,0.99,Stage 1,2017-07-01
40.92,-70.75,2017-09-24,d12a18828-8cbb-8887-d07d-bea9f8e76229,USA,F/V HOPEFULL,TRAWLERS,FISHING,367325850,0.61,Stage 1,2017-09-01
41.02,-71.230003,2017-09-12,9a8640511-1c91-5720-80f0-021981ce9f23,USA,WANDO RIVER,TRAWLERS,FISHING,367718760,0.53,Stage 1,2017-09-01
41.08,-70.739998,2017-08-22,b91c9478b-bfa0-844e-f949-ccea31ce5ac1,USA,ELIZ AND KATHERINE,TRAWLERS,FISHING,367542540,0.87,Stage 1,2017-08-01
41.05,-70.839996,2017-08-02,a250a6240-0f62-238e-2f2f-314e5cfca037,USA,SWAGGY B,TRAWLERS,FISHING,367767950,0.53,Stage 1,2017-08-01
41.14,-70.940002,2017-08-20,8b6c30313-3d46-04e2-5a69-4358ed29bcbd,USA,F/V APOLLO,TRAWLERS,FISHING,367163790,1,Stage 1,2017-08-01
41.3,-71.309998,2017-07-13,d8bbf6380-05af-2b58-ca64-97ffb1eb319f,USA,ENTERPRISE,TRAWLERS,FISHING,367590310,0.33,Stage 1,2017-07-01
41.36,-71.139999,2017-08-16,b5c8f14ac-cc19-ce97-1589-8ed6d3b58f48,USA,STEPHANIE BRYAN,FISHING,FISHING,367428520,1.16,Stage 1,2017-08-01
41.3,-71.25,2017-07-13,d8bbf6380-05af-2b58-ca64-97ffb1eb319f,USA,ENTERPRISE,TRAWLERS,FISHING,367590310,13.65,Stage 1,2017-07-01
41.02,-71.239998,2017-10-21,a60bb8c1a-a9cd-5892-2581-2bea9933c8e0,USA,NEW SEA ROVER,TRAWLERS,FISHING,367346010,2.22,Stage 1,2017-10-01
41.02,-70.860001,2017-08-31,d8bbf6380-05af-2b58-ca64-97ffb1eb319f,USA,ENTERPRISE,TRAWLERS,FISHING,367590310,0.99,Stage 1,2017-08-01
41.12,-70.809998,2017-09-12,0b0bbd407-7d86-aab4-dca0-8079eb74d7f1,USA,LET IT RIDE,TRAWLERS,FISHING,366822910,0.82,Stage 1,2017-09-01
40.96,-70.989998,2017-09-13,7dd3dd22b-b87a-4dc1-cbfe-48bd467a54b3,USA,F/V TRIUNFO,TRAWLERS,FISHING,367356690,2.95,Stage 1,2017-09-01
41.3,-71.410004,2017-12-02,b5c8f14ac-cc19-ce97-1589-8ed6d3b58f48,USA,STEPHANIE BRYAN,FISHING,FISHING,367428520,0.57,Stage 1,2017-12-01
40.96,-71.050003,2017-09-13,7dd3dd22b-b87a-4dc1-cbfe-48bd467a54b3,USA,F/V TRIUNFO,TRAWLERS,FISHING,367356690,1.86,Stage 1,2017-09-01
40.93,-70.970001,2017-06-15,33ff8cfa3-3333-eaff-9333-6cdc72d2468f,USA,F/V SAO JACINTO,TRAWLERS,FISHING,367312670,1.77,Stage 1,2017-06-01
41.31,-71.410004,2017-10-10,b91c9478b-bfa0-844e-f949-ccea31ce5ac1,USA,ELIZ AND KATHERINE,TRAWLERS,FISHING,367542540,0.55,Stage 1,2017-10-01
41.36,-71.349998,2017-08-17,cbfafe985-5d2a-7d35-bd3d-0b5997544a89,USA,OLIVIA CATHERINE,TRAWLERS,FISHING,366186640,1.06,Stage 1,2017-08-01
41.04,-71.019997,2017-08-20,fda33ad3b-b3d7-9afb-257d-126bd7b77f81,USA,LADY FRANCES,INCONCLUSIVE,FISHING,367155670,3.89,Stage 1,2017-08-01
41.31,-71.099998,2017-07-13,0c05898cc-c145-3da6-e753-0c2137af8e2c,USA,SEA RAMBLER,FISHING,FISHING,367710210,0.39,Stage 1,2017-07-01
41.07,-71.379997,2017-10-06,138335867-750f-7b39-06ff-645add8dbdc7,USA,BROOKE ELISE,TRAWLERS,FISHING,367687740,0.74,Stage 1,2017-10-01
40.94,-71.25,2017-10-19,f01b02923-33f4-cf51-a193-8090ea37a925,USA,LEONARDO,FISHING,FISHING,367673740,0.84,Stage 1,2017-10-01
40.98,-71.099998,2017-04-10,fd96b30e3-3f77-f437-8122-20e7744dfdb4,USA,TIMBERLINE,DREDGE_FISHING,FISHING,367071460,7.85,Stage 1,2017-04-01
40.97,-71,2017-09-24,f01b02923-33f4-cf51-a193-8090ea37a925,USA,LEONARDO,FISHING,FISHING,367673740,0.85,Stage 1,2017-09-01
41.28,-71.410004,2017-10-18,2326efd2e-ef2b-34f0-f4e7-9a078f8cb4c4,USA,BELL SKY,TRAWLERS,FISHING,367637420,0.54,Stage 1,2017-10-01
41.04,-71.400002,2017-02-20,fda33ad3b-b3d7-9afb-257d-126bd7b77f81,USA,LADY FRANCES,INCONCLUSIVE,FISHING,367155670,1.88,Stage 1,2017-02-01
41.34,-71.300003,2017-06-14,ff3830e6a-a93e-1d34-b439-f9f742984f72,USA,DARANA R,FISHING,FISHING,367174730,1.12,Stage 1,2017-06-01
40.91,-71.330002,2017-06-15,9a8640511-1c91-5720-80f0-021981ce9f23,USA,WANDO RIVER,TRAWLERS,FISHING,367718760,0.86,Stage 1,2017-06-01
41.32,-71.010002,2017-08-16,27268459a-a059-cdeb-52bd-4a54dd139d35,USA,AMERICAN PRIDE,FISHING,FISHING,338229893,2.56,Stage 1,2017-08-01
41.24,-71.389999,2017-09-16,c5ba9d21b-b51d-aa90-0fc4-b4a9278a5138,USA,KAILEY ANN,TRAWLERS,FISHING,367138050,2.18,Stage 1,2017-09-01
40.97,-70.879997,2017-10-23,cf82ed35c-c219-f8c2-745a-24c38db5d7cf,USA,BLACK SHEEP,TRAWLERS,FISHING,366831480,0.83,Stage 1,2017-10-01
40.91,-71.230003,2017-08-04,638eecf61-1a8a-a539-95df-468b4840e755,USA,HUNTER,FISHING,FISHING,367639280,0.95,Stage 1,2017-08-01
41.12,-71.339996,2017-10-02,90b9eaea0-018d-1eaf-4055-36b770057d04,USA,GAIL FRANCES,INCONCLUSIVE,FISHING,366940990,2.17,Stage 1,2017-10-01
40.93,-71.209999,2017-04-25,5f037ebcc-c29f-d06a-bda4-acb68dcfa274,USA,JERSEY PRIDE,TRAWLERS,FISHING,366848260,2.7,Stage 1,2017-04-01
40.93,-71.300003,2017-10-06,dfb4280fb-b107-5766-7352-7e4dbe0dffcc,USA,SOVEREIGN STAR,TRAWLERS,FISHING,367069720,0.54,Stage 1,2017-10-01
40.99,-70.800003,2017-10-22,cf82ed35c-c219-f8c2-745a-24c38db5d7cf,USA,BLACK SHEEP,TRAWLERS,FISHING,366831480,0.88,Stage 1,2017-10-01
40.9,-71.209999,2017-08-05,638eecf61-1a8a-a539-95df-468b4840e755,USA,HUNTER,FISHING,FISHING,367639280,1.12,Stage 1,2017-08-01
41.03,-71.230003,2017-08-01,9a8640511-1c91-5720-80f0-021981ce9f23,USA,WANDO RIVER,TRAWLERS,FISHING,367718760,0.38,Stage 1,2017-08-01
40.84,-70.889999,2017-07-03,d0eedd395-565b-d998-24e7-e6095fdc296f,USA,SHAMROCK,SET_GILLNETS,FISHING,367396080,5.52,Stage 1,2017-07-01
41.25,-71.389999,2017-09-18,d8a31dd1e-e685-7761-f150-6fa97696148b,USA,F/V  C-VENTURE,FISHING,FISHING,367098360,2.42,Stage 1,2017-09-01
40.98,-71.400002,2017-08-14,dfb4280fb-b107-5766-7352-7e4dbe0dffcc,USA,SOVEREIGN STAR,TRAWLERS,FISHING,367069720,2.34,Stage 1,2017-08-01
40.87,-71.230003,2017-06-16,33ff8cfa3-3333-eaff-9333-6cdc72d2468f,USA,F/V SAO JACINTO,TRAWLERS,FISHING,367312670,1.21,Stage 1,2017-06-01
41,-70.720001,2017-07-03,d0eedd395-565b-d998-24e7-e6095fdc296f,USA,SHAMROCK,SET_GILLNETS,FISHING,367396080,0.34,Stage 1,2017-07-01
40.96,-70.989998,2017-09-13,d8bbf6380-05af-2b58-ca64-97ffb1eb319f,USA,ENTERPRISE,TRAWLERS,FISHING,367590310,1.87,Stage 1,2017-09-01
41.09,-71.370003,2017-05-21,419d86568-8982-aff9-21b2-d6e9a7fedeed,USA,SEVEN SEAS,NA,FISHING,367624610,7.42,Stage 1,2017-05-01
40.85,-70.959999,2017-08-04,82b45c510-0107-84f6-4a90-fb32cbbcdd3c,USA,STELLA,POLE_AND_LINE,FISHING,338194028,0.97,Stage 1,2017-08-01
41.03,-71.25,2017-10-06,9a8640511-1c91-5720-80f0-021981ce9f23,USA,WANDO RIVER,TRAWLERS,FISHING,367718760,2.96,Stage 1,2017-10-01
40.95,-71.169998,2017-10-23,3f27d2108-864a-b211-81d9-713270af0b4a,USA,F/V DINAH JANE,TRAWLERS,FISHING,367310080,2.05,Stage 1,2017-10-01
41.02,-71.220001,2017-10-22,9a8640511-1c91-5720-80f0-021981ce9f23,USA,WANDO RIVER,TRAWLERS,FISHING,367718760,1.14,Stage 1,2017-10-01
41,-70.82,2017-09-05,7dd3dd22b-b87a-4dc1-cbfe-48bd467a54b3,USA,F/V TRIUNFO,TRAWLERS,FISHING,367356690,0.67,Stage 1,2017-09-01
41.21,-70.949997,2017-06-17,35eb371c0-088a-1382-098a-c7fea019d959,USA,STARBRITE,FISHING,FISHING,367707710,0.63,Stage 1,2017-06-01
41.27,-71.230003,2017-06-28,35eb371c0-088a-1382-098a-c7fea019d959,USA,STARBRITE,FISHING,FISHING,367707710,0.63,Stage 1,2017-06-01
41.29,-71.150002,2017-06-14,ff3830e6a-a93e-1d34-b439-f9f742984f72,USA,DARANA R,FISHING,FISHING,367174730,0.8,Stage 1,2017-06-01
40.99,-71.029999,2017-09-05,f01b02923-33f4-cf51-a193-8090ea37a925,USA,LEONARDO,FISHING,FISHING,367673740,1.75,Stage 1,2017-09-01
41.02,-71.330002,2017-01-30,287fc1cbf-fbc0-3baa-ae98-f20768f5d10f,USA,VIKING STARSHIP,PASSENGER,PASSENGER,367661740,4.15,Stage 1,2017-01-01
41.05,-71.169998,2017-12-01,90b9eaea0-018d-1eaf-4055-36b770057d04,USA,GAIL FRANCES,INCONCLUSIVE,FISHING,366940990,0.64,Stage 1,2017-12-01
40.93,-71.300003,2017-09-13,8db3a8299-96f2-de38-cc59-08a540328662,USA,MISS MAE & SON,FISHING,FISHING,367689320,1.77,Stage 1,2017-09-01
41.08,-70.739998,2017-08-21,b91c9478b-bfa0-844e-f949-ccea31ce5ac1,USA,ELIZ AND KATHERINE,TRAWLERS,FISHING,367542540,0.86,Stage 1,2017-08-01
40.98,-70.82,2017-10-23,cf82ed35c-c219-f8c2-745a-24c38db5d7cf,USA,BLACK SHEEP,TRAWLERS,FISHING,366831480,1.1,Stage 1,2017-10-01
41.07,-71.190002,2017-10-23,a60bb8c1a-a9cd-5892-2581-2bea9933c8e0,USA,NEW SEA ROVER,TRAWLERS,FISHING,367346010,0.55,Stage 1,2017-10-01
41.05,-70.989998,2017-08-10,82b45c510-0107-84f6-4a90-fb32cbbcdd3c,USA,STELLA,POLE_AND_LINE,FISHING,338194028,1,Stage 1,2017-08-01
40.83,-70.970001,2017-08-04,82b45c510-0107-84f6-4a90-fb32cbbcdd3c,USA,STELLA,POLE_AND_LINE,FISHING,338194028,0.87,Stage 1,2017-08-01
40.87,-71.199997,2017-06-29,d0eedd395-565b-d998-24e7-e6095fdc296f,USA,SHAMROCK,SET_GILLNETS,FISHING,367396080,3.93,Stage 1,2017-06-01
41.12,-71.120003,2017-01-02,287fc1cbf-fbc0-3baa-ae98-f20768f5d10f,USA,VIKING STARSHIP,PASSENGER,PASSENGER,367661740,3.29,Stage 1,2017-01-01
40.94,-70.959999,2017-06-15,33ff8cfa3-3333-eaff-9333-6cdc72d2468f,USA,F/V SAO JACINTO,TRAWLERS,FISHING,367312670,2.25,Stage 1,2017-06-01
41.02,-71.230003,2017-10-23,9a8640511-1c91-5720-80f0-021981ce9f23,USA,WANDO RIVER,TRAWLERS,FISHING,367718760,3.59,Stage 1,2017-10-01
41.03,-71.220001,2017-10-21,9a8640511-1c91-5720-80f0-021981ce9f23,USA,WANDO RIVER,TRAWLERS,FISHING,367718760,1.15,Stage 1,2017-10-01
41.22,-71.25,2017-09-14,138335867-750f-7b39-06ff-645add8dbdc7,USA,BROOKE ELISE,TRAWLERS,FISHING,367687740,0.61,Stage 1,2017-09-01
41,-70.790001,2017-06-27,d0eedd395-565b-d998-24e7-e6095fdc296f,USA,SHAMROCK,SET_GILLNETS,FISHING,367396080,2.23,Stage 1,2017-06-01
40.98,-70.830002,2017-10-22,cf82ed35c-c219-f8c2-745a-24c38db5d7cf,USA,BLACK SHEEP,TRAWLERS,FISHING,366831480,1.15,Stage 1,2017-10-01
41.37,-71.330002,2017-07-27,b91c9478b-bfa0-844e-f949-ccea31ce5ac1,USA,ELIZ AND KATHERINE,TRAWLERS,FISHING,367542540,1.21,Stage 1,2017-07-01
41.02,-71.010002,2017-08-10,82b45c510-0107-84f6-4a90-fb32cbbcdd3c,USA,STELLA,POLE_AND_LINE,FISHING,338194028,0.92,Stage 1,2017-08-01
41.13,-71.099998,2017-12-17,fda33ad3b-b3d7-9afb-257d-126bd7b77f81,USA,LADY FRANCES,INCONCLUSIVE,FISHING,367155670,0.42,Stage 1,2017-12-01
41.03,-71.379997,2017-02-22,287fc1cbf-fbc0-3baa-ae98-f20768f5d10f,USA,VIKING STARSHIP,PASSENGER,PASSENGER,367661740,4.86,Stage 1,2017-02-01
41.25,-70.959999,2017-07-20,eee4bf772-24eb-f59b-e5d2-3f1d5f21719a,USA,ILLUSION,TRAWLERS,FISHING,366218620,0.91,Stage 1,2017-07-01
41.26,-71.029999,2017-07-21,33ff8cfa3-3333-eaff-9333-6cdc72d2468f,USA,F/V SAO JACINTO,TRAWLERS,FISHING,367312670,0.77,Stage 1,2017-07-01
40.97,-70.860001,2017-10-22,cf82ed35c-c219-f8c2-745a-24c38db5d7cf,USA,BLACK SHEEP,TRAWLERS,FISHING,366831480,1.12,Stage 1,2017-10-01
40.91,-71.25,2017-08-05,638eecf61-1a8a-a539-95df-468b4840e755,USA,HUNTER,FISHING,FISHING,367639280,1.05,Stage 1,2017-08-01
40.99,-70.989998,2017-09-13,f01b02923-33f4-cf51-a193-8090ea37a925,USA,LEONARDO,FISHING,FISHING,367673740,1.26,Stage 1,2017-09-01
41.2,-71.160004,2017-08-02,9a8640511-1c91-5720-80f0-021981ce9f23,USA,WANDO RIVER,TRAWLERS,FISHING,367718760,2.67,Stage 1,2017-08-01
41.23,-71.18,2017-09-16,d8bbf6380-05af-2b58-ca64-97ffb1eb319f,USA,ENTERPRISE,TRAWLERS,FISHING,367590310,2.26,Stage 1,2017-09-01
40.95,-71.370003,2017-06-15,9a8640511-1c91-5720-80f0-021981ce9f23,USA,WANDO RIVER,TRAWLERS,FISHING,367718760,1.11,Stage 1,2017-06-01
41.03,-71.300003,2017-01-16,fda33ad3b-b3d7-9afb-257d-126bd7b77f81,USA,LADY FRANCES,INCONCLUSIVE,FISHING,367155670,2.11,Stage 1,2017-01-01
41.07,-70.790001,2017-09-12,0b0bbd407-7d86-aab4-dca0-8079eb74d7f1,USA,LET IT RIDE,TRAWLERS,FISHING,366822910,1.24,Stage 1,2017-09-01
41.02,-70.93,2017-10-22,cf82ed35c-c219-f8c2-745a-24c38db5d7cf,USA,BLACK SHEEP,TRAWLERS,FISHING,366831480,0.84,Stage 1,2017-10-01
41.02,-71.239998,2017-10-23,a60bb8c1a-a9cd-5892-2581-2bea9933c8e0,USA,NEW SEA ROVER,TRAWLERS,FISHING,367346010,1.12,Stage 1,2017-10-01
40.98,-71,2017-09-05,f01b02923-33f4-cf51-a193-8090ea37a925,USA,LEONARDO,FISHING,FISHING,367673740,0.89,Stage 1,2017-09-01
41.07,-70.75,2017-08-22,8b6c30313-3d46-04e2-5a69-4358ed29bcbd,USA,F/V APOLLO,TRAWLERS,FISHING,367163790,3.65,Stage 1,2017-08-01
41.15,-71.300003,2017-09-25,d8bbf6380-05af-2b58-ca64-97ffb1eb319f,USA,ENTERPRISE,TRAWLERS,FISHING,367590310,1.08,Stage 1,2017-09-01
41.23,-71.18,2017-09-15,d8bbf6380-05af-2b58-ca64-97ffb1eb319f,USA,ENTERPRISE,TRAWLERS,FISHING,367590310,13.95,Stage 1,2017-09-01
41.34,-71.279999,2017-08-23,b5c8f14ac-cc19-ce97-1589-8ed6d3b58f48,USA,STEPHANIE BRYAN,FISHING,FISHING,367428520,0.78,Stage 1,2017-08-01
41.29,-71.169998,2017-06-19,b097aee49-9296-14bc-670c-988bdfdf52ae,USA,SAO PAULO,FISHING,FISHING,366215330,7.51,Stage 1,2017-06-01
41.02,-71.25,2017-08-01,9a8640511-1c91-5720-80f0-021981ce9f23,USA,WANDO RIVER,TRAWLERS,FISHING,367718760,3.22,Stage 1,2017-08-01
41.01,-71.190002,2017-10-21,9a8640511-1c91-5720-80f0-021981ce9f23,USA,WANDO RIVER,TRAWLERS,FISHING,367718760,1.78,Stage 1,2017-10-01
41.23,-71.389999,2017-09-24,d8a31dd1e-e685-7761-f150-6fa97696148b,USA,F/V  C-VENTURE,FISHING,FISHING,367098360,0.64,Stage 1,2017-09-01
41,-71.059998,2017-10-06,f01b02923-33f4-cf51-a193-8090ea37a925,USA,LEONARDO,FISHING,FISHING,367673740,0.42,Stage 1,2017-10-01
41.35,-71.360001,2017-06-24,dc9d0737f-fbf8-8fb5-1da6-abb41c692ed7,USA,REBECCA MARY,TRAWLERS,FISHING,367710230,7.94,Stage 1,2017-06-01
41.24,-71.110001,2017-08-04,d8bbf6380-05af-2b58-ca64-97ffb1eb319f,USA,ENTERPRISE,TRAWLERS,FISHING,367590310,0.87,Stage 1,2017-08-01
40.91,-71.260002,2017-08-04,638eecf61-1a8a-a539-95df-468b4840e755,USA,HUNTER,FISHING,FISHING,367639280,1.07,Stage 1,2017-08-01
41.03,-71.260002,2017-08-01,9a8640511-1c91-5720-80f0-021981ce9f23,USA,WANDO RIVER,TRAWLERS,FISHING,367718760,0.64,Stage 1,2017-08-01
41.03,-70.900002,2017-01-20,fd96b30e3-3f77-f437-8122-20e7744dfdb4,USA,TIMBERLINE,DREDGE_FISHING,FISHING,367071460,8.76,Stage 1,2017-01-01
41.06,-70.830002,2017-09-12,0b0bbd407-7d86-aab4-dca0-8079eb74d7f1,USA,LET IT RIDE,TRAWLERS,FISHING,366822910,0.9,Stage 1,2017-09-01
41.31,-71.309998,2017-12-19,395358792-2ac0-d275-16a9-bd8cad811778,USA,HEATHER LYNN,TRAWLERS,FISHING,367119340,18.28,Stage 1,2017-12-01
40.88,-71.110001,2017-06-15,33ff8cfa3-3333-eaff-9333-6cdc72d2468f,USA,F/V SAO JACINTO,TRAWLERS,FISHING,367312670,14.55,Stage 1,2017-06-01
41.24,-71.389999,2017-09-18,d8a31dd1e-e685-7761-f150-6fa97696148b,USA,F/V  C-VENTURE,FISHING,FISHING,367098360,1.83,Stage 1,2017-09-01
41.03,-71.209999,2017-10-21,9a8640511-1c91-5720-80f0-021981ce9f23,USA,WANDO RIVER,TRAWLERS,FISHING,367718760,1.2,Stage 1,2017-10-01
41.04,-71.400002,2017-02-22,287fc1cbf-fbc0-3baa-ae98-f20768f5d10f,USA,VIKING STARSHIP,PASSENGER,PASSENGER,367661740,5.01,Stage 1,2017-02-01
41.03,-70.910004,2017-01-20,fd96b30e3-3f77-f437-8122-20e7744dfdb4,USA,TIMBERLINE,DREDGE_FISHING,FISHING,367071460,0.85,Stage 1,2017-01-01
40.88,-71.169998,2017-08-04,973fc9c79-9de5-9090-70db-197cfd04e594,USA,JERSEY CAPE,FISHING,FISHING,367131650,0.52,Stage 1,2017-08-01
41.03,-71.18,2017-08-20,fda33ad3b-b3d7-9afb-257d-126bd7b77f81,USA,LADY FRANCES,INCONCLUSIVE,FISHING,367155670,0.49,Stage 1,2017-08-01
41.02,-70.860001,2017-10-22,cf82ed35c-c219-f8c2-745a-24c38db5d7cf,USA,BLACK SHEEP,TRAWLERS,FISHING,366831480,0.82,Stage 1,2017-10-01
41.27,-71.230003,2017-08-09,0c05898cc-c145-3da6-e753-0c2137af8e2c,USA,SEA RAMBLER,FISHING,FISHING,367710210,0.54,Stage 1,2017-08-01
40.92,-71.25,2017-09-13,8db3a8299-96f2-de38-cc59-08a540328662,USA,MISS MAE & SON,FISHING,FISHING,367689320,0.91,Stage 1,2017-09-01
40.94,-71.389999,2017-11-03,cf82ed35c-c219-f8c2-745a-24c38db5d7cf,USA,BLACK SHEEP,TRAWLERS,FISHING,366831480,0.97,Stage 1,2017-11-01
41.19,-71.18,2017-10-07,ff3830e6a-a93e-1d34-b439-f9f742984f72,USA,DARANA R,FISHING,FISHING,367174730,1.06,Stage 1,2017-10-01
40.85,-70.889999,2017-08-19,33ff8cfa3-3333-eaff-9333-6cdc72d2468f,USA,F/V SAO JACINTO,TRAWLERS,FISHING,367312670,10.83,Stage 1,2017-08-01
41.36,-71.260002,2017-08-17,cbfafe985-5d2a-7d35-bd3d-0b5997544a89,USA,OLIVIA CATHERINE,TRAWLERS,FISHING,366186640,1.11,Stage 1,2017-08-01
41.26,-71.220001,2017-07-08,5a7bd0854-4b15-d8e8-585b-13287e33e124,USA,MARGARET HOLLEY,TRAWLERS,FISHING,367401480,6.77,Stage 1,2017-07-01
41.12,-71.300003,2017-10-06,b91c9478b-bfa0-844e-f949-ccea31ce5ac1,USA,ELIZ AND KATHERINE,TRAWLERS,FISHING,367542540,1.09,Stage 1,2017-10-01
41.36,-71.139999,2017-08-18,b91c9478b-bfa0-844e-f949-ccea31ce5ac1,USA,ELIZ AND KATHERINE,TRAWLERS,FISHING,367542540,1.08,Stage 1,2017-08-01
41.03,-71.25,2017-10-21,a60bb8c1a-a9cd-5892-2581-2bea9933c8e0,USA,NEW SEA ROVER,TRAWLERS,FISHING,367346010,3.13,Stage 1,2017-10-01
41.09,-71.139999,2017-08-03,eb63b86fa-aa79-de78-b47f-5bd32d03e9e4,USA,LIONESS,FISHING,FISHING,338160808,1.07,Stage 1,2017-08-01
41.34,-71.370003,2017-07-26,36173efb2-29a8-c9aa-9051-86a8f7b52a89,USA,SUSAN ROSE,FISHING,FISHING,366103960,17.71,Stage 1,2017-07-01
41.05,-71.389999,2017-10-28,fda33ad3b-b3d7-9afb-257d-126bd7b77f81,USA,LADY FRANCES,INCONCLUSIVE,FISHING,367155670,2.15,Stage 1,2017-10-01
41.27,-71.330002,2017-12-07,d8bbf6380-05af-2b58-ca64-97ffb1eb319f,USA,ENTERPRISE,TRAWLERS,FISHING,367590310,0.46,Stage 1,2017-12-01
41.27,-71.379997,2017-10-13,b91c9478b-bfa0-844e-f949-ccea31ce5ac1,USA,ELIZ AND KATHERINE,TRAWLERS,FISHING,367542540,0.5,Stage 1,2017-10-01
41.24,-71.120003,2017-11-03,d8bbf6380-05af-2b58-ca64-97ffb1eb319f,USA,ENTERPRISE,TRAWLERS,FISHING,367590310,1.33,Stage 1,2017-11-01
41.01,-71.220001,2017-10-23,a60bb8c1a-a9cd-5892-2581-2bea9933c8e0,USA,NEW SEA ROVER,TRAWLERS,FISHING,367346010,1.05,Stage 1,2017-10-01
41.28,-71.400002,2017-09-25,d8a31dd1e-e685-7761-f150-6fa97696148b,USA,F/V  C-VENTURE,FISHING,FISHING,367098360,1.3,Stage 1,2017-09-01
41.05,-71.389999,2017-02-04,287fc1cbf-fbc0-3baa-ae98-f20768f5d10f,USA,VIKING STARSHIP,PASSENGER,PASSENGER,367661740,0.89,Stage 1,2017-02-01
41.31,-70.989998,2017-10-07,ff3830e6a-a93e-1d34-b439-f9f742984f72,USA,DARANA R,FISHING,FISHING,367174730,0.86,Stage 1,2017-10-01
41.03,-71.209999,2017-10-22,9a8640511-1c91-5720-80f0-021981ce9f23,USA,WANDO RIVER,TRAWLERS,FISHING,367718760,1.1,Stage 1,2017-10-01
40.98,-71.010002,2017-09-05,f01b02923-33f4-cf51-a193-8090ea37a925,USA,LEONARDO,FISHING,FISHING,367673740,9.33,Stage 1,2017-09-01
41.25,-71.400002,2017-09-18,d8a31dd1e-e685-7761-f150-6fa97696148b,USA,F/V  C-VENTURE,FISHING,FISHING,367098360,1.14,Stage 1,2017-09-01
41.05,-71.230003,2017-09-13,a60bb8c1a-a9cd-5892-2581-2bea9933c8e0,USA,NEW SEA ROVER,TRAWLERS,FISHING,367346010,1.11,Stage 1,2017-09-01
41.05,-71.389999,2017-10-01,90b9eaea0-018d-1eaf-4055-36b770057d04,USA,GAIL FRANCES,INCONCLUSIVE,FISHING,366940990,0.98,Stage 1,2017-10-01
40.99,-70.93,2017-09-05,7dd3dd22b-b87a-4dc1-cbfe-48bd467a54b3,USA,F/V TRIUNFO,TRAWLERS,FISHING,367356690,1.24,Stage 1,2017-09-01
41.23,-71.389999,2017-09-17,d8a31dd1e-e685-7761-f150-6fa97696148b,USA,F/V  C-VENTURE,FISHING,FISHING,367098360,8.13,Stage 1,2017-09-01
40.91,-71.379997,2017-06-15,9a8640511-1c91-5720-80f0-021981ce9f23,USA,WANDO RIVER,TRAWLERS,FISHING,367718760,1.3,Stage 1,2017-06-01
40.92,-71.260002,2017-09-13,8db3a8299-96f2-de38-cc59-08a540328662,USA,MISS MAE & SON,FISHING,FISHING,367689320,4.14,Stage 1,2017-09-01
40.92,-71.309998,2017-08-12,50c294cf4-476c-40d0-5703-20cd9f67cd81,USA,NA,POLE_AND_LINE,FISHING,338158047,0.6,Stage 1,2017-08-01
40.96,-71.370003,2017-08-04,fda33ad3b-b3d7-9afb-257d-126bd7b77f81,USA,LADY FRANCES,INCONCLUSIVE,FISHING,367155670,0.33,Stage 1,2017-08-01
40.92,-71.190002,2017-10-19,f01b02923-33f4-cf51-a193-8090ea37a925,USA,LEONARDO,FISHING,FISHING,367673740,0.43,Stage 1,2017-10-01
41.15,-71.370003,2017-09-24,36173efb2-29a8-c9aa-9051-86a8f7b52a89,USA,SUSAN ROSE,FISHING,FISHING,366103960,0.85,Stage 1,2017-09-01
41.3,-71.400002,2017-12-17,138335867-750f-7b39-06ff-645add8dbdc7,USA,BROOKE ELISE,TRAWLERS,FISHING,367687740,5,Stage 1,2017-12-01
41.04,-70.959999,2017-10-18,cf82ed35c-c219-f8c2-745a-24c38db5d7cf,USA,BLACK SHEEP,TRAWLERS,FISHING,366831480,19.38,Stage 1,2017-10-01
41.31,-71.309998,2017-07-09,0c05898cc-c145-3da6-e753-0c2137af8e2c,USA,SEA RAMBLER,FISHING,FISHING,367710210,0.44,Stage 1,2017-07-01
40.96,-71.370003,2017-04-29,1ac07d8ae-ee16-d3df-f510-4e723aedbfa4,USA,ROSE MARIE,FISHING,FISHING,367185620,0.58,Stage 1,2017-04-01
40.93,-70.980003,2017-06-29,d0eedd395-565b-d998-24e7-e6095fdc296f,USA,SHAMROCK,SET_GILLNETS,FISHING,367396080,1.88,Stage 1,2017-06-01
40.97,-70.849998,2017-10-22,cf82ed35c-c219-f8c2-745a-24c38db5d7cf,USA,BLACK SHEEP,TRAWLERS,FISHING,366831480,0.87,Stage 1,2017-10-01
40.96,-70.989998,2017-09-12,7dd3dd22b-b87a-4dc1-cbfe-48bd467a54b3,USA,F/V TRIUNFO,TRAWLERS,FISHING,367356690,0.9,Stage 1,2017-09-01
41.04,-71.230003,2017-08-20,fda33ad3b-b3d7-9afb-257d-126bd7b77f81,USA,LADY FRANCES,INCONCLUSIVE,FISHING,367155670,2.05,Stage 1,2017-08-01
41.02,-70.730003,2017-08-10,d8bbf6380-05af-2b58-ca64-97ffb1eb319f,USA,ENTERPRISE,TRAWLERS,FISHING,367590310,1.49,Stage 1,2017-08-01
40.96,-71.050003,2017-09-12,7dd3dd22b-b87a-4dc1-cbfe-48bd467a54b3,USA,F/V TRIUNFO,TRAWLERS,FISHING,367356690,0.73,Stage 1,2017-09-01
40.96,-70.970001,2017-09-13,d8bbf6380-05af-2b58-ca64-97ffb1eb319f,USA,ENTERPRISE,TRAWLERS,FISHING,367590310,0.97,Stage 1,2017-09-01
41.27,-71.400002,2017-09-24,d8a31dd1e-e685-7761-f150-6fa97696148b,USA,F/V  C-VENTURE,FISHING,FISHING,367098360,0.57,Stage 1,2017-09-01
40.87,-71.230003,2017-06-10,d0eedd395-565b-d998-24e7-e6095fdc296f,USA,SHAMROCK,SET_GILLNETS,FISHING,367396080,6.45,Stage 1,2017-06-01
41.05,-71.389999,2017-02-12,fda33ad3b-b3d7-9afb-257d-126bd7b77f81,USA,LADY FRANCES,INCONCLUSIVE,FISHING,367155670,3.13,Stage 1,2017-02-01
40.92,-71.199997,2017-10-23,f01b02923-33f4-cf51-a193-8090ea37a925,USA,LEONARDO,FISHING,FISHING,367673740,6.14,Stage 1,2017-10-01
41.02,-71.239998,2017-09-13,a60bb8c1a-a9cd-5892-2581-2bea9933c8e0,USA,NEW SEA ROVER,TRAWLERS,FISHING,367346010,1.18,Stage 1,2017-09-01
40.93,-70.75,2017-11-03,e7c9e89ef-f39f-716a-f22f-9a5eb0dcfd1e,USA,F/V INTEGRITY,SET_LONGLINES,FISHING,367463460,0.52,Stage 1,2017-11-01
41.04,-71.230003,2017-01-15,287fc1cbf-fbc0-3baa-ae98-f20768f5d10f,USA,VIKING STARSHIP,PASSENGER,PASSENGER,367661740,0.91,Stage 1,2017-01-01
41.32,-71.279999,2017-06-14,ff3830e6a-a93e-1d34-b439-f9f742984f72,USA,DARANA R,FISHING,FISHING,367174730,1.2,Stage 1,2017-06-01
41.32,-71.230003,2017-08-23,d12a18828-8cbb-8887-d07d-bea9f8e76229,USA,F/V HOPEFULL,TRAWLERS,FISHING,367325850,1.11,Stage 1,2017-08-01
40.98,-71.239998,2017-07-27,9a8640511-1c91-5720-80f0-021981ce9f23,USA,WANDO RIVER,TRAWLERS,FISHING,367718760,0.45,Stage 1,2017-07-01
41.01,-71.18,2017-06-01,fd96b30e3-3f77-f437-8122-20e7744dfdb4,USA,TIMBERLINE,DREDGE_FISHING,FISHING,367071460,1.94,Stage 1,2017-06-01
40.9,-71.260002,2017-08-04,973fc9c79-9de5-9090-70db-197cfd04e594,USA,JERSEY CAPE,FISHING,FISHING,367131650,0.72,Stage 1,2017-08-01
41.26,-71.400002,2017-01-07,bccb22dcb-b512-2cc8-43d4-551f36e0038b,USA,F/V RETRIEVER,TRAWLERS,FISHING,367324660,0.95,Stage 1,2017-01-01
40.91,-71.190002,2017-10-22,3f27d2108-864a-b211-81d9-713270af0b4a,USA,F/V DINAH JANE,TRAWLERS,FISHING,367310080,0.84,Stage 1,2017-10-01
41.04,-71.230003,2017-01-16,fda33ad3b-b3d7-9afb-257d-126bd7b77f81,USA,LADY FRANCES,INCONCLUSIVE,FISHING,367155670,3.66,Stage 1,2017-01-01
41.22,-71.209999,2017-08-02,d8bbf6380-05af-2b58-ca64-97ffb1eb319f,USA,ENTERPRISE,TRAWLERS,FISHING,367590310,1.03,Stage 1,2017-08-01
41.22,-71.050003,2017-06-17,35eb371c0-088a-1382-098a-c7fea019d959,USA,STARBRITE,FISHING,FISHING,367707710,1.08,Stage 1,2017-06-01
41.13,-71.120003,2017-10-19,cf82ed35c-c219-f8c2-745a-24c38db5d7cf,USA,BLACK SHEEP,TRAWLERS,FISHING,366831480,0.48,Stage 1,2017-10-01
40.91,-71.040001,2017-06-15,33ff8cfa3-3333-eaff-9333-6cdc72d2468f,USA,F/V SAO JACINTO,TRAWLERS,FISHING,367312670,9.23,Stage 1,2017-06-01
41,-71,2017-10-06,f01b02923-33f4-cf51-a193-8090ea37a925,USA,LEONARDO,FISHING,FISHING,367673740,0.67,Stage 1,2017-10-01
41.05,-71.169998,2017-12-03,90b9eaea0-018d-1eaf-4055-36b770057d04,USA,GAIL FRANCES,INCONCLUSIVE,FISHING,366940990,1.09,Stage 1,2017-12-01
40.96,-71.07,2017-10-06,f01b02923-33f4-cf51-a193-8090ea37a925,USA,LEONARDO,FISHING,FISHING,367673740,1.7,Stage 1,2017-10-01
41.28,-71.370003,2017-10-10,b91c9478b-bfa0-844e-f949-ccea31ce5ac1,USA,ELIZ AND KATHERINE,TRAWLERS,FISHING,367542540,0.34,Stage 1,2017-10-01
41.29,-71.18,2017-06-14,ff3830e6a-a93e-1d34-b439-f9f742984f72,USA,DARANA R,FISHING,FISHING,367174730,0.92,Stage 1,2017-06-01
41.29,-71.279999,2017-06-23,eb0285846-6fce-0a03-683a-75c407b38e06,USA,NORDIK VIKING,POLE_AND_LINE,FISHING,367300830,1.48,Stage 1,2017-06-01
40.99,-71.010002,2017-09-05,f01b02923-33f4-cf51-a193-8090ea37a925,USA,LEONARDO,FISHING,FISHING,367673740,2.27,Stage 1,2017-09-01
40.92,-71.290001,2017-09-13,8db3a8299-96f2-de38-cc59-08a540328662,USA,MISS MAE & SON,FISHING,FISHING,367689320,6.08,Stage 1,2017-09-01
40.89,-71.230003,2017-08-05,638eecf61-1a8a-a539-95df-468b4840e755,USA,HUNTER,FISHING,FISHING,367639280,2.37,Stage 1,2017-08-01
40.94,-70.739998,2017-08-10,d8bbf6380-05af-2b58-ca64-97ffb1eb319f,USA,ENTERPRISE,TRAWLERS,FISHING,367590310,1.02,Stage 1,2017-08-01
41.14,-71.290001,2017-08-02,d8bbf6380-05af-2b58-ca64-97ffb1eb319f,USA,ENTERPRISE,TRAWLERS,FISHING,367590310,2,Stage 1,2017-08-01
41.16,-71.360001,2017-09-09,c5ba9d21b-b51d-aa90-0fc4-b4a9278a5138,USA,KAILEY ANN,TRAWLERS,FISHING,367138050,1.12,Stage 1,2017-09-01
40.91,-71.360001,2017-05-18,9a8640511-1c91-5720-80f0-021981ce9f23,USA,WANDO RIVER,TRAWLERS,FISHING,367718760,9.29,Stage 1,2017-05-01
41.16,-70.790001,2017-08-10,0c05898cc-c145-3da6-e753-0c2137af8e2c,USA,SEA RAMBLER,FISHING,FISHING,367710210,1.78,Stage 1,2017-08-01
41.2,-70.839996,2017-08-04,0c05898cc-c145-3da6-e753-0c2137af8e2c,USA,SEA RAMBLER,FISHING,FISHING,367710210,0.42,Stage 1,2017-08-01
41.36,-71.25,2017-10-11,7b1a50bf1-1962-f059-cd51-fb4c4f76fb9c,USA,TIMOTHY MICHAEL,FISHING,FISHING,367159840,0.57,Stage 1,2017-10-01
41.32,-71.279999,2017-08-12,33ff8cfa3-3333-eaff-9333-6cdc72d2468f,USA,F/V SAO JACINTO,TRAWLERS,FISHING,367312670,0.65,Stage 1,2017-08-01
41.03,-71.239998,2017-10-22,9a8640511-1c91-5720-80f0-021981ce9f23,USA,WANDO RIVER,TRAWLERS,FISHING,367718760,0.82,Stage 1,2017-10-01
41.14,-71.300003,2017-10-06,d8bbf6380-05af-2b58-ca64-97ffb1eb319f,USA,ENTERPRISE,TRAWLERS,FISHING,367590310,1.17,Stage 1,2017-10-01
40.94,-71.32,2017-08-15,dfb4280fb-b107-5766-7352-7e4dbe0dffcc,USA,SOVEREIGN STAR,TRAWLERS,FISHING,367069720,0.93,Stage 1,2017-08-01
41.28,-71.309998,2017-08-01,fda33ad3b-b3d7-9afb-257d-126bd7b77f81,USA,LADY FRANCES,INCONCLUSIVE,FISHING,367155670,0.59,Stage 1,2017-08-01
40.93,-70.739998,2017-08-10,d8bbf6380-05af-2b58-ca64-97ffb1eb319f,USA,ENTERPRISE,TRAWLERS,FISHING,367590310,1,Stage 1,2017-08-01
41.03,-71.199997,2017-12-04,90b9eaea0-018d-1eaf-4055-36b770057d04,USA,GAIL FRANCES,INCONCLUSIVE,FISHING,366940990,1.13,Stage 1,2017-12-01
41.04,-71.400002,2017-02-19,fda33ad3b-b3d7-9afb-257d-126bd7b77f81,USA,LADY FRANCES,INCONCLUSIVE,FISHING,367155670,4.25,Stage 1,2017-02-01
41.23,-71.169998,2017-12-03,d8bbf6380-05af-2b58-ca64-97ffb1eb319f,USA,ENTERPRISE,TRAWLERS,FISHING,367590310,4.65,Stage 1,2017-12-01
41.35,-71.269997,2017-07-26,59d8ab6e8-88ae-3379-7957-c3cf5af17475,USA,HOPE AND SYDNEY,TRAWLERS,FISHING,367084070,0.35,Stage 1,2017-07-01
40.99,-70.959999,2017-08-10,82b45c510-0107-84f6-4a90-fb32cbbcdd3c,USA,STELLA,POLE_AND_LINE,FISHING,338194028,0.82,Stage 1,2017-08-01
40.91,-71.220001,2017-08-05,638eecf61-1a8a-a539-95df-468b4840e755,USA,HUNTER,FISHING,FISHING,367639280,0.96,Stage 1,2017-08-01
41.22,-71.029999,2017-06-17,35eb371c0-088a-1382-098a-c7fea019d959,USA,STARBRITE,FISHING,FISHING,367707710,0.91,Stage 1,2017-06-01
41.23,-71.139999,2017-06-15,424e42bd8-8e4d-fc8d-ebb4-4bda4eb178ab,USA,SEA BREEZE TOO,TRAWLERS,FISHING,367388850,22.34,Stage 1,2017-06-01
41.09,-70.720001,2017-08-22,b91c9478b-bfa0-844e-f949-ccea31ce5ac1,USA,ELIZ AND KATHERINE,TRAWLERS,FISHING,367542540,0.65,Stage 1,2017-08-01
40.97,-71.099998,2017-04-10,fd96b30e3-3f77-f437-8122-20e7744dfdb4,USA,TIMBERLINE,DREDGE_FISHING,FISHING,367071460,0.56,Stage 1,2017-04-01
41.01,-70.769997,2017-08-10,d8bbf6380-05af-2b58-ca64-97ffb1eb319f,USA,ENTERPRISE,TRAWLERS,FISHING,367590310,1.06,Stage 1,2017-08-01
41.03,-71.18,2017-12-04,90b9eaea0-018d-1eaf-4055-36b770057d04,USA,GAIL FRANCES,INCONCLUSIVE,FISHING,366940990,0.9,Stage 1,2017-12-01
41.32,-71.099998,2017-06-14,ff3830e6a-a93e-1d34-b439-f9f742984f72,USA,DARANA R,FISHING,FISHING,367174730,0.37,Stage 1,2017-06-01
41.24,-71.120003,2017-06-17,35eb371c0-088a-1382-098a-c7fea019d959,USA,STARBRITE,FISHING,FISHING,367707710,1.14,Stage 1,2017-06-01
41.23,-71.389999,2017-09-08,611352f20-0eac-f578-7374-e63d454d8842,USA,BLUE DIAMOND,TRAWLERS,FISHING,367356550,5.2,Stage 1,2017-09-01
41.35,-71.279999,2017-07-26,59d8ab6e8-88ae-3379-7957-c3cf5af17475,USA,HOPE AND SYDNEY,TRAWLERS,FISHING,367084070,1,Stage 1,2017-07-01
40.99,-70.980003,2017-09-05,f01b02923-33f4-cf51-a193-8090ea37a925,USA,LEONARDO,FISHING,FISHING,367673740,0.67,Stage 1,2017-09-01
41.05,-71.389999,2017-01-13,287fc1cbf-fbc0-3baa-ae98-f20768f5d10f,USA,VIKING STARSHIP,PASSENGER,PASSENGER,367661740,0.54,Stage 1,2017-01-01
41.27,-71.389999,2017-09-25,d8a31dd1e-e685-7761-f150-6fa97696148b,USA,F/V  C-VENTURE,FISHING,FISHING,367098360,0.95,Stage 1,2017-09-01
41.03,-71.25,2017-08-01,9a8640511-1c91-5720-80f0-021981ce9f23,USA,WANDO RIVER,TRAWLERS,FISHING,367718760,1.02,Stage 1,2017-08-01
40.94,-71.269997,2017-10-23,3f27d2108-864a-b211-81d9-713270af0b4a,USA,F/V DINAH JANE,TRAWLERS,FISHING,367310080,1.03,Stage 1,2017-10-01
41.02,-70.879997,2017-10-22,cf82ed35c-c219-f8c2-745a-24c38db5d7cf,USA,BLACK SHEEP,TRAWLERS,FISHING,366831480,1.1,Stage 1,2017-10-01
41.26,-71.050003,2017-08-01,d12a18828-8cbb-8887-d07d-bea9f8e76229,USA,F/V HOPEFULL,TRAWLERS,FISHING,367325850,0.61,Stage 1,2017-08-01
41.05,-71.169998,2017-08-24,eb63b86fa-aa79-de78-b47f-5bd32d03e9e4,USA,LIONESS,FISHING,FISHING,338160808,1.56,Stage 1,2017-08-01
40.99,-71.07,2017-05-22,fd96b30e3-3f77-f437-8122-20e7744dfdb4,USA,TIMBERLINE,DREDGE_FISHING,FISHING,367071460,1.21,Stage 1,2017-05-01
41.27,-71.239998,2017-06-17,35eb371c0-088a-1382-098a-c7fea019d959,USA,STARBRITE,FISHING,FISHING,367707710,0.88,Stage 1,2017-06-01
40.96,-71.339996,2017-08-11,fda33ad3b-b3d7-9afb-257d-126bd7b77f81,USA,LADY FRANCES,INCONCLUSIVE,FISHING,367155670,2.39,Stage 1,2017-08-01
41.25,-71.389999,2017-09-25,d8a31dd1e-e685-7761-f150-6fa97696148b,USA,F/V  C-VENTURE,FISHING,FISHING,367098360,2.17,Stage 1,2017-09-01
40.98,-71.029999,2017-09-05,f01b02923-33f4-cf51-a193-8090ea37a925,USA,LEONARDO,FISHING,FISHING,367673740,1.1,Stage 1,2017-09-01
41.32,-71.290001,2017-08-12,33ff8cfa3-3333-eaff-9333-6cdc72d2468f,USA,F/V SAO JACINTO,TRAWLERS,FISHING,367312670,0.72,Stage 1,2017-08-01
41.35,-71.360001,2017-01-07,bccb22dcb-b512-2cc8-43d4-551f36e0038b,USA,F/V RETRIEVER,TRAWLERS,FISHING,367324660,0.91,Stage 1,2017-01-01
40.97,-70.839996,2017-02-21,91e52d3e5-5d01-efdc-40c4-01ac1cc8e3a4,USA,F/V MY WAY,TRAWLERS,FISHING,367688160,18.82,Stage 1,2017-02-01
41.24,-71.080002,2017-09-15,d8bbf6380-05af-2b58-ca64-97ffb1eb319f,USA,ENTERPRISE,TRAWLERS,FISHING,367590310,1.54,Stage 1,2017-09-01
41.04,-71.230003,2017-01-15,fda33ad3b-b3d7-9afb-257d-126bd7b77f81,USA,LADY FRANCES,INCONCLUSIVE,FISHING,367155670,0.5,Stage 1,2017-01-01
41.03,-71.260002,2017-10-06,9a8640511-1c91-5720-80f0-021981ce9f23,USA,WANDO RIVER,TRAWLERS,FISHING,367718760,0.88,Stage 1,2017-10-01
41.02,-71.239998,2017-08-01,9a8640511-1c91-5720-80f0-021981ce9f23,USA,WANDO RIVER,TRAWLERS,FISHING,367718760,0.71,Stage 1,2017-08-01
40.91,-71.029999,2017-06-29,d0eedd395-565b-d998-24e7-e6095fdc296f,USA,SHAMROCK,SET_GILLNETS,FISHING,367396080,0.69,Stage 1,2017-06-01
41.09,-71.169998,2017-09-12,9a8640511-1c91-5720-80f0-021981ce9f23,USA,WANDO RIVER,TRAWLERS,FISHING,367718760,0.53,Stage 1,2017-09-01
40.96,-71.029999,2017-09-24,f01b02923-33f4-cf51-a193-8090ea37a925,USA,LEONARDO,FISHING,FISHING,367673740,1.08,Stage 1,2017-09-01
41.3,-71.370003,2017-08-31,2326efd2e-ef2b-34f0-f4e7-9a078f8cb4c4,USA,BELL SKY,TRAWLERS,FISHING,367637420,1.11,Stage 1,2017-08-01
41.03,-71.290001,2017-01-15,287fc1cbf-fbc0-3baa-ae98-f20768f5d10f,USA,VIKING STARSHIP,PASSENGER,PASSENGER,367661740,3.92,Stage 1,2017-01-01
41.32,-70.989998,2017-10-24,33ff8cfa3-3333-eaff-9333-6cdc72d2468f,USA,F/V SAO JACINTO,TRAWLERS,FISHING,367312670,21.2,Stage 1,2017-10-01
41.05,-70.760002,2017-08-24,b91c9478b-bfa0-844e-f949-ccea31ce5ac1,USA,ELIZ AND KATHERINE,TRAWLERS,FISHING,367542540,0.39,Stage 1,2017-08-01
41.21,-70.769997,2017-08-10,0c05898cc-c145-3da6-e753-0c2137af8e2c,USA,SEA RAMBLER,FISHING,FISHING,367710210,0.98,Stage 1,2017-08-01
41.03,-71.239998,2017-04-10,a45b489d0-00f1-5dc5-64d8-6d681d72b4ba,USA,LADY BRITTANY,TRAWLERS,FISHING,366983260,0.45,Stage 1,2017-04-01
41.31,-71.389999,2017-09-08,2326efd2e-ef2b-34f0-f4e7-9a078f8cb4c4,USA,BELL SKY,TRAWLERS,FISHING,367637420,5.75,Stage 1,2017-09-01
40.92,-71.309998,2017-10-23,f01b02923-33f4-cf51-a193-8090ea37a925,USA,LEONARDO,FISHING,FISHING,367673740,0.83,Stage 1,2017-10-01
41.33,-71.379997,2017-01-07,bccb22dcb-b512-2cc8-43d4-551f36e0038b,USA,F/V RETRIEVER,TRAWLERS,FISHING,367324660,1.1,Stage 1,2017-01-01
40.99,-70.769997,2017-08-09,cf82ed35c-c219-f8c2-745a-24c38db5d7cf,USA,BLACK SHEEP,TRAWLERS,FISHING,366831480,0.91,Stage 1,2017-08-01
40.96,-71.330002,2017-06-15,744aa207c-c2fd-9d39-afb2-1c4a0162c4a4,USA,BELLA SKY,TRAWLERS,FISHING,367784820,3.51,Stage 1,2017-06-01
41.31,-71.410004,2017-01-06,8e22db9b2-2bf0-adda-13be-d3d60cac358e,USA,PREVAIL,POLE_AND_LINE,FISHING,367166230,0.39,Stage 1,2017-01-01
41.02,-70.940002,2017-01-20,fd96b30e3-3f77-f437-8122-20e7744dfdb4,USA,TIMBERLINE,DREDGE_FISHING,FISHING,367071460,5.36,Stage 1,2017-01-01
41.03,-71.290001,2017-01-14,287fc1cbf-fbc0-3baa-ae98-f20768f5d10f,USA,VIKING STARSHIP,PASSENGER,PASSENGER,367661740,0.88,Stage 1,2017-01-01
41.19,-71.160004,2017-10-07,ff3830e6a-a93e-1d34-b439-f9f742984f72,USA,DARANA R,FISHING,FISHING,367174730,2.95,Stage 1,2017-10-01
41.03,-71.209999,2017-10-23,9a8640511-1c91-5720-80f0-021981ce9f23,USA,WANDO RIVER,TRAWLERS,FISHING,367718760,0.87,Stage 1,2017-10-01
41.24,-71.029999,2017-06-21,27268459a-a059-cdeb-52bd-4a54dd139d35,USA,AMERICAN PRIDE,FISHING,FISHING,338229893,0.8,Stage 1,2017-06-01
40.92,-71.190002,2017-10-22,3f27d2108-864a-b211-81d9-713270af0b4a,USA,F/V DINAH JANE,TRAWLERS,FISHING,367310080,0.87,Stage 1,2017-10-01
40.91,-71.019997,2017-08-04,8b3be4c5a-a258-7e56-ce9d-7e5a5612f588,USA,FINHAWK,POLE_AND_LINE,FISHING,338230022,1.27,Stage 1,2017-08-01
40.96,-70.860001,2017-09-25,59d8ab6e8-88ae-3379-7957-c3cf5af17475,USA,HOPE AND SYDNEY,TRAWLERS,FISHING,367084070,0.73,Stage 1,2017-09-01
41.33,-71.379997,2017-06-19,b097aee49-9296-14bc-670c-988bdfdf52ae,USA,SAO PAULO,FISHING,FISHING,366215330,1.48,Stage 1,2017-06-01
41.02,-70.900002,2017-08-18,d8bbf6380-05af-2b58-ca64-97ffb1eb319f,USA,ENTERPRISE,TRAWLERS,FISHING,367590310,0.66,Stage 1,2017-08-01
41.22,-71.089996,2017-08-22,3bf0a38cb-b2be-efb0-3ce1-cf112105af80,USA,MACKENZIE PAIGE,TRAWLERS,FISHING,367326980,0.64,Stage 1,2017-08-01
41.31,-71.389999,2017-09-23,d8a31dd1e-e685-7761-f150-6fa97696148b,USA,F/V  C-VENTURE,FISHING,FISHING,367098360,0.74,Stage 1,2017-09-01
41.01,-70.760002,2017-08-10,d8bbf6380-05af-2b58-ca64-97ffb1eb319f,USA,ENTERPRISE,TRAWLERS,FISHING,367590310,1.36,Stage 1,2017-08-01
41.05,-70.980003,2017-10-22,cf82ed35c-c219-f8c2-745a-24c38db5d7cf,USA,BLACK SHEEP,TRAWLERS,FISHING,366831480,0.54,Stage 1,2017-10-01
41.02,-71.239998,2017-09-28,a60bb8c1a-a9cd-5892-2581-2bea9933c8e0,USA,NEW SEA ROVER,TRAWLERS,FISHING,367346010,9.74,Stage 1,2017-09-01
41.03,-70.889999,2017-08-18,d8bbf6380-05af-2b58-ca64-97ffb1eb319f,USA,ENTERPRISE,TRAWLERS,FISHING,367590310,0.34,Stage 1,2017-08-01
40.99,-70.970001,2017-09-12,f01b02923-33f4-cf51-a193-8090ea37a925,USA,LEONARDO,FISHING,FISHING,367673740,0.82,Stage 1,2017-09-01
40.92,-71.010002,2017-06-16,33ff8cfa3-3333-eaff-9333-6cdc72d2468f,USA,F/V SAO JACINTO,TRAWLERS,FISHING,367312670,2.5,Stage 1,2017-06-01
40.93,-71.230003,2017-10-23,f01b02923-33f4-cf51-a193-8090ea37a925,USA,LEONARDO,FISHING,FISHING,367673740,1.06,Stage 1,2017-10-01
41.04,-70.980003,2017-08-10,82b45c510-0107-84f6-4a90-fb32cbbcdd3c,USA,STELLA,POLE_AND_LINE,FISHING,338194028,2.14,Stage 1,2017-08-01
41.35,-71.220001,2017-08-23,b5c8f14ac-cc19-ce97-1589-8ed6d3b58f48,USA,STEPHANIE BRYAN,FISHING,FISHING,367428520,0.93,Stage 1,2017-08-01
41.06,-70.75,2017-07-20,cf82ed35c-c219-f8c2-745a-24c38db5d7cf,USA,BLACK SHEEP,TRAWLERS,FISHING,366831480,0.94,Stage 1,2017-07-01
40.96,-70.989998,2017-09-13,f01b02923-33f4-cf51-a193-8090ea37a925,USA,LEONARDO,FISHING,FISHING,367673740,1.02,Stage 1,2017-09-01
41.24,-71.389999,2017-09-24,d8a31dd1e-e685-7761-f150-6fa97696148b,USA,F/V  C-VENTURE,FISHING,FISHING,367098360,1.44,Stage 1,2017-09-01
41.12,-71.129997,2017-12-04,90b9eaea0-018d-1eaf-4055-36b770057d04,USA,GAIL FRANCES,INCONCLUSIVE,FISHING,366940990,1.75,Stage 1,2017-12-01
40.92,-71.209999,2017-08-12,50c294cf4-476c-40d0-5703-20cd9f67cd81,USA,NA,POLE_AND_LINE,FISHING,338158047,0.77,Stage 1,2017-08-01
40.88,-70.870003,2017-06-23,79b0852e1-1e25-4bae-ba24-811a7b9779fb,USA,MISS LINDSEY,FISHING,FISHING,367742440,1.84,Stage 1,2017-06-01
41.37,-71.120003,2017-10-14,8f4478dc0-04b4-5637-a8c9-46c32c10fb1f,USA,RANGER,NA,FISHING,366910520,0.49,Stage 1,2017-10-01
41.12,-71.300003,2017-10-21,43f53617c-c08e-b2f5-79de-9618f2e30980,USA,TENACITY,TRAWLERS,FISHING,367651150,7.9,Stage 1,2017-10-01
40.97,-71.019997,2017-09-24,f01b02923-33f4-cf51-a193-8090ea37a925,USA,LEONARDO,FISHING,FISHING,367673740,1.17,Stage 1,2017-09-01
40.98,-71.029999,2017-09-12,7dd3dd22b-b87a-4dc1-cbfe-48bd467a54b3,USA,F/V TRIUNFO,TRAWLERS,FISHING,367356690,4.42,Stage 1,2017-09-01
41.02,-70.889999,2017-10-22,cf82ed35c-c219-f8c2-745a-24c38db5d7cf,USA,BLACK SHEEP,TRAWLERS,FISHING,366831480,1.17,Stage 1,2017-10-01
41.23,-71.269997,2017-09-15,138335867-750f-7b39-06ff-645add8dbdc7,USA,BROOKE ELISE,TRAWLERS,FISHING,367687740,24.07,Stage 1,2017-09-01
41.13,-70.839996,2017-06-18,36173efb2-29a8-c9aa-9051-86a8f7b52a89,USA,SUSAN ROSE,FISHING,FISHING,366103960,10.24,Stage 1,2017-06-01
41.1,-71.160004,2017-07-09,d9a3b251d-db12-2ab9-60a9-bc0a029a0701,USA,DEBBIE ANN,FISHING,FISHING,367313950,12.16,Stage 1,2017-07-01
41.34,-71.290001,2017-06-14,ff3830e6a-a93e-1d34-b439-f9f742984f72,USA,DARANA R,FISHING,FISHING,367174730,0.83,Stage 1,2017-06-01
41.23,-71.389999,2017-09-18,d8a31dd1e-e685-7761-f150-6fa97696148b,USA,F/V  C-VENTURE,FISHING,FISHING,367098360,0.88,Stage 1,2017-09-01
41.24,-71.400002,2017-09-16,c5ba9d21b-b51d-aa90-0fc4-b4a9278a5138,USA,KAILEY ANN,TRAWLERS,FISHING,367138050,0.85,Stage 1,2017-09-01
41.36,-71.139999,2017-08-17,b91c9478b-bfa0-844e-f949-ccea31ce5ac1,USA,ELIZ AND KATHERINE,TRAWLERS,FISHING,367542540,1.21,Stage 1,2017-08-01
40.93,-71.190002,2017-04-24,5f037ebcc-c29f-d06a-bda4-acb68dcfa274,USA,JERSEY PRIDE,TRAWLERS,FISHING,366848260,2.42,Stage 1,2017-04-01
41.32,-71.160004,2017-07-09,e9fd5bc76-6ed7-b23d-df1a-313df2899867,USA,ALEXIS MARTINA,SET_LONGLINES,FISHING,367304080,5.26,Stage 1,2017-07-01
40.94,-71.25,2017-10-22,3f27d2108-864a-b211-81d9-713270af0b4a,USA,F/V DINAH JANE,TRAWLERS,FISHING,367310080,1.14,Stage 1,2017-10-01
41.3,-71.139999,2017-06-14,ff3830e6a-a93e-1d34-b439-f9f742984f72,USA,DARANA R,FISHING,FISHING,367174730,1.23,Stage 1,2017-06-01
41.12,-70.940002,2017-08-20,8b6c30313-3d46-04e2-5a69-4358ed29bcbd,USA,F/V APOLLO,TRAWLERS,FISHING,367163790,1.4,Stage 1,2017-08-01
41.11,-71.339996,2017-10-06,138335867-750f-7b39-06ff-645add8dbdc7,USA,BROOKE ELISE,TRAWLERS,FISHING,367687740,1.35,Stage 1,2017-10-01
40.91,-71.220001,2017-08-04,638eecf61-1a8a-a539-95df-468b4840e755,USA,HUNTER,FISHING,FISHING,367639280,2.1,Stage 1,2017-08-01
40.93,-71.330002,2017-08-15,dfb4280fb-b107-5766-7352-7e4dbe0dffcc,USA,SOVEREIGN STAR,TRAWLERS,FISHING,367069720,0.88,Stage 1,2017-08-01
41.26,-71.190002,2017-07-16,410f103b3-3bf1-c50e-50ee-18fb85c0b8b9,USA,RAYDA CHERAMIE,FISHING,FISHING,366947090,7.58,Stage 1,2017-07-01
40.87,-71.190002,2017-06-29,d0eedd395-565b-d998-24e7-e6095fdc296f,USA,SHAMROCK,SET_GILLNETS,FISHING,367396080,0.36,Stage 1,2017-06-01
41.03,-71.25,2017-10-22,a60bb8c1a-a9cd-5892-2581-2bea9933c8e0,USA,NEW SEA ROVER,TRAWLERS,FISHING,367346010,2.8,Stage 1,2017-10-01
40.96,-71.019997,2017-09-06,f01b02923-33f4-cf51-a193-8090ea37a925,USA,LEONARDO,FISHING,FISHING,367673740,0.45,Stage 1,2017-09-01
41.13,-70.970001,2017-08-20,8b6c30313-3d46-04e2-5a69-4358ed29bcbd,USA,F/V APOLLO,TRAWLERS,FISHING,367163790,0.61,Stage 1,2017-08-01
40.99,-71.360001,2017-10-06,3682cb23a-a5b4-316d-0a73-2c88711b0477,USA,ROST,TRAWLERS,FISHING,367535770,0.47,Stage 1,2017-10-01
40.93,-71.269997,2017-10-07,f01b02923-33f4-cf51-a193-8090ea37a925,USA,LEONARDO,FISHING,FISHING,367673740,0.35,Stage 1,2017-10-01
41.12,-71.129997,2017-01-02,fda33ad3b-b3d7-9afb-257d-126bd7b77f81,USA,LADY FRANCES,INCONCLUSIVE,FISHING,367155670,3.39,Stage 1,2017-01-01
40.89,-71.370003,2017-06-15,9a8640511-1c91-5720-80f0-021981ce9f23,USA,WANDO RIVER,TRAWLERS,FISHING,367718760,0.47,Stage 1,2017-06-01
41.04,-71.400002,2017-02-23,287fc1cbf-fbc0-3baa-ae98-f20768f5d10f,USA,VIKING STARSHIP,PASSENGER,PASSENGER,367661740,4.26,Stage 1,2017-02-01
41.2,-71.099998,2017-02-28,9a8640511-1c91-5720-80f0-021981ce9f23,USA,WANDO RIVER,TRAWLERS,FISHING,367718760,0.53,Stage 1,2017-02-01
41.13,-70.800003,2017-08-22,3bf0a38cb-b2be-efb0-3ce1-cf112105af80,USA,MACKENZIE PAIGE,TRAWLERS,FISHING,367326980,1.18,Stage 1,2017-08-01
41.35,-71.169998,2017-08-17,cbfafe985-5d2a-7d35-bd3d-0b5997544a89,USA,OLIVIA CATHERINE,TRAWLERS,FISHING,366186640,0.54,Stage 1,2017-08-01
41,-71.019997,2017-09-05,7dd3dd22b-b87a-4dc1-cbfe-48bd467a54b3,USA,F/V TRIUNFO,TRAWLERS,FISHING,367356690,2.89,Stage 1,2017-09-01
41.31,-71.349998,2017-08-12,dc7503a12-2012-2b23-c830-41a97164309d,USA,CHARLIES PRIDE,TRAWLERS,FISHING,366472920,14.68,Stage 1,2017-08-01
40.97,-71.010002,2017-09-13,f01b02923-33f4-cf51-a193-8090ea37a925,USA,LEONARDO,FISHING,FISHING,367673740,1.65,Stage 1,2017-09-01
41.05,-71.160004,2017-10-22,90b9eaea0-018d-1eaf-4055-36b770057d04,USA,GAIL FRANCES,INCONCLUSIVE,FISHING,366940990,0.52,Stage 1,2017-10-01
41.03,-71.239998,2017-10-21,9a8640511-1c91-5720-80f0-021981ce9f23,USA,WANDO RIVER,TRAWLERS,FISHING,367718760,3.23,Stage 1,2017-10-01
41.31,-71.239998,2017-08-23,d12a18828-8cbb-8887-d07d-bea9f8e76229,USA,F/V HOPEFULL,TRAWLERS,FISHING,367325850,6.92,Stage 1,2017-08-01
41.01,-71.239998,2017-09-12,9a8640511-1c91-5720-80f0-021981ce9f23,USA,WANDO RIVER,TRAWLERS,FISHING,367718760,2.24,Stage 1,2017-09-01
41.17,-71.360001,2017-09-09,c5ba9d21b-b51d-aa90-0fc4-b4a9278a5138,USA,KAILEY ANN,TRAWLERS,FISHING,367138050,0.97,Stage 1,2017-09-01
41.08,-71.379997,2017-02-23,287fc1cbf-fbc0-3baa-ae98-f20768f5d10f,USA,VIKING STARSHIP,PASSENGER,PASSENGER,367661740,1.61,Stage 1,2017-02-01
41.02,-71.330002,2017-01-14,287fc1cbf-fbc0-3baa-ae98-f20768f5d10f,USA,VIKING STARSHIP,PASSENGER,PASSENGER,367661740,3.4,Stage 1,2017-01-01
41.12,-71.330002,2017-09-25,d8bbf6380-05af-2b58-ca64-97ffb1eb319f,USA,ENTERPRISE,TRAWLERS,FISHING,367590310,0.63,Stage 1,2017-09-01
40.96,-71.239998,2017-10-22,3f27d2108-864a-b211-81d9-713270af0b4a,USA,F/V DINAH JANE,TRAWLERS,FISHING,367310080,0.81,Stage 1,2017-10-01
41.22,-71.199997,2017-08-02,d8bbf6380-05af-2b58-ca64-97ffb1eb319f,USA,ENTERPRISE,TRAWLERS,FISHING,367590310,1.15,Stage 1,2017-08-01
41.13,-71.099998,2017-12-02,90b9eaea0-018d-1eaf-4055-36b770057d04,USA,GAIL FRANCES,INCONCLUSIVE,FISHING,366940990,1.99,Stage 1,2017-12-01
41.14,-71.300003,2017-09-25,d8bbf6380-05af-2b58-ca64-97ffb1eb319f,USA,ENTERPRISE,TRAWLERS,FISHING,367590310,0.83,Stage 1,2017-09-01
40.91,-71.349998,2017-06-15,9a8640511-1c91-5720-80f0-021981ce9f23,USA,WANDO RIVER,TRAWLERS,FISHING,367718760,1.07,Stage 1,2017-06-01
41.01,-70.800003,2017-06-27,d0eedd395-565b-d998-24e7-e6095fdc296f,USA,SHAMROCK,SET_GILLNETS,FISHING,367396080,0.87,Stage 1,2017-06-01
41.13,-71.300003,2017-10-06,d8bbf6380-05af-2b58-ca64-97ffb1eb319f,USA,ENTERPRISE,TRAWLERS,FISHING,367590310,1.35,Stage 1,2017-10-01
41.25,-71.199997,2017-06-08,395358792-2ac0-d275-16a9-bd8cad811778,USA,HEATHER LYNN,TRAWLERS,FISHING,367119340,8.01,Stage 1,2017-06-01
41.02,-71.220001,2017-10-23,9a8640511-1c91-5720-80f0-021981ce9f23,USA,WANDO RIVER,TRAWLERS,FISHING,367718760,0.91,Stage 1,2017-10-01
41.26,-71.010002,2017-07-20,eee4bf772-24eb-f59b-e5d2-3f1d5f21719a,USA,ILLUSION,TRAWLERS,FISHING,366218620,0.63,Stage 1,2017-07-01
40.94,-71.230003,2017-10-19,f01b02923-33f4-cf51-a193-8090ea37a925,USA,LEONARDO,FISHING,FISHING,367673740,0.6,Stage 1,2017-10-01
41.03,-71.18,2017-10-23,90b9eaea0-018d-1eaf-4055-36b770057d04,USA,GAIL FRANCES,INCONCLUSIVE,FISHING,366940990,3.55,Stage 1,2017-10-01
40.95,-70.720001,2017-08-10,d8bbf6380-05af-2b58-ca64-97ffb1eb319f,USA,ENTERPRISE,TRAWLERS,FISHING,367590310,0.85,Stage 1,2017-08-01
41.03,-71.230003,2017-10-21,9a8640511-1c91-5720-80f0-021981ce9f23,USA,WANDO RIVER,TRAWLERS,FISHING,367718760,0.86,Stage 1,2017-10-01
41.01,-70.830002,2017-10-22,cf82ed35c-c219-f8c2-745a-24c38db5d7cf,USA,BLACK SHEEP,TRAWLERS,FISHING,366831480,0.85,Stage 1,2017-10-01
41.05,-71.389999,2017-02-18,fda33ad3b-b3d7-9afb-257d-126bd7b77f81,USA,LADY FRANCES,INCONCLUSIVE,FISHING,367155670,2.21,Stage 1,2017-02-01
40.85,-70.93,2017-07-10,d0eedd395-565b-d998-24e7-e6095fdc296f,USA,SHAMROCK,SET_GILLNETS,FISHING,367396080,1.04,Stage 1,2017-07-01
41.05,-71.169998,2017-09-17,90b9eaea0-018d-1eaf-4055-36b770057d04,USA,GAIL FRANCES,INCONCLUSIVE,FISHING,366940990,1.37,Stage 1,2017-09-01
41.19,-71.169998,2017-10-07,ff3830e6a-a93e-1d34-b439-f9f742984f72,USA,DARANA R,FISHING,FISHING,367174730,2.55,Stage 1,2017-10-01
40.98,-71.050003,2017-09-05,f01b02923-33f4-cf51-a193-8090ea37a925,USA,LEONARDO,FISHING,FISHING,367673740,0.52,Stage 1,2017-09-01
41.14,-71.290001,2017-10-06,d8bbf6380-05af-2b58-ca64-97ffb1eb319f,USA,ENTERPRISE,TRAWLERS,FISHING,367590310,0.82,Stage 1,2017-10-01
40.93,-71.260002,2017-10-23,3f27d2108-864a-b211-81d9-713270af0b4a,USA,F/V DINAH JANE,TRAWLERS,FISHING,367310080,1.12,Stage 1,2017-10-01
40.92,-71.300003,2017-08-15,dfb4280fb-b107-5766-7352-7e4dbe0dffcc,USA,SOVEREIGN STAR,TRAWLERS,FISHING,367069720,1.05,Stage 1,2017-08-01
41.33,-71.019997,2017-07-26,59d8ab6e8-88ae-3379-7957-c3cf5af17475,USA,HOPE AND SYDNEY,TRAWLERS,FISHING,367084070,16.71,Stage 1,2017-07-01
41.04,-71.389999,2017-02-19,fda33ad3b-b3d7-9afb-257d-126bd7b77f81,USA,LADY FRANCES,INCONCLUSIVE,FISHING,367155670,0.62,Stage 1,2017-02-01
41.38,-71.269997,2017-08-28,b5c8f14ac-cc19-ce97-1589-8ed6d3b58f48,USA,STEPHANIE BRYAN,FISHING,FISHING,367428520,0.55,Stage 1,2017-08-01
41.02,-71.379997,2017-10-06,b91c9478b-bfa0-844e-f949-ccea31ce5ac1,USA,ELIZ AND KATHERINE,TRAWLERS,FISHING,367542540,3.47,Stage 1,2017-10-01
40.9,-71.239998,2017-08-05,638eecf61-1a8a-a539-95df-468b4840e755,USA,HUNTER,FISHING,FISHING,367639280,3.02,Stage 1,2017-08-01
40.99,-71,2017-09-13,f01b02923-33f4-cf51-a193-8090ea37a925,USA,LEONARDO,FISHING,FISHING,367673740,1,Stage 1,2017-09-01
41.37,-71.330002,2017-08-26,fda33ad3b-b3d7-9afb-257d-126bd7b77f81,USA,LADY FRANCES,INCONCLUSIVE,FISHING,367155670,0.62,Stage 1,2017-08-01
41.05,-71.089996,2017-09-24,90b9eaea0-018d-1eaf-4055-36b770057d04,USA,GAIL FRANCES,INCONCLUSIVE,FISHING,366940990,0.83,Stage 1,2017-09-01
40.97,-71.029999,2017-09-13,f01b02923-33f4-cf51-a193-8090ea37a925,USA,LEONARDO,FISHING,FISHING,367673740,1.09,Stage 1,2017-09-01
41.03,-71.199997,2017-10-23,90b9eaea0-018d-1eaf-4055-36b770057d04,USA,GAIL FRANCES,INCONCLUSIVE,FISHING,366940990,0.35,Stage 1,2017-10-01
41.34,-71.239998,2017-07-14,b91c9478b-bfa0-844e-f949-ccea31ce5ac1,USA,ELIZ AND KATHERINE,TRAWLERS,FISHING,367542540,0.71,Stage 1,2017-07-01
40.95,-70.879997,2017-08-18,79b0852e1-1e25-4bae-ba24-811a7b9779fb,USA,MISS LINDSEY,FISHING,FISHING,367742440,3.29,Stage 1,2017-08-01
41.31,-71.379997,2017-09-06,cbfafe985-5d2a-7d35-bd3d-0b5997544a89,USA,OLIVIA CATHERINE,TRAWLERS,FISHING,366186640,6.51,Stage 1,2017-09-01
41.02,-71.230003,2017-04-10,a45b489d0-00f1-5dc5-64d8-6d681d72b4ba,USA,LADY BRITTANY,TRAWLERS,FISHING,366983260,0.51,Stage 1,2017-04-01
41.27,-71.370003,2017-09-24,d8a31dd1e-e685-7761-f150-6fa97696148b,USA,F/V  C-VENTURE,FISHING,FISHING,367098360,0.96,Stage 1,2017-09-01
41.04,-71.169998,2017-10-14,90b9eaea0-018d-1eaf-4055-36b770057d04,USA,GAIL FRANCES,INCONCLUSIVE,FISHING,366940990,1.45,Stage 1,2017-10-01
40.9,-71.220001,2017-08-12,50c294cf4-476c-40d0-5703-20cd9f67cd81,USA,NA,POLE_AND_LINE,FISHING,338158047,0.57,Stage 1,2017-08-01
40.86,-71.129997,2017-08-04,973fc9c79-9de5-9090-70db-197cfd04e594,USA,JERSEY CAPE,FISHING,FISHING,367131650,1.19,Stage 1,2017-08-01
41.11,-71.349998,2017-11-03,d8bbf6380-05af-2b58-ca64-97ffb1eb319f,USA,ENTERPRISE,TRAWLERS,FISHING,367590310,0.76,Stage 1,2017-11-01
40.98,-71.029999,2017-09-12,f01b02923-33f4-cf51-a193-8090ea37a925,USA,LEONARDO,FISHING,FISHING,367673740,0.88,Stage 1,2017-09-01
41.01,-71.25,2017-10-21,a60bb8c1a-a9cd-5892-2581-2bea9933c8e0,USA,NEW SEA ROVER,TRAWLERS,FISHING,367346010,1.17,Stage 1,2017-10-01
40.93,-71.269997,2017-09-16,dfb4280fb-b107-5766-7352-7e4dbe0dffcc,USA,SOVEREIGN STAR,TRAWLERS,FISHING,367069720,8.81,Stage 1,2017-09-01
41.06,-71.25,2017-07-04,fda33ad3b-b3d7-9afb-257d-126bd7b77f81,USA,LADY FRANCES,INCONCLUSIVE,FISHING,367155670,0.77,Stage 1,2017-07-01
41.03,-71.199997,2017-01-16,287fc1cbf-fbc0-3baa-ae98-f20768f5d10f,USA,VIKING STARSHIP,PASSENGER,PASSENGER,367661740,1.32,Stage 1,2017-01-01
41,-71.230003,2017-09-13,a60bb8c1a-a9cd-5892-2581-2bea9933c8e0,USA,NEW SEA ROVER,TRAWLERS,FISHING,367346010,4.1,Stage 1,2017-09-01
41.03,-71.290001,2017-01-14,fda33ad3b-b3d7-9afb-257d-126bd7b77f81,USA,LADY FRANCES,INCONCLUSIVE,FISHING,367155670,0.45,Stage 1,2017-01-01
41.29,-71.160004,2017-06-14,ff3830e6a-a93e-1d34-b439-f9f742984f72,USA,DARANA R,FISHING,FISHING,367174730,3.23,Stage 1,2017-06-01
41.27,-71.290001,2017-07-21,d8bbf6380-05af-2b58-ca64-97ffb1eb319f,USA,ENTERPRISE,TRAWLERS,FISHING,367590310,0.88,Stage 1,2017-07-01
41.05,-71.389999,2017-10-06,90b9eaea0-018d-1eaf-4055-36b770057d04,USA,GAIL FRANCES,INCONCLUSIVE,FISHING,366940990,4.57,Stage 1,2017-10-01
41.32,-71.040001,2017-10-07,ff3830e6a-a93e-1d34-b439-f9f742984f72,USA,DARANA R,FISHING,FISHING,367174730,0.97,Stage 1,2017-10-01
41.13,-70.910004,2017-08-20,8b6c30313-3d46-04e2-5a69-4358ed29bcbd,USA,F/V APOLLO,TRAWLERS,FISHING,367163790,3.16,Stage 1,2017-08-01
41.12,-70.839996,2017-09-12,0b0bbd407-7d86-aab4-dca0-8079eb74d7f1,USA,LET IT RIDE,TRAWLERS,FISHING,366822910,0.42,Stage 1,2017-09-01
40.91,-71.230003,2017-10-22,3f27d2108-864a-b211-81d9-713270af0b4a,USA,F/V DINAH JANE,TRAWLERS,FISHING,367310080,0.87,Stage 1,2017-10-01
41.12,-71.349998,2017-10-01,90b9eaea0-018d-1eaf-4055-36b770057d04,USA,GAIL FRANCES,INCONCLUSIVE,FISHING,366940990,2.09,Stage 1,2017-10-01
41.14,-71.099998,2017-12-03,90b9eaea0-018d-1eaf-4055-36b770057d04,USA,GAIL FRANCES,INCONCLUSIVE,FISHING,366940990,1.3,Stage 1,2017-12-01
41.15,-70.720001,2017-08-14,27268459a-a059-cdeb-52bd-4a54dd139d35,USA,AMERICAN PRIDE,FISHING,FISHING,338229893,10.13,Stage 1,2017-08-01
40.99,-70.800003,2017-08-09,cf82ed35c-c219-f8c2-745a-24c38db5d7cf,USA,BLACK SHEEP,TRAWLERS,FISHING,366831480,5.06,Stage 1,2017-08-01
41.33,-70.989998,2017-08-16,27268459a-a059-cdeb-52bd-4a54dd139d35,USA,AMERICAN PRIDE,FISHING,FISHING,338229893,0.82,Stage 1,2017-08-01
41.13,-70.900002,2017-08-20,8b6c30313-3d46-04e2-5a69-4358ed29bcbd,USA,F/V APOLLO,TRAWLERS,FISHING,367163790,1.2,Stage 1,2017-08-01
41.04,-71.230003,2017-09-17,90b9eaea0-018d-1eaf-4055-36b770057d04,USA,GAIL FRANCES,INCONCLUSIVE,FISHING,366940990,1.28,Stage 1,2017-09-01
40.9,-71.290001,2017-04-04,f145d6b56-62bf-0ef6-570c-bb990c3c738f,USA,SEA WATCHER I,TRAWLERS,FISHING,367010820,0.93,Stage 1,2017-04-01
41.24,-71.120003,2017-08-09,d8bbf6380-05af-2b58-ca64-97ffb1eb319f,USA,ENTERPRISE,TRAWLERS,FISHING,367590310,0.89,Stage 1,2017-08-01
40.97,-71.040001,2017-09-13,f01b02923-33f4-cf51-a193-8090ea37a925,USA,LEONARDO,FISHING,FISHING,367673740,1.12,Stage 1,2017-09-01
40.91,-71.32,2017-08-15,dfb4280fb-b107-5766-7352-7e4dbe0dffcc,USA,SOVEREIGN STAR,TRAWLERS,FISHING,367069720,1.11,Stage 1,2017-08-01
41.35,-71.07,2017-11-12,32b606172-2468-2817-1b4f-fae340279e02,USA,SEVEN B 5,TRAWLERS,FISHING,367052470,1.43,Stage 1,2017-11-01
41.32,-71.379997,2017-07-21,d8bbf6380-05af-2b58-ca64-97ffb1eb319f,USA,ENTERPRISE,TRAWLERS,FISHING,367590310,17.71,Stage 1,2017-07-01
41.12,-71.110001,2017-01-02,fda33ad3b-b3d7-9afb-257d-126bd7b77f81,USA,LADY FRANCES,INCONCLUSIVE,FISHING,367155670,1.47,Stage 1,2017-01-01
41.03,-71.239998,2017-08-01,9a8640511-1c91-5720-80f0-021981ce9f23,USA,WANDO RIVER,TRAWLERS,FISHING,367718760,1.68,Stage 1,2017-08-01
40.9,-71.080002,2017-08-04,638eecf61-1a8a-a539-95df-468b4840e755,USA,HUNTER,FISHING,FISHING,367639280,0.53,Stage 1,2017-08-01
41.14,-71.169998,2017-10-14,fda33ad3b-b3d7-9afb-257d-126bd7b77f81,USA,LADY FRANCES,INCONCLUSIVE,FISHING,367155670,2.62,Stage 1,2017-10-01
41.32,-71.029999,2017-08-16,27268459a-a059-cdeb-52bd-4a54dd139d35,USA,AMERICAN PRIDE,FISHING,FISHING,338229893,0.34,Stage 1,2017-08-01
41.28,-71.410004,2017-07-05,2326efd2e-ef2b-34f0-f4e7-9a078f8cb4c4,USA,BELL SKY,TRAWLERS,FISHING,367637420,0.89,Stage 1,2017-07-01
41.02,-70.720001,2017-09-04,f01b02923-33f4-cf51-a193-8090ea37a925,USA,LEONARDO,FISHING,FISHING,367673740,0.54,Stage 1,2017-09-01
41.04,-70.949997,2017-07-10,d0eedd395-565b-d998-24e7-e6095fdc296f,USA,SHAMROCK,SET_GILLNETS,FISHING,367396080,1.21,Stage 1,2017-07-01
41.06,-71.379997,2017-05-21,419d86568-8982-aff9-21b2-d6e9a7fedeed,USA,SEVEN SEAS,NA,FISHING,367624610,1.37,Stage 1,2017-05-01
41.05,-71.389999,2017-11-03,32b606172-2468-2817-1b4f-fae340279e02,USA,SEVEN B 5,TRAWLERS,FISHING,367052470,1.23,Stage 1,2017-11-01
41.01,-70.879997,2017-10-22,cf82ed35c-c219-f8c2-745a-24c38db5d7cf,USA,BLACK SHEEP,TRAWLERS,FISHING,366831480,1.16,Stage 1,2017-10-01
40.91,-71.239998,2017-08-04,638eecf61-1a8a-a539-95df-468b4840e755,USA,HUNTER,FISHING,FISHING,367639280,2.66,Stage 1,2017-08-01
41.14,-71.25,2017-09-24,36173efb2-29a8-c9aa-9051-86a8f7b52a89,USA,SUSAN ROSE,FISHING,FISHING,366103960,0.55,Stage 1,2017-09-01
41.02,-71.239998,2017-10-06,a60bb8c1a-a9cd-5892-2581-2bea9933c8e0,USA,NEW SEA ROVER,TRAWLERS,FISHING,367346010,3.63,Stage 1,2017-10-01
41.02,-71.239998,2017-05-17,fd96b30e3-3f77-f437-8122-20e7744dfdb4,USA,TIMBERLINE,DREDGE_FISHING,FISHING,367071460,0.91,Stage 1,2017-05-01
41.01,-71.239998,2017-07-27,9a8640511-1c91-5720-80f0-021981ce9f23,USA,WANDO RIVER,TRAWLERS,FISHING,367718760,1.6,Stage 1,2017-07-01
41.23,-71.18,2017-07-11,424e42bd8-8e4d-fc8d-ebb4-4bda4eb178ab,USA,SEA BREEZE TOO,TRAWLERS,FISHING,367388850,0.85,Stage 1,2017-07-01
40.96,-71.010002,2017-09-13,7dd3dd22b-b87a-4dc1-cbfe-48bd467a54b3,USA,F/V TRIUNFO,TRAWLERS,FISHING,367356690,3.31,Stage 1,2017-09-01
40.97,-70.949997,2017-09-13,d8bbf6380-05af-2b58-ca64-97ffb1eb319f,USA,ENTERPRISE,TRAWLERS,FISHING,367590310,2.02,Stage 1,2017-09-01
41.02,-71.330002,2017-01-29,287fc1cbf-fbc0-3baa-ae98-f20768f5d10f,USA,VIKING STARSHIP,PASSENGER,PASSENGER,367661740,2.93,Stage 1,2017-01-01
41.04,-71.010002,2017-08-10,82b45c510-0107-84f6-4a90-fb32cbbcdd3c,USA,STELLA,POLE_AND_LINE,FISHING,338194028,1.27,Stage 1,2017-08-01
41.28,-71.339996,2017-01-06,395358792-2ac0-d275-16a9-bd8cad811778,USA,HEATHER LYNN,TRAWLERS,FISHING,367119340,4.26,Stage 1,2017-01-01
41,-71.239998,2017-10-22,a60bb8c1a-a9cd-5892-2581-2bea9933c8e0,USA,NEW SEA ROVER,TRAWLERS,FISHING,367346010,1.1,Stage 1,2017-10-01
41.32,-71.400002,2017-11-28,94a980510-01b3-625f-8524-0b3b93600b8c,USA,CODY,TRAWLERS,FISHING,367190280,0.98,Stage 1,2017-11-01
40.97,-71.019997,2017-10-06,f01b02923-33f4-cf51-a193-8090ea37a925,USA,LEONARDO,FISHING,FISHING,367673740,0.87,Stage 1,2017-10-01
41.03,-71.239998,2017-05-21,9a8640511-1c91-5720-80f0-021981ce9f23,USA,WANDO RIVER,TRAWLERS,FISHING,367718760,3.7,Stage 1,2017-05-01
41.04,-70.989998,2017-08-04,82b45c510-0107-84f6-4a90-fb32cbbcdd3c,USA,STELLA,POLE_AND_LINE,FISHING,338194028,1.19,Stage 1,2017-08-01
41.32,-71.07,2017-10-24,33ff8cfa3-3333-eaff-9333-6cdc72d2468f,USA,F/V SAO JACINTO,TRAWLERS,FISHING,367312670,0.67,Stage 1,2017-10-01
40.93,-71.260002,2017-10-22,3f27d2108-864a-b211-81d9-713270af0b4a,USA,F/V DINAH JANE,TRAWLERS,FISHING,367310080,1.08,Stage 1,2017-10-01
41.32,-71.099998,2017-06-30,029bbab3f-fbb5-8bb7-8117-30e7008526bb,USA,F/V BLUE SEA,TRAWLERS,FISHING,367177060,2,Stage 1,2017-06-01
41.26,-71.389999,2017-09-18,d8a31dd1e-e685-7761-f150-6fa97696148b,USA,F/V  C-VENTURE,FISHING,FISHING,367098360,0.82,Stage 1,2017-09-01
41.03,-71.18,2017-11-03,90b9eaea0-018d-1eaf-4055-36b770057d04,USA,GAIL FRANCES,INCONCLUSIVE,FISHING,366940990,2.33,Stage 1,2017-11-01
41.08,-71.339996,2017-12-19,395358792-2ac0-d275-16a9-bd8cad811778,USA,HEATHER LYNN,TRAWLERS,FISHING,367119340,10.94,Stage 1,2017-12-01
41.24,-71.07,2017-02-04,fd96b30e3-3f77-f437-8122-20e7744dfdb4,USA,TIMBERLINE,DREDGE_FISHING,FISHING,367071460,3.05,Stage 1,2017-02-01
41.35,-71.389999,2017-07-13,59d8ab6e8-88ae-3379-7957-c3cf5af17475,USA,HOPE AND SYDNEY,TRAWLERS,FISHING,367084070,5.96,Stage 1,2017-07-01
41.28,-71.400002,2017-07-27,2326efd2e-ef2b-34f0-f4e7-9a078f8cb4c4,USA,BELL SKY,TRAWLERS,FISHING,367637420,1.9,Stage 1,2017-07-01
41.06,-70.809998,2017-07-20,cf82ed35c-c219-f8c2-745a-24c38db5d7cf,USA,BLACK SHEEP,TRAWLERS,FISHING,366831480,1,Stage 1,2017-07-01
40.87,-71.129997,2017-08-09,15c170343-31ab-9224-082c-8a6dcc9bb85d,USA,AZZURRA,POLE_AND_LINE,FISHING,338154679,0.62,Stage 1,2017-08-01
41.35,-71.199997,2017-06-15,32b606172-2468-2817-1b4f-fae340279e02,USA,SEVEN B 5,TRAWLERS,FISHING,367052470,2.99,Stage 1,2017-06-01
41.31,-71.25,2017-08-23,d12a18828-8cbb-8887-d07d-bea9f8e76229,USA,F/V HOPEFULL,TRAWLERS,FISHING,367325850,0.75,Stage 1,2017-08-01
40.82,-70.970001,2017-08-04,82b45c510-0107-84f6-4a90-fb32cbbcdd3c,USA,STELLA,POLE_AND_LINE,FISHING,338194028,0.63,Stage 1,2017-08-01
41.19,-71.25,2017-10-06,d8bbf6380-05af-2b58-ca64-97ffb1eb319f,USA,ENTERPRISE,TRAWLERS,FISHING,367590310,0.52,Stage 1,2017-10-01
40.96,-71.360001,2017-08-14,dfb4280fb-b107-5766-7352-7e4dbe0dffcc,USA,SOVEREIGN STAR,TRAWLERS,FISHING,367069720,0.5,Stage 1,2017-08-01
41.36,-71.349998,2017-01-07,bccb22dcb-b512-2cc8-43d4-551f36e0038b,USA,F/V RETRIEVER,TRAWLERS,FISHING,367324660,0.35,Stage 1,2017-01-01
41.07,-71.220001,2017-02-23,287fc1cbf-fbc0-3baa-ae98-f20768f5d10f,USA,VIKING STARSHIP,PASSENGER,PASSENGER,367661740,1.52,Stage 1,2017-02-01
41.08,-70.860001,2017-09-12,0b0bbd407-7d86-aab4-dca0-8079eb74d7f1,USA,LET IT RIDE,TRAWLERS,FISHING,366822910,0.94,Stage 1,2017-09-01
41.32,-71.129997,2017-07-26,eee4bf772-24eb-f59b-e5d2-3f1d5f21719a,USA,ILLUSION,TRAWLERS,FISHING,366218620,0.58,Stage 1,2017-07-01
40.92,-71.239998,2017-08-12,50c294cf4-476c-40d0-5703-20cd9f67cd81,USA,NA,POLE_AND_LINE,FISHING,338158047,1.47,Stage 1,2017-08-01
41.02,-71.330002,2017-01-16,287fc1cbf-fbc0-3baa-ae98-f20768f5d10f,USA,VIKING STARSHIP,PASSENGER,PASSENGER,367661740,2.47,Stage 1,2017-01-01
40.99,-71.019997,2017-09-13,f01b02923-33f4-cf51-a193-8090ea37a925,USA,LEONARDO,FISHING,FISHING,367673740,0.81,Stage 1,2017-09-01
41.14,-70.720001,2017-09-12,0b0bbd407-7d86-aab4-dca0-8079eb74d7f1,USA,LET IT RIDE,TRAWLERS,FISHING,366822910,1.38,Stage 1,2017-09-01
40.91,-71.25,2017-08-04,638eecf61-1a8a-a539-95df-468b4840e755,USA,HUNTER,FISHING,FISHING,367639280,0.53,Stage 1,2017-08-01
40.9,-71.300003,2017-04-04,f145d6b56-62bf-0ef6-570c-bb990c3c738f,USA,SEA WATCHER I,TRAWLERS,FISHING,367010820,0.48,Stage 1,2017-04-01
41.02,-71.25,2017-10-06,a60bb8c1a-a9cd-5892-2581-2bea9933c8e0,USA,NEW SEA ROVER,TRAWLERS,FISHING,367346010,11.88,Stage 1,2017-10-01
40.98,-71.110001,2017-04-09,fd96b30e3-3f77-f437-8122-20e7744dfdb4,USA,TIMBERLINE,DREDGE_FISHING,FISHING,367071460,1.34,Stage 1,2017-04-01
40.87,-71.139999,2017-06-16,33ff8cfa3-3333-eaff-9333-6cdc72d2468f,USA,F/V SAO JACINTO,TRAWLERS,FISHING,367312670,0.34,Stage 1,2017-06-01
41.21,-71.010002,2017-09-11,0b0bbd407-7d86-aab4-dca0-8079eb74d7f1,USA,LET IT RIDE,TRAWLERS,FISHING,366822910,0.64,Stage 1,2017-09-01
41.19,-71.169998,2017-08-09,d8bbf6380-05af-2b58-ca64-97ffb1eb319f,USA,ENTERPRISE,TRAWLERS,FISHING,367590310,1.27,Stage 1,2017-08-01
41.03,-71.230003,2017-10-23,9a8640511-1c91-5720-80f0-021981ce9f23,USA,WANDO RIVER,TRAWLERS,FISHING,367718760,8.9,Stage 1,2017-10-01
41.24,-71.040001,2017-02-04,fd96b30e3-3f77-f437-8122-20e7744dfdb4,USA,TIMBERLINE,DREDGE_FISHING,FISHING,367071460,5.5,Stage 1,2017-02-01
40.94,-71.010002,2017-06-15,33ff8cfa3-3333-eaff-9333-6cdc72d2468f,USA,F/V SAO JACINTO,TRAWLERS,FISHING,367312670,1.64,Stage 1,2017-06-01
41.24,-71.389999,2017-09-25,d8a31dd1e-e685-7761-f150-6fa97696148b,USA,F/V  C-VENTURE,FISHING,FISHING,367098360,0.94,Stage 1,2017-09-01
41.13,-70.889999,2017-08-20,8b6c30313-3d46-04e2-5a69-4358ed29bcbd,USA,F/V APOLLO,TRAWLERS,FISHING,367163790,1.95,Stage 1,2017-08-01
41.09,-70.839996,2017-09-12,0b0bbd407-7d86-aab4-dca0-8079eb74d7f1,USA,LET IT RIDE,TRAWLERS,FISHING,366822910,0.43,Stage 1,2017-09-01
41.29,-71.139999,2017-06-14,ff3830e6a-a93e-1d34-b439-f9f742984f72,USA,DARANA R,FISHING,FISHING,367174730,0.95,Stage 1,2017-06-01
41.05,-71.389999,2017-01-30,287fc1cbf-fbc0-3baa-ae98-f20768f5d10f,USA,VIKING STARSHIP,PASSENGER,PASSENGER,367661740,1.61,Stage 1,2017-01-01
41.36,-71.260002,2017-07-28,b5c8f14ac-cc19-ce97-1589-8ed6d3b58f48,USA,STEPHANIE BRYAN,FISHING,FISHING,367428520,1.54,Stage 1,2017-07-01
40.92,-71.32,2017-08-15,dfb4280fb-b107-5766-7352-7e4dbe0dffcc,USA,SOVEREIGN STAR,TRAWLERS,FISHING,367069720,1.18,Stage 1,2017-08-01
41.2,-71.32,2017-10-13,b91c9478b-bfa0-844e-f949-ccea31ce5ac1,USA,ELIZ AND KATHERINE,TRAWLERS,FISHING,367542540,4.06,Stage 1,2017-10-01
41.2,-71.220001,2017-08-02,d8bbf6380-05af-2b58-ca64-97ffb1eb319f,USA,ENTERPRISE,TRAWLERS,FISHING,367590310,1.5,Stage 1,2017-08-01
40.99,-71.18,2017-06-01,fd96b30e3-3f77-f437-8122-20e7744dfdb4,USA,TIMBERLINE,DREDGE_FISHING,FISHING,367071460,1.77,Stage 1,2017-06-01
41.01,-71.239998,2017-10-06,a60bb8c1a-a9cd-5892-2581-2bea9933c8e0,USA,NEW SEA ROVER,TRAWLERS,FISHING,367346010,0.66,Stage 1,2017-10-01
41.14,-71.349998,2017-09-30,90b9eaea0-018d-1eaf-4055-36b770057d04,USA,GAIL FRANCES,INCONCLUSIVE,FISHING,366940990,2.81,Stage 1,2017-09-01
41.36,-71.300003,2017-12-02,32b606172-2468-2817-1b4f-fae340279e02,USA,SEVEN B 5,TRAWLERS,FISHING,367052470,0.33,Stage 1,2017-12-01
40.9,-71.080002,2017-07-23,eb0285846-6fce-0a03-683a-75c407b38e06,USA,NORDIK VIKING,POLE_AND_LINE,FISHING,367300830,5.87,Stage 1,2017-07-01
41.29,-71.239998,2017-10-07,ff3830e6a-a93e-1d34-b439-f9f742984f72,USA,DARANA R,FISHING,FISHING,367174730,0.55,Stage 1,2017-10-01
41.3,-71.379997,2017-11-30,d8bbf6380-05af-2b58-ca64-97ffb1eb319f,USA,ENTERPRISE,TRAWLERS,FISHING,367590310,0.55,Stage 1,2017-11-01
41.32,-71.220001,2017-08-13,b91c9478b-bfa0-844e-f949-ccea31ce5ac1,USA,ELIZ AND KATHERINE,TRAWLERS,FISHING,367542540,1.1,Stage 1,2017-08-01
41.04,-70.970001,2017-06-27,d0eedd395-565b-d998-24e7-e6095fdc296f,USA,SHAMROCK,SET_GILLNETS,FISHING,367396080,0.86,Stage 1,2017-06-01
40.92,-71.220001,2017-10-22,3f27d2108-864a-b211-81d9-713270af0b4a,USA,F/V DINAH JANE,TRAWLERS,FISHING,367310080,0.85,Stage 1,2017-10-01
40.96,-71.040001,2017-09-24,f01b02923-33f4-cf51-a193-8090ea37a925,USA,LEONARDO,FISHING,FISHING,367673740,1.47,Stage 1,2017-09-01
41.01,-71.209999,2017-10-06,9a8640511-1c91-5720-80f0-021981ce9f23,USA,WANDO RIVER,TRAWLERS,FISHING,367718760,0.53,Stage 1,2017-10-01
40.92,-71.330002,2017-08-15,dfb4280fb-b107-5766-7352-7e4dbe0dffcc,USA,SOVEREIGN STAR,TRAWLERS,FISHING,367069720,1.15,Stage 1,2017-08-01
41.05,-71.169998,2017-10-18,90b9eaea0-018d-1eaf-4055-36b770057d04,USA,GAIL FRANCES,INCONCLUSIVE,FISHING,366940990,0.61,Stage 1,2017-10-01
41.33,-71.389999,2017-07-26,59d8ab6e8-88ae-3379-7957-c3cf5af17475,USA,HOPE AND SYDNEY,TRAWLERS,FISHING,367084070,0.95,Stage 1,2017-07-01
41.28,-71.089996,2017-10-07,ff3830e6a-a93e-1d34-b439-f9f742984f72,USA,DARANA R,FISHING,FISHING,367174730,0.95,Stage 1,2017-10-01
41.22,-71.099998,2017-02-28,9a8640511-1c91-5720-80f0-021981ce9f23,USA,WANDO RIVER,TRAWLERS,FISHING,367718760,0.68,Stage 1,2017-02-01
41.32,-71.400002,2017-06-14,ff3830e6a-a93e-1d34-b439-f9f742984f72,USA,DARANA R,FISHING,FISHING,367174730,0.82,Stage 1,2017-06-01
40.98,-71.010002,2017-09-12,f01b02923-33f4-cf51-a193-8090ea37a925,USA,LEONARDO,FISHING,FISHING,367673740,1.61,Stage 1,2017-09-01
41.31,-71.010002,2017-06-22,3138ae7c8-874e-0d84-49ab-e1824c726595,USA,EXCALIBUR,TRAWLERS,FISHING,367709870,5.52,Stage 1,2017-06-01
40.96,-70.959999,2017-09-13,f01b02923-33f4-cf51-a193-8090ea37a925,USA,LEONARDO,FISHING,FISHING,367673740,1.03,Stage 1,2017-09-01
41.33,-71.190002,2017-07-26,eee4bf772-24eb-f59b-e5d2-3f1d5f21719a,USA,ILLUSION,TRAWLERS,FISHING,366218620,1.49,Stage 1,2017-07-01
41.26,-71.239998,2017-10-10,190d0e30c-c04e-efd2-c153-97f4bb49ff7f,USA,VIRGINIA QUEEN,TRAWLERS,FISHING,367339590,4.67,Stage 1,2017-10-01
40.92,-71.239998,2017-10-22,3f27d2108-864a-b211-81d9-713270af0b4a,USA,F/V DINAH JANE,TRAWLERS,FISHING,367310080,1.07,Stage 1,2017-10-01
41.23,-71.139999,2017-09-16,d8bbf6380-05af-2b58-ca64-97ffb1eb319f,USA,ENTERPRISE,TRAWLERS,FISHING,367590310,3.06,Stage 1,2017-09-01
40.92,-70.800003,2017-09-24,d12a18828-8cbb-8887-d07d-bea9f8e76229,USA,F/V HOPEFULL,TRAWLERS,FISHING,367325850,2.45,Stage 1,2017-09-01
41.14,-70.93,2017-08-20,8b6c30313-3d46-04e2-5a69-4358ed29bcbd,USA,F/V APOLLO,TRAWLERS,FISHING,367163790,1.75,Stage 1,2017-08-01
41.28,-71.400002,2017-12-02,b5c8f14ac-cc19-ce97-1589-8ed6d3b58f48,USA,STEPHANIE BRYAN,FISHING,FISHING,367428520,1.17,Stage 1,2017-12-01
41.14,-71.349998,2017-10-11,90b9eaea0-018d-1eaf-4055-36b770057d04,USA,GAIL FRANCES,INCONCLUSIVE,FISHING,366940990,2.6,Stage 1,2017-10-01
41.12,-71.129997,2017-01-06,fda33ad3b-b3d7-9afb-257d-126bd7b77f81,USA,LADY FRANCES,INCONCLUSIVE,FISHING,367155670,2.97,Stage 1,2017-01-01
40.98,-71.269997,2017-06-15,744aa207c-c2fd-9d39-afb2-1c4a0162c4a4,USA,BELLA SKY,TRAWLERS,FISHING,367784820,1.21,Stage 1,2017-06-01
41.35,-71.330002,2017-06-14,33ff8cfa3-3333-eaff-9333-6cdc72d2468f,USA,F/V SAO JACINTO,TRAWLERS,FISHING,367312670,0.86,Stage 1,2017-06-01
41,-71.239998,2017-10-21,a60bb8c1a-a9cd-5892-2581-2bea9933c8e0,USA,NEW SEA ROVER,TRAWLERS,FISHING,367346010,3.77,Stage 1,2017-10-01
41.04,-71.25,2017-10-06,9a8640511-1c91-5720-80f0-021981ce9f23,USA,WANDO RIVER,TRAWLERS,FISHING,367718760,0.93,Stage 1,2017-10-01
41.05,-71.230003,2017-07-06,fda33ad3b-b3d7-9afb-257d-126bd7b77f81,USA,LADY FRANCES,INCONCLUSIVE,FISHING,367155670,0.57,Stage 1,2017-07-01
40.97,-71.019997,2017-09-05,f01b02923-33f4-cf51-a193-8090ea37a925,USA,LEONARDO,FISHING,FISHING,367673740,0.68,Stage 1,2017-09-01
41,-71.169998,2017-04-10,a45b489d0-00f1-5dc5-64d8-6d681d72b4ba,USA,LADY BRITTANY,TRAWLERS,FISHING,366983260,0.92,Stage 1,2017-04-01
41.26,-71.379997,2017-06-13,ff3830e6a-a93e-1d34-b439-f9f742984f72,USA,DARANA R,FISHING,FISHING,367174730,0.66,Stage 1,2017-06-01
41.18,-70.959999,2017-08-04,0c05898cc-c145-3da6-e753-0c2137af8e2c,USA,SEA RAMBLER,FISHING,FISHING,367710210,0.67,Stage 1,2017-08-01
41.05,-71.389999,2017-10-11,90b9eaea0-018d-1eaf-4055-36b770057d04,USA,GAIL FRANCES,INCONCLUSIVE,FISHING,366940990,2.04,Stage 1,2017-10-01
41.04,-71.230003,2017-10-18,90b9eaea0-018d-1eaf-4055-36b770057d04,USA,GAIL FRANCES,INCONCLUSIVE,FISHING,366940990,3.61,Stage 1,2017-10-01
41.12,-71.129997,2017-12-03,90b9eaea0-018d-1eaf-4055-36b770057d04,USA,GAIL FRANCES,INCONCLUSIVE,FISHING,366940990,0.46,Stage 1,2017-12-01
41.28,-71.099998,2017-08-12,33ff8cfa3-3333-eaff-9333-6cdc72d2468f,USA,F/V SAO JACINTO,TRAWLERS,FISHING,367312670,8.08,Stage 1,2017-08-01
41.31,-71.059998,2017-10-24,33ff8cfa3-3333-eaff-9333-6cdc72d2468f,USA,F/V SAO JACINTO,TRAWLERS,FISHING,367312670,1.03,Stage 1,2017-10-01
41.23,-71.190002,2017-07-22,d8bbf6380-05af-2b58-ca64-97ffb1eb319f,USA,ENTERPRISE,TRAWLERS,FISHING,367590310,21.66,Stage 1,2017-07-01
41.14,-70.949997,2017-08-20,8b6c30313-3d46-04e2-5a69-4358ed29bcbd,USA,F/V APOLLO,TRAWLERS,FISHING,367163790,2.25,Stage 1,2017-08-01
41.01,-71.220001,2017-04-10,a45b489d0-00f1-5dc5-64d8-6d681d72b4ba,USA,LADY BRITTANY,TRAWLERS,FISHING,366983260,9.44,Stage 1,2017-04-01
40.96,-71.010002,2017-09-25,f01b02923-33f4-cf51-a193-8090ea37a925,USA,LEONARDO,FISHING,FISHING,367673740,1.07,Stage 1,2017-09-01
41.28,-71.309998,2017-10-12,dd6eb6d60-0fea-40b3-82c4-6fd4fe4b2e7c,USA,SEVEN SEAS,TRAWLERS,FISHING,367624610,1.29,Stage 1,2017-10-01
40.96,-71.389999,2017-08-21,da28a0113-3273-3a9f-10ab-097e617c5725,USA,JOHN & NICHOLAS,TRAWLERS,FISHING,367181750,0.87,Stage 1,2017-08-01
41.1,-70.889999,2017-09-13,79b0852e1-1e25-4bae-ba24-811a7b9779fb,USA,MISS LINDSEY,FISHING,FISHING,367742440,0.69,Stage 1,2017-09-01
41.28,-71.18,2017-06-27,559f52593-3c3d-b5fa-42c8-c74643a3bade,USA,MAIZEY JAMES,FISHING,FISHING,367625230,1.22,Stage 1,2017-06-01
40.98,-71.120003,2017-10-06,f01b02923-33f4-cf51-a193-8090ea37a925,USA,LEONARDO,FISHING,FISHING,367673740,2.17,Stage 1,2017-10-01
40.96,-71.029999,2017-09-06,f01b02923-33f4-cf51-a193-8090ea37a925,USA,LEONARDO,FISHING,FISHING,367673740,1.03,Stage 1,2017-09-01
41.32,-71.339996,2017-07-26,59d8ab6e8-88ae-3379-7957-c3cf5af17475,USA,HOPE AND SYDNEY,TRAWLERS,FISHING,367084070,2.7,Stage 1,2017-07-01
41.36,-71.269997,2018-04-15,46a1ad78f-fdf5-4f58-4385-8a781e5b6053,NLD,BALTIC,TRAWLERS,FISHING,244020098,2.07,Stage 1,2018-04-01
40.92,-71.379997,2018-07-04,9a8640511-1c91-5720-80f0-021981ce9f23,USA,WANDO RIVER,TRAWLERS,FISHING,367718760,2.4,Stage 1,2018-07-01
41.02,-70.959999,2018-07-28,dd6eb6d60-0fea-40b3-82c4-6fd4fe4b2e7c,USA,SEVEN SEAS,TRAWLERS,FISHING,367624610,1.9,Stage 1,2018-07-01
41.09,-70.790001,2018-08-05,dd6eb6d60-0fea-40b3-82c4-6fd4fe4b2e7c,USA,SEVEN SEAS,TRAWLERS,FISHING,367624610,0.95,Stage 1,2018-08-01
41.2,-71.279999,2018-08-21,50682f6be-e7c0-5ea5-3912-7cc3e9a9882c,USA,SHELBY ANN,TRAWLERS,FISHING,367687850,0.85,Stage 1,2018-08-01
40.83,-70.879997,2018-09-09,f145d6b56-62bf-0ef6-570c-bb990c3c738f,USA,SEA WATCHER I,TRAWLERS,FISHING,367010820,2.19,Stage 1,2018-09-01
40.99,-70.709999,2018-10-05,fd7e8becf-f87a-e0e5-0c78-1c94ac7da3e7,USA,MISS ELLA,FISHING,FISHING,367742440,1,Stage 1,2018-10-01
41.35,-71.260002,2018-04-15,46a1ad78f-fdf5-4f58-4385-8a781e5b6053,NLD,BALTIC,TRAWLERS,FISHING,244020098,0.91,Stage 1,2018-04-01
41.16,-71.300003,2018-09-28,d8bbf6380-05af-2b58-ca64-97ffb1eb319f,USA,ENTERPRISE,TRAWLERS,FISHING,367590310,4.55,Stage 1,2018-09-01
41.33,-71.220001,2018-11-24,2326efd2e-ef2b-34f0-f4e7-9a078f8cb4c4,USA,BELL SKY,TRAWLERS,FISHING,367637420,1.52,Stage 1,2018-11-01
41.02,-70.790001,2018-07-29,94a980510-01b3-625f-8524-0b3b93600b8c,USA,CODY,TRAWLERS,FISHING,367190280,2.36,Stage 1,2018-07-01
41.08,-70.790001,2018-08-02,dd6eb6d60-0fea-40b3-82c4-6fd4fe4b2e7c,USA,SEVEN SEAS,TRAWLERS,FISHING,367624610,0.63,Stage 1,2018-08-01
41.34,-71.019997,2018-07-31,33ff8cfa3-3333-eaff-9333-6cdc72d2468f,USA,F/V SAO JACINTO,TRAWLERS,FISHING,367312670,0.34,Stage 1,2018-07-01
40.9,-71.309998,2018-07-05,a45b489d0-00f1-5dc5-64d8-6d681d72b4ba,USA,LADY BRITTANY,TRAWLERS,FISHING,366983260,2.23,Stage 1,2018-07-01
41.15,-71.279999,2018-05-31,e835426b5-5325-4b79-ca28-832b6de511b0,USA,CONOR AND MICHAEL,TRAWLERS,FISHING,367301540,1.57,Stage 1,2018-05-01
40.9,-71.129997,2018-08-16,fd96b30e3-3f77-f437-8122-20e7744dfdb4,USA,TIMBERLINE,DREDGE_FISHING,FISHING,367071460,2.38,Stage 1,2018-08-01
40.9,-71.32,2018-07-04,a45b489d0-00f1-5dc5-64d8-6d681d72b4ba,USA,LADY BRITTANY,TRAWLERS,FISHING,366983260,0.66,Stage 1,2018-07-01
41.1,-71.290001,2018-05-30,e835426b5-5325-4b79-ca28-832b6de511b0,USA,CONOR AND MICHAEL,TRAWLERS,FISHING,367301540,1.21,Stage 1,2018-05-01
40.84,-70.879997,2018-10-09,a60bb8c1a-a9cd-5892-2581-2bea9933c8e0,USA,NEW SEA ROVER,TRAWLERS,FISHING,367346010,2,Stage 1,2018-10-01
41.32,-71.330002,2018-11-09,33ff8cfa3-3333-eaff-9333-6cdc72d2468f,USA,F/V SAO JACINTO,TRAWLERS,FISHING,367312670,19.98,Stage 1,2018-11-01
40.83,-70.919998,2018-11-24,f145d6b56-62bf-0ef6-570c-bb990c3c738f,USA,SEA WATCHER I,TRAWLERS,FISHING,367010820,0.88,Stage 1,2018-11-01
41.29,-71.410004,2018-05-22,424e42bd8-8e4d-fc8d-ebb4-4bda4eb178ab,USA,SEA BREEZE TOO,TRAWLERS,FISHING,367388850,1.07,Stage 1,2018-05-01
41.36,-71.279999,2018-04-15,46a1ad78f-fdf5-4f58-4385-8a781e5b6053,NLD,BALTIC,TRAWLERS,FISHING,244020098,1.97,Stage 1,2018-04-01
41.25,-71.099998,2018-06-11,d8bbf6380-05af-2b58-ca64-97ffb1eb319f,USA,ENTERPRISE,TRAWLERS,FISHING,367590310,4.04,Stage 1,2018-06-01
41.04,-70.849998,2018-08-03,d8bbf6380-05af-2b58-ca64-97ffb1eb319f,USA,ENTERPRISE,TRAWLERS,FISHING,367590310,1.16,Stage 1,2018-08-01
41.32,-71.400002,2018-05-23,d2d4a7623-3cb5-3aed-65b0-0866a70bfbb3,USA,OCEAN STATE,TRAWLERS,FISHING,366278770,7.34,Stage 1,2018-05-01
41.04,-70.889999,2018-07-27,dd6eb6d60-0fea-40b3-82c4-6fd4fe4b2e7c,USA,SEVEN SEAS,TRAWLERS,FISHING,367624610,0.84,Stage 1,2018-07-01
41.31,-71.400002,2018-07-19,2326efd2e-ef2b-34f0-f4e7-9a078f8cb4c4,USA,BELL SKY,TRAWLERS,FISHING,367637420,1.26,Stage 1,2018-07-01
41.11,-71.339996,2018-08-24,d8bbf6380-05af-2b58-ca64-97ffb1eb319f,USA,ENTERPRISE,TRAWLERS,FISHING,367590310,0.7,Stage 1,2018-08-01
40.9,-71.300003,2018-06-27,a45b489d0-00f1-5dc5-64d8-6d681d72b4ba,USA,LADY BRITTANY,TRAWLERS,FISHING,366983260,1.37,Stage 1,2018-06-01
41.09,-70.739998,2018-07-26,dd6eb6d60-0fea-40b3-82c4-6fd4fe4b2e7c,USA,SEVEN SEAS,TRAWLERS,FISHING,367624610,1.12,Stage 1,2018-07-01
41.36,-71.32,2018-05-30,ef1a772a1-1358-1adf-381d-f0fbe1282310,USA,DARANA R,FISHING,FISHING,367174730,0.35,Stage 1,2018-05-01
41.08,-70.75,2018-08-07,3bf0a38cb-b2be-efb0-3ce1-cf112105af80,USA,MACKENZIE PAIGE,TRAWLERS,FISHING,367326980,1.07,Stage 1,2018-08-01
41.17,-71.279999,2018-08-21,e835426b5-5325-4b79-ca28-832b6de511b0,USA,CONOR AND MICHAEL,TRAWLERS,FISHING,367301540,0.46,Stage 1,2018-08-01
41.01,-71.309998,2018-07-20,dd6eb6d60-0fea-40b3-82c4-6fd4fe4b2e7c,USA,SEVEN SEAS,TRAWLERS,FISHING,367624610,1.16,Stage 1,2018-07-01
40.92,-71.330002,2018-08-06,fd96b30e3-3f77-f437-8122-20e7744dfdb4,USA,TIMBERLINE,DREDGE_FISHING,FISHING,367071460,0.69,Stage 1,2018-08-01
41.1,-71.290001,2018-06-18,dd6eb6d60-0fea-40b3-82c4-6fd4fe4b2e7c,USA,SEVEN SEAS,TRAWLERS,FISHING,367624610,2.23,Stage 1,2018-06-01
41.06,-70.830002,2018-08-08,dd6eb6d60-0fea-40b3-82c4-6fd4fe4b2e7c,USA,SEVEN SEAS,TRAWLERS,FISHING,367624610,1.08,Stage 1,2018-08-01
41.24,-71.25,2018-11-30,2326efd2e-ef2b-34f0-f4e7-9a078f8cb4c4,USA,BELL SKY,TRAWLERS,FISHING,367637420,1.62,Stage 1,2018-11-01
41.29,-71.410004,2018-10-22,d8bbf6380-05af-2b58-ca64-97ffb1eb319f,USA,ENTERPRISE,TRAWLERS,FISHING,367590310,1.54,Stage 1,2018-10-01
41.32,-71.230003,2018-05-27,ef1a772a1-1358-1adf-381d-f0fbe1282310,USA,DARANA R,FISHING,FISHING,367174730,3.06,Stage 1,2018-05-01
40.94,-70.839996,2018-05-03,a15e533c5-505d-88e3-1794-2f973ee6df1a,USA,FV AMERICAN BEAUTY,POLE_AND_LINE,FISHING,367799120,1.14,Stage 1,2018-05-01
40.86,-70.93,2018-08-13,8e22db9b2-2bf0-adda-13be-d3d60cac358e,USA,PREVAIL,POLE_AND_LINE,FISHING,367166230,0.68,Stage 1,2018-08-01
41.07,-70.769997,2018-07-27,dd6eb6d60-0fea-40b3-82c4-6fd4fe4b2e7c,USA,SEVEN SEAS,TRAWLERS,FISHING,367624610,1.1,Stage 1,2018-07-01
40.99,-71.110001,2018-07-29,fd96b30e3-3f77-f437-8122-20e7744dfdb4,USA,TIMBERLINE,DREDGE_FISHING,FISHING,367071460,16.52,Stage 1,2018-07-01
41.03,-70.839996,2018-07-29,cf82ed35c-c219-f8c2-745a-24c38db5d7cf,USA,BLACK SHEEP,TRAWLERS,FISHING,366831480,0.47,Stage 1,2018-07-01
41.02,-71.25,2018-06-13,a45b489d0-00f1-5dc5-64d8-6d681d72b4ba,USA,LADY BRITTANY,TRAWLERS,FISHING,366983260,3.93,Stage 1,2018-06-01
41.1,-71.349998,2018-05-02,d2d4a7623-3cb5-3aed-65b0-0866a70bfbb3,USA,OCEAN STATE,TRAWLERS,FISHING,366278770,0.88,Stage 1,2018-05-01
40.84,-70.900002,2018-10-26,a45b489d0-00f1-5dc5-64d8-6d681d72b4ba,USA,LADY BRITTANY,TRAWLERS,FISHING,366983260,2.33,Stage 1,2018-10-01
41.32,-71.400002,2018-10-19,3c32ced74-4560-e6f1-77f3-0660a2f14f55,USA,ELIZ AND KATHERINE,TRAWLERS,FISHING,367542540,0.91,Stage 1,2018-10-01
41.1,-71.349998,2018-07-09,d8bbf6380-05af-2b58-ca64-97ffb1eb319f,USA,ENTERPRISE,TRAWLERS,FISHING,367590310,0.9,Stage 1,2018-07-01
41.08,-70.800003,2018-08-08,dd6eb6d60-0fea-40b3-82c4-6fd4fe4b2e7c,USA,SEVEN SEAS,TRAWLERS,FISHING,367624610,1.07,Stage 1,2018-08-01
41.31,-71.400002,2018-10-22,d8bbf6380-05af-2b58-ca64-97ffb1eb319f,USA,ENTERPRISE,TRAWLERS,FISHING,367590310,1.18,Stage 1,2018-10-01
41.03,-71.18,2018-09-30,90b9eaea0-018d-1eaf-4055-36b770057d04,USA,GAIL FRANCES,INCONCLUSIVE,FISHING,366940990,1.71,Stage 1,2018-09-01
40.97,-70.940002,2018-08-31,d12a18828-8cbb-8887-d07d-bea9f8e76229,USA,F/V HOPEFULL,TRAWLERS,FISHING,367325850,0.43,Stage 1,2018-08-01
41.05,-71.389999,2018-10-26,90b9eaea0-018d-1eaf-4055-36b770057d04,USA,GAIL FRANCES,INCONCLUSIVE,FISHING,366940990,0.52,Stage 1,2018-10-01
41.02,-71.260002,2018-06-14,a45b489d0-00f1-5dc5-64d8-6d681d72b4ba,USA,LADY BRITTANY,TRAWLERS,FISHING,366983260,0.88,Stage 1,2018-06-01
41.14,-71.300003,2018-08-21,50682f6be-e7c0-5ea5-3912-7cc3e9a9882c,USA,SHELBY ANN,TRAWLERS,FISHING,367687850,1.61,Stage 1,2018-08-01
40.91,-71.290001,2018-06-23,fd96b30e3-3f77-f437-8122-20e7744dfdb4,USA,TIMBERLINE,DREDGE_FISHING,FISHING,367071460,0.6,Stage 1,2018-06-01
41.03,-71.18,2018-12-19,287fc1cbf-fbc0-3baa-ae98-f20768f5d10f,USA,VIKING STARSHIP,PASSENGER,PASSENGER,367661740,1.42,Stage 1,2018-12-01
41.02,-71.040001,2018-07-20,fd96b30e3-3f77-f437-8122-20e7744dfdb4,USA,TIMBERLINE,DREDGE_FISHING,FISHING,367071460,1.01,Stage 1,2018-07-01
41.02,-70.709999,2018-08-28,8b6c30313-3d46-04e2-5a69-4358ed29bcbd,USA,F/V APOLLO,TRAWLERS,FISHING,367163790,0.66,Stage 1,2018-08-01
40.84,-70.889999,2018-10-10,a60bb8c1a-a9cd-5892-2581-2bea9933c8e0,USA,NEW SEA ROVER,TRAWLERS,FISHING,367346010,0.67,Stage 1,2018-10-01
41.08,-71.379997,2018-05-21,d2d4a7623-3cb5-3aed-65b0-0866a70bfbb3,USA,OCEAN STATE,TRAWLERS,FISHING,366278770,0.43,Stage 1,2018-05-01
40.89,-71.360001,2018-06-13,6b3c9d22e-e924-5f89-9665-73604b8d5608,USA,TIMBERLINE,DREDGE_FISHING,FISHING,367071460,1.38,Stage 1,2018-06-01
41.31,-71.330002,2018-04-15,46a1ad78f-fdf5-4f58-4385-8a781e5b6053,NLD,BALTIC,TRAWLERS,FISHING,244020098,0.89,Stage 1,2018-04-01
40.87,-70.910004,2018-10-10,a60bb8c1a-a9cd-5892-2581-2bea9933c8e0,USA,NEW SEA ROVER,TRAWLERS,FISHING,367346010,1.24,Stage 1,2018-10-01
41.23,-70.889999,2018-08-07,a97a00717-7e35-36df-2dec-6f6e041a2ab1,USA,PRIME RATE,POLE_AND_LINE,FISHING,367613470,0.6,Stage 1,2018-08-01
40.94,-71.370003,2018-04-11,0c5aded4c-cbdc-435c-3a09-a261df2e531a,USA,EXPLORER,POLE_AND_LINE,FISHING,368008390,1.54,Stage 1,2018-04-01
41.03,-71.25,2018-06-17,a45b489d0-00f1-5dc5-64d8-6d681d72b4ba,USA,LADY BRITTANY,TRAWLERS,FISHING,366983260,0.8,Stage 1,2018-06-01
40.87,-71.32,2018-07-04,9a8640511-1c91-5720-80f0-021981ce9f23,USA,WANDO RIVER,TRAWLERS,FISHING,367718760,0.79,Stage 1,2018-07-01
41.31,-71.410004,2018-05-22,b91c9478b-bfa0-844e-f949-ccea31ce5ac1,USA,ELIZ AND KATHERINE,TRAWLERS,FISHING,367542540,0.37,Stage 1,2018-05-01
41.36,-71.260002,2018-04-16,46a1ad78f-fdf5-4f58-4385-8a781e5b6053,NLD,BALTIC,TRAWLERS,FISHING,244020098,0.91,Stage 1,2018-04-01
40.98,-70.720001,2018-08-08,d8bbf6380-05af-2b58-ca64-97ffb1eb319f,USA,ENTERPRISE,TRAWLERS,FISHING,367590310,1.12,Stage 1,2018-08-01
41.01,-71.25,2018-06-11,a45b489d0-00f1-5dc5-64d8-6d681d72b4ba,USA,LADY BRITTANY,TRAWLERS,FISHING,366983260,1.52,Stage 1,2018-06-01
41,-70.75,2018-10-26,8e22db9b2-2bf0-adda-13be-d3d60cac358e,USA,PREVAIL,POLE_AND_LINE,FISHING,367166230,1.34,Stage 1,2018-10-01
41.15,-71.120003,2018-06-14,e47e12923-3d06-31f2-4643-015ef5dd4643,USA,DEBBIE ANN,FISHING,FISHING,367313950,0.55,Stage 1,2018-06-01
41.28,-70.970001,2018-07-26,dd6eb6d60-0fea-40b3-82c4-6fd4fe4b2e7c,USA,SEVEN SEAS,TRAWLERS,FISHING,367624610,1.52,Stage 1,2018-07-01
41.2,-71.199997,2018-08-03,94a980510-01b3-625f-8524-0b3b93600b8c,USA,CODY,TRAWLERS,FISHING,367190280,0.97,Stage 1,2018-08-01
41.03,-71.040001,2018-07-13,fd96b30e3-3f77-f437-8122-20e7744dfdb4,USA,TIMBERLINE,DREDGE_FISHING,FISHING,367071460,0.63,Stage 1,2018-07-01
41.22,-71.209999,2018-11-30,2326efd2e-ef2b-34f0-f4e7-9a078f8cb4c4,USA,BELL SKY,TRAWLERS,FISHING,367637420,1.25,Stage 1,2018-11-01
40.97,-71.050003,2018-07-01,fd96b30e3-3f77-f437-8122-20e7744dfdb4,USA,TIMBERLINE,DREDGE_FISHING,FISHING,367071460,1.12,Stage 1,2018-07-01
41.12,-71.379997,2018-08-07,e4a69e8d8-8768-d8d9-aa04-c12941bc58ec,USA,LAURA PEGGY,SET_GILLNETS,FISHING,338130869,1.87,Stage 1,2018-08-01
41.07,-71.379997,2018-05-31,dd6eb6d60-0fea-40b3-82c4-6fd4fe4b2e7c,USA,SEVEN SEAS,TRAWLERS,FISHING,367624610,1.16,Stage 1,2018-05-01
40.91,-71.349998,2018-04-13,0c5aded4c-cbdc-435c-3a09-a261df2e531a,USA,EXPLORER,POLE_AND_LINE,FISHING,368008390,1.46,Stage 1,2018-04-01
41.03,-71.169998,2018-12-14,fda33ad3b-b3d7-9afb-257d-126bd7b77f81,USA,LADY FRANCES,INCONCLUSIVE,FISHING,367155670,1.89,Stage 1,2018-12-01
40.83,-70.900002,2018-09-09,f145d6b56-62bf-0ef6-570c-bb990c3c738f,USA,SEA WATCHER I,TRAWLERS,FISHING,367010820,1.96,Stage 1,2018-09-01
40.84,-70.889999,2018-11-12,a45b489d0-00f1-5dc5-64d8-6d681d72b4ba,USA,LADY BRITTANY,TRAWLERS,FISHING,366983260,2.2,Stage 1,2018-11-01
40.83,-70.919998,2018-09-12,f145d6b56-62bf-0ef6-570c-bb990c3c738f,USA,SEA WATCHER I,TRAWLERS,FISHING,367010820,7.18,Stage 1,2018-09-01
41.07,-70.800003,2018-08-04,d8bbf6380-05af-2b58-ca64-97ffb1eb319f,USA,ENTERPRISE,TRAWLERS,FISHING,367590310,1.9,Stage 1,2018-08-01
40.97,-70.790001,2018-09-20,659b8579d-d499-fdb7-4610-c5fc285298cc,USA,KASSIDY LYN,FISHING,FISHING,338224707,18.36,Stage 1,2018-09-01
40.92,-71.300003,2018-08-07,fd96b30e3-3f77-f437-8122-20e7744dfdb4,USA,TIMBERLINE,DREDGE_FISHING,FISHING,367071460,1.03,Stage 1,2018-08-01
41.1,-70.910004,2018-07-06,79b0852e1-1e25-4bae-ba24-811a7b9779fb,USA,MISS LINDSEY,FISHING,FISHING,367742440,12.31,Stage 1,2018-07-01
41.13,-70.709999,2018-08-15,43f53617c-c08e-b2f5-79de-9618f2e30980,USA,TENACITY,TRAWLERS,FISHING,367651150,0.95,Stage 1,2018-08-01
41.13,-71.120003,2018-09-17,90b9eaea0-018d-1eaf-4055-36b770057d04,USA,GAIL FRANCES,INCONCLUSIVE,FISHING,366940990,1.26,Stage 1,2018-09-01
41.24,-71.110001,2018-07-05,ba4a52920-081c-0c35-d8de-8626e17931f5,USA,F/V GUARDIAN,FISHING,FISHING,367393670,3.52,Stage 1,2018-07-01
41.09,-71.300003,2018-05-09,b91c9478b-bfa0-844e-f949-ccea31ce5ac1,USA,ELIZ AND KATHERINE,TRAWLERS,FISHING,367542540,0.93,Stage 1,2018-05-01
40.9,-71.309998,2018-06-27,a45b489d0-00f1-5dc5-64d8-6d681d72b4ba,USA,LADY BRITTANY,TRAWLERS,FISHING,366983260,8.36,Stage 1,2018-06-01
41.03,-70.959999,2018-07-27,dd6eb6d60-0fea-40b3-82c4-6fd4fe4b2e7c,USA,SEVEN SEAS,TRAWLERS,FISHING,367624610,0.71,Stage 1,2018-07-01
41.09,-70.760002,2018-08-14,43f53617c-c08e-b2f5-79de-9618f2e30980,USA,TENACITY,TRAWLERS,FISHING,367651150,1.18,Stage 1,2018-08-01
41.21,-71.309998,2018-08-24,d8bbf6380-05af-2b58-ca64-97ffb1eb319f,USA,ENTERPRISE,TRAWLERS,FISHING,367590310,0.72,Stage 1,2018-08-01
40.9,-70.980003,2018-06-12,21e4f8f24-4896-2cf9-12c1-341ad7997cc5,USA,PILGRIM,SET_GILLNETS,FISHING,367118070,1.44,Stage 1,2018-06-01
41.04,-70.860001,2018-08-05,dd6eb6d60-0fea-40b3-82c4-6fd4fe4b2e7c,USA,SEVEN SEAS,TRAWLERS,FISHING,367624610,0.97,Stage 1,2018-08-01
41.01,-71.239998,2018-06-09,a45b489d0-00f1-5dc5-64d8-6d681d72b4ba,USA,LADY BRITTANY,TRAWLERS,FISHING,366983260,22.22,Stage 1,2018-06-01
41.06,-70.919998,2018-09-24,b7bc134b9-9a63-5e4d-6e37-c982edeaed55,USA,HELEN LOUISE,TRAWLERS,FISHING,367459470,1,Stage 1,2018-09-01
41.08,-70.709999,2018-07-26,dd6eb6d60-0fea-40b3-82c4-6fd4fe4b2e7c,USA,SEVEN SEAS,TRAWLERS,FISHING,367624610,0.85,Stage 1,2018-07-01
41.11,-71.300003,2018-05-22,b91c9478b-bfa0-844e-f949-ccea31ce5ac1,USA,ELIZ AND KATHERINE,TRAWLERS,FISHING,367542540,2.11,Stage 1,2018-05-01
41.06,-70.839996,2018-08-07,3bf0a38cb-b2be-efb0-3ce1-cf112105af80,USA,MACKENZIE PAIGE,TRAWLERS,FISHING,367326980,1,Stage 1,2018-08-01
40.93,-71.209999,2018-06-14,e47e12923-3d06-31f2-4643-015ef5dd4643,USA,DEBBIE ANN,FISHING,FISHING,367313950,0.53,Stage 1,2018-06-01
41.1,-70.720001,2018-08-04,d8bbf6380-05af-2b58-ca64-97ffb1eb319f,USA,ENTERPRISE,TRAWLERS,FISHING,367590310,0.94,Stage 1,2018-08-01
40.94,-71.370003,2018-04-12,0c5aded4c-cbdc-435c-3a09-a261df2e531a,USA,EXPLORER,POLE_AND_LINE,FISHING,368008390,2.9,Stage 1,2018-04-01
41.09,-70.900002,2018-09-24,b7bc134b9-9a63-5e4d-6e37-c982edeaed55,USA,HELEN LOUISE,TRAWLERS,FISHING,367459470,4.34,Stage 1,2018-09-01
40.88,-71.349998,2018-08-16,a60bb8c1a-a9cd-5892-2581-2bea9933c8e0,USA,NEW SEA ROVER,TRAWLERS,FISHING,367346010,2.77,Stage 1,2018-08-01
40.87,-70.970001,2018-07-04,21e4f8f24-4896-2cf9-12c1-341ad7997cc5,USA,PILGRIM,SET_GILLNETS,FISHING,367118070,0.33,Stage 1,2018-07-01
40.84,-70.889999,2018-11-09,a45b489d0-00f1-5dc5-64d8-6d681d72b4ba,USA,LADY BRITTANY,TRAWLERS,FISHING,366983260,0.74,Stage 1,2018-11-01
41.34,-71.309998,2018-04-15,46a1ad78f-fdf5-4f58-4385-8a781e5b6053,NLD,BALTIC,TRAWLERS,FISHING,244020098,0.97,Stage 1,2018-04-01
40.99,-71.07,2018-07-01,fd96b30e3-3f77-f437-8122-20e7744dfdb4,USA,TIMBERLINE,DREDGE_FISHING,FISHING,367071460,1.33,Stage 1,2018-07-01
40.97,-70.82,2018-09-23,fd7e8becf-f87a-e0e5-0c78-1c94ac7da3e7,USA,MISS ELLA,FISHING,FISHING,367742440,6.38,Stage 1,2018-09-01
41,-71.209999,2018-06-08,a45b489d0-00f1-5dc5-64d8-6d681d72b4ba,USA,LADY BRITTANY,TRAWLERS,FISHING,366983260,1.15,Stage 1,2018-06-01
40.89,-71.349998,2018-07-05,a45b489d0-00f1-5dc5-64d8-6d681d72b4ba,USA,LADY BRITTANY,TRAWLERS,FISHING,366983260,1.29,Stage 1,2018-07-01
41.03,-71.059998,2018-07-20,fd96b30e3-3f77-f437-8122-20e7744dfdb4,USA,TIMBERLINE,DREDGE_FISHING,FISHING,367071460,1.59,Stage 1,2018-07-01
41.18,-71.260002,2018-08-21,410f103b3-3bf1-c50e-50ee-18fb85c0b8b9,USA,RAYDA CHERAMIE,FISHING,FISHING,366947090,3.57,Stage 1,2018-08-01
41.18,-71.209999,2018-07-17,d8bbf6380-05af-2b58-ca64-97ffb1eb319f,USA,ENTERPRISE,TRAWLERS,FISHING,367590310,0.97,Stage 1,2018-07-01
41.27,-71.330002,2018-04-15,46a1ad78f-fdf5-4f58-4385-8a781e5b6053,NLD,BALTIC,TRAWLERS,FISHING,244020098,0.98,Stage 1,2018-04-01
40.91,-71.370003,2018-05-09,9a8640511-1c91-5720-80f0-021981ce9f23,USA,WANDO RIVER,TRAWLERS,FISHING,367718760,0.4,Stage 1,2018-05-01
41.02,-70.889999,2018-07-28,94a980510-01b3-625f-8524-0b3b93600b8c,USA,CODY,TRAWLERS,FISHING,367190280,4.86,Stage 1,2018-07-01
41.11,-71.290001,2018-06-18,dd6eb6d60-0fea-40b3-82c4-6fd4fe4b2e7c,USA,SEVEN SEAS,TRAWLERS,FISHING,367624610,0.6,Stage 1,2018-06-01
40.92,-71.32,2018-08-05,fd96b30e3-3f77-f437-8122-20e7744dfdb4,USA,TIMBERLINE,DREDGE_FISHING,FISHING,367071460,2.83,Stage 1,2018-08-01
41.32,-71.400002,2018-01-09,d2d4a7623-3cb5-3aed-65b0-0866a70bfbb3,USA,OCEAN STATE,TRAWLERS,FISHING,366278770,2.15,Stage 1,2018-01-01
40.82,-70.919998,2018-09-09,f145d6b56-62bf-0ef6-570c-bb990c3c738f,USA,SEA WATCHER I,TRAWLERS,FISHING,367010820,2.09,Stage 1,2018-09-01
40.89,-70.970001,2018-06-12,21e4f8f24-4896-2cf9-12c1-341ad7997cc5,USA,PILGRIM,SET_GILLNETS,FISHING,367118070,0.34,Stage 1,2018-06-01
41.06,-70.839996,2018-08-04,dd6eb6d60-0fea-40b3-82c4-6fd4fe4b2e7c,USA,SEVEN SEAS,TRAWLERS,FISHING,367624610,0.87,Stage 1,2018-08-01
41.09,-70.760002,2018-08-04,d8bbf6380-05af-2b58-ca64-97ffb1eb319f,USA,ENTERPRISE,TRAWLERS,FISHING,367590310,1.12,Stage 1,2018-08-01
41.03,-71.18,2018-12-01,90b9eaea0-018d-1eaf-4055-36b770057d04,USA,GAIL FRANCES,INCONCLUSIVE,FISHING,366940990,2.53,Stage 1,2018-12-01
40.9,-71.339996,2018-07-05,a45b489d0-00f1-5dc5-64d8-6d681d72b4ba,USA,LADY BRITTANY,TRAWLERS,FISHING,366983260,1.07,Stage 1,2018-07-01
41.11,-71.349998,2018-08-27,94a980510-01b3-625f-8524-0b3b93600b8c,USA,CODY,TRAWLERS,FISHING,367190280,1.68,Stage 1,2018-08-01
40.92,-71.269997,2018-06-13,6b3c9d22e-e924-5f89-9665-73604b8d5608,USA,TIMBERLINE,DREDGE_FISHING,FISHING,367071460,0.57,Stage 1,2018-06-01
41.19,-71.029999,2018-07-26,dd6eb6d60-0fea-40b3-82c4-6fd4fe4b2e7c,USA,SEVEN SEAS,TRAWLERS,FISHING,367624610,0.69,Stage 1,2018-07-01
41.1,-70.75,2018-08-02,dd6eb6d60-0fea-40b3-82c4-6fd4fe4b2e7c,USA,SEVEN SEAS,TRAWLERS,FISHING,367624610,16.77,Stage 1,2018-08-01
41.23,-71.330002,2018-04-14,46a1ad78f-fdf5-4f58-4385-8a781e5b6053,NLD,BALTIC,TRAWLERS,FISHING,244020098,1.02,Stage 1,2018-04-01
41.11,-70.730003,2018-08-14,43f53617c-c08e-b2f5-79de-9618f2e30980,USA,TENACITY,TRAWLERS,FISHING,367651150,4.63,Stage 1,2018-08-01
41.17,-71.269997,2018-08-21,e835426b5-5325-4b79-ca28-832b6de511b0,USA,CONOR AND MICHAEL,TRAWLERS,FISHING,367301540,1.42,Stage 1,2018-08-01
41.04,-70.830002,2018-08-30,c6dcbd020-0a8f-4bdf-0d1b-59f35de9edc3,USA,ESS PRIDE,TRAWLERS,FISHING,367411950,2.03,Stage 1,2018-08-01
40.95,-71.309998,2018-05-23,33ff8cfa3-3333-eaff-9333-6cdc72d2468f,USA,F/V SAO JACINTO,TRAWLERS,FISHING,367312670,10.83,Stage 1,2018-05-01
41.1,-71.300003,2018-05-09,b91c9478b-bfa0-844e-f949-ccea31ce5ac1,USA,ELIZ AND KATHERINE,TRAWLERS,FISHING,367542540,1.39,Stage 1,2018-05-01
41.1,-70.75,2018-07-28,dd6eb6d60-0fea-40b3-82c4-6fd4fe4b2e7c,USA,SEVEN SEAS,TRAWLERS,FISHING,367624610,1.66,Stage 1,2018-07-01
41.26,-71.379997,2018-05-27,744aa207c-c2fd-9d39-afb2-1c4a0162c4a4,USA,BELLA SKY,TRAWLERS,FISHING,367784820,0.7,Stage 1,2018-05-01
40.98,-71.230003,2018-02-11,33ff8cfa3-3333-eaff-9333-6cdc72d2468f,USA,F/V SAO JACINTO,TRAWLERS,FISHING,367312670,22.86,Stage 1,2018-02-01
41.03,-71.169998,2018-12-05,fda33ad3b-b3d7-9afb-257d-126bd7b77f81,USA,LADY FRANCES,INCONCLUSIVE,FISHING,367155670,1.6,Stage 1,2018-12-01
41.03,-70.900002,2018-07-28,dd6eb6d60-0fea-40b3-82c4-6fd4fe4b2e7c,USA,SEVEN SEAS,TRAWLERS,FISHING,367624610,0.83,Stage 1,2018-07-01
41.07,-71.379997,2018-08-27,395358792-2ac0-d275-16a9-bd8cad811778,USA,HEATHER LYNN,TRAWLERS,FISHING,367119340,5.7,Stage 1,2018-08-01
41.03,-71.18,2018-12-10,fda33ad3b-b3d7-9afb-257d-126bd7b77f81,USA,LADY FRANCES,INCONCLUSIVE,FISHING,367155670,3.36,Stage 1,2018-12-01
40.91,-71.160004,2018-09-05,fd96b30e3-3f77-f437-8122-20e7744dfdb4,USA,TIMBERLINE,DREDGE_FISHING,FISHING,367071460,3.55,Stage 1,2018-09-01
41.32,-71.400002,2018-10-23,3c32ced74-4560-e6f1-77f3-0660a2f14f55,USA,ELIZ AND KATHERINE,TRAWLERS,FISHING,367542540,1.15,Stage 1,2018-10-01
40.91,-71.099998,2018-10-10,fd96b30e3-3f77-f437-8122-20e7744dfdb4,USA,TIMBERLINE,DREDGE_FISHING,FISHING,367071460,2.6,Stage 1,2018-10-01
41.17,-71.279999,2018-08-24,d8bbf6380-05af-2b58-ca64-97ffb1eb319f,USA,ENTERPRISE,TRAWLERS,FISHING,367590310,1.02,Stage 1,2018-08-01
41.07,-70.790001,2018-08-04,dd6eb6d60-0fea-40b3-82c4-6fd4fe4b2e7c,USA,SEVEN SEAS,TRAWLERS,FISHING,367624610,1.17,Stage 1,2018-08-01
40.98,-71.050003,2018-07-01,fd96b30e3-3f77-f437-8122-20e7744dfdb4,USA,TIMBERLINE,DREDGE_FISHING,FISHING,367071460,0.94,Stage 1,2018-07-01
40.85,-70.989998,2018-08-16,50682f6be-e7c0-5ea5-3912-7cc3e9a9882c,USA,SHELBY ANN,TRAWLERS,FISHING,367687850,15.25,Stage 1,2018-08-01
41.35,-71.309998,2018-04-15,46a1ad78f-fdf5-4f58-4385-8a781e5b6053,NLD,BALTIC,TRAWLERS,FISHING,244020098,0.81,Stage 1,2018-04-01
41.02,-70.790001,2018-07-28,94a980510-01b3-625f-8524-0b3b93600b8c,USA,CODY,TRAWLERS,FISHING,367190280,2.17,Stage 1,2018-07-01
41.08,-70.779999,2018-08-04,d8bbf6380-05af-2b58-ca64-97ffb1eb319f,USA,ENTERPRISE,TRAWLERS,FISHING,367590310,1.15,Stage 1,2018-08-01
40.98,-71.25,2018-05-02,33ff8cfa3-3333-eaff-9333-6cdc72d2468f,USA,F/V SAO JACINTO,TRAWLERS,FISHING,367312670,0.83,Stage 1,2018-05-01
41.04,-70.779999,2018-09-24,659b8579d-d499-fdb7-4610-c5fc285298cc,USA,KASSIDY LYN,FISHING,FISHING,338224707,0.92,Stage 1,2018-09-01
40.99,-71.370003,2018-05-02,9a8640511-1c91-5720-80f0-021981ce9f23,USA,WANDO RIVER,TRAWLERS,FISHING,367718760,7.79,Stage 1,2018-05-01
41.02,-70.93,2018-07-20,dd6eb6d60-0fea-40b3-82c4-6fd4fe4b2e7c,USA,SEVEN SEAS,TRAWLERS,FISHING,367624610,0.57,Stage 1,2018-07-01
41.14,-71.349998,2018-09-22,90b9eaea0-018d-1eaf-4055-36b770057d04,USA,GAIL FRANCES,INCONCLUSIVE,FISHING,366940990,0.87,Stage 1,2018-09-01
40.88,-71.220001,2018-04-22,fda33ad3b-b3d7-9afb-257d-126bd7b77f81,USA,LADY FRANCES,INCONCLUSIVE,FISHING,367155670,0.66,Stage 1,2018-04-01
41.35,-71.370003,2018-08-16,e4a69e8d8-8768-d8d9-aa04-c12941bc58ec,USA,LAURA PEGGY,SET_GILLNETS,FISHING,338130869,0.97,Stage 1,2018-08-01
41.22,-71.190002,2018-07-15,1856ff668-81c7-00a5-1844-42014faa80c6,USA,A0MISSUEANN,FISHING,FISHING,367016380,0.88,Stage 1,2018-07-01
40.95,-71.349998,2018-04-10,0c5aded4c-cbdc-435c-3a09-a261df2e531a,USA,EXPLORER,POLE_AND_LINE,FISHING,368008390,0.84,Stage 1,2018-04-01
41.28,-71.059998,2018-07-17,36173efb2-29a8-c9aa-9051-86a8f7b52a89,USA,SUSAN ROSE,FISHING,FISHING,366103960,11.22,Stage 1,2018-07-01
41.02,-71.040001,2018-07-09,fd96b30e3-3f77-f437-8122-20e7744dfdb4,USA,TIMBERLINE,DREDGE_FISHING,FISHING,367071460,6.35,Stage 1,2018-07-01
40.95,-70.75,2018-10-26,8e22db9b2-2bf0-adda-13be-d3d60cac358e,USA,PREVAIL,POLE_AND_LINE,FISHING,367166230,0.74,Stage 1,2018-10-01
41.15,-71.110001,2018-12-12,ef68d82c6-6d7e-ae58-2266-6ed164d98ce3,USA,MAX & EMMA,FISHING,FISHING,367792770,0.82,Stage 1,2018-12-01
41.04,-70.900002,2018-07-25,dd6eb6d60-0fea-40b3-82c4-6fd4fe4b2e7c,USA,SEVEN SEAS,TRAWLERS,FISHING,367624610,1.77,Stage 1,2018-07-01
41.24,-71.160004,2018-06-11,d8bbf6380-05af-2b58-ca64-97ffb1eb319f,USA,ENTERPRISE,TRAWLERS,FISHING,367590310,0.33,Stage 1,2018-06-01
40.84,-70.940002,2018-09-09,f145d6b56-62bf-0ef6-570c-bb990c3c738f,USA,SEA WATCHER I,TRAWLERS,FISHING,367010820,0.91,Stage 1,2018-09-01
41,-71.230003,2018-09-05,9a8640511-1c91-5720-80f0-021981ce9f23,USA,WANDO RIVER,TRAWLERS,FISHING,367718760,0.34,Stage 1,2018-09-01
41.05,-70.970001,2018-05-03,a15e533c5-505d-88e3-1794-2f973ee6df1a,USA,FV AMERICAN BEAUTY,POLE_AND_LINE,FISHING,367799120,0.88,Stage 1,2018-05-01
40.84,-70.910004,2018-10-26,a45b489d0-00f1-5dc5-64d8-6d681d72b4ba,USA,LADY BRITTANY,TRAWLERS,FISHING,366983260,0.72,Stage 1,2018-10-01
41.07,-71.379997,2018-05-02,d2d4a7623-3cb5-3aed-65b0-0866a70bfbb3,USA,OCEAN STATE,TRAWLERS,FISHING,366278770,5.71,Stage 1,2018-05-01
40.84,-70.889999,2018-11-08,a45b489d0-00f1-5dc5-64d8-6d681d72b4ba,USA,LADY BRITTANY,TRAWLERS,FISHING,366983260,1.04,Stage 1,2018-11-01
41.36,-71.290001,2018-04-15,46a1ad78f-fdf5-4f58-4385-8a781e5b6053,NLD,BALTIC,TRAWLERS,FISHING,244020098,1,Stage 1,2018-04-01
41.07,-70.910004,2018-09-24,b7bc134b9-9a63-5e4d-6e37-c982edeaed55,USA,HELEN LOUISE,TRAWLERS,FISHING,367459470,0.9,Stage 1,2018-09-01
41.06,-70.739998,2018-07-27,d8bbf6380-05af-2b58-ca64-97ffb1eb319f,USA,ENTERPRISE,TRAWLERS,FISHING,367590310,0.87,Stage 1,2018-07-01
41.09,-70.800003,2018-07-21,dd6eb6d60-0fea-40b3-82c4-6fd4fe4b2e7c,USA,SEVEN SEAS,TRAWLERS,FISHING,367624610,1.57,Stage 1,2018-07-01
41.25,-71.120003,2018-07-10,9a8640511-1c91-5720-80f0-021981ce9f23,USA,WANDO RIVER,TRAWLERS,FISHING,367718760,0.84,Stage 1,2018-07-01
41.22,-71.199997,2018-06-12,d8bbf6380-05af-2b58-ca64-97ffb1eb319f,USA,ENTERPRISE,TRAWLERS,FISHING,367590310,0.85,Stage 1,2018-06-01
41.04,-70.900002,2018-07-28,dd6eb6d60-0fea-40b3-82c4-6fd4fe4b2e7c,USA,SEVEN SEAS,TRAWLERS,FISHING,367624610,1.63,Stage 1,2018-07-01
41.1,-70.730003,2018-08-06,dd6eb6d60-0fea-40b3-82c4-6fd4fe4b2e7c,USA,SEVEN SEAS,TRAWLERS,FISHING,367624610,0.69,Stage 1,2018-08-01
41.08,-70.889999,2018-09-17,659b8579d-d499-fdb7-4610-c5fc285298cc,USA,KASSIDY LYN,FISHING,FISHING,338224707,1.31,Stage 1,2018-09-01
41.05,-71.089996,2018-10-14,90b9eaea0-018d-1eaf-4055-36b770057d04,USA,GAIL FRANCES,INCONCLUSIVE,FISHING,366940990,1.19,Stage 1,2018-10-01
40.9,-71.339996,2018-06-27,a45b489d0-00f1-5dc5-64d8-6d681d72b4ba,USA,LADY BRITTANY,TRAWLERS,FISHING,366983260,0.89,Stage 1,2018-06-01
41.13,-70.75,2018-08-15,43f53617c-c08e-b2f5-79de-9618f2e30980,USA,TENACITY,TRAWLERS,FISHING,367651150,0.93,Stage 1,2018-08-01
41.07,-70.779999,2018-07-26,dd6eb6d60-0fea-40b3-82c4-6fd4fe4b2e7c,USA,SEVEN SEAS,TRAWLERS,FISHING,367624610,1.1,Stage 1,2018-07-01
41.15,-71.300003,2018-07-09,d8bbf6380-05af-2b58-ca64-97ffb1eb319f,USA,ENTERPRISE,TRAWLERS,FISHING,367590310,0.53,Stage 1,2018-07-01
41.15,-71.290001,2018-08-16,d8bbf6380-05af-2b58-ca64-97ffb1eb319f,USA,ENTERPRISE,TRAWLERS,FISHING,367590310,1.22,Stage 1,2018-08-01
41.32,-71.400002,2018-10-07,ff3830e6a-a93e-1d34-b439-f9f742984f72,USA,DARANA R,FISHING,FISHING,367174730,0.86,Stage 1,2018-10-01
40.99,-71.230003,2018-11-25,9a2e7d35a-ad16-589b-e9b0-7428f57a19fc,USA,NEW SEA ROVER,TRAWLERS,FISHING,367346010,1.7,Stage 1,2018-11-01
40.93,-71.32,2018-08-05,fd96b30e3-3f77-f437-8122-20e7744dfdb4,USA,TIMBERLINE,DREDGE_FISHING,FISHING,367071460,1.04,Stage 1,2018-08-01
40.88,-71.300003,2018-05-25,9a8640511-1c91-5720-80f0-021981ce9f23,USA,WANDO RIVER,TRAWLERS,FISHING,367718760,0.91,Stage 1,2018-05-01
41.24,-71.120003,2018-11-30,2326efd2e-ef2b-34f0-f4e7-9a078f8cb4c4,USA,BELL SKY,TRAWLERS,FISHING,367637420,0.87,Stage 1,2018-11-01
40.91,-70.970001,2018-06-25,21e4f8f24-4896-2cf9-12c1-341ad7997cc5,USA,PILGRIM,SET_GILLNETS,FISHING,367118070,0.91,Stage 1,2018-06-01
41.03,-71.230003,2018-07-09,9a8640511-1c91-5720-80f0-021981ce9f23,USA,WANDO RIVER,TRAWLERS,FISHING,367718760,0.71,Stage 1,2018-07-01
41.03,-71.029999,2018-07-10,fd96b30e3-3f77-f437-8122-20e7744dfdb4,USA,TIMBERLINE,DREDGE_FISHING,FISHING,367071460,0.85,Stage 1,2018-07-01
40.92,-71.339996,2018-04-12,0c5aded4c-cbdc-435c-3a09-a261df2e531a,USA,EXPLORER,POLE_AND_LINE,FISHING,368008390,2.14,Stage 1,2018-04-01
41.26,-71.150002,2018-08-03,94a980510-01b3-625f-8524-0b3b93600b8c,USA,CODY,TRAWLERS,FISHING,367190280,0.89,Stage 1,2018-08-01
41.16,-71.040001,2018-07-26,dd6eb6d60-0fea-40b3-82c4-6fd4fe4b2e7c,USA,SEVEN SEAS,TRAWLERS,FISHING,367624610,3.68,Stage 1,2018-07-01
41.02,-70.849998,2018-07-29,94a980510-01b3-625f-8524-0b3b93600b8c,USA,CODY,TRAWLERS,FISHING,367190280,3.71,Stage 1,2018-07-01
41.03,-71.18,2018-12-31,287fc1cbf-fbc0-3baa-ae98-f20768f5d10f,USA,VIKING STARSHIP,PASSENGER,PASSENGER,367661740,2.81,Stage 1,2018-12-01
41.15,-71.290001,2018-08-21,50682f6be-e7c0-5ea5-3912-7cc3e9a9882c,USA,SHELBY ANN,TRAWLERS,FISHING,367687850,0.95,Stage 1,2018-08-01
41.07,-71.139999,2018-07-30,44752569c-c00c-da61-1898-4d62b6314a40,USA,VIRGINIA MARISE,TRAWLERS,FISHING,367145360,2.12,Stage 1,2018-07-01
40.91,-71.209999,2018-09-17,fd96b30e3-3f77-f437-8122-20e7744dfdb4,USA,TIMBERLINE,DREDGE_FISHING,FISHING,367071460,6.01,Stage 1,2018-09-01
40.9,-70.989998,2018-09-08,395358792-2ac0-d275-16a9-bd8cad811778,USA,HEATHER LYNN,TRAWLERS,FISHING,367119340,0.92,Stage 1,2018-09-01
41.35,-71.290001,2018-05-30,ef1a772a1-1358-1adf-381d-f0fbe1282310,USA,DARANA R,FISHING,FISHING,367174730,4.3,Stage 1,2018-05-01
40.85,-70.900002,2018-11-08,a45b489d0-00f1-5dc5-64d8-6d681d72b4ba,USA,LADY BRITTANY,TRAWLERS,FISHING,366983260,0.93,Stage 1,2018-11-01
40.91,-70.989998,2018-07-04,21e4f8f24-4896-2cf9-12c1-341ad7997cc5,USA,PILGRIM,SET_GILLNETS,FISHING,367118070,0.92,Stage 1,2018-07-01
41.1,-70.739998,2018-08-04,d8bbf6380-05af-2b58-ca64-97ffb1eb319f,USA,ENTERPRISE,TRAWLERS,FISHING,367590310,0.98,Stage 1,2018-08-01
41.17,-70.940002,2018-07-06,79b0852e1-1e25-4bae-ba24-811a7b9779fb,USA,MISS LINDSEY,FISHING,FISHING,367742440,0.84,Stage 1,2018-07-01
41.28,-71.269997,2018-07-05,ba4a52920-081c-0c35-d8de-8626e17931f5,USA,F/V GUARDIAN,FISHING,FISHING,367393670,0.84,Stage 1,2018-07-01
41.1,-71.220001,2018-07-02,395358792-2ac0-d275-16a9-bd8cad811778,USA,HEATHER LYNN,TRAWLERS,FISHING,367119340,13.92,Stage 1,2018-07-01
41.17,-71.129997,2018-07-17,d8bbf6380-05af-2b58-ca64-97ffb1eb319f,USA,ENTERPRISE,TRAWLERS,FISHING,367590310,0.92,Stage 1,2018-07-01
41.11,-71.339996,2018-06-12,d8bbf6380-05af-2b58-ca64-97ffb1eb319f,USA,ENTERPRISE,TRAWLERS,FISHING,367590310,1.21,Stage 1,2018-06-01
41.03,-71.379997,2018-06-26,d2d4a7623-3cb5-3aed-65b0-0866a70bfbb3,USA,OCEAN STATE,TRAWLERS,FISHING,366278770,0.98,Stage 1,2018-06-01
41.1,-71.190002,2018-07-13,9a8640511-1c91-5720-80f0-021981ce9f23,USA,WANDO RIVER,TRAWLERS,FISHING,367718760,14.43,Stage 1,2018-07-01
41.11,-70.730003,2018-07-25,dd6eb6d60-0fea-40b3-82c4-6fd4fe4b2e7c,USA,SEVEN SEAS,TRAWLERS,FISHING,367624610,0.82,Stage 1,2018-07-01
40.91,-71.290001,2018-06-17,9a2e7d35a-ad16-589b-e9b0-7428f57a19fc,USA,NEW SEA ROVER,TRAWLERS,FISHING,367346010,3.1,Stage 1,2018-06-01
41.06,-71.330002,2018-05-09,0aa677a23-34d1-62cd-24ab-48ab0cf6fc9e,USA,BROOKE C,SET_GILLNETS,FISHING,338228458,2.97,Stage 1,2018-05-01
41.09,-71.110001,2018-07-30,44752569c-c00c-da61-1898-4d62b6314a40,USA,VIRGINIA MARISE,TRAWLERS,FISHING,367145360,0.87,Stage 1,2018-07-01
41.04,-70.959999,2018-06-23,21e4f8f24-4896-2cf9-12c1-341ad7997cc5,USA,PILGRIM,SET_GILLNETS,FISHING,367118070,1.48,Stage 1,2018-06-01
40.9,-71.169998,2018-09-06,fd96b30e3-3f77-f437-8122-20e7744dfdb4,USA,TIMBERLINE,DREDGE_FISHING,FISHING,367071460,0.68,Stage 1,2018-09-01
40.99,-71.220001,2018-06-17,a45b489d0-00f1-5dc5-64d8-6d681d72b4ba,USA,LADY BRITTANY,TRAWLERS,FISHING,366983260,1.38,Stage 1,2018-06-01
41.36,-71.25,2018-04-15,46a1ad78f-fdf5-4f58-4385-8a781e5b6053,NLD,BALTIC,TRAWLERS,FISHING,244020098,1.94,Stage 1,2018-04-01
41.21,-71.300003,2018-09-15,d8bbf6380-05af-2b58-ca64-97ffb1eb319f,USA,ENTERPRISE,TRAWLERS,FISHING,367590310,0.33,Stage 1,2018-09-01
41.17,-71.230003,2018-06-11,6b3c9d22e-e924-5f89-9665-73604b8d5608,USA,TIMBERLINE,DREDGE_FISHING,FISHING,367071460,1.13,Stage 1,2018-06-01
41.14,-71.32,2018-06-12,d8bbf6380-05af-2b58-ca64-97ffb1eb319f,USA,ENTERPRISE,TRAWLERS,FISHING,367590310,0.33,Stage 1,2018-06-01
40.89,-71.370003,2018-08-06,9a8640511-1c91-5720-80f0-021981ce9f23,USA,WANDO RIVER,TRAWLERS,FISHING,367718760,1.52,Stage 1,2018-08-01
40.91,-71.32,2018-07-30,fd96b30e3-3f77-f437-8122-20e7744dfdb4,USA,TIMBERLINE,DREDGE_FISHING,FISHING,367071460,5.28,Stage 1,2018-07-01
40.85,-70.870003,2018-09-09,f145d6b56-62bf-0ef6-570c-bb990c3c738f,USA,SEA WATCHER I,TRAWLERS,FISHING,367010820,1.12,Stage 1,2018-09-01
40.96,-71.290001,2018-04-12,0c5aded4c-cbdc-435c-3a09-a261df2e531a,USA,EXPLORER,POLE_AND_LINE,FISHING,368008390,1.36,Stage 1,2018-04-01
41.04,-70.760002,2018-08-15,43f53617c-c08e-b2f5-79de-9618f2e30980,USA,TENACITY,TRAWLERS,FISHING,367651150,0.9,Stage 1,2018-08-01
41.06,-70.809998,2018-07-29,cf82ed35c-c219-f8c2-745a-24c38db5d7cf,USA,BLACK SHEEP,TRAWLERS,FISHING,366831480,0.83,Stage 1,2018-07-01
41.05,-70.900002,2018-07-27,dd6eb6d60-0fea-40b3-82c4-6fd4fe4b2e7c,USA,SEVEN SEAS,TRAWLERS,FISHING,367624610,1.4,Stage 1,2018-07-01
41.09,-70.75,2018-08-07,3bf0a38cb-b2be-efb0-3ce1-cf112105af80,USA,MACKENZIE PAIGE,TRAWLERS,FISHING,367326980,1.45,Stage 1,2018-08-01
40.96,-71.269997,2018-07-09,33ff8cfa3-3333-eaff-9333-6cdc72d2468f,USA,F/V SAO JACINTO,TRAWLERS,FISHING,367312670,1.02,Stage 1,2018-07-01
41.15,-71.220001,2018-12-12,6b3c9d22e-e924-5f89-9665-73604b8d5608,USA,TIMBERLINE,DREDGE_FISHING,FISHING,367071460,1.43,Stage 1,2018-12-01
40.89,-70.82,2018-05-03,a15e533c5-505d-88e3-1794-2f973ee6df1a,USA,FV AMERICAN BEAUTY,POLE_AND_LINE,FISHING,367799120,0.93,Stage 1,2018-05-01
41.03,-71.110001,2018-07-20,dd6eb6d60-0fea-40b3-82c4-6fd4fe4b2e7c,USA,SEVEN SEAS,TRAWLERS,FISHING,367624610,0.34,Stage 1,2018-07-01
41.23,-71.160004,2018-08-21,d8bbf6380-05af-2b58-ca64-97ffb1eb319f,USA,ENTERPRISE,TRAWLERS,FISHING,367590310,0.58,Stage 1,2018-08-01
40.92,-71.309998,2018-07-30,fd96b30e3-3f77-f437-8122-20e7744dfdb4,USA,TIMBERLINE,DREDGE_FISHING,FISHING,367071460,1.71,Stage 1,2018-07-01
40.87,-71.309998,2018-08-26,943ab90cb-b546-44a3-62a6-6f2035449a91,USA,STORMY ELIZABETH,FISHING,FISHING,367151950,1.24,Stage 1,2018-08-01
40.92,-71.300003,2018-08-06,fd96b30e3-3f77-f437-8122-20e7744dfdb4,USA,TIMBERLINE,DREDGE_FISHING,FISHING,367071460,1.09,Stage 1,2018-08-01
40.97,-71.099998,2018-07-01,fd96b30e3-3f77-f437-8122-20e7744dfdb4,USA,TIMBERLINE,DREDGE_FISHING,FISHING,367071460,1.27,Stage 1,2018-07-01
41.32,-71.089996,2018-07-02,fda33ad3b-b3d7-9afb-257d-126bd7b77f81,USA,LADY FRANCES,INCONCLUSIVE,FISHING,367155670,2.63,Stage 1,2018-07-01
41.11,-71.370003,2018-08-27,e4a69e8d8-8768-d8d9-aa04-c12941bc58ec,USA,LAURA PEGGY,SET_GILLNETS,FISHING,338130869,1.1,Stage 1,2018-08-01
41.15,-71.239998,2018-12-13,6b3c9d22e-e924-5f89-9665-73604b8d5608,USA,TIMBERLINE,DREDGE_FISHING,FISHING,367071460,1.54,Stage 1,2018-12-01
41.27,-71.309998,2018-09-17,659b8579d-d499-fdb7-4610-c5fc285298cc,USA,KASSIDY LYN,FISHING,FISHING,338224707,1.02,Stage 1,2018-09-01
41.03,-71.099998,2018-10-14,90b9eaea0-018d-1eaf-4055-36b770057d04,USA,GAIL FRANCES,INCONCLUSIVE,FISHING,366940990,1.9,Stage 1,2018-10-01
40.85,-70.980003,2018-06-13,ef68d82c6-6d7e-ae58-2266-6ed164d98ce3,USA,MAX & EMMA,FISHING,FISHING,367792770,0.62,Stage 1,2018-06-01
40.89,-71.199997,2018-08-24,fd96b30e3-3f77-f437-8122-20e7744dfdb4,USA,TIMBERLINE,DREDGE_FISHING,FISHING,367071460,1.88,Stage 1,2018-08-01
41.05,-70.830002,2018-08-07,d8bbf6380-05af-2b58-ca64-97ffb1eb319f,USA,ENTERPRISE,TRAWLERS,FISHING,367590310,1.03,Stage 1,2018-08-01
40.91,-71.309998,2018-07-04,a45b489d0-00f1-5dc5-64d8-6d681d72b4ba,USA,LADY BRITTANY,TRAWLERS,FISHING,366983260,1.35,Stage 1,2018-07-01
41.3,-71.400002,2018-10-22,138335867-750f-7b39-06ff-645add8dbdc7,USA,BROOKE ELISE,TRAWLERS,FISHING,367687740,1.49,Stage 1,2018-10-01
40.96,-71.300003,2018-09-16,9a8640511-1c91-5720-80f0-021981ce9f23,USA,WANDO RIVER,TRAWLERS,FISHING,367718760,0.49,Stage 1,2018-09-01
40.89,-71.349998,2018-08-05,9a8640511-1c91-5720-80f0-021981ce9f23,USA,WANDO RIVER,TRAWLERS,FISHING,367718760,1.69,Stage 1,2018-08-01
41.23,-71.169998,2018-11-30,2326efd2e-ef2b-34f0-f4e7-9a078f8cb4c4,USA,BELL SKY,TRAWLERS,FISHING,367637420,1,Stage 1,2018-11-01
40.97,-71.230003,2018-06-17,a45b489d0-00f1-5dc5-64d8-6d681d72b4ba,USA,LADY BRITTANY,TRAWLERS,FISHING,366983260,0.5,Stage 1,2018-06-01
40.95,-71.360001,2018-04-11,0c5aded4c-cbdc-435c-3a09-a261df2e531a,USA,EXPLORER,POLE_AND_LINE,FISHING,368008390,4.32,Stage 1,2018-04-01
40.95,-71.330002,2018-07-09,33ff8cfa3-3333-eaff-9333-6cdc72d2468f,USA,F/V SAO JACINTO,TRAWLERS,FISHING,367312670,0.88,Stage 1,2018-07-01
41.14,-70.739998,2018-08-15,43f53617c-c08e-b2f5-79de-9618f2e30980,USA,TENACITY,TRAWLERS,FISHING,367651150,0.99,Stage 1,2018-08-01
40.83,-70.870003,2018-11-12,a45b489d0-00f1-5dc5-64d8-6d681d72b4ba,USA,LADY BRITTANY,TRAWLERS,FISHING,366983260,2.02,Stage 1,2018-11-01
41.33,-71.309998,2018-07-18,30cc3b10f-fc3e-15e3-76ba-2d27aadf2933,USA,F/V ATLANTIC PRINCE,TRAWLERS,FISHING,367517140,1.11,Stage 1,2018-07-01
40.94,-70.989998,2018-07-04,21e4f8f24-4896-2cf9-12c1-341ad7997cc5,USA,PILGRIM,SET_GILLNETS,FISHING,367118070,1.42,Stage 1,2018-07-01
40.82,-70.940002,2018-06-12,21e4f8f24-4896-2cf9-12c1-341ad7997cc5,USA,PILGRIM,SET_GILLNETS,FISHING,367118070,0.6,Stage 1,2018-06-01
40.93,-71.279999,2018-07-09,9a8640511-1c91-5720-80f0-021981ce9f23,USA,WANDO RIVER,TRAWLERS,FISHING,367718760,0.75,Stage 1,2018-07-01
40.9,-71.360001,2018-08-16,a60bb8c1a-a9cd-5892-2581-2bea9933c8e0,USA,NEW SEA ROVER,TRAWLERS,FISHING,367346010,1.18,Stage 1,2018-08-01
41.23,-71.150002,2018-06-12,d8bbf6380-05af-2b58-ca64-97ffb1eb319f,USA,ENTERPRISE,TRAWLERS,FISHING,367590310,3.39,Stage 1,2018-06-01
41.03,-71.18,2018-12-30,fda33ad3b-b3d7-9afb-257d-126bd7b77f81,USA,LADY FRANCES,INCONCLUSIVE,FISHING,367155670,1.13,Stage 1,2018-12-01
41.29,-71.309998,2018-05-27,ef1a772a1-1358-1adf-381d-f0fbe1282310,USA,DARANA R,FISHING,FISHING,367174730,1.18,Stage 1,2018-05-01
41.18,-71.260002,2018-07-17,d8bbf6380-05af-2b58-ca64-97ffb1eb319f,USA,ENTERPRISE,TRAWLERS,FISHING,367590310,0.56,Stage 1,2018-07-01
41.23,-71.139999,2018-05-31,d8bbf6380-05af-2b58-ca64-97ffb1eb319f,USA,ENTERPRISE,TRAWLERS,FISHING,367590310,1.13,Stage 1,2018-05-01
40.83,-70.93,2018-11-24,f145d6b56-62bf-0ef6-570c-bb990c3c738f,USA,SEA WATCHER I,TRAWLERS,FISHING,367010820,1.19,Stage 1,2018-11-01
41.13,-71.360001,2018-08-27,d8bbf6380-05af-2b58-ca64-97ffb1eb319f,USA,ENTERPRISE,TRAWLERS,FISHING,367590310,0.35,Stage 1,2018-08-01
41.17,-71.269997,2018-09-15,d8bbf6380-05af-2b58-ca64-97ffb1eb319f,USA,ENTERPRISE,TRAWLERS,FISHING,367590310,1.05,Stage 1,2018-09-01
41.08,-71.379997,2018-06-26,d2d4a7623-3cb5-3aed-65b0-0866a70bfbb3,USA,OCEAN STATE,TRAWLERS,FISHING,366278770,0.45,Stage 1,2018-06-01
41.35,-71.279999,2018-04-16,46a1ad78f-fdf5-4f58-4385-8a781e5b6053,NLD,BALTIC,TRAWLERS,FISHING,244020098,1.1,Stage 1,2018-04-01
41.01,-70.82,2018-09-07,5fd63feef-f5e1-8ef5-f76f-b08beeeb5fac,USA,MYSTIC WAY,FISHING,FISHING,367516830,0.94,Stage 1,2018-09-01
40.95,-71.309998,2018-09-16,9a8640511-1c91-5720-80f0-021981ce9f23,USA,WANDO RIVER,TRAWLERS,FISHING,367718760,0.48,Stage 1,2018-09-01
41.36,-71.260002,2018-11-01,2326efd2e-ef2b-34f0-f4e7-9a078f8cb4c4,USA,BELL SKY,TRAWLERS,FISHING,367637420,1.95,Stage 1,2018-11-01
40.92,-71.190002,2018-09-16,fd96b30e3-3f77-f437-8122-20e7744dfdb4,USA,TIMBERLINE,DREDGE_FISHING,FISHING,367071460,0.62,Stage 1,2018-09-01
41.03,-71.169998,2018-12-02,287fc1cbf-fbc0-3baa-ae98-f20768f5d10f,USA,VIKING STARSHIP,PASSENGER,PASSENGER,367661740,1.63,Stage 1,2018-12-01
40.91,-71.290001,2018-06-18,a45b489d0-00f1-5dc5-64d8-6d681d72b4ba,USA,LADY BRITTANY,TRAWLERS,FISHING,366983260,1.1,Stage 1,2018-06-01
41.04,-70.919998,2018-07-27,dd6eb6d60-0fea-40b3-82c4-6fd4fe4b2e7c,USA,SEVEN SEAS,TRAWLERS,FISHING,367624610,0.87,Stage 1,2018-07-01
41.09,-70.730003,2018-09-21,cbfafe985-5d2a-7d35-bd3d-0b5997544a89,USA,OLIVIA CATHERINE,TRAWLERS,FISHING,366186640,1.19,Stage 1,2018-09-01
41.03,-71.019997,2018-07-14,fd96b30e3-3f77-f437-8122-20e7744dfdb4,USA,TIMBERLINE,DREDGE_FISHING,FISHING,367071460,8.86,Stage 1,2018-07-01
41.13,-71.32,2018-08-27,395358792-2ac0-d275-16a9-bd8cad811778,USA,HEATHER LYNN,TRAWLERS,FISHING,367119340,0.96,Stage 1,2018-08-01
41,-71.220001,2018-06-08,a45b489d0-00f1-5dc5-64d8-6d681d72b4ba,USA,LADY BRITTANY,TRAWLERS,FISHING,366983260,1.44,Stage 1,2018-06-01
40.91,-71.169998,2018-09-16,fd96b30e3-3f77-f437-8122-20e7744dfdb4,USA,TIMBERLINE,DREDGE_FISHING,FISHING,367071460,0.9,Stage 1,2018-09-01
40.87,-70.959999,2018-07-04,21e4f8f24-4896-2cf9-12c1-341ad7997cc5,USA,PILGRIM,SET_GILLNETS,FISHING,367118070,1.18,Stage 1,2018-07-01
41.12,-71.300003,2018-09-15,d8bbf6380-05af-2b58-ca64-97ffb1eb319f,USA,ENTERPRISE,TRAWLERS,FISHING,367590310,1.1,Stage 1,2018-09-01
40.91,-71.260002,2018-06-17,9a2e7d35a-ad16-589b-e9b0-7428f57a19fc,USA,NEW SEA ROVER,TRAWLERS,FISHING,367346010,3.98,Stage 1,2018-06-01
41.01,-70.75,2018-09-17,659b8579d-d499-fdb7-4610-c5fc285298cc,USA,KASSIDY LYN,FISHING,FISHING,338224707,1.15,Stage 1,2018-09-01
41.18,-71.220001,2018-07-17,d8bbf6380-05af-2b58-ca64-97ffb1eb319f,USA,ENTERPRISE,TRAWLERS,FISHING,367590310,0.99,Stage 1,2018-07-01
41.07,-71.32,2018-05-09,0aa677a23-34d1-62cd-24ab-48ab0cf6fc9e,USA,BROOKE C,SET_GILLNETS,FISHING,338228458,1.35,Stage 1,2018-05-01
41.02,-71.169998,2018-11-18,90b9eaea0-018d-1eaf-4055-36b770057d04,USA,GAIL FRANCES,INCONCLUSIVE,FISHING,366940990,1.54,Stage 1,2018-11-01
40.93,-71.339996,2018-04-12,0c5aded4c-cbdc-435c-3a09-a261df2e531a,USA,EXPLORER,POLE_AND_LINE,FISHING,368008390,1.02,Stage 1,2018-04-01
41.1,-70.779999,2018-08-14,43f53617c-c08e-b2f5-79de-9618f2e30980,USA,TENACITY,TRAWLERS,FISHING,367651150,1.57,Stage 1,2018-08-01
41.34,-71.32,2018-04-16,46a1ad78f-fdf5-4f58-4385-8a781e5b6053,NLD,BALTIC,TRAWLERS,FISHING,244020098,1.93,Stage 1,2018-04-01
40.89,-71.279999,2018-06-13,6b3c9d22e-e924-5f89-9665-73604b8d5608,USA,TIMBERLINE,DREDGE_FISHING,FISHING,367071460,1.49,Stage 1,2018-06-01
40.94,-71.300003,2018-07-09,33ff8cfa3-3333-eaff-9333-6cdc72d2468f,USA,F/V SAO JACINTO,TRAWLERS,FISHING,367312670,0.53,Stage 1,2018-07-01
41.17,-71.279999,2018-08-20,d8bbf6380-05af-2b58-ca64-97ffb1eb319f,USA,ENTERPRISE,TRAWLERS,FISHING,367590310,0.98,Stage 1,2018-08-01
41.04,-71.230003,2018-12-14,287fc1cbf-fbc0-3baa-ae98-f20768f5d10f,USA,VIKING STARSHIP,PASSENGER,PASSENGER,367661740,1.39,Stage 1,2018-12-01
41.07,-70.809998,2018-08-05,dd6eb6d60-0fea-40b3-82c4-6fd4fe4b2e7c,USA,SEVEN SEAS,TRAWLERS,FISHING,367624610,0.9,Stage 1,2018-08-01
41.07,-70.800003,2018-08-07,d8bbf6380-05af-2b58-ca64-97ffb1eb319f,USA,ENTERPRISE,TRAWLERS,FISHING,367590310,0.95,Stage 1,2018-08-01
41.12,-71.339996,2018-08-01,943ab90cb-b546-44a3-62a6-6f2035449a91,USA,STORMY ELIZABETH,FISHING,FISHING,367151950,0.41,Stage 1,2018-08-01
41.01,-70.800003,2018-09-07,5fd63feef-f5e1-8ef5-f76f-b08beeeb5fac,USA,MYSTIC WAY,FISHING,FISHING,367516830,0.77,Stage 1,2018-09-01
41.03,-71.169998,2018-11-18,90b9eaea0-018d-1eaf-4055-36b770057d04,USA,GAIL FRANCES,INCONCLUSIVE,FISHING,366940990,2.28,Stage 1,2018-11-01
41.08,-70.800003,2018-07-25,dd6eb6d60-0fea-40b3-82c4-6fd4fe4b2e7c,USA,SEVEN SEAS,TRAWLERS,FISHING,367624610,0.9,Stage 1,2018-07-01
41.1,-70.760002,2018-08-03,dd6eb6d60-0fea-40b3-82c4-6fd4fe4b2e7c,USA,SEVEN SEAS,TRAWLERS,FISHING,367624610,8.18,Stage 1,2018-08-01
41.37,-71.239998,2018-04-16,46a1ad78f-fdf5-4f58-4385-8a781e5b6053,NLD,BALTIC,TRAWLERS,FISHING,244020098,0.98,Stage 1,2018-04-01
40.82,-70.919998,2018-09-12,f145d6b56-62bf-0ef6-570c-bb990c3c738f,USA,SEA WATCHER I,TRAWLERS,FISHING,367010820,5.02,Stage 1,2018-09-01
41.07,-70.82,2018-08-04,d8bbf6380-05af-2b58-ca64-97ffb1eb319f,USA,ENTERPRISE,TRAWLERS,FISHING,367590310,1.96,Stage 1,2018-08-01
40.9,-70.910004,2018-06-27,21e4f8f24-4896-2cf9-12c1-341ad7997cc5,USA,PILGRIM,SET_GILLNETS,FISHING,367118070,1.53,Stage 1,2018-06-01
41.04,-70.739998,2018-07-29,94a980510-01b3-625f-8524-0b3b93600b8c,USA,CODY,TRAWLERS,FISHING,367190280,0.96,Stage 1,2018-07-01
40.96,-71.290001,2018-05-03,33ff8cfa3-3333-eaff-9333-6cdc72d2468f,USA,F/V SAO JACINTO,TRAWLERS,FISHING,367312670,0.99,Stage 1,2018-05-01
40.89,-70.970001,2018-07-04,21e4f8f24-4896-2cf9-12c1-341ad7997cc5,USA,PILGRIM,SET_GILLNETS,FISHING,367118070,0.98,Stage 1,2018-07-01
40.84,-70.910004,2018-11-09,a45b489d0-00f1-5dc5-64d8-6d681d72b4ba,USA,LADY BRITTANY,TRAWLERS,FISHING,366983260,0.85,Stage 1,2018-11-01
41.09,-71.220001,2018-07-10,9a8640511-1c91-5720-80f0-021981ce9f23,USA,WANDO RIVER,TRAWLERS,FISHING,367718760,0.91,Stage 1,2018-07-01
41.03,-71.019997,2018-07-09,fd96b30e3-3f77-f437-8122-20e7744dfdb4,USA,TIMBERLINE,DREDGE_FISHING,FISHING,367071460,1.97,Stage 1,2018-07-01
40.92,-71.099998,2018-10-10,fd96b30e3-3f77-f437-8122-20e7744dfdb4,USA,TIMBERLINE,DREDGE_FISHING,FISHING,367071460,2.24,Stage 1,2018-10-01
40.96,-71.209999,2018-06-12,943ab90cb-b546-44a3-62a6-6f2035449a91,USA,STORMY ELIZABETH,FISHING,FISHING,367151950,0.98,Stage 1,2018-06-01
40.9,-71.360001,2018-06-23,fd96b30e3-3f77-f437-8122-20e7744dfdb4,USA,TIMBERLINE,DREDGE_FISHING,FISHING,367071460,0.72,Stage 1,2018-06-01
40.91,-71.190002,2018-09-17,fd96b30e3-3f77-f437-8122-20e7744dfdb4,USA,TIMBERLINE,DREDGE_FISHING,FISHING,367071460,1.64,Stage 1,2018-09-01
41.01,-70.949997,2018-07-30,dc7503a12-2012-2b23-c830-41a97164309d,USA,CHARLIES PRIDE,TRAWLERS,FISHING,366472920,1.23,Stage 1,2018-07-01
41.19,-70.889999,2018-07-02,fda33ad3b-b3d7-9afb-257d-126bd7b77f81,USA,LADY FRANCES,INCONCLUSIVE,FISHING,367155670,1.27,Stage 1,2018-07-01
41.13,-71.360001,2018-05-02,9a8640511-1c91-5720-80f0-021981ce9f23,USA,WANDO RIVER,TRAWLERS,FISHING,367718760,0.72,Stage 1,2018-05-01
40.86,-70.889999,2018-06-12,21e4f8f24-4896-2cf9-12c1-341ad7997cc5,USA,PILGRIM,SET_GILLNETS,FISHING,367118070,3.16,Stage 1,2018-06-01
41.08,-70.779999,2018-08-04,dd6eb6d60-0fea-40b3-82c4-6fd4fe4b2e7c,USA,SEVEN SEAS,TRAWLERS,FISHING,367624610,1.23,Stage 1,2018-08-01
41.02,-71.230003,2018-05-03,9a8640511-1c91-5720-80f0-021981ce9f23,USA,WANDO RIVER,TRAWLERS,FISHING,367718760,0.97,Stage 1,2018-05-01
40.91,-71.120003,2018-08-16,fd96b30e3-3f77-f437-8122-20e7744dfdb4,USA,TIMBERLINE,DREDGE_FISHING,FISHING,367071460,1.24,Stage 1,2018-08-01
41.35,-71.260002,2018-11-24,2326efd2e-ef2b-34f0-f4e7-9a078f8cb4c4,USA,BELL SKY,TRAWLERS,FISHING,367637420,0.62,Stage 1,2018-11-01
41.17,-71.220001,2018-12-13,6b3c9d22e-e924-5f89-9665-73604b8d5608,USA,TIMBERLINE,DREDGE_FISHING,FISHING,367071460,2.45,Stage 1,2018-12-01
40.91,-71.169998,2018-09-05,fd96b30e3-3f77-f437-8122-20e7744dfdb4,USA,TIMBERLINE,DREDGE_FISHING,FISHING,367071460,4.05,Stage 1,2018-09-01
41.19,-71.190002,2018-08-01,fd96b30e3-3f77-f437-8122-20e7744dfdb4,USA,TIMBERLINE,DREDGE_FISHING,FISHING,367071460,0.58,Stage 1,2018-08-01
41.15,-71.230003,2018-12-13,6b3c9d22e-e924-5f89-9665-73604b8d5608,USA,TIMBERLINE,DREDGE_FISHING,FISHING,367071460,2.25,Stage 1,2018-12-01
41.17,-71.279999,2018-05-09,b91c9478b-bfa0-844e-f949-ccea31ce5ac1,USA,ELIZ AND KATHERINE,TRAWLERS,FISHING,367542540,0.68,Stage 1,2018-05-01
40.92,-71.309998,2018-07-09,9a8640511-1c91-5720-80f0-021981ce9f23,USA,WANDO RIVER,TRAWLERS,FISHING,367718760,1.38,Stage 1,2018-07-01
40.92,-71.370003,2018-05-02,33ff8cfa3-3333-eaff-9333-6cdc72d2468f,USA,F/V SAO JACINTO,TRAWLERS,FISHING,367312670,0.63,Stage 1,2018-05-01
41,-70.900002,2018-05-22,33ff8cfa3-3333-eaff-9333-6cdc72d2468f,USA,F/V SAO JACINTO,TRAWLERS,FISHING,367312670,2.58,Stage 1,2018-05-01
40.9,-71.160004,2018-09-15,fd96b30e3-3f77-f437-8122-20e7744dfdb4,USA,TIMBERLINE,DREDGE_FISHING,FISHING,367071460,3.67,Stage 1,2018-09-01
40.81,-70.989998,2018-09-09,f145d6b56-62bf-0ef6-570c-bb990c3c738f,USA,SEA WATCHER I,TRAWLERS,FISHING,367010820,3.71,Stage 1,2018-09-01
41,-71.239998,2018-06-13,a45b489d0-00f1-5dc5-64d8-6d681d72b4ba,USA,LADY BRITTANY,TRAWLERS,FISHING,366983260,0.92,Stage 1,2018-06-01
40.99,-71.260002,2018-06-13,a45b489d0-00f1-5dc5-64d8-6d681d72b4ba,USA,LADY BRITTANY,TRAWLERS,FISHING,366983260,1.13,Stage 1,2018-06-01
40.83,-70.889999,2018-09-13,f145d6b56-62bf-0ef6-570c-bb990c3c738f,USA,SEA WATCHER I,TRAWLERS,FISHING,367010820,1.78,Stage 1,2018-09-01
41.08,-70.779999,2018-07-28,dd6eb6d60-0fea-40b3-82c4-6fd4fe4b2e7c,USA,SEVEN SEAS,TRAWLERS,FISHING,367624610,0.82,Stage 1,2018-07-01
41,-71.260002,2018-06-13,a45b489d0-00f1-5dc5-64d8-6d681d72b4ba,USA,LADY BRITTANY,TRAWLERS,FISHING,366983260,1.91,Stage 1,2018-06-01
41.07,-70.800003,2018-08-04,dd6eb6d60-0fea-40b3-82c4-6fd4fe4b2e7c,USA,SEVEN SEAS,TRAWLERS,FISHING,367624610,0.97,Stage 1,2018-08-01
40.89,-71.239998,2018-07-04,943ab90cb-b546-44a3-62a6-6f2035449a91,USA,STORMY ELIZABETH,FISHING,FISHING,367151950,0.51,Stage 1,2018-07-01
41.14,-71.349998,2018-04-28,fda33ad3b-b3d7-9afb-257d-126bd7b77f81,USA,LADY FRANCES,INCONCLUSIVE,FISHING,367155670,0.97,Stage 1,2018-04-01
40.88,-70.839996,2018-09-30,5fd63feef-f5e1-8ef5-f76f-b08beeeb5fac,USA,MYSTIC WAY,FISHING,FISHING,367516830,0.64,Stage 1,2018-09-01
41.22,-71.309998,2018-09-17,d8bbf6380-05af-2b58-ca64-97ffb1eb319f,USA,ENTERPRISE,TRAWLERS,FISHING,367590310,1.7,Stage 1,2018-09-01
41.2,-71.309998,2018-10-02,59d8ab6e8-88ae-3379-7957-c3cf5af17475,USA,HOPE AND SYDNEY,TRAWLERS,FISHING,367084070,7.04,Stage 1,2018-10-01
41.18,-71.25,2018-11-30,d8bbf6380-05af-2b58-ca64-97ffb1eb319f,USA,ENTERPRISE,TRAWLERS,FISHING,367590310,0.61,Stage 1,2018-11-01
41.09,-70.779999,2018-07-21,dd6eb6d60-0fea-40b3-82c4-6fd4fe4b2e7c,USA,SEVEN SEAS,TRAWLERS,FISHING,367624610,0.76,Stage 1,2018-07-01
40.9,-71.330002,2018-05-10,9a8640511-1c91-5720-80f0-021981ce9f23,USA,WANDO RIVER,TRAWLERS,FISHING,367718760,20.14,Stage 1,2018-05-01
41.05,-70.860001,2018-07-25,dd6eb6d60-0fea-40b3-82c4-6fd4fe4b2e7c,USA,SEVEN SEAS,TRAWLERS,FISHING,367624610,1.08,Stage 1,2018-07-01
41.03,-71.290001,2018-01-26,90b9eaea0-018d-1eaf-4055-36b770057d04,USA,GAIL FRANCES,INCONCLUSIVE,FISHING,366940990,5.25,Stage 1,2018-01-01
41.06,-70.800003,2018-08-04,d8bbf6380-05af-2b58-ca64-97ffb1eb319f,USA,ENTERPRISE,TRAWLERS,FISHING,367590310,0.95,Stage 1,2018-08-01
40.99,-71.209999,2018-06-17,a45b489d0-00f1-5dc5-64d8-6d681d72b4ba,USA,LADY BRITTANY,TRAWLERS,FISHING,366983260,2.02,Stage 1,2018-06-01
41.03,-71.169998,2018-11-30,90b9eaea0-018d-1eaf-4055-36b770057d04,USA,GAIL FRANCES,INCONCLUSIVE,FISHING,366940990,0.94,Stage 1,2018-11-01
41.05,-70.830002,2018-07-27,d8bbf6380-05af-2b58-ca64-97ffb1eb319f,USA,ENTERPRISE,TRAWLERS,FISHING,367590310,2.26,Stage 1,2018-07-01
41.38,-71.279999,2018-10-26,2326efd2e-ef2b-34f0-f4e7-9a078f8cb4c4,USA,BELL SKY,TRAWLERS,FISHING,367637420,0.59,Stage 1,2018-10-01
41.32,-71.239998,2018-05-27,ef1a772a1-1358-1adf-381d-f0fbe1282310,USA,DARANA R,FISHING,FISHING,367174730,0.81,Stage 1,2018-05-01
40.88,-71.349998,2018-09-17,a60bb8c1a-a9cd-5892-2581-2bea9933c8e0,USA,NEW SEA ROVER,TRAWLERS,FISHING,367346010,1.33,Stage 1,2018-09-01
40.94,-71.370003,2018-07-10,33ff8cfa3-3333-eaff-9333-6cdc72d2468f,USA,F/V SAO JACINTO,TRAWLERS,FISHING,367312670,1.11,Stage 1,2018-07-01
41.36,-71.239998,2018-04-16,46a1ad78f-fdf5-4f58-4385-8a781e5b6053,NLD,BALTIC,TRAWLERS,FISHING,244020098,0.99,Stage 1,2018-04-01
40.95,-71.400002,2018-04-24,5338f544a-a1f1-43d3-0aa7-3a3e317436b0,USA,F/V APOLLO,TRAWLERS,FISHING,367163790,2.17,Stage 1,2018-04-01
40.86,-70.940002,2018-11-24,c589305c1-16cc-7627-c64b-0d37c2fc8e77,USA,STARLIGHT,TRAWLERS,FISHING,367674070,3.04,Stage 1,2018-11-01
41.05,-70.889999,2018-07-21,dd6eb6d60-0fea-40b3-82c4-6fd4fe4b2e7c,USA,SEVEN SEAS,TRAWLERS,FISHING,367624610,1.17,Stage 1,2018-07-01
41.17,-71.269997,2018-06-12,d8bbf6380-05af-2b58-ca64-97ffb1eb319f,USA,ENTERPRISE,TRAWLERS,FISHING,367590310,1.09,Stage 1,2018-06-01
41.03,-70.959999,2018-07-28,dd6eb6d60-0fea-40b3-82c4-6fd4fe4b2e7c,USA,SEVEN SEAS,TRAWLERS,FISHING,367624610,0.91,Stage 1,2018-07-01
40.9,-71.349998,2018-05-09,9a8640511-1c91-5720-80f0-021981ce9f23,USA,WANDO RIVER,TRAWLERS,FISHING,367718760,1.99,Stage 1,2018-05-01
41.03,-71.25,2018-02-24,9a2e7d35a-ad16-589b-e9b0-7428f57a19fc,USA,NEW SEA ROVER,TRAWLERS,FISHING,367346010,1.31,Stage 1,2018-02-01
40.9,-70.980003,2018-06-25,21e4f8f24-4896-2cf9-12c1-341ad7997cc5,USA,PILGRIM,SET_GILLNETS,FISHING,367118070,0.6,Stage 1,2018-06-01
41.29,-71.379997,2018-10-09,d8bbf6380-05af-2b58-ca64-97ffb1eb319f,USA,ENTERPRISE,TRAWLERS,FISHING,367590310,9.07,Stage 1,2018-10-01
40.93,-70.760002,2018-10-26,8e22db9b2-2bf0-adda-13be-d3d60cac358e,USA,PREVAIL,POLE_AND_LINE,FISHING,367166230,0.87,Stage 1,2018-10-01
41.31,-71.400002,2018-10-22,138335867-750f-7b39-06ff-645add8dbdc7,USA,BROOKE ELISE,TRAWLERS,FISHING,367687740,0.82,Stage 1,2018-10-01
41.31,-71.029999,2018-05-26,ef1a772a1-1358-1adf-381d-f0fbe1282310,USA,DARANA R,FISHING,FISHING,367174730,0.64,Stage 1,2018-05-01
40.99,-71.209999,2018-06-08,a45b489d0-00f1-5dc5-64d8-6d681d72b4ba,USA,LADY BRITTANY,TRAWLERS,FISHING,366983260,2.12,Stage 1,2018-06-01
40.88,-70.959999,2018-06-27,21e4f8f24-4896-2cf9-12c1-341ad7997cc5,USA,PILGRIM,SET_GILLNETS,FISHING,367118070,0.92,Stage 1,2018-06-01
40.94,-71.290001,2018-05-22,9a8640511-1c91-5720-80f0-021981ce9f23,USA,WANDO RIVER,TRAWLERS,FISHING,367718760,0.53,Stage 1,2018-05-01
41.1,-71.349998,2018-09-17,d2d4a7623-3cb5-3aed-65b0-0866a70bfbb3,USA,OCEAN STATE,TRAWLERS,FISHING,366278770,0.54,Stage 1,2018-09-01
41.38,-71.239998,2018-11-24,395358792-2ac0-d275-16a9-bd8cad811778,USA,HEATHER LYNN,TRAWLERS,FISHING,367119340,1.18,Stage 1,2018-11-01
41.03,-71.040001,2018-07-28,fd96b30e3-3f77-f437-8122-20e7744dfdb4,USA,TIMBERLINE,DREDGE_FISHING,FISHING,367071460,0.62,Stage 1,2018-07-01
41.05,-70.82,2018-07-27,d8bbf6380-05af-2b58-ca64-97ffb1eb319f,USA,ENTERPRISE,TRAWLERS,FISHING,367590310,1.12,Stage 1,2018-07-01
41.24,-71.300003,2018-08-21,d8bbf6380-05af-2b58-ca64-97ffb1eb319f,USA,ENTERPRISE,TRAWLERS,FISHING,367590310,0.39,Stage 1,2018-08-01
41.22,-70.839996,2018-07-07,eb0285846-6fce-0a03-683a-75c407b38e06,USA,NORDIK VIKING,POLE_AND_LINE,FISHING,367300830,1.1,Stage 1,2018-07-01
41.03,-70.760002,2018-09-21,e9fd5bc76-6ed7-b23d-df1a-313df2899867,USA,ALEXIS MARTINA,SET_LONGLINES,FISHING,367304080,0.86,Stage 1,2018-09-01
41.12,-70.760002,2018-07-05,35c0e4dc1-15e2-2d88-3344-50eaafe4b12b,USA,PERCEPTION,FISHING,FISHING,367542740,1.03,Stage 1,2018-07-01
41.03,-70.739998,2018-07-29,94a980510-01b3-625f-8524-0b3b93600b8c,USA,CODY,TRAWLERS,FISHING,367190280,1.22,Stage 1,2018-07-01
41.3,-71.400002,2018-10-21,d8bbf6380-05af-2b58-ca64-97ffb1eb319f,USA,ENTERPRISE,TRAWLERS,FISHING,367590310,1.22,Stage 1,2018-10-01
41.29,-71.379997,2018-11-07,973fc9c79-9de5-9090-70db-197cfd04e594,USA,JERSEY CAPE,FISHING,FISHING,367131650,0.88,Stage 1,2018-11-01
40.95,-71.290001,2018-05-02,33ff8cfa3-3333-eaff-9333-6cdc72d2468f,USA,F/V SAO JACINTO,TRAWLERS,FISHING,367312670,0.86,Stage 1,2018-05-01
40.85,-70.93,2018-10-09,a60bb8c1a-a9cd-5892-2581-2bea9933c8e0,USA,NEW SEA ROVER,TRAWLERS,FISHING,367346010,1.22,Stage 1,2018-10-01
41.13,-70.980003,2018-10-03,ef68d82c6-6d7e-ae58-2266-6ed164d98ce3,USA,MAX & EMMA,FISHING,FISHING,367792770,0.59,Stage 1,2018-10-01
40.89,-71.360001,2018-08-01,9a2e7d35a-ad16-589b-e9b0-7428f57a19fc,USA,NEW SEA ROVER,TRAWLERS,FISHING,367346010,0.84,Stage 1,2018-08-01
41.02,-70.860001,2018-08-30,c6dcbd020-0a8f-4bdf-0d1b-59f35de9edc3,USA,ESS PRIDE,TRAWLERS,FISHING,367411950,5.58,Stage 1,2018-08-01
41.18,-71.07,2018-07-15,1856ff668-81c7-00a5-1844-42014faa80c6,USA,A0MISSUEANN,FISHING,FISHING,367016380,14.16,Stage 1,2018-07-01
41.13,-71.330002,2018-06-26,d2d4a7623-3cb5-3aed-65b0-0866a70bfbb3,USA,OCEAN STATE,TRAWLERS,FISHING,366278770,1.4,Stage 1,2018-06-01
41.06,-70.720001,2018-07-27,d8bbf6380-05af-2b58-ca64-97ffb1eb319f,USA,ENTERPRISE,TRAWLERS,FISHING,367590310,1.08,Stage 1,2018-07-01
40.9,-71.349998,2018-08-16,a60bb8c1a-a9cd-5892-2581-2bea9933c8e0,USA,NEW SEA ROVER,TRAWLERS,FISHING,367346010,1.44,Stage 1,2018-08-01
40.9,-71.379997,2018-07-04,a45b489d0-00f1-5dc5-64d8-6d681d72b4ba,USA,LADY BRITTANY,TRAWLERS,FISHING,366983260,1.7,Stage 1,2018-07-01
41.24,-71.059998,2018-07-31,fd96b30e3-3f77-f437-8122-20e7744dfdb4,USA,TIMBERLINE,DREDGE_FISHING,FISHING,367071460,1.96,Stage 1,2018-07-01
40.91,-71.360001,2018-07-09,9a8640511-1c91-5720-80f0-021981ce9f23,USA,WANDO RIVER,TRAWLERS,FISHING,367718760,0.83,Stage 1,2018-07-01
40.98,-71.239998,2018-06-08,a45b489d0-00f1-5dc5-64d8-6d681d72b4ba,USA,LADY BRITTANY,TRAWLERS,FISHING,366983260,1.35,Stage 1,2018-06-01
40.89,-70.93,2018-06-27,21e4f8f24-4896-2cf9-12c1-341ad7997cc5,USA,PILGRIM,SET_GILLNETS,FISHING,367118070,0.96,Stage 1,2018-06-01
41.22,-71.209999,2018-06-08,d8bbf6380-05af-2b58-ca64-97ffb1eb319f,USA,ENTERPRISE,TRAWLERS,FISHING,367590310,1.13,Stage 1,2018-06-01
41.39,-71.300003,2018-05-28,90b9eaea0-018d-1eaf-4055-36b770057d04,USA,GAIL FRANCES,INCONCLUSIVE,FISHING,366940990,1.23,Stage 1,2018-05-01
41.08,-70.879997,2018-09-24,659b8579d-d499-fdb7-4610-c5fc285298cc,USA,KASSIDY LYN,FISHING,FISHING,338224707,0.98,Stage 1,2018-09-01
41.32,-71.150002,2018-07-18,30cc3b10f-fc3e-15e3-76ba-2d27aadf2933,USA,F/V ATLANTIC PRINCE,TRAWLERS,FISHING,367517140,0.55,Stage 1,2018-07-01
41.36,-71.239998,2018-04-15,46a1ad78f-fdf5-4f58-4385-8a781e5b6053,NLD,BALTIC,TRAWLERS,FISHING,244020098,1.11,Stage 1,2018-04-01
41.04,-71.239998,2018-10-06,90b9eaea0-018d-1eaf-4055-36b770057d04,USA,GAIL FRANCES,INCONCLUSIVE,FISHING,366940990,0.49,Stage 1,2018-10-01
41.02,-71.220001,2018-05-02,9a8640511-1c91-5720-80f0-021981ce9f23,USA,WANDO RIVER,TRAWLERS,FISHING,367718760,0.87,Stage 1,2018-05-01
41.06,-70.940002,2018-09-24,b7bc134b9-9a63-5e4d-6e37-c982edeaed55,USA,HELEN LOUISE,TRAWLERS,FISHING,367459470,0.73,Stage 1,2018-09-01
40.99,-71.230003,2018-05-02,9a8640511-1c91-5720-80f0-021981ce9f23,USA,WANDO RIVER,TRAWLERS,FISHING,367718760,1.07,Stage 1,2018-05-01
40.94,-71.389999,2018-04-11,0c5aded4c-cbdc-435c-3a09-a261df2e531a,USA,EXPLORER,POLE_AND_LINE,FISHING,368008390,4.52,Stage 1,2018-04-01
41.01,-70.790001,2018-07-28,94a980510-01b3-625f-8524-0b3b93600b8c,USA,CODY,TRAWLERS,FISHING,367190280,0.67,Stage 1,2018-07-01
41.1,-70.720001,2018-08-07,d8bbf6380-05af-2b58-ca64-97ffb1eb319f,USA,ENTERPRISE,TRAWLERS,FISHING,367590310,1.37,Stage 1,2018-08-01
41.03,-71.18,2018-12-02,287fc1cbf-fbc0-3baa-ae98-f20768f5d10f,USA,VIKING STARSHIP,PASSENGER,PASSENGER,367661740,9.02,Stage 1,2018-12-01
40.99,-71.239998,2018-06-09,a45b489d0-00f1-5dc5-64d8-6d681d72b4ba,USA,LADY BRITTANY,TRAWLERS,FISHING,366983260,0.58,Stage 1,2018-06-01
41.18,-71.169998,2018-07-10,9a8640511-1c91-5720-80f0-021981ce9f23,USA,WANDO RIVER,TRAWLERS,FISHING,367718760,0.83,Stage 1,2018-07-01
41.03,-70.839996,2018-08-03,dd6eb6d60-0fea-40b3-82c4-6fd4fe4b2e7c,USA,SEVEN SEAS,TRAWLERS,FISHING,367624610,6.22,Stage 1,2018-08-01
41.01,-70.93,2018-08-03,d8bbf6380-05af-2b58-ca64-97ffb1eb319f,USA,ENTERPRISE,TRAWLERS,FISHING,367590310,1.03,Stage 1,2018-08-01
41.3,-71.269997,2018-05-27,ef1a772a1-1358-1adf-381d-f0fbe1282310,USA,DARANA R,FISHING,FISHING,367174730,1.22,Stage 1,2018-05-01
41.01,-71.260002,2018-06-14,a45b489d0-00f1-5dc5-64d8-6d681d72b4ba,USA,LADY BRITTANY,TRAWLERS,FISHING,366983260,1.67,Stage 1,2018-06-01
41.14,-71.290001,2018-08-20,d8bbf6380-05af-2b58-ca64-97ffb1eb319f,USA,ENTERPRISE,TRAWLERS,FISHING,367590310,2.11,Stage 1,2018-08-01
40.95,-71.349998,2018-07-09,33ff8cfa3-3333-eaff-9333-6cdc72d2468f,USA,F/V SAO JACINTO,TRAWLERS,FISHING,367312670,0.85,Stage 1,2018-07-01
41.07,-71.07,2018-08-14,dbd4734a3-308b-f4eb-51e1-3e923f34d6ac,USA,WHITE WATER II,DRIFTING_LONGLINES,FISHING,368161000,0.52,Stage 1,2018-08-01
41.12,-71.139999,2018-08-07,9a8640511-1c91-5720-80f0-021981ce9f23,USA,WANDO RIVER,TRAWLERS,FISHING,367718760,15.9,Stage 1,2018-08-01
41.15,-71.309998,2018-08-24,d8bbf6380-05af-2b58-ca64-97ffb1eb319f,USA,ENTERPRISE,TRAWLERS,FISHING,367590310,1.47,Stage 1,2018-08-01
41.23,-71.150002,2018-06-11,d8bbf6380-05af-2b58-ca64-97ffb1eb319f,USA,ENTERPRISE,TRAWLERS,FISHING,367590310,0.84,Stage 1,2018-06-01
41.23,-70.910004,2018-08-07,a97a00717-7e35-36df-2dec-6f6e041a2ab1,USA,PRIME RATE,POLE_AND_LINE,FISHING,367613470,0.79,Stage 1,2018-08-01
40.9,-71.370003,2018-06-13,6b3c9d22e-e924-5f89-9665-73604b8d5608,USA,TIMBERLINE,DREDGE_FISHING,FISHING,367071460,1.08,Stage 1,2018-06-01
41.09,-70.760002,2018-08-04,dd6eb6d60-0fea-40b3-82c4-6fd4fe4b2e7c,USA,SEVEN SEAS,TRAWLERS,FISHING,367624610,0.83,Stage 1,2018-08-01
41.03,-71.290001,2018-01-31,fda33ad3b-b3d7-9afb-257d-126bd7b77f81,USA,LADY FRANCES,INCONCLUSIVE,FISHING,367155670,2.96,Stage 1,2018-01-01
41.22,-71.199997,2018-05-31,d8bbf6380-05af-2b58-ca64-97ffb1eb319f,USA,ENTERPRISE,TRAWLERS,FISHING,367590310,1.58,Stage 1,2018-05-01
40.92,-71.32,2018-08-07,fd96b30e3-3f77-f437-8122-20e7744dfdb4,USA,TIMBERLINE,DREDGE_FISHING,FISHING,367071460,2.93,Stage 1,2018-08-01
40.84,-70.900002,2018-11-09,a45b489d0-00f1-5dc5-64d8-6d681d72b4ba,USA,LADY BRITTANY,TRAWLERS,FISHING,366983260,3.14,Stage 1,2018-11-01
40.9,-71.32,2018-04-12,0c5aded4c-cbdc-435c-3a09-a261df2e531a,USA,EXPLORER,POLE_AND_LINE,FISHING,368008390,0.53,Stage 1,2018-04-01
41.36,-71.309998,2018-05-30,ef1a772a1-1358-1adf-381d-f0fbe1282310,USA,DARANA R,FISHING,FISHING,367174730,1.1,Stage 1,2018-05-01
41.1,-70.730003,2018-08-08,dd6eb6d60-0fea-40b3-82c4-6fd4fe4b2e7c,USA,SEVEN SEAS,TRAWLERS,FISHING,367624610,1.29,Stage 1,2018-08-01
40.93,-71.330002,2018-08-06,fd96b30e3-3f77-f437-8122-20e7744dfdb4,USA,TIMBERLINE,DREDGE_FISHING,FISHING,367071460,0.9,Stage 1,2018-08-01
41.02,-71.059998,2018-07-20,fd96b30e3-3f77-f437-8122-20e7744dfdb4,USA,TIMBERLINE,DREDGE_FISHING,FISHING,367071460,1.15,Stage 1,2018-07-01
41.37,-71.25,2018-04-15,46a1ad78f-fdf5-4f58-4385-8a781e5b6053,NLD,BALTIC,TRAWLERS,FISHING,244020098,0.94,Stage 1,2018-04-01
41.15,-71.290001,2018-05-09,b91c9478b-bfa0-844e-f949-ccea31ce5ac1,USA,ELIZ AND KATHERINE,TRAWLERS,FISHING,367542540,1.62,Stage 1,2018-05-01
41.04,-71.059998,2018-07-15,fda33ad3b-b3d7-9afb-257d-126bd7b77f81,USA,LADY FRANCES,INCONCLUSIVE,FISHING,367155670,0.94,Stage 1,2018-07-01
40.99,-71.25,2018-06-11,a45b489d0-00f1-5dc5-64d8-6d681d72b4ba,USA,LADY BRITTANY,TRAWLERS,FISHING,366983260,5.07,Stage 1,2018-06-01
41.04,-71.230003,2018-10-26,90b9eaea0-018d-1eaf-4055-36b770057d04,USA,GAIL FRANCES,INCONCLUSIVE,FISHING,366940990,1.89,Stage 1,2018-10-01
41.04,-70.830002,2018-08-04,d8bbf6380-05af-2b58-ca64-97ffb1eb319f,USA,ENTERPRISE,TRAWLERS,FISHING,367590310,2.17,Stage 1,2018-08-01
41.07,-70.800003,2018-07-27,dd6eb6d60-0fea-40b3-82c4-6fd4fe4b2e7c,USA,SEVEN SEAS,TRAWLERS,FISHING,367624610,0.85,Stage 1,2018-07-01
40.82,-70.910004,2018-09-09,f145d6b56-62bf-0ef6-570c-bb990c3c738f,USA,SEA WATCHER I,TRAWLERS,FISHING,367010820,2.11,Stage 1,2018-09-01
40.83,-70.879997,2018-10-26,a45b489d0-00f1-5dc5-64d8-6d681d72b4ba,USA,LADY BRITTANY,TRAWLERS,FISHING,366983260,1.18,Stage 1,2018-10-01
41,-70.910004,2018-05-22,33ff8cfa3-3333-eaff-9333-6cdc72d2468f,USA,F/V SAO JACINTO,TRAWLERS,FISHING,367312670,0.82,Stage 1,2018-05-01
41.18,-71.220001,2018-06-11,6b3c9d22e-e924-5f89-9665-73604b8d5608,USA,TIMBERLINE,DREDGE_FISHING,FISHING,367071460,0.57,Stage 1,2018-06-01
41.28,-71.410004,2018-09-19,cbfafe985-5d2a-7d35-bd3d-0b5997544a89,USA,OLIVIA CATHERINE,TRAWLERS,FISHING,366186640,1.43,Stage 1,2018-09-01
41.02,-71.260002,2018-12-01,d8bbf6380-05af-2b58-ca64-97ffb1eb319f,USA,ENTERPRISE,TRAWLERS,FISHING,367590310,2.39,Stage 1,2018-12-01
41.31,-71.400002,2018-10-22,3c32ced74-4560-e6f1-77f3-0660a2f14f55,USA,ELIZ AND KATHERINE,TRAWLERS,FISHING,367542540,2.32,Stage 1,2018-10-01
41.02,-70.760002,2018-07-29,94a980510-01b3-625f-8524-0b3b93600b8c,USA,CODY,TRAWLERS,FISHING,367190280,0.97,Stage 1,2018-07-01
40.92,-71.370003,2018-07-09,9a8640511-1c91-5720-80f0-021981ce9f23,USA,WANDO RIVER,TRAWLERS,FISHING,367718760,1.24,Stage 1,2018-07-01
41.08,-70.760002,2018-07-28,dd6eb6d60-0fea-40b3-82c4-6fd4fe4b2e7c,USA,SEVEN SEAS,TRAWLERS,FISHING,367624610,1.1,Stage 1,2018-07-01
40.91,-71.199997,2018-09-16,fd96b30e3-3f77-f437-8122-20e7744dfdb4,USA,TIMBERLINE,DREDGE_FISHING,FISHING,367071460,1.4,Stage 1,2018-09-01
41.19,-71.25,2018-08-27,94a980510-01b3-625f-8524-0b3b93600b8c,USA,CODY,TRAWLERS,FISHING,367190280,4.97,Stage 1,2018-08-01
41.18,-71.269997,2018-10-14,138335867-750f-7b39-06ff-645add8dbdc7,USA,BROOKE ELISE,TRAWLERS,FISHING,367687740,5.67,Stage 1,2018-10-01
41.05,-70.870003,2018-07-26,dd6eb6d60-0fea-40b3-82c4-6fd4fe4b2e7c,USA,SEVEN SEAS,TRAWLERS,FISHING,367624610,1.07,Stage 1,2018-07-01
40.85,-70.919998,2018-10-09,a60bb8c1a-a9cd-5892-2581-2bea9933c8e0,USA,NEW SEA ROVER,TRAWLERS,FISHING,367346010,1.93,Stage 1,2018-10-01
41.02,-71.029999,2018-07-14,fd96b30e3-3f77-f437-8122-20e7744dfdb4,USA,TIMBERLINE,DREDGE_FISHING,FISHING,367071460,1.42,Stage 1,2018-07-01
40.92,-71.360001,2018-07-04,9a8640511-1c91-5720-80f0-021981ce9f23,USA,WANDO RIVER,TRAWLERS,FISHING,367718760,2.46,Stage 1,2018-07-01
41.07,-70.769997,2018-07-12,dd6eb6d60-0fea-40b3-82c4-6fd4fe4b2e7c,USA,SEVEN SEAS,TRAWLERS,FISHING,367624610,6.73,Stage 1,2018-07-01
41.02,-70.860001,2018-09-07,5fd63feef-f5e1-8ef5-f76f-b08beeeb5fac,USA,MYSTIC WAY,FISHING,FISHING,367516830,1.13,Stage 1,2018-09-01
41.03,-71.029999,2018-07-09,fd96b30e3-3f77-f437-8122-20e7744dfdb4,USA,TIMBERLINE,DREDGE_FISHING,FISHING,367071460,1.28,Stage 1,2018-07-01
40.94,-71.389999,2018-04-12,0c5aded4c-cbdc-435c-3a09-a261df2e531a,USA,EXPLORER,POLE_AND_LINE,FISHING,368008390,1.15,Stage 1,2018-04-01
40.93,-71.300003,2018-07-30,fd96b30e3-3f77-f437-8122-20e7744dfdb4,USA,TIMBERLINE,DREDGE_FISHING,FISHING,367071460,3.27,Stage 1,2018-07-01
41.03,-71.169998,2018-12-27,fda33ad3b-b3d7-9afb-257d-126bd7b77f81,USA,LADY FRANCES,INCONCLUSIVE,FISHING,367155670,0.55,Stage 1,2018-12-01
40.99,-71.260002,2018-08-09,9a8640511-1c91-5720-80f0-021981ce9f23,USA,WANDO RIVER,TRAWLERS,FISHING,367718760,3.1,Stage 1,2018-08-01
41.16,-71.220001,2018-12-12,6b3c9d22e-e924-5f89-9665-73604b8d5608,USA,TIMBERLINE,DREDGE_FISHING,FISHING,367071460,2.07,Stage 1,2018-12-01
40.93,-71.269997,2018-06-13,6b3c9d22e-e924-5f89-9665-73604b8d5608,USA,TIMBERLINE,DREDGE_FISHING,FISHING,367071460,0.83,Stage 1,2018-06-01
40.86,-70.879997,2018-10-26,a45b489d0-00f1-5dc5-64d8-6d681d72b4ba,USA,LADY BRITTANY,TRAWLERS,FISHING,366983260,0.54,Stage 1,2018-10-01
41.15,-71.309998,2018-09-15,d8bbf6380-05af-2b58-ca64-97ffb1eb319f,USA,ENTERPRISE,TRAWLERS,FISHING,367590310,0.9,Stage 1,2018-09-01
40.92,-71.370003,2018-05-09,9a8640511-1c91-5720-80f0-021981ce9f23,USA,WANDO RIVER,TRAWLERS,FISHING,367718760,0.62,Stage 1,2018-05-01
41.04,-70.900002,2018-07-27,dd6eb6d60-0fea-40b3-82c4-6fd4fe4b2e7c,USA,SEVEN SEAS,TRAWLERS,FISHING,367624610,1.09,Stage 1,2018-07-01
41.1,-70.720001,2018-08-05,dd6eb6d60-0fea-40b3-82c4-6fd4fe4b2e7c,USA,SEVEN SEAS,TRAWLERS,FISHING,367624610,0.98,Stage 1,2018-08-01
41,-70.910004,2018-08-30,c6dcbd020-0a8f-4bdf-0d1b-59f35de9edc3,USA,ESS PRIDE,TRAWLERS,FISHING,367411950,0.67,Stage 1,2018-08-01
40.91,-71.32,2018-08-05,fd96b30e3-3f77-f437-8122-20e7744dfdb4,USA,TIMBERLINE,DREDGE_FISHING,FISHING,367071460,17.3,Stage 1,2018-08-01
40.9,-70.980003,2018-07-04,21e4f8f24-4896-2cf9-12c1-341ad7997cc5,USA,PILGRIM,SET_GILLNETS,FISHING,367118070,1.23,Stage 1,2018-07-01
40.91,-71.150002,2018-09-16,fd96b30e3-3f77-f437-8122-20e7744dfdb4,USA,TIMBERLINE,DREDGE_FISHING,FISHING,367071460,0.89,Stage 1,2018-09-01
41.01,-71.349998,2018-05-24,7917e94e3-3ac8-e72a-1a53-883190a143a9,USA,ITALIAN PRINCESS,TRAWLERS,FISHING,367347070,0.82,Stage 1,2018-05-01
41.18,-71.260002,2018-08-21,e835426b5-5325-4b79-ca28-832b6de511b0,USA,CONOR AND MICHAEL,TRAWLERS,FISHING,367301540,1.31,Stage 1,2018-08-01
41.1,-71.349998,2018-05-01,d2d4a7623-3cb5-3aed-65b0-0866a70bfbb3,USA,OCEAN STATE,TRAWLERS,FISHING,366278770,5.76,Stage 1,2018-05-01
41.09,-70.720001,2018-08-07,3bf0a38cb-b2be-efb0-3ce1-cf112105af80,USA,MACKENZIE PAIGE,TRAWLERS,FISHING,367326980,1.26,Stage 1,2018-08-01
41.05,-70.849998,2018-08-05,dd6eb6d60-0fea-40b3-82c4-6fd4fe4b2e7c,USA,SEVEN SEAS,TRAWLERS,FISHING,367624610,1.05,Stage 1,2018-08-01
40.85,-70.910004,2018-11-12,a45b489d0-00f1-5dc5-64d8-6d681d72b4ba,USA,LADY BRITTANY,TRAWLERS,FISHING,366983260,4.94,Stage 1,2018-11-01
40.98,-71.07,2018-07-01,fd96b30e3-3f77-f437-8122-20e7744dfdb4,USA,TIMBERLINE,DREDGE_FISHING,FISHING,367071460,1.99,Stage 1,2018-07-01
41.12,-70.709999,2018-07-21,dd6eb6d60-0fea-40b3-82c4-6fd4fe4b2e7c,USA,SEVEN SEAS,TRAWLERS,FISHING,367624610,7.57,Stage 1,2018-07-01
40.93,-71.260002,2018-06-13,6b3c9d22e-e924-5f89-9665-73604b8d5608,USA,TIMBERLINE,DREDGE_FISHING,FISHING,367071460,1.19,Stage 1,2018-06-01
41.05,-70.75,2018-10-05,fd7e8becf-f87a-e0e5-0c78-1c94ac7da3e7,USA,MISS ELLA,FISHING,FISHING,367742440,0.53,Stage 1,2018-10-01
41.11,-71.300003,2018-07-09,d8bbf6380-05af-2b58-ca64-97ffb1eb319f,USA,ENTERPRISE,TRAWLERS,FISHING,367590310,0.84,Stage 1,2018-07-01
41.09,-71.370003,2018-06-26,d2d4a7623-3cb5-3aed-65b0-0866a70bfbb3,USA,OCEAN STATE,TRAWLERS,FISHING,366278770,2.15,Stage 1,2018-06-01
40.95,-71.349998,2018-04-12,0c5aded4c-cbdc-435c-3a09-a261df2e531a,USA,EXPLORER,POLE_AND_LINE,FISHING,368008390,0.83,Stage 1,2018-04-01
41,-70.870003,2018-08-30,c6dcbd020-0a8f-4bdf-0d1b-59f35de9edc3,USA,ESS PRIDE,TRAWLERS,FISHING,367411950,2.38,Stage 1,2018-08-01
41.04,-70.879997,2018-07-31,d6d85d2f7-74ce-03e4-c3ca-a3e1832f3905,USA,F/V INCENTIVE,TRAWLERS,FISHING,367435050,0.37,Stage 1,2018-07-01
40.92,-71.25,2018-06-18,a45b489d0-00f1-5dc5-64d8-6d681d72b4ba,USA,LADY BRITTANY,TRAWLERS,FISHING,366983260,3.11,Stage 1,2018-06-01
41.06,-70.830002,2018-08-03,dd6eb6d60-0fea-40b3-82c4-6fd4fe4b2e7c,USA,SEVEN SEAS,TRAWLERS,FISHING,367624610,0.95,Stage 1,2018-08-01
41.06,-70.779999,2018-08-05,dd6eb6d60-0fea-40b3-82c4-6fd4fe4b2e7c,USA,SEVEN SEAS,TRAWLERS,FISHING,367624610,1.05,Stage 1,2018-08-01
41.34,-71.389999,2018-08-10,e4a69e8d8-8768-d8d9-aa04-c12941bc58ec,USA,LAURA PEGGY,SET_GILLNETS,FISHING,338130869,5.97,Stage 1,2018-08-01
40.89,-71.32,2018-08-24,9a8640511-1c91-5720-80f0-021981ce9f23,USA,WANDO RIVER,TRAWLERS,FISHING,367718760,1.5,Stage 1,2018-08-01
41.03,-71.18,2018-11-24,90b9eaea0-018d-1eaf-4055-36b770057d04,USA,GAIL FRANCES,INCONCLUSIVE,FISHING,366940990,1.18,Stage 1,2018-11-01
41.03,-71.18,2018-12-09,90b9eaea0-018d-1eaf-4055-36b770057d04,USA,GAIL FRANCES,INCONCLUSIVE,FISHING,366940990,1.73,Stage 1,2018-12-01
41.05,-71.309998,2018-05-09,0aa677a23-34d1-62cd-24ab-48ab0cf6fc9e,USA,BROOKE C,SET_GILLNETS,FISHING,338228458,0.58,Stage 1,2018-05-01
41,-71.260002,2018-06-14,a45b489d0-00f1-5dc5-64d8-6d681d72b4ba,USA,LADY BRITTANY,TRAWLERS,FISHING,366983260,1.96,Stage 1,2018-06-01
41.06,-70.830002,2018-07-27,dd6eb6d60-0fea-40b3-82c4-6fd4fe4b2e7c,USA,SEVEN SEAS,TRAWLERS,FISHING,367624610,1.13,Stage 1,2018-07-01
41.23,-71.150002,2018-11-30,2326efd2e-ef2b-34f0-f4e7-9a078f8cb4c4,USA,BELL SKY,TRAWLERS,FISHING,367637420,0.69,Stage 1,2018-11-01
40.92,-71.25,2018-06-17,9a2e7d35a-ad16-589b-e9b0-7428f57a19fc,USA,NEW SEA ROVER,TRAWLERS,FISHING,367346010,0.82,Stage 1,2018-06-01
41.08,-70.779999,2018-08-14,43f53617c-c08e-b2f5-79de-9618f2e30980,USA,TENACITY,TRAWLERS,FISHING,367651150,0.85,Stage 1,2018-08-01
40.9,-70.809998,2018-11-24,806b034f3-3082-1b13-e9bd-0ad6f234486a,USA,MEGAN MARIE,TRAWLERS,FISHING,366756530,0.67,Stage 1,2018-11-01
41,-71.25,2018-06-13,a45b489d0-00f1-5dc5-64d8-6d681d72b4ba,USA,LADY BRITTANY,TRAWLERS,FISHING,366983260,5.89,Stage 1,2018-06-01
40.98,-70.900002,2018-08-31,d12a18828-8cbb-8887-d07d-bea9f8e76229,USA,F/V HOPEFULL,TRAWLERS,FISHING,367325850,0.59,Stage 1,2018-08-01
41.31,-71.400002,2018-12-19,138335867-750f-7b39-06ff-645add8dbdc7,USA,BROOKE ELISE,TRAWLERS,FISHING,367687740,0.73,Stage 1,2018-12-01
41.03,-71.18,2018-12-27,fda33ad3b-b3d7-9afb-257d-126bd7b77f81,USA,LADY FRANCES,INCONCLUSIVE,FISHING,367155670,1.84,Stage 1,2018-12-01
41.11,-71.300003,2018-05-09,b91c9478b-bfa0-844e-f949-ccea31ce5ac1,USA,ELIZ AND KATHERINE,TRAWLERS,FISHING,367542540,1.05,Stage 1,2018-05-01
41.06,-71.32,2018-05-09,0aa677a23-34d1-62cd-24ab-48ab0cf6fc9e,USA,BROOKE C,SET_GILLNETS,FISHING,338228458,2.63,Stage 1,2018-05-01
41.07,-70.790001,2018-07-28,dd6eb6d60-0fea-40b3-82c4-6fd4fe4b2e7c,USA,SEVEN SEAS,TRAWLERS,FISHING,367624610,0.57,Stage 1,2018-07-01
40.83,-70.989998,2018-10-03,ef68d82c6-6d7e-ae58-2266-6ed164d98ce3,USA,MAX & EMMA,FISHING,FISHING,367792770,0.85,Stage 1,2018-10-01
40.89,-71.300003,2018-05-25,9a8640511-1c91-5720-80f0-021981ce9f23,USA,WANDO RIVER,TRAWLERS,FISHING,367718760,1.89,Stage 1,2018-05-01
41.12,-71.300003,2018-06-12,d8bbf6380-05af-2b58-ca64-97ffb1eb319f,USA,ENTERPRISE,TRAWLERS,FISHING,367590310,0.58,Stage 1,2018-06-01
40.95,-71.339996,2018-05-03,33ff8cfa3-3333-eaff-9333-6cdc72d2468f,USA,F/V SAO JACINTO,TRAWLERS,FISHING,367312670,1.14,Stage 1,2018-05-01
40.83,-70.989998,2018-10-09,a60bb8c1a-a9cd-5892-2581-2bea9933c8e0,USA,NEW SEA ROVER,TRAWLERS,FISHING,367346010,1.44,Stage 1,2018-10-01
40.89,-71.339996,2018-09-02,31fd57464-4fc8-83a1-825b-94e59a587ef9,USA,DIAMOND GIRL,FISHING,FISHING,367522680,0.64,Stage 1,2018-09-01
41.25,-71.389999,2018-08-16,e4a69e8d8-8768-d8d9-aa04-c12941bc58ec,USA,LAURA PEGGY,SET_GILLNETS,FISHING,338130869,1.42,Stage 1,2018-08-01
41.14,-70.75,2018-08-15,43f53617c-c08e-b2f5-79de-9618f2e30980,USA,TENACITY,TRAWLERS,FISHING,367651150,1.11,Stage 1,2018-08-01
40.91,-71.330002,2018-04-12,0c5aded4c-cbdc-435c-3a09-a261df2e531a,USA,EXPLORER,POLE_AND_LINE,FISHING,368008390,0.59,Stage 1,2018-04-01
40.88,-71.18,2018-08-24,fd96b30e3-3f77-f437-8122-20e7744dfdb4,USA,TIMBERLINE,DREDGE_FISHING,FISHING,367071460,0.41,Stage 1,2018-08-01
41.19,-71.120003,2018-07-13,9a8640511-1c91-5720-80f0-021981ce9f23,USA,WANDO RIVER,TRAWLERS,FISHING,367718760,1.02,Stage 1,2018-07-01
41.03,-71.300003,2018-02-17,fda33ad3b-b3d7-9afb-257d-126bd7b77f81,USA,LADY FRANCES,INCONCLUSIVE,FISHING,367155670,0.44,Stage 1,2018-02-01
41.35,-71.300003,2018-04-15,46a1ad78f-fdf5-4f58-4385-8a781e5b6053,NLD,BALTIC,TRAWLERS,FISHING,244020098,2.12,Stage 1,2018-04-01
41.1,-71.349998,2018-08-27,395358792-2ac0-d275-16a9-bd8cad811778,USA,HEATHER LYNN,TRAWLERS,FISHING,367119340,0.96,Stage 1,2018-08-01
40.9,-70.959999,2018-06-27,21e4f8f24-4896-2cf9-12c1-341ad7997cc5,USA,PILGRIM,SET_GILLNETS,FISHING,367118070,1.49,Stage 1,2018-06-01
40.89,-71.360001,2018-07-04,a45b489d0-00f1-5dc5-64d8-6d681d72b4ba,USA,LADY BRITTANY,TRAWLERS,FISHING,366983260,0.88,Stage 1,2018-07-01
41.02,-70.860001,2018-07-29,94a980510-01b3-625f-8524-0b3b93600b8c,USA,CODY,TRAWLERS,FISHING,367190280,1.44,Stage 1,2018-07-01
40.95,-71.339996,2018-04-13,0c5aded4c-cbdc-435c-3a09-a261df2e531a,USA,EXPLORER,POLE_AND_LINE,FISHING,368008390,1.03,Stage 1,2018-04-01
41.36,-71.25,2018-04-16,46a1ad78f-fdf5-4f58-4385-8a781e5b6053,NLD,BALTIC,TRAWLERS,FISHING,244020098,1.04,Stage 1,2018-04-01
41.15,-70.739998,2018-08-15,43f53617c-c08e-b2f5-79de-9618f2e30980,USA,TENACITY,TRAWLERS,FISHING,367651150,1,Stage 1,2018-08-01
41.02,-70.800003,2018-07-31,dc7503a12-2012-2b23-c830-41a97164309d,USA,CHARLIES PRIDE,TRAWLERS,FISHING,366472920,0.95,Stage 1,2018-07-01
40.94,-71.349998,2018-07-09,33ff8cfa3-3333-eaff-9333-6cdc72d2468f,USA,F/V SAO JACINTO,TRAWLERS,FISHING,367312670,1.9,Stage 1,2018-07-01
41.04,-71.040001,2018-07-14,fd96b30e3-3f77-f437-8122-20e7744dfdb4,USA,TIMBERLINE,DREDGE_FISHING,FISHING,367071460,0.74,Stage 1,2018-07-01
41,-71.230003,2018-05-03,9a8640511-1c91-5720-80f0-021981ce9f23,USA,WANDO RIVER,TRAWLERS,FISHING,367718760,0.89,Stage 1,2018-05-01
40.87,-71.309998,2018-05-25,9a8640511-1c91-5720-80f0-021981ce9f23,USA,WANDO RIVER,TRAWLERS,FISHING,367718760,1.08,Stage 1,2018-05-01
41.24,-71.129997,2018-06-11,d8bbf6380-05af-2b58-ca64-97ffb1eb319f,USA,ENTERPRISE,TRAWLERS,FISHING,367590310,0.94,Stage 1,2018-06-01
41.03,-71.050003,2018-07-20,dd6eb6d60-0fea-40b3-82c4-6fd4fe4b2e7c,USA,SEVEN SEAS,TRAWLERS,FISHING,367624610,1.25,Stage 1,2018-07-01
40.99,-71.309998,2018-02-22,d2d4a7623-3cb5-3aed-65b0-0866a70bfbb3,USA,OCEAN STATE,TRAWLERS,FISHING,366278770,8.21,Stage 1,2018-02-01
41.02,-70.919998,2018-08-03,d8bbf6380-05af-2b58-ca64-97ffb1eb319f,USA,ENTERPRISE,TRAWLERS,FISHING,367590310,1.9,Stage 1,2018-08-01
40.89,-71.339996,2018-08-07,9a2e7d35a-ad16-589b-e9b0-7428f57a19fc,USA,NEW SEA ROVER,TRAWLERS,FISHING,367346010,1.14,Stage 1,2018-08-01
41.01,-70.980003,2018-10-03,ef68d82c6-6d7e-ae58-2266-6ed164d98ce3,USA,MAX & EMMA,FISHING,FISHING,367792770,1.96,Stage 1,2018-10-01
41.09,-70.760002,2018-07-28,dd6eb6d60-0fea-40b3-82c4-6fd4fe4b2e7c,USA,SEVEN SEAS,TRAWLERS,FISHING,367624610,1.69,Stage 1,2018-07-01
41.08,-71.360001,2018-08-10,e4a69e8d8-8768-d8d9-aa04-c12941bc58ec,USA,LAURA PEGGY,SET_GILLNETS,FISHING,338130869,4.98,Stage 1,2018-08-01
41.07,-71.309998,2018-06-12,943ab90cb-b546-44a3-62a6-6f2035449a91,USA,STORMY ELIZABETH,FISHING,FISHING,367151950,1.13,Stage 1,2018-06-01
40.91,-71.190002,2018-09-16,fd96b30e3-3f77-f437-8122-20e7744dfdb4,USA,TIMBERLINE,DREDGE_FISHING,FISHING,367071460,0.64,Stage 1,2018-09-01
40.92,-71.290001,2018-06-18,a45b489d0-00f1-5dc5-64d8-6d681d72b4ba,USA,LADY BRITTANY,TRAWLERS,FISHING,366983260,0.88,Stage 1,2018-06-01
41.16,-71.300003,2018-08-16,d8bbf6380-05af-2b58-ca64-97ffb1eb319f,USA,ENTERPRISE,TRAWLERS,FISHING,367590310,0.43,Stage 1,2018-08-01
40.97,-71.260002,2018-05-02,33ff8cfa3-3333-eaff-9333-6cdc72d2468f,USA,F/V SAO JACINTO,TRAWLERS,FISHING,367312670,1.12,Stage 1,2018-05-01
41.03,-71.169998,2018-09-30,90b9eaea0-018d-1eaf-4055-36b770057d04,USA,GAIL FRANCES,INCONCLUSIVE,FISHING,366940990,0.37,Stage 1,2018-09-01
41.2,-71.330002,2018-09-17,d8bbf6380-05af-2b58-ca64-97ffb1eb319f,USA,ENTERPRISE,TRAWLERS,FISHING,367590310,1.07,Stage 1,2018-09-01
40.95,-71.389999,2018-04-11,0c5aded4c-cbdc-435c-3a09-a261df2e531a,USA,EXPLORER,POLE_AND_LINE,FISHING,368008390,0.98,Stage 1,2018-04-01
40.91,-71.339996,2018-05-09,9a8640511-1c91-5720-80f0-021981ce9f23,USA,WANDO RIVER,TRAWLERS,FISHING,367718760,1.33,Stage 1,2018-05-01
41.31,-71.089996,2018-09-03,31fd57464-4fc8-83a1-825b-94e59a587ef9,USA,DIAMOND GIRL,FISHING,FISHING,367522680,0.52,Stage 1,2018-09-01
41.32,-71.330002,2018-04-16,46a1ad78f-fdf5-4f58-4385-8a781e5b6053,NLD,BALTIC,TRAWLERS,FISHING,244020098,1.12,Stage 1,2018-04-01
41.1,-70.75,2018-07-25,dd6eb6d60-0fea-40b3-82c4-6fd4fe4b2e7c,USA,SEVEN SEAS,TRAWLERS,FISHING,367624610,0.82,Stage 1,2018-07-01
40.98,-71.220001,2018-06-17,a45b489d0-00f1-5dc5-64d8-6d681d72b4ba,USA,LADY BRITTANY,TRAWLERS,FISHING,366983260,5.43,Stage 1,2018-06-01
41.18,-70.870003,2018-07-09,e9fd5bc76-6ed7-b23d-df1a-313df2899867,USA,ALEXIS MARTINA,SET_LONGLINES,FISHING,367304080,0.53,Stage 1,2018-07-01
41.07,-71,2018-05-02,a15e533c5-505d-88e3-1794-2f973ee6df1a,USA,FV AMERICAN BEAUTY,POLE_AND_LINE,FISHING,367799120,1.41,Stage 1,2018-05-01
41.04,-70.849998,2018-08-04,d8bbf6380-05af-2b58-ca64-97ffb1eb319f,USA,ENTERPRISE,TRAWLERS,FISHING,367590310,1.17,Stage 1,2018-08-01
41.23,-71.169998,2018-05-02,a15e533c5-505d-88e3-1794-2f973ee6df1a,USA,FV AMERICAN BEAUTY,POLE_AND_LINE,FISHING,367799120,0.55,Stage 1,2018-05-01
41.15,-71.290001,2018-08-21,e835426b5-5325-4b79-ca28-832b6de511b0,USA,CONOR AND MICHAEL,TRAWLERS,FISHING,367301540,2.45,Stage 1,2018-08-01
41.03,-71.029999,2018-07-13,fd96b30e3-3f77-f437-8122-20e7744dfdb4,USA,TIMBERLINE,DREDGE_FISHING,FISHING,367071460,2.99,Stage 1,2018-07-01
40.93,-71.279999,2018-06-18,a45b489d0-00f1-5dc5-64d8-6d681d72b4ba,USA,LADY BRITTANY,TRAWLERS,FISHING,366983260,1.47,Stage 1,2018-06-01
41.17,-71.080002,2018-07-17,d8bbf6380-05af-2b58-ca64-97ffb1eb319f,USA,ENTERPRISE,TRAWLERS,FISHING,367590310,4.89,Stage 1,2018-07-01
41.3,-71.410004,2018-12-03,395358792-2ac0-d275-16a9-bd8cad811778,USA,HEATHER LYNN,TRAWLERS,FISHING,367119340,0.55,Stage 1,2018-12-01
41,-71.099998,2018-07-29,fd96b30e3-3f77-f437-8122-20e7744dfdb4,USA,TIMBERLINE,DREDGE_FISHING,FISHING,367071460,8.47,Stage 1,2018-07-01
41.01,-71.209999,2018-05-25,9a8640511-1c91-5720-80f0-021981ce9f23,USA,WANDO RIVER,TRAWLERS,FISHING,367718760,11.78,Stage 1,2018-05-01
41.35,-71.290001,2018-04-16,46a1ad78f-fdf5-4f58-4385-8a781e5b6053,NLD,BALTIC,TRAWLERS,FISHING,244020098,0.9,Stage 1,2018-04-01
41.04,-70.879997,2018-07-28,dd6eb6d60-0fea-40b3-82c4-6fd4fe4b2e7c,USA,SEVEN SEAS,TRAWLERS,FISHING,367624610,3.26,Stage 1,2018-07-01
41.38,-71.32,2018-11-20,8e22db9b2-2bf0-adda-13be-d3d60cac358e,USA,PREVAIL,POLE_AND_LINE,FISHING,367166230,1.01,Stage 1,2018-11-01
41.11,-70.739998,2018-07-21,dd6eb6d60-0fea-40b3-82c4-6fd4fe4b2e7c,USA,SEVEN SEAS,TRAWLERS,FISHING,367624610,1.93,Stage 1,2018-07-01
41.18,-71.260002,2018-08-21,50682f6be-e7c0-5ea5-3912-7cc3e9a9882c,USA,SHELBY ANN,TRAWLERS,FISHING,367687850,1.21,Stage 1,2018-08-01
41.04,-71.230003,2018-11-12,90b9eaea0-018d-1eaf-4055-36b770057d04,USA,GAIL FRANCES,INCONCLUSIVE,FISHING,366940990,0.52,Stage 1,2018-11-01
40.97,-71.059998,2018-07-01,fd96b30e3-3f77-f437-8122-20e7744dfdb4,USA,TIMBERLINE,DREDGE_FISHING,FISHING,367071460,1.06,Stage 1,2018-07-01
41.05,-70.93,2018-08-01,e835426b5-5325-4b79-ca28-832b6de511b0,USA,CONOR AND MICHAEL,TRAWLERS,FISHING,367301540,1.12,Stage 1,2018-08-01
40.87,-70.860001,2018-10-08,5fd63feef-f5e1-8ef5-f76f-b08beeeb5fac,USA,MYSTIC WAY,FISHING,FISHING,367516830,17.44,Stage 1,2018-10-01
40.92,-71.32,2018-08-06,fd96b30e3-3f77-f437-8122-20e7744dfdb4,USA,TIMBERLINE,DREDGE_FISHING,FISHING,367071460,3.96,Stage 1,2018-08-01
40.91,-71.300003,2018-06-26,fd96b30e3-3f77-f437-8122-20e7744dfdb4,USA,TIMBERLINE,DREDGE_FISHING,FISHING,367071460,1.42,Stage 1,2018-06-01
41.03,-71.169998,2018-11-19,90b9eaea0-018d-1eaf-4055-36b770057d04,USA,GAIL FRANCES,INCONCLUSIVE,FISHING,366940990,1.1,Stage 1,2018-11-01
41.05,-71.389999,2018-11-23,90b9eaea0-018d-1eaf-4055-36b770057d04,USA,GAIL FRANCES,INCONCLUSIVE,FISHING,366940990,1.67,Stage 1,2018-11-01
41.05,-70.830002,2018-08-04,d8bbf6380-05af-2b58-ca64-97ffb1eb319f,USA,ENTERPRISE,TRAWLERS,FISHING,367590310,2.92,Stage 1,2018-08-01
41.19,-71.209999,2018-06-11,6b3c9d22e-e924-5f89-9665-73604b8d5608,USA,TIMBERLINE,DREDGE_FISHING,FISHING,367071460,4.19,Stage 1,2018-06-01
41.06,-70.839996,2018-08-05,dd6eb6d60-0fea-40b3-82c4-6fd4fe4b2e7c,USA,SEVEN SEAS,TRAWLERS,FISHING,367624610,0.83,Stage 1,2018-08-01
40.96,-71.260002,2018-07-09,33ff8cfa3-3333-eaff-9333-6cdc72d2468f,USA,F/V SAO JACINTO,TRAWLERS,FISHING,367312670,1.52,Stage 1,2018-07-01
41.07,-70.779999,2018-08-07,3bf0a38cb-b2be-efb0-3ce1-cf112105af80,USA,MACKENZIE PAIGE,TRAWLERS,FISHING,367326980,0.82,Stage 1,2018-08-01
41.32,-71.400002,2018-12-03,395358792-2ac0-d275-16a9-bd8cad811778,USA,HEATHER LYNN,TRAWLERS,FISHING,367119340,1.13,Stage 1,2018-12-01
41.18,-71.269997,2018-08-24,d8bbf6380-05af-2b58-ca64-97ffb1eb319f,USA,ENTERPRISE,TRAWLERS,FISHING,367590310,1.75,Stage 1,2018-08-01
41.03,-71.18,2018-11-12,90b9eaea0-018d-1eaf-4055-36b770057d04,USA,GAIL FRANCES,INCONCLUSIVE,FISHING,366940990,1.33,Stage 1,2018-11-01
41.09,-70.75,2018-08-04,d8bbf6380-05af-2b58-ca64-97ffb1eb319f,USA,ENTERPRISE,TRAWLERS,FISHING,367590310,0.93,Stage 1,2018-08-01
40.92,-71.279999,2018-06-17,9a2e7d35a-ad16-589b-e9b0-7428f57a19fc,USA,NEW SEA ROVER,TRAWLERS,FISHING,367346010,0.92,Stage 1,2018-06-01
40.89,-71.349998,2018-06-23,fd96b30e3-3f77-f437-8122-20e7744dfdb4,USA,TIMBERLINE,DREDGE_FISHING,FISHING,367071460,1.18,Stage 1,2018-06-01
40.83,-70.919998,2018-10-09,a60bb8c1a-a9cd-5892-2581-2bea9933c8e0,USA,NEW SEA ROVER,TRAWLERS,FISHING,367346010,1.57,Stage 1,2018-10-01
41.2,-71.150002,2018-06-23,9a8640511-1c91-5720-80f0-021981ce9f23,USA,WANDO RIVER,TRAWLERS,FISHING,367718760,1.2,Stage 1,2018-06-01
40.94,-71.349998,2018-04-12,0c5aded4c-cbdc-435c-3a09-a261df2e531a,USA,EXPLORER,POLE_AND_LINE,FISHING,368008390,1.9,Stage 1,2018-04-01
40.89,-70.940002,2018-06-27,21e4f8f24-4896-2cf9-12c1-341ad7997cc5,USA,PILGRIM,SET_GILLNETS,FISHING,367118070,0.95,Stage 1,2018-06-01
41.17,-71.269997,2018-05-22,b91c9478b-bfa0-844e-f949-ccea31ce5ac1,USA,ELIZ AND KATHERINE,TRAWLERS,FISHING,367542540,1.44,Stage 1,2018-05-01
40.91,-71.279999,2018-06-26,fd96b30e3-3f77-f437-8122-20e7744dfdb4,USA,TIMBERLINE,DREDGE_FISHING,FISHING,367071460,3.19,Stage 1,2018-06-01
40.96,-71.32,2018-12-27,24aa6bd14-4c09-dee0-e739-f2c477558329,USA,RUTHY L,TRAWLERS,FISHING,367503310,3.3,Stage 1,2018-12-01
40.9,-71.330002,2018-07-04,a45b489d0-00f1-5dc5-64d8-6d681d72b4ba,USA,LADY BRITTANY,TRAWLERS,FISHING,366983260,1.88,Stage 1,2018-07-01
40.99,-71.169998,2018-04-28,fda33ad3b-b3d7-9afb-257d-126bd7b77f81,USA,LADY FRANCES,INCONCLUSIVE,FISHING,367155670,1.35,Stage 1,2018-04-01
40.92,-71.269997,2018-06-18,a45b489d0-00f1-5dc5-64d8-6d681d72b4ba,USA,LADY BRITTANY,TRAWLERS,FISHING,366983260,4.01,Stage 1,2018-06-01
41.12,-71.129997,2018-01-22,90b9eaea0-018d-1eaf-4055-36b770057d04,USA,GAIL FRANCES,INCONCLUSIVE,FISHING,366940990,1.22,Stage 1,2018-01-01
40.95,-70.75,2018-07-29,f321a5bcb-b9a3-1da9-32d8-22077f65efcf,USA,DETERMINATION,TRAWLERS,FISHING,367518960,0.56,Stage 1,2018-07-01
41.17,-71.279999,2018-09-16,d8bbf6380-05af-2b58-ca64-97ffb1eb319f,USA,ENTERPRISE,TRAWLERS,FISHING,367590310,0.51,Stage 1,2018-09-01
41.12,-71.339996,2018-09-15,d8bbf6380-05af-2b58-ca64-97ffb1eb319f,USA,ENTERPRISE,TRAWLERS,FISHING,367590310,1.49,Stage 1,2018-09-01
41,-71.25,2018-06-11,a45b489d0-00f1-5dc5-64d8-6d681d72b4ba,USA,LADY BRITTANY,TRAWLERS,FISHING,366983260,1.05,Stage 1,2018-06-01
41.05,-71.389999,2018-04-21,fda33ad3b-b3d7-9afb-257d-126bd7b77f81,USA,LADY FRANCES,INCONCLUSIVE,FISHING,367155670,1.28,Stage 1,2018-04-01
41.38,-71.269997,2018-11-01,2326efd2e-ef2b-34f0-f4e7-9a078f8cb4c4,USA,BELL SKY,TRAWLERS,FISHING,367637420,1,Stage 1,2018-11-01
41.23,-70.910004,2018-08-05,a97a00717-7e35-36df-2dec-6f6e041a2ab1,USA,PRIME RATE,POLE_AND_LINE,FISHING,367613470,5.38,Stage 1,2018-08-01
41.05,-70.870003,2018-07-28,dd6eb6d60-0fea-40b3-82c4-6fd4fe4b2e7c,USA,SEVEN SEAS,TRAWLERS,FISHING,367624610,0.87,Stage 1,2018-07-01
40.95,-71.300003,2018-07-30,fd96b30e3-3f77-f437-8122-20e7744dfdb4,USA,TIMBERLINE,DREDGE_FISHING,FISHING,367071460,2.48,Stage 1,2018-07-01
41.16,-71.230003,2018-12-13,6b3c9d22e-e924-5f89-9665-73604b8d5608,USA,TIMBERLINE,DREDGE_FISHING,FISHING,367071460,1.14,Stage 1,2018-12-01
41.04,-70.739998,2018-08-15,43f53617c-c08e-b2f5-79de-9618f2e30980,USA,TENACITY,TRAWLERS,FISHING,367651150,1.2,Stage 1,2018-08-01
40.97,-71.349998,2018-08-26,943ab90cb-b546-44a3-62a6-6f2035449a91,USA,STORMY ELIZABETH,FISHING,FISHING,367151950,0.57,Stage 1,2018-08-01
41.03,-71.18,2018-12-03,fda33ad3b-b3d7-9afb-257d-126bd7b77f81,USA,LADY FRANCES,INCONCLUSIVE,FISHING,367155670,0.55,Stage 1,2018-12-01
40.92,-71.370003,2018-07-04,9a8640511-1c91-5720-80f0-021981ce9f23,USA,WANDO RIVER,TRAWLERS,FISHING,367718760,0.57,Stage 1,2018-07-01
40.84,-70.910004,2018-10-09,a60bb8c1a-a9cd-5892-2581-2bea9933c8e0,USA,NEW SEA ROVER,TRAWLERS,FISHING,367346010,1.8,Stage 1,2018-10-01
40.98,-71.25,2018-09-05,9a8640511-1c91-5720-80f0-021981ce9f23,USA,WANDO RIVER,TRAWLERS,FISHING,367718760,6.34,Stage 1,2018-09-01
40.9,-71.169998,2018-09-05,fd96b30e3-3f77-f437-8122-20e7744dfdb4,USA,TIMBERLINE,DREDGE_FISHING,FISHING,367071460,4.49,Stage 1,2018-09-01
40.95,-71.370003,2018-12-20,a45b489d0-00f1-5dc5-64d8-6d681d72b4ba,USA,LADY BRITTANY,TRAWLERS,FISHING,366983260,8.28,Stage 1,2018-12-01
41.23,-71.110001,2018-08-22,d8bbf6380-05af-2b58-ca64-97ffb1eb319f,USA,ENTERPRISE,TRAWLERS,FISHING,367590310,0.6,Stage 1,2018-08-01
40.92,-71.25,2018-06-16,9a2e7d35a-ad16-589b-e9b0-7428f57a19fc,USA,NEW SEA ROVER,TRAWLERS,FISHING,367346010,0.72,Stage 1,2018-06-01
41,-71.239998,2018-06-12,a45b489d0-00f1-5dc5-64d8-6d681d72b4ba,USA,LADY BRITTANY,TRAWLERS,FISHING,366983260,1.43,Stage 1,2018-06-01
40.99,-71.260002,2018-06-12,a45b489d0-00f1-5dc5-64d8-6d681d72b4ba,USA,LADY BRITTANY,TRAWLERS,FISHING,366983260,0.49,Stage 1,2018-06-01
41.32,-71.080002,2018-07-12,59d8ab6e8-88ae-3379-7957-c3cf5af17475,USA,HOPE AND SYDNEY,TRAWLERS,FISHING,367084070,1.25,Stage 1,2018-07-01
41,-71.220001,2018-06-17,a45b489d0-00f1-5dc5-64d8-6d681d72b4ba,USA,LADY BRITTANY,TRAWLERS,FISHING,366983260,0.9,Stage 1,2018-06-01
41.33,-71.410004,2018-06-07,d12a18828-8cbb-8887-d07d-bea9f8e76229,USA,F/V HOPEFULL,TRAWLERS,FISHING,367325850,1.11,Stage 1,2018-06-01
41.33,-71.330002,2018-04-14,46a1ad78f-fdf5-4f58-4385-8a781e5b6053,NLD,BALTIC,TRAWLERS,FISHING,244020098,1.08,Stage 1,2018-04-01
41.07,-70.800003,2018-08-08,d8bbf6380-05af-2b58-ca64-97ffb1eb319f,USA,ENTERPRISE,TRAWLERS,FISHING,367590310,0.92,Stage 1,2018-08-01
41.15,-71.290001,2018-09-15,d8bbf6380-05af-2b58-ca64-97ffb1eb319f,USA,ENTERPRISE,TRAWLERS,FISHING,367590310,0.86,Stage 1,2018-09-01
40.83,-70.910004,2018-09-09,f145d6b56-62bf-0ef6-570c-bb990c3c738f,USA,SEA WATCHER I,TRAWLERS,FISHING,367010820,5.6,Stage 1,2018-09-01
41.36,-71.220001,2018-05-27,7b1a50bf1-1962-f059-cd51-fb4c4f76fb9c,USA,TIMOTHY MICHAEL,FISHING,FISHING,367159840,0.84,Stage 1,2018-05-01
40.84,-70.870003,2018-10-09,a60bb8c1a-a9cd-5892-2581-2bea9933c8e0,USA,NEW SEA ROVER,TRAWLERS,FISHING,367346010,2.11,Stage 1,2018-10-01
40.88,-71.339996,2018-09-16,a60bb8c1a-a9cd-5892-2581-2bea9933c8e0,USA,NEW SEA ROVER,TRAWLERS,FISHING,367346010,0.57,Stage 1,2018-09-01
41.37,-71.330002,2018-11-20,8e22db9b2-2bf0-adda-13be-d3d60cac358e,USA,PREVAIL,POLE_AND_LINE,FISHING,367166230,1,Stage 1,2018-11-01
41.01,-71.220001,2018-05-03,9a8640511-1c91-5720-80f0-021981ce9f23,USA,WANDO RIVER,TRAWLERS,FISHING,367718760,0.89,Stage 1,2018-05-01
41.12,-71.330002,2018-08-27,d8bbf6380-05af-2b58-ca64-97ffb1eb319f,USA,ENTERPRISE,TRAWLERS,FISHING,367590310,0.95,Stage 1,2018-08-01
41.03,-70.93,2018-07-28,dd6eb6d60-0fea-40b3-82c4-6fd4fe4b2e7c,USA,SEVEN SEAS,TRAWLERS,FISHING,367624610,1.19,Stage 1,2018-07-01
41.28,-71.410004,2018-10-23,d8bbf6380-05af-2b58-ca64-97ffb1eb319f,USA,ENTERPRISE,TRAWLERS,FISHING,367590310,1.72,Stage 1,2018-10-01
41.09,-70.769997,2018-07-25,dd6eb6d60-0fea-40b3-82c4-6fd4fe4b2e7c,USA,SEVEN SEAS,TRAWLERS,FISHING,367624610,1.08,Stage 1,2018-07-01
41.16,-71.360001,2018-06-12,943ab90cb-b546-44a3-62a6-6f2035449a91,USA,STORMY ELIZABETH,FISHING,FISHING,367151950,2.22,Stage 1,2018-06-01
41.03,-71.029999,2018-07-14,fd96b30e3-3f77-f437-8122-20e7744dfdb4,USA,TIMBERLINE,DREDGE_FISHING,FISHING,367071460,1.23,Stage 1,2018-07-01
40.91,-71.370003,2018-06-13,6b3c9d22e-e924-5f89-9665-73604b8d5608,USA,TIMBERLINE,DREDGE_FISHING,FISHING,367071460,0.55,Stage 1,2018-06-01
41.08,-71.379997,2018-09-17,d2d4a7623-3cb5-3aed-65b0-0866a70bfbb3,USA,OCEAN STATE,TRAWLERS,FISHING,366278770,1.93,Stage 1,2018-09-01
41.28,-71.410004,2018-07-17,b5c8f14ac-cc19-ce97-1589-8ed6d3b58f48,USA,STEPHANIE BRYAN,FISHING,FISHING,367428520,1.82,Stage 1,2018-07-01
41.34,-71.190002,2018-11-12,2326efd2e-ef2b-34f0-f4e7-9a078f8cb4c4,USA,BELL SKY,TRAWLERS,FISHING,367637420,4.99,Stage 1,2018-11-01
40.82,-70.949997,2018-06-23,395358792-2ac0-d275-16a9-bd8cad811778,USA,HEATHER LYNN,TRAWLERS,FISHING,367119340,0.87,Stage 1,2018-06-01
41.17,-70.900002,2018-07-06,77164cd46-6b23-d7a2-2401-1e366cbb72eb,USA,PROVIDER,TRAWLERS,FISHING,367717050,0.83,Stage 1,2018-07-01
41.09,-71.169998,2018-01-31,90b9eaea0-018d-1eaf-4055-36b770057d04,USA,GAIL FRANCES,INCONCLUSIVE,FISHING,366940990,1.77,Stage 1,2018-01-01
41.06,-70.830002,2018-07-28,dd6eb6d60-0fea-40b3-82c4-6fd4fe4b2e7c,USA,SEVEN SEAS,TRAWLERS,FISHING,367624610,2.3,Stage 1,2018-07-01
41.03,-71.169998,2018-11-12,90b9eaea0-018d-1eaf-4055-36b770057d04,USA,GAIL FRANCES,INCONCLUSIVE,FISHING,366940990,0.6,Stage 1,2018-11-01
40.98,-71.339996,2018-12-14,b91c9478b-bfa0-844e-f949-ccea31ce5ac1,USA,ELIZ AND KATHERINE,TRAWLERS,FISHING,367542540,5.99,Stage 1,2018-12-01
41.08,-71.059998,2018-07-30,ef68d82c6-6d7e-ae58-2266-6ed164d98ce3,USA,MAX & EMMA,FISHING,FISHING,367792770,1.82,Stage 1,2018-07-01
41.05,-71.389999,2018-01-28,32b606172-2468-2817-1b4f-fae340279e02,USA,SEVEN B 5,TRAWLERS,FISHING,367052470,2.5,Stage 1,2018-01-01
41.11,-71.339996,2018-10-10,138335867-750f-7b39-06ff-645add8dbdc7,USA,BROOKE ELISE,TRAWLERS,FISHING,367687740,2.38,Stage 1,2018-10-01
40.98,-71.089996,2018-07-01,fd96b30e3-3f77-f437-8122-20e7744dfdb4,USA,TIMBERLINE,DREDGE_FISHING,FISHING,367071460,0.88,Stage 1,2018-07-01
41.09,-70.739998,2018-08-03,dd6eb6d60-0fea-40b3-82c4-6fd4fe4b2e7c,USA,SEVEN SEAS,TRAWLERS,FISHING,367624610,0.89,Stage 1,2018-08-01
41.31,-71.400002,2018-09-17,659b8579d-d499-fdb7-4610-c5fc285298cc,USA,KASSIDY LYN,FISHING,FISHING,338224707,0.59,Stage 1,2018-09-01
41.12,-71.129997,2018-09-17,90b9eaea0-018d-1eaf-4055-36b770057d04,USA,GAIL FRANCES,INCONCLUSIVE,FISHING,366940990,2.04,Stage 1,2018-09-01
41.06,-70.870003,2018-07-27,dd6eb6d60-0fea-40b3-82c4-6fd4fe4b2e7c,USA,SEVEN SEAS,TRAWLERS,FISHING,367624610,3.04,Stage 1,2018-07-01
41.06,-70.809998,2018-08-07,d8bbf6380-05af-2b58-ca64-97ffb1eb319f,USA,ENTERPRISE,TRAWLERS,FISHING,367590310,1.17,Stage 1,2018-08-01
40.91,-71.199997,2018-09-17,fd96b30e3-3f77-f437-8122-20e7744dfdb4,USA,TIMBERLINE,DREDGE_FISHING,FISHING,367071460,5.17,Stage 1,2018-09-01
41.15,-71.279999,2018-05-22,b91c9478b-bfa0-844e-f949-ccea31ce5ac1,USA,ELIZ AND KATHERINE,TRAWLERS,FISHING,367542540,0.96,Stage 1,2018-05-01
41.28,-71.410004,2018-05-03,2326efd2e-ef2b-34f0-f4e7-9a078f8cb4c4,USA,BELL SKY,TRAWLERS,FISHING,367637420,6.76,Stage 1,2018-05-01
41.03,-71.169998,2018-12-06,fda33ad3b-b3d7-9afb-257d-126bd7b77f81,USA,LADY FRANCES,INCONCLUSIVE,FISHING,367155670,3.42,Stage 1,2018-12-01
40.89,-71.349998,2018-07-04,9a8640511-1c91-5720-80f0-021981ce9f23,USA,WANDO RIVER,TRAWLERS,FISHING,367718760,0.82,Stage 1,2018-07-01
40.95,-71.32,2018-07-09,33ff8cfa3-3333-eaff-9333-6cdc72d2468f,USA,F/V SAO JACINTO,TRAWLERS,FISHING,367312670,0.59,Stage 1,2018-07-01
40.9,-71.150002,2018-09-06,fd96b30e3-3f77-f437-8122-20e7744dfdb4,USA,TIMBERLINE,DREDGE_FISHING,FISHING,367071460,3.3,Stage 1,2018-09-01
40.96,-70.970001,2018-08-03,d8bbf6380-05af-2b58-ca64-97ffb1eb319f,USA,ENTERPRISE,TRAWLERS,FISHING,367590310,0.85,Stage 1,2018-08-01
41.32,-71.059998,2018-07-18,30cc3b10f-fc3e-15e3-76ba-2d27aadf2933,USA,F/V ATLANTIC PRINCE,TRAWLERS,FISHING,367517140,1.13,Stage 1,2018-07-01
41.11,-70.709999,2018-07-27,dd6eb6d60-0fea-40b3-82c4-6fd4fe4b2e7c,USA,SEVEN SEAS,TRAWLERS,FISHING,367624610,1.13,Stage 1,2018-07-01
41.05,-70.800003,2018-08-04,d8bbf6380-05af-2b58-ca64-97ffb1eb319f,USA,ENTERPRISE,TRAWLERS,FISHING,367590310,1.05,Stage 1,2018-08-01
41.11,-71.349998,2018-10-10,d8bbf6380-05af-2b58-ca64-97ffb1eb319f,USA,ENTERPRISE,TRAWLERS,FISHING,367590310,4.43,Stage 1,2018-10-01
41.15,-71.120003,2018-07-06,f8b24dd6c-ccbf-49dd-5bf0-96808a840771,USA,CAITLIN AND MAIREAD,TRAWLERS,FISHING,366274490,2.66,Stage 1,2018-07-01
41.16,-71.089996,2018-09-15,a15e533c5-505d-88e3-1794-2f973ee6df1a,USA,FV AMERICAN BEAUTY,POLE_AND_LINE,FISHING,367799120,0.33,Stage 1,2018-09-01
41.36,-71.129997,2018-07-12,d12a18828-8cbb-8887-d07d-bea9f8e76229,USA,F/V HOPEFULL,TRAWLERS,FISHING,367325850,1.08,Stage 1,2018-07-01
41.14,-70.760002,2018-07-21,79b0852e1-1e25-4bae-ba24-811a7b9779fb,USA,MISS LINDSEY,FISHING,FISHING,367742440,4.26,Stage 1,2018-07-01
41.05,-70.879997,2018-08-04,dd6eb6d60-0fea-40b3-82c4-6fd4fe4b2e7c,USA,SEVEN SEAS,TRAWLERS,FISHING,367624610,1.22,Stage 1,2018-08-01
41.07,-70.809998,2018-08-07,3bf0a38cb-b2be-efb0-3ce1-cf112105af80,USA,MACKENZIE PAIGE,TRAWLERS,FISHING,367326980,0.89,Stage 1,2018-08-01
41.02,-71.050003,2018-07-09,fd96b30e3-3f77-f437-8122-20e7744dfdb4,USA,TIMBERLINE,DREDGE_FISHING,FISHING,367071460,1.66,Stage 1,2018-07-01
41.03,-71.040001,2018-07-09,fd96b30e3-3f77-f437-8122-20e7744dfdb4,USA,TIMBERLINE,DREDGE_FISHING,FISHING,367071460,12.1,Stage 1,2018-07-01
41.12,-70.959999,2018-09-24,659b8579d-d499-fdb7-4610-c5fc285298cc,USA,KASSIDY LYN,FISHING,FISHING,338224707,0.62,Stage 1,2018-09-01
41.37,-71.260002,2018-11-12,2326efd2e-ef2b-34f0-f4e7-9a078f8cb4c4,USA,BELL SKY,TRAWLERS,FISHING,367637420,0.7,Stage 1,2018-11-01
41.18,-71.230003,2018-06-11,6b3c9d22e-e924-5f89-9665-73604b8d5608,USA,TIMBERLINE,DREDGE_FISHING,FISHING,367071460,2.38,Stage 1,2018-06-01
41.09,-70.760002,2018-07-27,dd6eb6d60-0fea-40b3-82c4-6fd4fe4b2e7c,USA,SEVEN SEAS,TRAWLERS,FISHING,367624610,0.86,Stage 1,2018-07-01
41.07,-70.709999,2018-07-28,d8bbf6380-05af-2b58-ca64-97ffb1eb319f,USA,ENTERPRISE,TRAWLERS,FISHING,367590310,0.81,Stage 1,2018-07-01
40.83,-70.910004,2018-09-12,f145d6b56-62bf-0ef6-570c-bb990c3c738f,USA,SEA WATCHER I,TRAWLERS,FISHING,367010820,2.07,Stage 1,2018-09-01
41.21,-71.209999,2018-05-10,d8bbf6380-05af-2b58-ca64-97ffb1eb319f,USA,ENTERPRISE,TRAWLERS,FISHING,367590310,0.68,Stage 1,2018-05-01
41.18,-71.230003,2018-12-12,6b3c9d22e-e924-5f89-9665-73604b8d5608,USA,TIMBERLINE,DREDGE_FISHING,FISHING,367071460,0.78,Stage 1,2018-12-01
40.85,-70.910004,2018-11-09,a45b489d0-00f1-5dc5-64d8-6d681d72b4ba,USA,LADY BRITTANY,TRAWLERS,FISHING,366983260,2.74,Stage 1,2018-11-01
41.01,-71.239998,2018-06-11,a45b489d0-00f1-5dc5-64d8-6d681d72b4ba,USA,LADY BRITTANY,TRAWLERS,FISHING,366983260,1.5,Stage 1,2018-06-01
41.13,-71.32,2018-09-17,d2d4a7623-3cb5-3aed-65b0-0866a70bfbb3,USA,OCEAN STATE,TRAWLERS,FISHING,366278770,0.4,Stage 1,2018-09-01
41.21,-71.07,2018-08-21,d8bbf6380-05af-2b58-ca64-97ffb1eb319f,USA,ENTERPRISE,TRAWLERS,FISHING,367590310,0.96,Stage 1,2018-08-01
41.25,-71.07,2018-06-11,d8bbf6380-05af-2b58-ca64-97ffb1eb319f,USA,ENTERPRISE,TRAWLERS,FISHING,367590310,0.87,Stage 1,2018-06-01
40.83,-70.900002,2018-09-12,f145d6b56-62bf-0ef6-570c-bb990c3c738f,USA,SEA WATCHER I,TRAWLERS,FISHING,367010820,6.02,Stage 1,2018-09-01
41.19,-71.260002,2018-08-27,d8bbf6380-05af-2b58-ca64-97ffb1eb319f,USA,ENTERPRISE,TRAWLERS,FISHING,367590310,6.14,Stage 1,2018-08-01
41.32,-71.400002,2018-10-19,138335867-750f-7b39-06ff-645add8dbdc7,USA,BROOKE ELISE,TRAWLERS,FISHING,367687740,2.13,Stage 1,2018-10-01
41.16,-71.230003,2018-12-12,6b3c9d22e-e924-5f89-9665-73604b8d5608,USA,TIMBERLINE,DREDGE_FISHING,FISHING,367071460,1.59,Stage 1,2018-12-01
41.06,-70.790001,2018-07-27,d8bbf6380-05af-2b58-ca64-97ffb1eb319f,USA,ENTERPRISE,TRAWLERS,FISHING,367590310,1.18,Stage 1,2018-07-01
40.83,-70.889999,2018-11-24,f145d6b56-62bf-0ef6-570c-bb990c3c738f,USA,SEA WATCHER I,TRAWLERS,FISHING,367010820,1.75,Stage 1,2018-11-01
41.12,-71.089996,2018-07-12,ad22a3fa5-5371-ddc3-4b45-7d536d49e01e,USA,EVENING PRAYER,FISHING,FISHING,367377130,7.46,Stage 1,2018-07-01
41.31,-71.07,2018-07-30,33ff8cfa3-3333-eaff-9333-6cdc72d2468f,USA,F/V SAO JACINTO,TRAWLERS,FISHING,367312670,0.45,Stage 1,2018-07-01
41.03,-70.949997,2018-07-26,dd6eb6d60-0fea-40b3-82c4-6fd4fe4b2e7c,USA,SEVEN SEAS,TRAWLERS,FISHING,367624610,0.85,Stage 1,2018-07-01
41.05,-70.879997,2018-07-27,dd6eb6d60-0fea-40b3-82c4-6fd4fe4b2e7c,USA,SEVEN SEAS,TRAWLERS,FISHING,367624610,1.13,Stage 1,2018-07-01
41.3,-71.410004,2018-06-09,33ff8cfa3-3333-eaff-9333-6cdc72d2468f,USA,F/V SAO JACINTO,TRAWLERS,FISHING,367312670,18.62,Stage 1,2018-06-01
40.88,-70.919998,2018-06-27,21e4f8f24-4896-2cf9-12c1-341ad7997cc5,USA,PILGRIM,SET_GILLNETS,FISHING,367118070,1.08,Stage 1,2018-06-01
40.94,-71.400002,2018-04-10,0c5aded4c-cbdc-435c-3a09-a261df2e531a,USA,EXPLORER,POLE_AND_LINE,FISHING,368008390,0.71,Stage 1,2018-04-01
41.23,-71.150002,2018-05-31,d8bbf6380-05af-2b58-ca64-97ffb1eb319f,USA,ENTERPRISE,TRAWLERS,FISHING,367590310,1.21,Stage 1,2018-05-01
40.94,-71.360001,2018-04-12,0c5aded4c-cbdc-435c-3a09-a261df2e531a,USA,EXPLORER,POLE_AND_LINE,FISHING,368008390,0.94,Stage 1,2018-04-01
40.94,-71.349998,2018-07-10,33ff8cfa3-3333-eaff-9333-6cdc72d2468f,USA,F/V SAO JACINTO,TRAWLERS,FISHING,367312670,1.2,Stage 1,2018-07-01
40.89,-71.360001,2018-06-23,fd96b30e3-3f77-f437-8122-20e7744dfdb4,USA,TIMBERLINE,DREDGE_FISHING,FISHING,367071460,0.88,Stage 1,2018-06-01
40.93,-71.300003,2018-06-18,a45b489d0-00f1-5dc5-64d8-6d681d72b4ba,USA,LADY BRITTANY,TRAWLERS,FISHING,366983260,1.33,Stage 1,2018-06-01
41.06,-70.790001,2018-07-26,dd6eb6d60-0fea-40b3-82c4-6fd4fe4b2e7c,USA,SEVEN SEAS,TRAWLERS,FISHING,367624610,0.98,Stage 1,2018-07-01
41.1,-70.730003,2018-08-05,dd6eb6d60-0fea-40b3-82c4-6fd4fe4b2e7c,USA,SEVEN SEAS,TRAWLERS,FISHING,367624610,0.87,Stage 1,2018-08-01
41.14,-71.349998,2018-05-05,fda33ad3b-b3d7-9afb-257d-126bd7b77f81,USA,LADY FRANCES,INCONCLUSIVE,FISHING,367155670,0.99,Stage 1,2018-05-01
41.07,-70.800003,2018-08-15,43f53617c-c08e-b2f5-79de-9618f2e30980,USA,TENACITY,TRAWLERS,FISHING,367651150,0.98,Stage 1,2018-08-01
40.84,-70.900002,2018-11-12,a45b489d0-00f1-5dc5-64d8-6d681d72b4ba,USA,LADY BRITTANY,TRAWLERS,FISHING,366983260,6.15,Stage 1,2018-11-01
41.14,-71.160004,2018-07-09,9a8640511-1c91-5720-80f0-021981ce9f23,USA,WANDO RIVER,TRAWLERS,FISHING,367718760,2.04,Stage 1,2018-07-01
41.04,-71.230003,2018-12-08,90b9eaea0-018d-1eaf-4055-36b770057d04,USA,GAIL FRANCES,INCONCLUSIVE,FISHING,366940990,2.26,Stage 1,2018-12-01
40.94,-71.099998,2018-08-14,dbd4734a3-308b-f4eb-51e1-3e923f34d6ac,USA,WHITE WATER II,DRIFTING_LONGLINES,FISHING,368161000,0.97,Stage 1,2018-08-01
41.13,-71.300003,2018-08-21,50682f6be-e7c0-5ea5-3912-7cc3e9a9882c,USA,SHELBY ANN,TRAWLERS,FISHING,367687850,1.57,Stage 1,2018-08-01
41.23,-70.910004,2018-07-31,450923ba6-616e-0c87-3115-25fb5ac2c9d3,USA,PRIME RATE,POLE_AND_LINE,FISHING,367613470,0.57,Stage 1,2018-07-01
41.28,-71.300003,2018-07-30,44752569c-c00c-da61-1898-4d62b6314a40,USA,VIRGINIA MARISE,TRAWLERS,FISHING,367145360,1.1,Stage 1,2018-07-01
41.04,-71.080002,2018-08-14,dbd4734a3-308b-f4eb-51e1-3e923f34d6ac,USA,WHITE WATER II,DRIFTING_LONGLINES,FISHING,368161000,0.78,Stage 1,2018-08-01
41.14,-70.720001,2018-10-02,fd7e8becf-f87a-e0e5-0c78-1c94ac7da3e7,USA,MISS ELLA,FISHING,FISHING,367742440,0.57,Stage 1,2018-10-01
41.06,-71.139999,2018-12-12,ef68d82c6-6d7e-ae58-2266-6ed164d98ce3,USA,MAX & EMMA,FISHING,FISHING,367792770,0.89,Stage 1,2018-12-01
41.23,-70.900002,2018-08-07,a97a00717-7e35-36df-2dec-6f6e041a2ab1,USA,PRIME RATE,POLE_AND_LINE,FISHING,367613470,2.87,Stage 1,2018-08-01
41.06,-70.959999,2018-08-01,e835426b5-5325-4b79-ca28-832b6de511b0,USA,CONOR AND MICHAEL,TRAWLERS,FISHING,367301540,0.37,Stage 1,2018-08-01
40.84,-70.889999,2018-09-13,f145d6b56-62bf-0ef6-570c-bb990c3c738f,USA,SEA WATCHER I,TRAWLERS,FISHING,367010820,5.29,Stage 1,2018-09-01
41.05,-70.849998,2018-08-03,dd6eb6d60-0fea-40b3-82c4-6fd4fe4b2e7c,USA,SEVEN SEAS,TRAWLERS,FISHING,367624610,2.4,Stage 1,2018-08-01
40.94,-70.849998,2018-10-26,8e22db9b2-2bf0-adda-13be-d3d60cac358e,USA,PREVAIL,POLE_AND_LINE,FISHING,367166230,0.97,Stage 1,2018-10-01
41.03,-71.18,2018-11-30,90b9eaea0-018d-1eaf-4055-36b770057d04,USA,GAIL FRANCES,INCONCLUSIVE,FISHING,366940990,1.17,Stage 1,2018-11-01
41.03,-70.760002,2018-09-24,659b8579d-d499-fdb7-4610-c5fc285298cc,USA,KASSIDY LYN,FISHING,FISHING,338224707,0.82,Stage 1,2018-09-01
41.04,-70.900002,2018-08-30,c6dcbd020-0a8f-4bdf-0d1b-59f35de9edc3,USA,ESS PRIDE,TRAWLERS,FISHING,367411950,0.54,Stage 1,2018-08-01
41.02,-71.18,2018-02-11,33ff8cfa3-3333-eaff-9333-6cdc72d2468f,USA,F/V SAO JACINTO,TRAWLERS,FISHING,367312670,0.99,Stage 1,2018-02-01
40.9,-71.330002,2018-04-12,0c5aded4c-cbdc-435c-3a09-a261df2e531a,USA,EXPLORER,POLE_AND_LINE,FISHING,368008390,1.34,Stage 1,2018-04-01
40.99,-71.239998,2018-05-02,9a8640511-1c91-5720-80f0-021981ce9f23,USA,WANDO RIVER,TRAWLERS,FISHING,367718760,1.34,Stage 1,2018-05-01
41.07,-70.730003,2018-08-14,43f53617c-c08e-b2f5-79de-9618f2e30980,USA,TENACITY,TRAWLERS,FISHING,367651150,0.99,Stage 1,2018-08-01
41.09,-70.830002,2018-08-04,d8bbf6380-05af-2b58-ca64-97ffb1eb319f,USA,ENTERPRISE,TRAWLERS,FISHING,367590310,2.24,Stage 1,2018-08-01
41.04,-70.870003,2018-07-26,dd6eb6d60-0fea-40b3-82c4-6fd4fe4b2e7c,USA,SEVEN SEAS,TRAWLERS,FISHING,367624610,7.46,Stage 1,2018-07-01
40.91,-71.160004,2018-09-15,fd96b30e3-3f77-f437-8122-20e7744dfdb4,USA,TIMBERLINE,DREDGE_FISHING,FISHING,367071460,3.07,Stage 1,2018-09-01
40.9,-71.160004,2018-09-07,fd96b30e3-3f77-f437-8122-20e7744dfdb4,USA,TIMBERLINE,DREDGE_FISHING,FISHING,367071460,11.27,Stage 1,2018-09-01
40.82,-70.910004,2018-10-10,a60bb8c1a-a9cd-5892-2581-2bea9933c8e0,USA,NEW SEA ROVER,TRAWLERS,FISHING,367346010,1.99,Stage 1,2018-10-01
41.07,-70.720001,2018-08-05,dd6eb6d60-0fea-40b3-82c4-6fd4fe4b2e7c,USA,SEVEN SEAS,TRAWLERS,FISHING,367624610,0.95,Stage 1,2018-08-01
40.84,-70.93,2018-10-09,a60bb8c1a-a9cd-5892-2581-2bea9933c8e0,USA,NEW SEA ROVER,TRAWLERS,FISHING,367346010,1.7,Stage 1,2018-10-01
41.04,-71.230003,2018-11-30,90b9eaea0-018d-1eaf-4055-36b770057d04,USA,GAIL FRANCES,INCONCLUSIVE,FISHING,366940990,0.73,Stage 1,2018-11-01
40.92,-71.300003,2018-06-18,a45b489d0-00f1-5dc5-64d8-6d681d72b4ba,USA,LADY BRITTANY,TRAWLERS,FISHING,366983260,1.75,Stage 1,2018-06-01
41.08,-70.970001,2018-07-22,dd6eb6d60-0fea-40b3-82c4-6fd4fe4b2e7c,USA,SEVEN SEAS,TRAWLERS,FISHING,367624610,1.06,Stage 1,2018-07-01
41.03,-71.18,2018-12-08,90b9eaea0-018d-1eaf-4055-36b770057d04,USA,GAIL FRANCES,INCONCLUSIVE,FISHING,366940990,3.9,Stage 1,2018-12-01
41.13,-71.129997,2018-12-09,90b9eaea0-018d-1eaf-4055-36b770057d04,USA,GAIL FRANCES,INCONCLUSIVE,FISHING,366940990,0.69,Stage 1,2018-12-01
41.05,-70.870003,2018-08-04,dd6eb6d60-0fea-40b3-82c4-6fd4fe4b2e7c,USA,SEVEN SEAS,TRAWLERS,FISHING,367624610,1.12,Stage 1,2018-08-01
41.01,-71.260002,2018-06-13,a45b489d0-00f1-5dc5-64d8-6d681d72b4ba,USA,LADY BRITTANY,TRAWLERS,FISHING,366983260,0.91,Stage 1,2018-06-01
41.28,-71.410004,2018-10-21,d8bbf6380-05af-2b58-ca64-97ffb1eb319f,USA,ENTERPRISE,TRAWLERS,FISHING,367590310,1.59,Stage 1,2018-10-01
41.08,-70.739998,2018-07-28,d8bbf6380-05af-2b58-ca64-97ffb1eb319f,USA,ENTERPRISE,TRAWLERS,FISHING,367590310,0.56,Stage 1,2018-07-01
41.05,-70.839996,2018-10-02,cbfafe985-5d2a-7d35-bd3d-0b5997544a89,USA,OLIVIA CATHERINE,TRAWLERS,FISHING,366186640,0.85,Stage 1,2018-10-01
41.29,-71.410004,2018-12-20,395358792-2ac0-d275-16a9-bd8cad811778,USA,HEATHER LYNN,TRAWLERS,FISHING,367119340,0.91,Stage 1,2018-12-01
41.03,-71.220001,2018-05-02,9a8640511-1c91-5720-80f0-021981ce9f23,USA,WANDO RIVER,TRAWLERS,FISHING,367718760,0.9,Stage 1,2018-05-01
41.17,-71.279999,2018-08-21,94a980510-01b3-625f-8524-0b3b93600b8c,USA,CODY,TRAWLERS,FISHING,367190280,2.97,Stage 1,2018-08-01
40.91,-71.360001,2018-06-26,9a8640511-1c91-5720-80f0-021981ce9f23,USA,WANDO RIVER,TRAWLERS,FISHING,367718760,1.13,Stage 1,2018-06-01
41.01,-71.25,2018-06-14,a45b489d0-00f1-5dc5-64d8-6d681d72b4ba,USA,LADY BRITTANY,TRAWLERS,FISHING,366983260,2.82,Stage 1,2018-06-01
41.08,-70.790001,2018-08-14,43f53617c-c08e-b2f5-79de-9618f2e30980,USA,TENACITY,TRAWLERS,FISHING,367651150,4.1,Stage 1,2018-08-01
41.04,-70.940002,2018-06-23,21e4f8f24-4896-2cf9-12c1-341ad7997cc5,USA,PILGRIM,SET_GILLNETS,FISHING,367118070,0.93,Stage 1,2018-06-01
41.19,-71.220001,2018-06-11,6b3c9d22e-e924-5f89-9665-73604b8d5608,USA,TIMBERLINE,DREDGE_FISHING,FISHING,367071460,4.65,Stage 1,2018-06-01
41.05,-70.830002,2018-08-08,3bf0a38cb-b2be-efb0-3ce1-cf112105af80,USA,MACKENZIE PAIGE,TRAWLERS,FISHING,367326980,0.53,Stage 1,2018-08-01
40.91,-71.360001,2018-08-16,9a8640511-1c91-5720-80f0-021981ce9f23,USA,WANDO RIVER,TRAWLERS,FISHING,367718760,0.73,Stage 1,2018-08-01
41.04,-70.860001,2018-08-07,d8bbf6380-05af-2b58-ca64-97ffb1eb319f,USA,ENTERPRISE,TRAWLERS,FISHING,367590310,1.04,Stage 1,2018-08-01
41.12,-71.339996,2018-02-14,90b9eaea0-018d-1eaf-4055-36b770057d04,USA,GAIL FRANCES,INCONCLUSIVE,FISHING,366940990,1.14,Stage 1,2018-02-01
40.92,-71.279999,2018-06-17,a45b489d0-00f1-5dc5-64d8-6d681d72b4ba,USA,LADY BRITTANY,TRAWLERS,FISHING,366983260,1.09,Stage 1,2018-06-01
41.2,-71.080002,2018-08-08,43f53617c-c08e-b2f5-79de-9618f2e30980,USA,TENACITY,TRAWLERS,FISHING,367651150,0.93,Stage 1,2018-08-01
41.11,-70.830002,2018-07-05,35c0e4dc1-15e2-2d88-3344-50eaafe4b12b,USA,PERCEPTION,FISHING,FISHING,367542740,0.47,Stage 1,2018-07-01
41.02,-70.860001,2018-07-20,dd6eb6d60-0fea-40b3-82c4-6fd4fe4b2e7c,USA,SEVEN SEAS,TRAWLERS,FISHING,367624610,1.31,Stage 1,2018-07-01
41.13,-71.32,2018-07-09,d8bbf6380-05af-2b58-ca64-97ffb1eb319f,USA,ENTERPRISE,TRAWLERS,FISHING,367590310,0.89,Stage 1,2018-07-01
40.83,-70.889999,2018-10-26,a45b489d0-00f1-5dc5-64d8-6d681d72b4ba,USA,LADY BRITTANY,TRAWLERS,FISHING,366983260,6.91,Stage 1,2018-10-01
40.92,-71.279999,2018-06-18,a45b489d0-00f1-5dc5-64d8-6d681d72b4ba,USA,LADY BRITTANY,TRAWLERS,FISHING,366983260,1.23,Stage 1,2018-06-01
41.16,-71.279999,2018-07-09,d8bbf6380-05af-2b58-ca64-97ffb1eb319f,USA,ENTERPRISE,TRAWLERS,FISHING,367590310,0.78,Stage 1,2018-07-01
40.92,-70.970001,2018-06-27,21e4f8f24-4896-2cf9-12c1-341ad7997cc5,USA,PILGRIM,SET_GILLNETS,FISHING,367118070,1.47,Stage 1,2018-06-01
41.08,-71.239998,2018-06-23,9a8640511-1c91-5720-80f0-021981ce9f23,USA,WANDO RIVER,TRAWLERS,FISHING,367718760,1.12,Stage 1,2018-06-01
41.15,-71.290001,2018-09-16,d8bbf6380-05af-2b58-ca64-97ffb1eb319f,USA,ENTERPRISE,TRAWLERS,FISHING,367590310,0.86,Stage 1,2018-09-01
41,-70.739998,2018-09-07,5fd63feef-f5e1-8ef5-f76f-b08beeeb5fac,USA,MYSTIC WAY,FISHING,FISHING,367516830,1.22,Stage 1,2018-09-01
41.36,-71.260002,2018-07-31,b5c8f14ac-cc19-ce97-1589-8ed6d3b58f48,USA,STEPHANIE BRYAN,FISHING,FISHING,367428520,2.7,Stage 1,2018-07-01
41.25,-70.889999,2018-09-14,659b8579d-d499-fdb7-4610-c5fc285298cc,USA,KASSIDY LYN,FISHING,FISHING,338224707,0.33,Stage 1,2018-09-01
41.07,-70.800003,2018-07-28,dd6eb6d60-0fea-40b3-82c4-6fd4fe4b2e7c,USA,SEVEN SEAS,TRAWLERS,FISHING,367624610,1.13,Stage 1,2018-07-01
41.36,-71.150002,2018-08-01,b5c8f14ac-cc19-ce97-1589-8ed6d3b58f48,USA,STEPHANIE BRYAN,FISHING,FISHING,367428520,1.5,Stage 1,2018-08-01
41.31,-71.400002,2018-06-07,d12a18828-8cbb-8887-d07d-bea9f8e76229,USA,F/V HOPEFULL,TRAWLERS,FISHING,367325850,0.37,Stage 1,2018-06-01
40.98,-70.910004,2018-08-03,d8bbf6380-05af-2b58-ca64-97ffb1eb319f,USA,ENTERPRISE,TRAWLERS,FISHING,367590310,1.02,Stage 1,2018-08-01
41.33,-71.330002,2018-04-15,46a1ad78f-fdf5-4f58-4385-8a781e5b6053,NLD,BALTIC,TRAWLERS,FISHING,244020098,1.16,Stage 1,2018-04-01
41.07,-71.379997,2018-05-09,3bf0a38cb-b2be-efb0-3ce1-cf112105af80,USA,MACKENZIE PAIGE,TRAWLERS,FISHING,367326980,0.55,Stage 1,2018-05-01
41.04,-71.199997,2018-11-24,90b9eaea0-018d-1eaf-4055-36b770057d04,USA,GAIL FRANCES,INCONCLUSIVE,FISHING,366940990,0.33,Stage 1,2018-11-01
41.02,-70.879997,2018-07-30,dc7503a12-2012-2b23-c830-41a97164309d,USA,CHARLIES PRIDE,TRAWLERS,FISHING,366472920,1.17,Stage 1,2018-07-01
41.03,-71.099998,2018-10-13,90b9eaea0-018d-1eaf-4055-36b770057d04,USA,GAIL FRANCES,INCONCLUSIVE,FISHING,366940990,0.48,Stage 1,2018-10-01
41.19,-70.879997,2018-07-02,fda33ad3b-b3d7-9afb-257d-126bd7b77f81,USA,LADY FRANCES,INCONCLUSIVE,FISHING,367155670,0.99,Stage 1,2018-07-01
41.02,-71.18,2018-12-09,90b9eaea0-018d-1eaf-4055-36b770057d04,USA,GAIL FRANCES,INCONCLUSIVE,FISHING,366940990,0.38,Stage 1,2018-12-01
41.11,-71.260002,2018-06-18,395358792-2ac0-d275-16a9-bd8cad811778,USA,HEATHER LYNN,TRAWLERS,FISHING,367119340,0.56,Stage 1,2018-06-01
40.97,-70.989998,2018-08-03,d8bbf6380-05af-2b58-ca64-97ffb1eb319f,USA,ENTERPRISE,TRAWLERS,FISHING,367590310,0.72,Stage 1,2018-08-01
40.98,-71.230003,2018-06-17,a45b489d0-00f1-5dc5-64d8-6d681d72b4ba,USA,LADY BRITTANY,TRAWLERS,FISHING,366983260,1.3,Stage 1,2018-06-01
40.91,-71.349998,2018-06-13,6b3c9d22e-e924-5f89-9665-73604b8d5608,USA,TIMBERLINE,DREDGE_FISHING,FISHING,367071460,1.62,Stage 1,2018-06-01
41.01,-71.239998,2018-06-12,a45b489d0-00f1-5dc5-64d8-6d681d72b4ba,USA,LADY BRITTANY,TRAWLERS,FISHING,366983260,0.93,Stage 1,2018-06-01
40.89,-71.32,2018-06-18,a45b489d0-00f1-5dc5-64d8-6d681d72b4ba,USA,LADY BRITTANY,TRAWLERS,FISHING,366983260,1.02,Stage 1,2018-06-01
40.93,-71.309998,2018-08-07,fd96b30e3-3f77-f437-8122-20e7744dfdb4,USA,TIMBERLINE,DREDGE_FISHING,FISHING,367071460,0.87,Stage 1,2018-08-01
41.23,-71.139999,2018-11-30,2326efd2e-ef2b-34f0-f4e7-9a078f8cb4c4,USA,BELL SKY,TRAWLERS,FISHING,367637420,0.87,Stage 1,2018-11-01
41.18,-71.25,2018-08-21,50682f6be-e7c0-5ea5-3912-7cc3e9a9882c,USA,SHELBY ANN,TRAWLERS,FISHING,367687850,1.01,Stage 1,2018-08-01
40.95,-71.349998,2018-04-13,0c5aded4c-cbdc-435c-3a09-a261df2e531a,USA,EXPLORER,POLE_AND_LINE,FISHING,368008390,1.16,Stage 1,2018-04-01
40.96,-71.279999,2018-02-26,d2d4a7623-3cb5-3aed-65b0-0866a70bfbb3,USA,OCEAN STATE,TRAWLERS,FISHING,366278770,6.15,Stage 1,2018-02-01
41.17,-71.279999,2018-07-08,d8bbf6380-05af-2b58-ca64-97ffb1eb319f,USA,ENTERPRISE,TRAWLERS,FISHING,367590310,1.08,Stage 1,2018-07-01
41.03,-70.800003,2018-08-08,dd6eb6d60-0fea-40b3-82c4-6fd4fe4b2e7c,USA,SEVEN SEAS,TRAWLERS,FISHING,367624610,0.72,Stage 1,2018-08-01
40.97,-70.870003,2018-07-26,54248a307-749f-48d1-ac1a-9427f869ef59,USA,F/V INTEGRITY,SET_LONGLINES,FISHING,367463460,1.11,Stage 1,2018-07-01
40.9,-71.309998,2018-06-18,a45b489d0-00f1-5dc5-64d8-6d681d72b4ba,USA,LADY BRITTANY,TRAWLERS,FISHING,366983260,1.45,Stage 1,2018-06-01
40.95,-71.400002,2018-07-15,7703fe352-2006-3272-91c4-ed55cf08a2bf,USA,THUNDER BAY,TRAWLERS,FISHING,367426660,0.75,Stage 1,2018-07-01
41.28,-71.410004,2018-08-27,cf82ed35c-c219-f8c2-745a-24c38db5d7cf,USA,BLACK SHEEP,TRAWLERS,FISHING,366831480,1.82,Stage 1,2018-08-01
40.91,-71.150002,2018-09-15,fd96b30e3-3f77-f437-8122-20e7744dfdb4,USA,TIMBERLINE,DREDGE_FISHING,FISHING,367071460,5.98,Stage 1,2018-09-01
41.34,-71.32,2018-04-14,46a1ad78f-fdf5-4f58-4385-8a781e5b6053,NLD,BALTIC,TRAWLERS,FISHING,244020098,3.6,Stage 1,2018-04-01
41.06,-70.790001,2018-08-30,c6dcbd020-0a8f-4bdf-0d1b-59f35de9edc3,USA,ESS PRIDE,TRAWLERS,FISHING,367411950,0.36,Stage 1,2018-08-01
40.91,-71.339996,2018-06-23,fd96b30e3-3f77-f437-8122-20e7744dfdb4,USA,TIMBERLINE,DREDGE_FISHING,FISHING,367071460,1.13,Stage 1,2018-06-01
41.01,-70.870003,2018-08-30,c6dcbd020-0a8f-4bdf-0d1b-59f35de9edc3,USA,ESS PRIDE,TRAWLERS,FISHING,367411950,1.46,Stage 1,2018-08-01
41.08,-71.370003,2018-08-27,395358792-2ac0-d275-16a9-bd8cad811778,USA,HEATHER LYNN,TRAWLERS,FISHING,367119340,1.49,Stage 1,2018-08-01
41.09,-71.360001,2018-05-09,3bf0a38cb-b2be-efb0-3ce1-cf112105af80,USA,MACKENZIE PAIGE,TRAWLERS,FISHING,367326980,7.35,Stage 1,2018-05-01
40.89,-71.309998,2018-05-25,9a8640511-1c91-5720-80f0-021981ce9f23,USA,WANDO RIVER,TRAWLERS,FISHING,367718760,1.75,Stage 1,2018-05-01
41.11,-71.190002,2018-07-15,fda33ad3b-b3d7-9afb-257d-126bd7b77f81,USA,LADY FRANCES,INCONCLUSIVE,FISHING,367155670,0.57,Stage 1,2018-07-01
41.12,-71.330002,2018-08-16,d8bbf6380-05af-2b58-ca64-97ffb1eb319f,USA,ENTERPRISE,TRAWLERS,FISHING,367590310,0.83,Stage 1,2018-08-01
40.9,-71.309998,2018-07-04,a45b489d0-00f1-5dc5-64d8-6d681d72b4ba,USA,LADY BRITTANY,TRAWLERS,FISHING,366983260,1.87,Stage 1,2018-07-01
41.38,-71.269997,2018-11-24,2326efd2e-ef2b-34f0-f4e7-9a078f8cb4c4,USA,BELL SKY,TRAWLERS,FISHING,367637420,0.96,Stage 1,2018-11-01
40.92,-71.32,2018-05-10,9a8640511-1c91-5720-80f0-021981ce9f23,USA,WANDO RIVER,TRAWLERS,FISHING,367718760,1.58,Stage 1,2018-05-01
41.03,-71.209999,2018-05-02,9a8640511-1c91-5720-80f0-021981ce9f23,USA,WANDO RIVER,TRAWLERS,FISHING,367718760,1.2,Stage 1,2018-05-01
41.05,-71.379997,2018-09-17,d2d4a7623-3cb5-3aed-65b0-0866a70bfbb3,USA,OCEAN STATE,TRAWLERS,FISHING,366278770,1.07,Stage 1,2018-09-01
41.35,-71.290001,2018-04-15,46a1ad78f-fdf5-4f58-4385-8a781e5b6053,NLD,BALTIC,TRAWLERS,FISHING,244020098,1.11,Stage 1,2018-04-01
40.94,-71.360001,2018-04-11,0c5aded4c-cbdc-435c-3a09-a261df2e531a,USA,EXPLORER,POLE_AND_LINE,FISHING,368008390,0.79,Stage 1,2018-04-01
41.15,-71.220001,2018-08-01,fd96b30e3-3f77-f437-8122-20e7744dfdb4,USA,TIMBERLINE,DREDGE_FISHING,FISHING,367071460,8.38,Stage 1,2018-08-01
41.17,-71.279999,2018-05-22,b91c9478b-bfa0-844e-f949-ccea31ce5ac1,USA,ELIZ AND KATHERINE,TRAWLERS,FISHING,367542540,0.48,Stage 1,2018-05-01
40.89,-71.18,2018-09-05,fd96b30e3-3f77-f437-8122-20e7744dfdb4,USA,TIMBERLINE,DREDGE_FISHING,FISHING,367071460,0.93,Stage 1,2018-09-01
40.91,-71.269997,2018-06-26,fd96b30e3-3f77-f437-8122-20e7744dfdb4,USA,TIMBERLINE,DREDGE_FISHING,FISHING,367071460,0.81,Stage 1,2018-06-01
41.16,-71.209999,2018-12-12,6b3c9d22e-e924-5f89-9665-73604b8d5608,USA,TIMBERLINE,DREDGE_FISHING,FISHING,367071460,1.15,Stage 1,2018-12-01
41.02,-70.849998,2018-07-30,dc7503a12-2012-2b23-c830-41a97164309d,USA,CHARLIES PRIDE,TRAWLERS,FISHING,366472920,0.83,Stage 1,2018-07-01
41.01,-70.910004,2018-07-29,94a980510-01b3-625f-8524-0b3b93600b8c,USA,CODY,TRAWLERS,FISHING,367190280,0.58,Stage 1,2018-07-01
41.28,-71.400002,2018-08-20,d8bbf6380-05af-2b58-ca64-97ffb1eb319f,USA,ENTERPRISE,TRAWLERS,FISHING,367590310,1.02,Stage 1,2018-08-01
41.09,-70.809998,2018-08-04,d8bbf6380-05af-2b58-ca64-97ffb1eb319f,USA,ENTERPRISE,TRAWLERS,FISHING,367590310,0.87,Stage 1,2018-08-01
41.04,-70.93,2018-07-27,dd6eb6d60-0fea-40b3-82c4-6fd4fe4b2e7c,USA,SEVEN SEAS,TRAWLERS,FISHING,367624610,2.06,Stage 1,2018-07-01
41.03,-70.940002,2018-09-07,5fd63feef-f5e1-8ef5-f76f-b08beeeb5fac,USA,MYSTIC WAY,FISHING,FISHING,367516830,4.92,Stage 1,2018-09-01
41.1,-70.779999,2018-07-28,dd6eb6d60-0fea-40b3-82c4-6fd4fe4b2e7c,USA,SEVEN SEAS,TRAWLERS,FISHING,367624610,1.12,Stage 1,2018-07-01
41.2,-70.879997,2018-07-02,fda33ad3b-b3d7-9afb-257d-126bd7b77f81,USA,LADY FRANCES,INCONCLUSIVE,FISHING,367155670,1.95,Stage 1,2018-07-01
41.1,-70.730003,2018-08-07,d8bbf6380-05af-2b58-ca64-97ffb1eb319f,USA,ENTERPRISE,TRAWLERS,FISHING,367590310,0.85,Stage 1,2018-08-01
40.91,-71.379997,2018-05-31,9a8640511-1c91-5720-80f0-021981ce9f23,USA,WANDO RIVER,TRAWLERS,FISHING,367718760,0.95,Stage 1,2018-05-01
40.9,-71.360001,2018-08-05,9a8640511-1c91-5720-80f0-021981ce9f23,USA,WANDO RIVER,TRAWLERS,FISHING,367718760,1.24,Stage 1,2018-08-01
41,-71.25,2018-06-14,a45b489d0-00f1-5dc5-64d8-6d681d72b4ba,USA,LADY BRITTANY,TRAWLERS,FISHING,366983260,2.92,Stage 1,2018-06-01
41.02,-71.019997,2018-07-13,fd96b30e3-3f77-f437-8122-20e7744dfdb4,USA,TIMBERLINE,DREDGE_FISHING,FISHING,367071460,5.17,Stage 1,2018-07-01
41.08,-70.779999,2018-08-07,d8bbf6380-05af-2b58-ca64-97ffb1eb319f,USA,ENTERPRISE,TRAWLERS,FISHING,367590310,1,Stage 1,2018-08-01
41.09,-71.360001,2018-05-31,dd6eb6d60-0fea-40b3-82c4-6fd4fe4b2e7c,USA,SEVEN SEAS,TRAWLERS,FISHING,367624610,0.75,Stage 1,2018-05-01
41.08,-71.239998,2018-07-10,9a8640511-1c91-5720-80f0-021981ce9f23,USA,WANDO RIVER,TRAWLERS,FISHING,367718760,1.14,Stage 1,2018-07-01
41.12,-71.300003,2018-09-17,d8bbf6380-05af-2b58-ca64-97ffb1eb319f,USA,ENTERPRISE,TRAWLERS,FISHING,367590310,0.98,Stage 1,2018-09-01
41.32,-71.32,2018-06-29,287fc1cbf-fbc0-3baa-ae98-f20768f5d10f,USA,VIKING STARSHIP,PASSENGER,PASSENGER,367661740,1.22,Stage 1,2018-06-01
40.87,-71.339996,2018-07-30,9a8640511-1c91-5720-80f0-021981ce9f23,USA,WANDO RIVER,TRAWLERS,FISHING,367718760,0.87,Stage 1,2018-07-01
41.06,-70.760002,2018-07-27,d8bbf6380-05af-2b58-ca64-97ffb1eb319f,USA,ENTERPRISE,TRAWLERS,FISHING,367590310,2.85,Stage 1,2018-07-01
41.04,-70.860001,2018-08-04,d8bbf6380-05af-2b58-ca64-97ffb1eb319f,USA,ENTERPRISE,TRAWLERS,FISHING,367590310,1.02,Stage 1,2018-08-01
40.9,-71.330002,2018-06-27,a45b489d0-00f1-5dc5-64d8-6d681d72b4ba,USA,LADY BRITTANY,TRAWLERS,FISHING,366983260,3.76,Stage 1,2018-06-01
40.91,-71.160004,2018-09-16,fd96b30e3-3f77-f437-8122-20e7744dfdb4,USA,TIMBERLINE,DREDGE_FISHING,FISHING,367071460,5.15,Stage 1,2018-09-01
41.03,-71.169998,2018-12-15,fda33ad3b-b3d7-9afb-257d-126bd7b77f81,USA,LADY FRANCES,INCONCLUSIVE,FISHING,367155670,0.54,Stage 1,2018-12-01
40.97,-71.089996,2018-06-30,fd96b30e3-3f77-f437-8122-20e7744dfdb4,USA,TIMBERLINE,DREDGE_FISHING,FISHING,367071460,0.91,Stage 1,2018-06-01
41.02,-71.029999,2018-07-13,fd96b30e3-3f77-f437-8122-20e7744dfdb4,USA,TIMBERLINE,DREDGE_FISHING,FISHING,367071460,2.82,Stage 1,2018-07-01
41.17,-71.279999,2018-08-21,50682f6be-e7c0-5ea5-3912-7cc3e9a9882c,USA,SHELBY ANN,TRAWLERS,FISHING,367687850,0.33,Stage 1,2018-08-01
40.85,-70.900002,2018-11-12,a45b489d0-00f1-5dc5-64d8-6d681d72b4ba,USA,LADY BRITTANY,TRAWLERS,FISHING,366983260,0.92,Stage 1,2018-11-01
41.03,-70.940002,2018-07-21,dd6eb6d60-0fea-40b3-82c4-6fd4fe4b2e7c,USA,SEVEN SEAS,TRAWLERS,FISHING,367624610,0.54,Stage 1,2018-07-01
41.02,-71.050003,2018-07-20,fd96b30e3-3f77-f437-8122-20e7744dfdb4,USA,TIMBERLINE,DREDGE_FISHING,FISHING,367071460,0.92,Stage 1,2018-07-01
41.06,-70.849998,2018-07-21,dd6eb6d60-0fea-40b3-82c4-6fd4fe4b2e7c,USA,SEVEN SEAS,TRAWLERS,FISHING,367624610,0.87,Stage 1,2018-07-01
41.18,-71.260002,2018-05-10,d8bbf6380-05af-2b58-ca64-97ffb1eb319f,USA,ENTERPRISE,TRAWLERS,FISHING,367590310,0.96,Stage 1,2018-05-01
41.05,-71.07,2018-10-14,90b9eaea0-018d-1eaf-4055-36b770057d04,USA,GAIL FRANCES,INCONCLUSIVE,FISHING,366940990,0.85,Stage 1,2018-10-01
41.35,-71.379997,2018-08-17,e4a69e8d8-8768-d8d9-aa04-c12941bc58ec,USA,LAURA PEGGY,SET_GILLNETS,FISHING,338130869,1.92,Stage 1,2018-08-01
40.9,-71.32,2018-06-27,a45b489d0-00f1-5dc5-64d8-6d681d72b4ba,USA,LADY BRITTANY,TRAWLERS,FISHING,366983260,5.26,Stage 1,2018-06-01
40.9,-71.160004,2018-09-05,fd96b30e3-3f77-f437-8122-20e7744dfdb4,USA,TIMBERLINE,DREDGE_FISHING,FISHING,367071460,2.7,Stage 1,2018-09-01
41.21,-71.290001,2018-07-08,d8bbf6380-05af-2b58-ca64-97ffb1eb319f,USA,ENTERPRISE,TRAWLERS,FISHING,367590310,0.69,Stage 1,2018-07-01
41.36,-71.300003,2018-05-30,ef1a772a1-1358-1adf-381d-f0fbe1282310,USA,DARANA R,FISHING,FISHING,367174730,1.85,Stage 1,2018-05-01
41.1,-70.760002,2018-08-05,dd6eb6d60-0fea-40b3-82c4-6fd4fe4b2e7c,USA,SEVEN SEAS,TRAWLERS,FISHING,367624610,1.14,Stage 1,2018-08-01
41.07,-70.809998,2018-07-27,dd6eb6d60-0fea-40b3-82c4-6fd4fe4b2e7c,USA,SEVEN SEAS,TRAWLERS,FISHING,367624610,0.82,Stage 1,2018-07-01
40.89,-70.980003,2018-07-04,21e4f8f24-4896-2cf9-12c1-341ad7997cc5,USA,PILGRIM,SET_GILLNETS,FISHING,367118070,0.89,Stage 1,2018-07-01
41.03,-71.169998,2018-10-06,90b9eaea0-018d-1eaf-4055-36b770057d04,USA,GAIL FRANCES,INCONCLUSIVE,FISHING,366940990,3.5,Stage 1,2018-10-01
41.03,-71.290001,2018-01-22,fda33ad3b-b3d7-9afb-257d-126bd7b77f81,USA,LADY FRANCES,INCONCLUSIVE,FISHING,367155670,4.72,Stage 1,2018-01-01
41.06,-70.720001,2018-07-12,dd6eb6d60-0fea-40b3-82c4-6fd4fe4b2e7c,USA,SEVEN SEAS,TRAWLERS,FISHING,367624610,0.9,Stage 1,2018-07-01
41.1,-70.720001,2018-08-04,dd6eb6d60-0fea-40b3-82c4-6fd4fe4b2e7c,USA,SEVEN SEAS,TRAWLERS,FISHING,367624610,0.88,Stage 1,2018-08-01
41.05,-71.400002,2018-10-26,90b9eaea0-018d-1eaf-4055-36b770057d04,USA,GAIL FRANCES,INCONCLUSIVE,FISHING,366940990,0.57,Stage 1,2018-10-01
40.96,-71.089996,2018-07-01,fd96b30e3-3f77-f437-8122-20e7744dfdb4,USA,TIMBERLINE,DREDGE_FISHING,FISHING,367071460,0.85,Stage 1,2018-07-01
40.99,-70.959999,2018-05-22,33ff8cfa3-3333-eaff-9333-6cdc72d2468f,USA,F/V SAO JACINTO,TRAWLERS,FISHING,367312670,1,Stage 1,2018-05-01
40.9,-71.370003,2018-08-07,9a8640511-1c91-5720-80f0-021981ce9f23,USA,WANDO RIVER,TRAWLERS,FISHING,367718760,1.06,Stage 1,2018-08-01
41.05,-70.849998,2018-07-31,d6d85d2f7-74ce-03e4-c3ca-a3e1832f3905,USA,F/V INCENTIVE,TRAWLERS,FISHING,367435050,0.33,Stage 1,2018-07-01
41.28,-71.410004,2018-08-23,cf82ed35c-c219-f8c2-745a-24c38db5d7cf,USA,BLACK SHEEP,TRAWLERS,FISHING,366831480,1.63,Stage 1,2018-08-01
41.19,-71.25,2018-08-24,d8bbf6380-05af-2b58-ca64-97ffb1eb319f,USA,ENTERPRISE,TRAWLERS,FISHING,367590310,1,Stage 1,2018-08-01
40.85,-70.900002,2018-11-09,a45b489d0-00f1-5dc5-64d8-6d681d72b4ba,USA,LADY BRITTANY,TRAWLERS,FISHING,366983260,2.93,Stage 1,2018-11-01
41.21,-71.18,2018-09-17,659b8579d-d499-fdb7-4610-c5fc285298cc,USA,KASSIDY LYN,FISHING,FISHING,338224707,3.97,Stage 1,2018-09-01
41.03,-71.18,2018-11-19,90b9eaea0-018d-1eaf-4055-36b770057d04,USA,GAIL FRANCES,INCONCLUSIVE,FISHING,366940990,1.77,Stage 1,2018-11-01
41,-70.720001,2018-10-02,cbfafe985-5d2a-7d35-bd3d-0b5997544a89,USA,OLIVIA CATHERINE,TRAWLERS,FISHING,366186640,1.12,Stage 1,2018-10-01
40.87,-70.949997,2018-06-25,21e4f8f24-4896-2cf9-12c1-341ad7997cc5,USA,PILGRIM,SET_GILLNETS,FISHING,367118070,1.49,Stage 1,2018-06-01
41.22,-71.309998,2018-08-21,50682f6be-e7c0-5ea5-3912-7cc3e9a9882c,USA,SHELBY ANN,TRAWLERS,FISHING,367687850,1.29,Stage 1,2018-08-01
41.09,-70.760002,2018-08-07,3bf0a38cb-b2be-efb0-3ce1-cf112105af80,USA,MACKENZIE PAIGE,TRAWLERS,FISHING,367326980,0.61,Stage 1,2018-08-01
41.3,-71.400002,2018-09-19,cbfafe985-5d2a-7d35-bd3d-0b5997544a89,USA,OLIVIA CATHERINE,TRAWLERS,FISHING,366186640,1.23,Stage 1,2018-09-01
40.88,-71.349998,2018-08-01,9a2e7d35a-ad16-589b-e9b0-7428f57a19fc,USA,NEW SEA ROVER,TRAWLERS,FISHING,367346010,1.06,Stage 1,2018-08-01
40.91,-71.32,2018-06-23,943ab90cb-b546-44a3-62a6-6f2035449a91,USA,STORMY ELIZABETH,FISHING,FISHING,367151950,1.2,Stage 1,2018-06-01
40.99,-70.730003,2018-08-14,35c0e4dc1-15e2-2d88-3344-50eaafe4b12b,USA,PERCEPTION,FISHING,FISHING,367542740,1.02,Stage 1,2018-08-01
41.36,-71.260002,2018-04-15,46a1ad78f-fdf5-4f58-4385-8a781e5b6053,NLD,BALTIC,TRAWLERS,FISHING,244020098,4,Stage 1,2018-04-01
41.15,-71.220001,2018-12-13,6b3c9d22e-e924-5f89-9665-73604b8d5608,USA,TIMBERLINE,DREDGE_FISHING,FISHING,367071460,0.88,Stage 1,2018-12-01
41.29,-71.300003,2018-05-27,ef1a772a1-1358-1adf-381d-f0fbe1282310,USA,DARANA R,FISHING,FISHING,367174730,0.88,Stage 1,2018-05-01
41.05,-70.849998,2018-07-28,dd6eb6d60-0fea-40b3-82c4-6fd4fe4b2e7c,USA,SEVEN SEAS,TRAWLERS,FISHING,367624610,1.12,Stage 1,2018-07-01
40.87,-71.209999,2018-08-24,9a8640511-1c91-5720-80f0-021981ce9f23,USA,WANDO RIVER,TRAWLERS,FISHING,367718760,9.97,Stage 1,2018-08-01
41.12,-70.709999,2018-09-20,fd7e8becf-f87a-e0e5-0c78-1c94ac7da3e7,USA,MISS ELLA,FISHING,FISHING,367742440,0.88,Stage 1,2018-09-01
41.23,-71.160004,2018-05-31,d8bbf6380-05af-2b58-ca64-97ffb1eb319f,USA,ENTERPRISE,TRAWLERS,FISHING,367590310,0.85,Stage 1,2018-05-01
40.94,-70.879997,2018-10-26,8e22db9b2-2bf0-adda-13be-d3d60cac358e,USA,PREVAIL,POLE_AND_LINE,FISHING,367166230,1.12,Stage 1,2018-10-01
41.07,-70.809998,2018-08-04,dd6eb6d60-0fea-40b3-82c4-6fd4fe4b2e7c,USA,SEVEN SEAS,TRAWLERS,FISHING,367624610,1.19,Stage 1,2018-08-01
40.83,-70.889999,2018-11-08,a45b489d0-00f1-5dc5-64d8-6d681d72b4ba,USA,LADY BRITTANY,TRAWLERS,FISHING,366983260,0.81,Stage 1,2018-11-01
41.23,-71.339996,2018-10-02,59d8ab6e8-88ae-3379-7957-c3cf5af17475,USA,HOPE AND SYDNEY,TRAWLERS,FISHING,367084070,0.57,Stage 1,2018-10-01
40.91,-71.360001,2018-05-09,9a8640511-1c91-5720-80f0-021981ce9f23,USA,WANDO RIVER,TRAWLERS,FISHING,367718760,2.76,Stage 1,2018-05-01
41.2,-71.199997,2018-08-01,fd96b30e3-3f77-f437-8122-20e7744dfdb4,USA,TIMBERLINE,DREDGE_FISHING,FISHING,367071460,0.65,Stage 1,2018-08-01
41.37,-71.260002,2018-04-15,46a1ad78f-fdf5-4f58-4385-8a781e5b6053,NLD,BALTIC,TRAWLERS,FISHING,244020098,1.08,Stage 1,2018-04-01
40.9,-71.330002,2018-07-05,a45b489d0-00f1-5dc5-64d8-6d681d72b4ba,USA,LADY BRITTANY,TRAWLERS,FISHING,366983260,2.02,Stage 1,2018-07-01
41.12,-71.089996,2018-02-26,fda33ad3b-b3d7-9afb-257d-126bd7b77f81,USA,LADY FRANCES,INCONCLUSIVE,FISHING,367155670,1.41,Stage 1,2018-02-01
41.3,-71.330002,2018-04-14,46a1ad78f-fdf5-4f58-4385-8a781e5b6053,NLD,BALTIC,TRAWLERS,FISHING,244020098,2.07,Stage 1,2018-04-01
41.06,-70.760002,2018-07-30,d8bbf6380-05af-2b58-ca64-97ffb1eb319f,USA,ENTERPRISE,TRAWLERS,FISHING,367590310,0.82,Stage 1,2018-07-01
41.06,-70.830002,2018-08-04,dd6eb6d60-0fea-40b3-82c4-6fd4fe4b2e7c,USA,SEVEN SEAS,TRAWLERS,FISHING,367624610,1.59,Stage 1,2018-08-01
41.11,-70.709999,2018-07-25,dd6eb6d60-0fea-40b3-82c4-6fd4fe4b2e7c,USA,SEVEN SEAS,TRAWLERS,FISHING,367624610,0.86,Stage 1,2018-07-01
41.07,-70.75,2018-08-03,f321a5bcb-b9a3-1da9-32d8-22077f65efcf,USA,DETERMINATION,TRAWLERS,FISHING,367518960,0.57,Stage 1,2018-08-01
41.37,-71.349998,2018-11-20,8e22db9b2-2bf0-adda-13be-d3d60cac358e,USA,PREVAIL,POLE_AND_LINE,FISHING,367166230,1,Stage 1,2018-11-01
41.09,-70.919998,2018-12-12,59c757235-5638-b364-a6ec-0694ac3f69c8,CAN,FISHIN ADDICTION 17,POLE_AND_LINE,FISHING,316036131,8.7,Stage 1,2018-12-01
41.11,-71.330002,2018-08-24,d8bbf6380-05af-2b58-ca64-97ffb1eb319f,USA,ENTERPRISE,TRAWLERS,FISHING,367590310,0.94,Stage 1,2018-08-01
41.33,-71.050003,2018-07-10,9a8640511-1c91-5720-80f0-021981ce9f23,USA,WANDO RIVER,TRAWLERS,FISHING,367718760,1.19,Stage 1,2018-07-01
40.95,-71.360001,2018-04-10,0c5aded4c-cbdc-435c-3a09-a261df2e531a,USA,EXPLORER,POLE_AND_LINE,FISHING,368008390,0.55,Stage 1,2018-04-01
40.83,-71.050003,2018-09-13,ef68d82c6-6d7e-ae58-2266-6ed164d98ce3,USA,MAX & EMMA,FISHING,FISHING,367792770,0.92,Stage 1,2018-09-01
41.06,-70.860001,2018-07-27,dd6eb6d60-0fea-40b3-82c4-6fd4fe4b2e7c,USA,SEVEN SEAS,TRAWLERS,FISHING,367624610,0.91,Stage 1,2018-07-01
41.18,-71.269997,2018-08-20,d8bbf6380-05af-2b58-ca64-97ffb1eb319f,USA,ENTERPRISE,TRAWLERS,FISHING,367590310,0.97,Stage 1,2018-08-01
41.03,-71.18,2018-12-14,287fc1cbf-fbc0-3baa-ae98-f20768f5d10f,USA,VIKING STARSHIP,PASSENGER,PASSENGER,367661740,2.16,Stage 1,2018-12-01
41.18,-71.290001,2018-09-17,d8bbf6380-05af-2b58-ca64-97ffb1eb319f,USA,ENTERPRISE,TRAWLERS,FISHING,367590310,1.91,Stage 1,2018-09-01
40.93,-71.339996,2018-04-13,0c5aded4c-cbdc-435c-3a09-a261df2e531a,USA,EXPLORER,POLE_AND_LINE,FISHING,368008390,1.28,Stage 1,2018-04-01
41.02,-70.870003,2018-07-29,94a980510-01b3-625f-8524-0b3b93600b8c,USA,CODY,TRAWLERS,FISHING,367190280,1.74,Stage 1,2018-07-01
40.92,-71.300003,2018-05-25,9a8640511-1c91-5720-80f0-021981ce9f23,USA,WANDO RIVER,TRAWLERS,FISHING,367718760,5.83,Stage 1,2018-05-01
40.91,-71.279999,2018-06-17,9a2e7d35a-ad16-589b-e9b0-7428f57a19fc,USA,NEW SEA ROVER,TRAWLERS,FISHING,367346010,14.21,Stage 1,2018-06-01
41.35,-71.339996,2018-04-16,46a1ad78f-fdf5-4f58-4385-8a781e5b6053,NLD,BALTIC,TRAWLERS,FISHING,244020098,0.33,Stage 1,2018-04-01
41.06,-70.769997,2018-07-29,cf82ed35c-c219-f8c2-745a-24c38db5d7cf,USA,BLACK SHEEP,TRAWLERS,FISHING,366831480,1.07,Stage 1,2018-07-01
40.94,-71.379997,2018-04-11,0c5aded4c-cbdc-435c-3a09-a261df2e531a,USA,EXPLORER,POLE_AND_LINE,FISHING,368008390,3.34,Stage 1,2018-04-01
40.87,-70.889999,2018-10-01,659b8579d-d499-fdb7-4610-c5fc285298cc,USA,KASSIDY LYN,FISHING,FISHING,338224707,1.68,Stage 1,2018-10-01
41.05,-70.830002,2018-08-05,dd6eb6d60-0fea-40b3-82c4-6fd4fe4b2e7c,USA,SEVEN SEAS,TRAWLERS,FISHING,367624610,1.34,Stage 1,2018-08-01
41.03,-70.910004,2018-08-03,d8bbf6380-05af-2b58-ca64-97ffb1eb319f,USA,ENTERPRISE,TRAWLERS,FISHING,367590310,1.21,Stage 1,2018-08-01
41.01,-71.220001,2018-06-08,a45b489d0-00f1-5dc5-64d8-6d681d72b4ba,USA,LADY BRITTANY,TRAWLERS,FISHING,366983260,3.14,Stage 1,2018-06-01
40.92,-71.309998,2018-08-06,fd96b30e3-3f77-f437-8122-20e7744dfdb4,USA,TIMBERLINE,DREDGE_FISHING,FISHING,367071460,3.53,Stage 1,2018-08-01
40.93,-71.279999,2018-06-17,a45b489d0-00f1-5dc5-64d8-6d681d72b4ba,USA,LADY BRITTANY,TRAWLERS,FISHING,366983260,8.37,Stage 1,2018-06-01
40.9,-71.18,2018-09-05,fd96b30e3-3f77-f437-8122-20e7744dfdb4,USA,TIMBERLINE,DREDGE_FISHING,FISHING,367071460,5.4,Stage 1,2018-09-01
41.03,-70.889999,2018-08-05,dd6eb6d60-0fea-40b3-82c4-6fd4fe4b2e7c,USA,SEVEN SEAS,TRAWLERS,FISHING,367624610,0.78,Stage 1,2018-08-01
41.18,-71.120003,2018-05-02,a15e533c5-505d-88e3-1794-2f973ee6df1a,USA,FV AMERICAN BEAUTY,POLE_AND_LINE,FISHING,367799120,0.57,Stage 1,2018-05-01
41.25,-71.089996,2018-06-08,d8bbf6380-05af-2b58-ca64-97ffb1eb319f,USA,ENTERPRISE,TRAWLERS,FISHING,367590310,1.77,Stage 1,2018-06-01
40.9,-71.169998,2018-09-07,fd96b30e3-3f77-f437-8122-20e7744dfdb4,USA,TIMBERLINE,DREDGE_FISHING,FISHING,367071460,2.83,Stage 1,2018-09-01
41,-70.830002,2018-09-23,fd7e8becf-f87a-e0e5-0c78-1c94ac7da3e7,USA,MISS ELLA,FISHING,FISHING,367742440,0.63,Stage 1,2018-09-01
41.13,-71.300003,2018-08-16,3bf0a38cb-b2be-efb0-3ce1-cf112105af80,USA,MACKENZIE PAIGE,TRAWLERS,FISHING,367326980,0.64,Stage 1,2018-08-01
41.02,-71.050003,2018-07-10,fd96b30e3-3f77-f437-8122-20e7744dfdb4,USA,TIMBERLINE,DREDGE_FISHING,FISHING,367071460,0.54,Stage 1,2018-07-01
40.91,-71.169998,2018-09-15,fd96b30e3-3f77-f437-8122-20e7744dfdb4,USA,TIMBERLINE,DREDGE_FISHING,FISHING,367071460,2.58,Stage 1,2018-09-01
41.03,-71.040001,2018-07-10,fd96b30e3-3f77-f437-8122-20e7744dfdb4,USA,TIMBERLINE,DREDGE_FISHING,FISHING,367071460,1.1,Stage 1,2018-07-01
41.05,-70.889999,2018-07-27,dd6eb6d60-0fea-40b3-82c4-6fd4fe4b2e7c,USA,SEVEN SEAS,TRAWLERS,FISHING,367624610,0.86,Stage 1,2018-07-01
41.18,-71.260002,2018-07-05,d8bbf6380-05af-2b58-ca64-97ffb1eb319f,USA,ENTERPRISE,TRAWLERS,FISHING,367590310,0.98,Stage 1,2018-07-01
40.92,-70.739998,2018-10-03,efbd1a9c1-1400-9483-e804-644cf01ac11b,USA,JUSTICE,TRAWLERS,FISHING,367391240,0.92,Stage 1,2018-10-01
40.88,-71.290001,2018-06-26,fd96b30e3-3f77-f437-8122-20e7744dfdb4,USA,TIMBERLINE,DREDGE_FISHING,FISHING,367071460,4.66,Stage 1,2018-06-01
41.03,-71.389999,2018-12-15,b91c9478b-bfa0-844e-f949-ccea31ce5ac1,USA,ELIZ AND KATHERINE,TRAWLERS,FISHING,367542540,1.92,Stage 1,2018-12-01
40.93,-71.330002,2018-05-02,33ff8cfa3-3333-eaff-9333-6cdc72d2468f,USA,F/V SAO JACINTO,TRAWLERS,FISHING,367312670,1.1,Stage 1,2018-05-01
41.02,-71.25,2018-06-14,a45b489d0-00f1-5dc5-64d8-6d681d72b4ba,USA,LADY BRITTANY,TRAWLERS,FISHING,366983260,9.18,Stage 1,2018-06-01
41.03,-71.18,2018-12-15,287fc1cbf-fbc0-3baa-ae98-f20768f5d10f,USA,VIKING STARSHIP,PASSENGER,PASSENGER,367661740,2.24,Stage 1,2018-12-01
41.05,-70.800003,2018-08-03,d8bbf6380-05af-2b58-ca64-97ffb1eb319f,USA,ENTERPRISE,TRAWLERS,FISHING,367590310,2.07,Stage 1,2018-08-01
41,-71.239998,2018-06-09,a45b489d0-00f1-5dc5-64d8-6d681d72b4ba,USA,LADY BRITTANY,TRAWLERS,FISHING,366983260,0.83,Stage 1,2018-06-01
41.09,-70.779999,2018-07-27,dd6eb6d60-0fea-40b3-82c4-6fd4fe4b2e7c,USA,SEVEN SEAS,TRAWLERS,FISHING,367624610,1.12,Stage 1,2018-07-01
40.88,-71.309998,2018-05-25,9a8640511-1c91-5720-80f0-021981ce9f23,USA,WANDO RIVER,TRAWLERS,FISHING,367718760,1.53,Stage 1,2018-05-01
40.97,-71.269997,2018-05-01,d2d4a7623-3cb5-3aed-65b0-0866a70bfbb3,USA,OCEAN STATE,TRAWLERS,FISHING,366278770,5.73,Stage 1,2018-05-01
40.91,-71.300003,2018-06-18,a45b489d0-00f1-5dc5-64d8-6d681d72b4ba,USA,LADY BRITTANY,TRAWLERS,FISHING,366983260,2.02,Stage 1,2018-06-01
41.02,-71.169998,2018-12-02,287fc1cbf-fbc0-3baa-ae98-f20768f5d10f,USA,VIKING STARSHIP,PASSENGER,PASSENGER,367661740,2.22,Stage 1,2018-12-01
41.31,-71.010002,2018-07-30,33ff8cfa3-3333-eaff-9333-6cdc72d2468f,USA,F/V SAO JACINTO,TRAWLERS,FISHING,367312670,0.57,Stage 1,2018-07-01
41.13,-71.290001,2018-05-06,d2d4a7623-3cb5-3aed-65b0-0866a70bfbb3,USA,OCEAN STATE,TRAWLERS,FISHING,366278770,0.57,Stage 1,2018-05-01
41.18,-71.239998,2018-09-15,d8bbf6380-05af-2b58-ca64-97ffb1eb319f,USA,ENTERPRISE,TRAWLERS,FISHING,367590310,1.14,Stage 1,2018-09-01
41.15,-71.269997,2018-08-16,3bf0a38cb-b2be-efb0-3ce1-cf112105af80,USA,MACKENZIE PAIGE,TRAWLERS,FISHING,367326980,1.33,Stage 1,2018-08-01
41.08,-70.959999,2018-07-08,01cb82c60-0ac5-1e19-f436-98a40a63f1a5,USA,WATERPROOF,POLE_AND_LINE,FISHING,338019005,0.36,Stage 1,2018-07-01
40.83,-70.910004,2018-09-13,f145d6b56-62bf-0ef6-570c-bb990c3c738f,USA,SEA WATCHER I,TRAWLERS,FISHING,367010820,7.9,Stage 1,2018-09-01
41.1,-70.75,2018-08-07,d8bbf6380-05af-2b58-ca64-97ffb1eb319f,USA,ENTERPRISE,TRAWLERS,FISHING,367590310,0.84,Stage 1,2018-08-01
40.9,-71.139999,2018-09-15,fd96b30e3-3f77-f437-8122-20e7744dfdb4,USA,TIMBERLINE,DREDGE_FISHING,FISHING,367071460,0.76,Stage 1,2018-09-01
41.27,-71.150002,2018-08-04,b5c8f14ac-cc19-ce97-1589-8ed6d3b58f48,USA,STEPHANIE BRYAN,FISHING,FISHING,367428520,1.71,Stage 1,2018-08-01
40.86,-70.949997,2018-06-25,21e4f8f24-4896-2cf9-12c1-341ad7997cc5,USA,PILGRIM,SET_GILLNETS,FISHING,367118070,10.9,Stage 1,2018-06-01
41.18,-71.279999,2018-08-27,d8bbf6380-05af-2b58-ca64-97ffb1eb319f,USA,ENTERPRISE,TRAWLERS,FISHING,367590310,0.94,Stage 1,2018-08-01
41.23,-71.339996,2018-04-14,46a1ad78f-fdf5-4f58-4385-8a781e5b6053,NLD,BALTIC,TRAWLERS,FISHING,244020098,0.95,Stage 1,2018-04-01
41.17,-71.269997,2018-07-09,d8bbf6380-05af-2b58-ca64-97ffb1eb319f,USA,ENTERPRISE,TRAWLERS,FISHING,367590310,1.09,Stage 1,2018-07-01
40.89,-70.959999,2018-06-25,21e4f8f24-4896-2cf9-12c1-341ad7997cc5,USA,PILGRIM,SET_GILLNETS,FISHING,367118070,0.89,Stage 1,2018-06-01
40.83,-70.889999,2018-11-11,a45b489d0-00f1-5dc5-64d8-6d681d72b4ba,USA,LADY BRITTANY,TRAWLERS,FISHING,366983260,2.98,Stage 1,2018-11-01
41.12,-71.190002,2018-04-24,fda33ad3b-b3d7-9afb-257d-126bd7b77f81,USA,LADY FRANCES,INCONCLUSIVE,FISHING,367155670,0.48,Stage 1,2018-04-01
40.92,-71.330002,2018-08-06,9a2e7d35a-ad16-589b-e9b0-7428f57a19fc,USA,NEW SEA ROVER,TRAWLERS,FISHING,367346010,1.03,Stage 1,2018-08-01
41.15,-71.290001,2018-07-09,d8bbf6380-05af-2b58-ca64-97ffb1eb319f,USA,ENTERPRISE,TRAWLERS,FISHING,367590310,1.1,Stage 1,2018-07-01
41.02,-71.169998,2018-12-10,fda33ad3b-b3d7-9afb-257d-126bd7b77f81,USA,LADY FRANCES,INCONCLUSIVE,FISHING,367155670,0.94,Stage 1,2018-12-01
41.1,-70.75,2018-08-03,dd6eb6d60-0fea-40b3-82c4-6fd4fe4b2e7c,USA,SEVEN SEAS,TRAWLERS,FISHING,367624610,1.04,Stage 1,2018-08-01
40.83,-70.900002,2018-09-13,f145d6b56-62bf-0ef6-570c-bb990c3c738f,USA,SEA WATCHER I,TRAWLERS,FISHING,367010820,1.53,Stage 1,2018-09-01
41.16,-70.75,2018-09-20,fd7e8becf-f87a-e0e5-0c78-1c94ac7da3e7,USA,MISS ELLA,FISHING,FISHING,367742440,0.53,Stage 1,2018-09-01
40.85,-70.910004,2018-11-24,c589305c1-16cc-7627-c64b-0d37c2fc8e77,USA,STARLIGHT,TRAWLERS,FISHING,367674070,1.53,Stage 1,2018-11-01
41.01,-71.25,2018-06-12,a45b489d0-00f1-5dc5-64d8-6d681d72b4ba,USA,LADY BRITTANY,TRAWLERS,FISHING,366983260,16.06,Stage 1,2018-06-01
40.88,-71.339996,2018-09-17,a60bb8c1a-a9cd-5892-2581-2bea9933c8e0,USA,NEW SEA ROVER,TRAWLERS,FISHING,367346010,0.68,Stage 1,2018-09-01
41.06,-70.82,2018-08-05,dd6eb6d60-0fea-40b3-82c4-6fd4fe4b2e7c,USA,SEVEN SEAS,TRAWLERS,FISHING,367624610,1.2,Stage 1,2018-08-01
41.11,-71.339996,2018-07-09,d8bbf6380-05af-2b58-ca64-97ffb1eb319f,USA,ENTERPRISE,TRAWLERS,FISHING,367590310,1.09,Stage 1,2018-07-01
41.17,-71.220001,2018-12-12,6b3c9d22e-e924-5f89-9665-73604b8d5608,USA,TIMBERLINE,DREDGE_FISHING,FISHING,367071460,1.4,Stage 1,2018-12-01
41.06,-70.809998,2018-08-04,d8bbf6380-05af-2b58-ca64-97ffb1eb319f,USA,ENTERPRISE,TRAWLERS,FISHING,367590310,1.76,Stage 1,2018-08-01
41.25,-71.260002,2018-08-17,94a980510-01b3-625f-8524-0b3b93600b8c,USA,CODY,TRAWLERS,FISHING,367190280,2.15,Stage 1,2018-08-01
41.03,-71.18,2018-12-15,fda33ad3b-b3d7-9afb-257d-126bd7b77f81,USA,LADY FRANCES,INCONCLUSIVE,FISHING,367155670,1.75,Stage 1,2018-12-01
41.03,-70.730003,2018-09-21,e9fd5bc76-6ed7-b23d-df1a-313df2899867,USA,ALEXIS MARTINA,SET_LONGLINES,FISHING,367304080,0.42,Stage 1,2018-09-01
40.84,-70.900002,2018-11-08,a45b489d0-00f1-5dc5-64d8-6d681d72b4ba,USA,LADY BRITTANY,TRAWLERS,FISHING,366983260,1.33,Stage 1,2018-11-01
41.03,-71.18,2018-10-13,90b9eaea0-018d-1eaf-4055-36b770057d04,USA,GAIL FRANCES,INCONCLUSIVE,FISHING,366940990,2.49,Stage 1,2018-10-01
40.99,-71.099998,2018-07-29,fd96b30e3-3f77-f437-8122-20e7744dfdb4,USA,TIMBERLINE,DREDGE_FISHING,FISHING,367071460,1.25,Stage 1,2018-07-01
41,-70.879997,2018-08-30,c6dcbd020-0a8f-4bdf-0d1b-59f35de9edc3,USA,ESS PRIDE,TRAWLERS,FISHING,367411950,1.17,Stage 1,2018-08-01
41,-70.75,2018-09-07,5fd63feef-f5e1-8ef5-f76f-b08beeeb5fac,USA,MYSTIC WAY,FISHING,FISHING,367516830,0.92,Stage 1,2018-09-01
40.93,-71.379997,2018-06-30,33ff8cfa3-3333-eaff-9333-6cdc72d2468f,USA,F/V SAO JACINTO,TRAWLERS,FISHING,367312670,1.09,Stage 1,2018-06-01
41.12,-71.300003,2018-07-08,d8bbf6380-05af-2b58-ca64-97ffb1eb319f,USA,ENTERPRISE,TRAWLERS,FISHING,367590310,1.11,Stage 1,2018-07-01
40.83,-70.889999,2018-11-12,a45b489d0-00f1-5dc5-64d8-6d681d72b4ba,USA,LADY BRITTANY,TRAWLERS,FISHING,366983260,6.66,Stage 1,2018-11-01
41.02,-70.760002,2018-07-28,94a980510-01b3-625f-8524-0b3b93600b8c,USA,CODY,TRAWLERS,FISHING,367190280,1.47,Stage 1,2018-07-01
41.36,-71.300003,2018-04-15,46a1ad78f-fdf5-4f58-4385-8a781e5b6053,NLD,BALTIC,TRAWLERS,FISHING,244020098,0.95,Stage 1,2018-04-01
40.84,-70.900002,2018-09-09,f145d6b56-62bf-0ef6-570c-bb990c3c738f,USA,SEA WATCHER I,TRAWLERS,FISHING,367010820,0.95,Stage 1,2018-09-01
41.14,-70.790001,2018-08-23,b64cab17a-a8a1-c8c6-9a42-94657503b113,USA,F\VSUZEEQ,TRAWLERS,FISHING,366896420,0.49,Stage 1,2018-08-01
40.95,-71.230003,2019-02-17,fd96b30e3-3f77-f437-8122-20e7744dfdb4,USA,TIMBERLINE,DREDGE_FISHING,FISHING,367071460,1.98,Stage 1,2019-02-01
41.38,-71.330002,2019-08-04,09e6b2720-0ef7-ce5a-aabb-e9d2daee5e42,USA,ASHLEY ANN II,FIXED_GEAR,FISHING,338328681,1.42,Stage 1,2019-08-01
40.9,-71.169998,2019-02-18,8821540da-a330-a646-4a48-3f53d8a111b7,USA,LADY BRITTANY,TRAWLERS,FISHING,366983260,2.57,Stage 1,2019-02-01
40.92,-71.339996,2019-01-19,a60bb8c1a-a9cd-5892-2581-2bea9933c8e0,USA,NEW SEA ROVER,TRAWLERS,FISHING,367346010,0.52,Stage 1,2019-01-01
40.89,-71.18,2019-02-23,8821540da-a330-a646-4a48-3f53d8a111b7,USA,LADY BRITTANY,TRAWLERS,FISHING,366983260,4.19,Stage 1,2019-02-01
41.37,-71.260002,2019-05-25,c11057b39-90b8-89c0-7f09-0f5a46f8d730,USA,BELL SKY,TRAWLERS,FISHING,367637420,1.03,Stage 1,2019-05-01
41.25,-71.260002,2019-06-03,d8bbf6380-05af-2b58-ca64-97ffb1eb319f,USA,ENTERPRISE,TRAWLERS,FISHING,367590310,6.03,Stage 1,2019-06-01
41.35,-71.230003,2019-08-20,57a91c9b8-8c97-8e90-f9dc-1d4f609dedd3,USA,LINDA MARIE,TRAWLERS,FISHING,367588040,0.93,Stage 1,2019-08-01
41.34,-71.089996,2019-03-30,09e6b2720-0ef7-ce5a-aabb-e9d2daee5e42,USA,ASHLEY ANN II,FIXED_GEAR,FISHING,338328681,0.97,Stage 1,2019-03-01
40.94,-71.239998,2019-02-17,fd96b30e3-3f77-f437-8122-20e7744dfdb4,USA,TIMBERLINE,DREDGE_FISHING,FISHING,367071460,3.23,Stage 1,2019-02-01
41.39,-71.269997,2019-05-31,c11057b39-90b8-89c0-7f09-0f5a46f8d730,USA,BELL SKY,TRAWLERS,FISHING,367637420,0.9,Stage 1,2019-05-01
41.24,-71.059998,2019-08-12,09e6b2720-0ef7-ce5a-aabb-e9d2daee5e42,USA,ASHLEY ANN II,FIXED_GEAR,FISHING,338328681,2.47,Stage 1,2019-08-01
41.28,-71.290001,2019-08-09,09e6b2720-0ef7-ce5a-aabb-e9d2daee5e42,USA,ASHLEY ANN II,FIXED_GEAR,FISHING,338328681,1.12,Stage 1,2019-08-01
41.17,-71.230003,2019-02-20,fd96b30e3-3f77-f437-8122-20e7744dfdb4,USA,TIMBERLINE,DREDGE_FISHING,FISHING,367071460,3.96,Stage 1,2019-02-01
40.91,-71.169998,2019-01-18,a45b489d0-00f1-5dc5-64d8-6d681d72b4ba,USA,LADY BRITTANY,TRAWLERS,FISHING,366983260,1.05,Stage 1,2019-01-01
41.31,-71.120003,2019-04-17,09e6b2720-0ef7-ce5a-aabb-e9d2daee5e42,USA,ASHLEY ANN II,FIXED_GEAR,FISHING,338328681,0.71,Stage 1,2019-04-01
40.86,-70.900002,2019-08-28,cbfafe985-5d2a-7d35-bd3d-0b5997544a89,USA,OLIVIA CATHERINE,TRAWLERS,FISHING,366186640,0.9,Stage 1,2019-08-01
41.31,-71.010002,2019-07-03,46be96ce4-4e08-a7cf-9453-fcc83c33ca8d,USA,CAROLINA CAPES II,TRAWLERS,FISHING,367654030,1.55,Stage 1,2019-07-01
41.36,-71.129997,2019-05-28,ff3830e6a-a93e-1d34-b439-f9f742984f72,USA,DARANA R,FISHING,FISHING,367174730,0.65,Stage 1,2019-05-01
41.17,-71.099998,2019-07-22,30039633e-e65b-e85b-a838-221883cbc42a,USA,HERITAGE,FISHING,FISHING,367142820,12.71,Stage 1,2019-07-01
41.32,-71.269997,2019-07-15,09e6b2720-0ef7-ce5a-aabb-e9d2daee5e42,USA,ASHLEY ANN II,FIXED_GEAR,FISHING,338328681,0.77,Stage 1,2019-07-01
41.32,-71,2019-06-09,d8bbf6380-05af-2b58-ca64-97ffb1eb319f,USA,ENTERPRISE,TRAWLERS,FISHING,367590310,0.34,Stage 1,2019-06-01
41.13,-71.309998,2019-07-05,c9804fdb4-469e-7f30-0a3f-044b6cc74b65,USA,KAREN ANN,SET_GILLNETS,FISHING,367105250,1.16,Stage 1,2019-07-01
41.36,-71.349998,2019-08-24,09e6b2720-0ef7-ce5a-aabb-e9d2daee5e42,USA,ASHLEY ANN II,FIXED_GEAR,FISHING,338328681,0.63,Stage 1,2019-08-01
41.29,-71.120003,2019-07-02,09e6b2720-0ef7-ce5a-aabb-e9d2daee5e42,USA,ASHLEY ANN II,FIXED_GEAR,FISHING,338328681,0.59,Stage 1,2019-07-01
41.17,-71.190002,2019-02-28,fd96b30e3-3f77-f437-8122-20e7744dfdb4,USA,TIMBERLINE,DREDGE_FISHING,FISHING,367071460,3.51,Stage 1,2019-02-01
40.89,-71.18,2019-02-20,8821540da-a330-a646-4a48-3f53d8a111b7,USA,LADY BRITTANY,TRAWLERS,FISHING,366983260,1.23,Stage 1,2019-02-01
41.02,-70.900002,2019-08-03,d12a18828-8cbb-8887-d07d-bea9f8e76229,USA,F/V HOPEFULL,TRAWLERS,FISHING,367325850,0.82,Stage 1,2019-08-01
41.05,-71.389999,2019-02-03,fda33ad3b-b3d7-9afb-257d-126bd7b77f81,USA,LADY FRANCES,INCONCLUSIVE,FISHING,367155670,1.3,Stage 1,2019-02-01
41.34,-71.400002,2019-08-05,09e6b2720-0ef7-ce5a-aabb-e9d2daee5e42,USA,ASHLEY ANN II,FIXED_GEAR,FISHING,338328681,4.72,Stage 1,2019-08-01
41.28,-71.120003,2019-07-09,09e6b2720-0ef7-ce5a-aabb-e9d2daee5e42,USA,ASHLEY ANN II,FIXED_GEAR,FISHING,338328681,0.83,Stage 1,2019-07-01
41.36,-71.309998,2019-08-29,09e6b2720-0ef7-ce5a-aabb-e9d2daee5e42,USA,ASHLEY ANN II,FIXED_GEAR,FISHING,338328681,1.2,Stage 1,2019-08-01
41.36,-71.089996,2019-06-16,a60bb8c1a-a9cd-5892-2581-2bea9933c8e0,USA,NEW SEA ROVER,TRAWLERS,FISHING,367346010,0.33,Stage 1,2019-06-01
41.18,-71.160004,2019-07-09,fd96b30e3-3f77-f437-8122-20e7744dfdb4,USA,TIMBERLINE,DREDGE_FISHING,FISHING,367071460,2.93,Stage 1,2019-07-01
40.89,-71.160004,2019-02-18,8821540da-a330-a646-4a48-3f53d8a111b7,USA,LADY BRITTANY,TRAWLERS,FISHING,366983260,0.99,Stage 1,2019-02-01
41.3,-71.129997,2019-04-07,09e6b2720-0ef7-ce5a-aabb-e9d2daee5e42,USA,ASHLEY ANN II,FIXED_GEAR,FISHING,338328681,1.22,Stage 1,2019-04-01
41.28,-71.139999,2019-05-08,09e6b2720-0ef7-ce5a-aabb-e9d2daee5e42,USA,ASHLEY ANN II,FIXED_GEAR,FISHING,338328681,1.91,Stage 1,2019-05-01
41.36,-71.139999,2019-05-28,ff3830e6a-a93e-1d34-b439-f9f742984f72,USA,DARANA R,FISHING,FISHING,367174730,0.84,Stage 1,2019-05-01
41.3,-71.120003,2019-08-07,09e6b2720-0ef7-ce5a-aabb-e9d2daee5e42,USA,ASHLEY ANN II,FIXED_GEAR,FISHING,338328681,0.59,Stage 1,2019-08-01
40.88,-71.150002,2019-02-17,8821540da-a330-a646-4a48-3f53d8a111b7,USA,LADY BRITTANY,TRAWLERS,FISHING,366983260,11.97,Stage 1,2019-02-01
40.88,-71.160004,2019-01-28,a45b489d0-00f1-5dc5-64d8-6d681d72b4ba,USA,LADY BRITTANY,TRAWLERS,FISHING,366983260,1.17,Stage 1,2019-01-01
41.17,-71.160004,2019-03-01,fd96b30e3-3f77-f437-8122-20e7744dfdb4,USA,TIMBERLINE,DREDGE_FISHING,FISHING,367071460,7.23,Stage 1,2019-03-01
41.29,-71.129997,2019-07-09,09e6b2720-0ef7-ce5a-aabb-e9d2daee5e42,USA,ASHLEY ANN II,FIXED_GEAR,FISHING,338328681,0.92,Stage 1,2019-07-01
41.32,-71.260002,2019-06-11,c11057b39-90b8-89c0-7f09-0f5a46f8d730,USA,BELL SKY,TRAWLERS,FISHING,367637420,1.71,Stage 1,2019-06-01
41.31,-71.199997,2019-07-15,09e6b2720-0ef7-ce5a-aabb-e9d2daee5e42,USA,ASHLEY ANN II,FIXED_GEAR,FISHING,338328681,0.42,Stage 1,2019-07-01
41.32,-71.260002,2019-06-20,c11057b39-90b8-89c0-7f09-0f5a46f8d730,USA,BELL SKY,TRAWLERS,FISHING,367637420,1.07,Stage 1,2019-06-01
41.18,-70.739998,2019-08-21,dc7503a12-2012-2b23-c830-41a97164309d,USA,CHARLIES PRIDE,TRAWLERS,FISHING,366472920,0.98,Stage 1,2019-08-01
41.27,-71.300003,2019-08-04,09e6b2720-0ef7-ce5a-aabb-e9d2daee5e42,USA,ASHLEY ANN II,FIXED_GEAR,FISHING,338328681,0.87,Stage 1,2019-08-01
41.28,-71.290001,2019-08-04,09e6b2720-0ef7-ce5a-aabb-e9d2daee5e42,USA,ASHLEY ANN II,FIXED_GEAR,FISHING,338328681,1.26,Stage 1,2019-08-01
41.32,-71,2019-07-25,d8bbf6380-05af-2b58-ca64-97ffb1eb319f,USA,ENTERPRISE,TRAWLERS,FISHING,367590310,1.37,Stage 1,2019-07-01
41.29,-71.139999,2019-07-15,09e6b2720-0ef7-ce5a-aabb-e9d2daee5e42,USA,ASHLEY ANN II,FIXED_GEAR,FISHING,338328681,5.4,Stage 1,2019-07-01
41.07,-70.75,2019-06-29,cbfafe985-5d2a-7d35-bd3d-0b5997544a89,USA,OLIVIA CATHERINE,TRAWLERS,FISHING,366186640,1.23,Stage 1,2019-06-01
41.15,-71.150002,2019-07-09,fd96b30e3-3f77-f437-8122-20e7744dfdb4,USA,TIMBERLINE,DREDGE_FISHING,FISHING,367071460,0.82,Stage 1,2019-07-01
41.33,-71.120003,2019-04-14,09e6b2720-0ef7-ce5a-aabb-e9d2daee5e42,USA,ASHLEY ANN II,FIXED_GEAR,FISHING,338328681,1.27,Stage 1,2019-04-01
41.28,-71.129997,2019-07-27,09e6b2720-0ef7-ce5a-aabb-e9d2daee5e42,USA,ASHLEY ANN II,FIXED_GEAR,FISHING,338328681,2.9,Stage 1,2019-07-01
40.9,-71.150002,2019-02-28,8821540da-a330-a646-4a48-3f53d8a111b7,USA,LADY BRITTANY,TRAWLERS,FISHING,366983260,5.42,Stage 1,2019-02-01
41.36,-71.290001,2019-08-09,09e6b2720-0ef7-ce5a-aabb-e9d2daee5e42,USA,ASHLEY ANN II,FIXED_GEAR,FISHING,338328681,1.52,Stage 1,2019-08-01
41.32,-71.269997,2019-05-07,c11057b39-90b8-89c0-7f09-0f5a46f8d730,USA,BELL SKY,TRAWLERS,FISHING,367637420,0.63,Stage 1,2019-05-01
41.34,-71.110001,2019-03-30,09e6b2720-0ef7-ce5a-aabb-e9d2daee5e42,USA,ASHLEY ANN II,FIXED_GEAR,FISHING,338328681,1.03,Stage 1,2019-03-01
40.94,-71.230003,2019-02-17,fd96b30e3-3f77-f437-8122-20e7744dfdb4,USA,TIMBERLINE,DREDGE_FISHING,FISHING,367071460,0.94,Stage 1,2019-02-01
41.32,-71.120003,2019-05-07,09e6b2720-0ef7-ce5a-aabb-e9d2daee5e42,USA,ASHLEY ANN II,FIXED_GEAR,FISHING,338328681,0.96,Stage 1,2019-05-01
40.9,-71.139999,2019-01-27,a45b489d0-00f1-5dc5-64d8-6d681d72b4ba,USA,LADY BRITTANY,TRAWLERS,FISHING,366983260,0.81,Stage 1,2019-01-01
40.86,-70.849998,2019-08-28,e9fd5bc76-6ed7-b23d-df1a-313df2899867,USA,ALEXIS MARTINA,SET_LONGLINES,FISHING,367304080,2.45,Stage 1,2019-08-01
41.33,-71.239998,2019-06-17,c11057b39-90b8-89c0-7f09-0f5a46f8d730,USA,BELL SKY,TRAWLERS,FISHING,367637420,14.89,Stage 1,2019-06-01
40.94,-71.400002,2019-03-13,d3137ca26-689e-90b8-3971-cb6188173fb3,USA,F/V MADI J,FISHING,FISHING,367154860,0.87,Stage 1,2019-03-01
41.17,-71.199997,2019-02-20,fd96b30e3-3f77-f437-8122-20e7744dfdb4,USA,TIMBERLINE,DREDGE_FISHING,FISHING,367071460,0.52,Stage 1,2019-02-01
41.28,-71.169998,2019-07-22,09e6b2720-0ef7-ce5a-aabb-e9d2daee5e42,USA,ASHLEY ANN II,FIXED_GEAR,FISHING,338328681,0.89,Stage 1,2019-07-01
41.24,-71.099998,2019-07-01,d8bbf6380-05af-2b58-ca64-97ffb1eb319f,USA,ENTERPRISE,TRAWLERS,FISHING,367590310,0.87,Stage 1,2019-07-01
41.33,-71.290001,2019-06-15,b5c8f14ac-cc19-ce97-1589-8ed6d3b58f48,USA,STEPHANIE BRYAN,FISHING,FISHING,367428520,4.4,Stage 1,2019-06-01
40.91,-71.139999,2019-01-18,a45b489d0-00f1-5dc5-64d8-6d681d72b4ba,USA,LADY BRITTANY,TRAWLERS,FISHING,366983260,3.95,Stage 1,2019-01-01
41.33,-71,2019-07-21,dc7503a12-2012-2b23-c830-41a97164309d,USA,CHARLIES PRIDE,TRAWLERS,FISHING,366472920,0.72,Stage 1,2019-07-01
41.09,-70.779999,2019-07-02,cbfafe985-5d2a-7d35-bd3d-0b5997544a89,USA,OLIVIA CATHERINE,TRAWLERS,FISHING,366186640,0.87,Stage 1,2019-07-01
41.27,-71.220001,2019-08-24,09e6b2720-0ef7-ce5a-aabb-e9d2daee5e42,USA,ASHLEY ANN II,FIXED_GEAR,FISHING,338328681,2.95,Stage 1,2019-08-01
41.35,-71.150002,2019-06-16,a60bb8c1a-a9cd-5892-2581-2bea9933c8e0,USA,NEW SEA ROVER,TRAWLERS,FISHING,367346010,0.94,Stage 1,2019-06-01
41.19,-71.239998,2019-07-22,d8bbf6380-05af-2b58-ca64-97ffb1eb319f,USA,ENTERPRISE,TRAWLERS,FISHING,367590310,1.08,Stage 1,2019-07-01
40.89,-71.150002,2019-03-01,8821540da-a330-a646-4a48-3f53d8a111b7,USA,LADY BRITTANY,TRAWLERS,FISHING,366983260,4.18,Stage 1,2019-03-01
41.13,-71.300003,2019-07-11,d8bbf6380-05af-2b58-ca64-97ffb1eb319f,USA,ENTERPRISE,TRAWLERS,FISHING,367590310,0.94,Stage 1,2019-07-01
41.26,-71.18,2019-05-27,ff3830e6a-a93e-1d34-b439-f9f742984f72,USA,DARANA R,FISHING,FISHING,367174730,0.89,Stage 1,2019-05-01
41.38,-71.239998,2019-07-24,90b9eaea0-018d-1eaf-4055-36b770057d04,USA,GAIL FRANCES,INCONCLUSIVE,FISHING,366940990,1.16,Stage 1,2019-07-01
41.22,-71.190002,2019-06-09,d8bbf6380-05af-2b58-ca64-97ffb1eb319f,USA,ENTERPRISE,TRAWLERS,FISHING,367590310,1.34,Stage 1,2019-06-01
40.91,-71.330002,2019-02-28,0c5aded4c-cbdc-435c-3a09-a261df2e531a,USA,EXPLORER,POLE_AND_LINE,FISHING,368008390,1.58,Stage 1,2019-02-01
41.39,-71.269997,2019-07-25,c11057b39-90b8-89c0-7f09-0f5a46f8d730,USA,BELL SKY,TRAWLERS,FISHING,367637420,0.95,Stage 1,2019-07-01
41.33,-71.389999,2019-08-27,dc7503a12-2012-2b23-c830-41a97164309d,USA,CHARLIES PRIDE,TRAWLERS,FISHING,366472920,0.72,Stage 1,2019-08-01
41.17,-71.199997,2019-07-10,fd96b30e3-3f77-f437-8122-20e7744dfdb4,USA,TIMBERLINE,DREDGE_FISHING,FISHING,367071460,1.92,Stage 1,2019-07-01
41.36,-71.260002,2019-06-20,c11057b39-90b8-89c0-7f09-0f5a46f8d730,USA,BELL SKY,TRAWLERS,FISHING,367637420,1.07,Stage 1,2019-06-01
41.34,-71.239998,2019-07-02,c11057b39-90b8-89c0-7f09-0f5a46f8d730,USA,BELL SKY,TRAWLERS,FISHING,367637420,1.45,Stage 1,2019-07-01
41.08,-71.300003,2019-07-16,410f103b3-3bf1-c50e-50ee-18fb85c0b8b9,USA,RAYDA CHERAMIE,FISHING,FISHING,366947090,0.64,Stage 1,2019-07-01
41.06,-71.080002,2019-07-14,fda33ad3b-b3d7-9afb-257d-126bd7b77f81,USA,LADY FRANCES,INCONCLUSIVE,FISHING,367155670,5.08,Stage 1,2019-07-01
41.32,-71.410004,2019-08-31,57a91c9b8-8c97-8e90-f9dc-1d4f609dedd3,USA,LINDA MARIE,TRAWLERS,FISHING,367588040,0.62,Stage 1,2019-08-01
41.38,-71.279999,2019-06-28,90b9eaea0-018d-1eaf-4055-36b770057d04,USA,GAIL FRANCES,INCONCLUSIVE,FISHING,366940990,1.12,Stage 1,2019-06-01
41.21,-71.209999,2019-07-16,d8bbf6380-05af-2b58-ca64-97ffb1eb319f,USA,ENTERPRISE,TRAWLERS,FISHING,367590310,1.38,Stage 1,2019-07-01
41.19,-71.220001,2019-02-20,fd96b30e3-3f77-f437-8122-20e7744dfdb4,USA,TIMBERLINE,DREDGE_FISHING,FISHING,367071460,2.59,Stage 1,2019-02-01
41.3,-71.230003,2019-05-28,ff3830e6a-a93e-1d34-b439-f9f742984f72,USA,DARANA R,FISHING,FISHING,367174730,0.95,Stage 1,2019-05-01
41.31,-71.099998,2019-06-24,09e6b2720-0ef7-ce5a-aabb-e9d2daee5e42,USA,ASHLEY ANN II,FIXED_GEAR,FISHING,338328681,0.84,Stage 1,2019-06-01
41.07,-70.730003,2019-06-29,cbfafe985-5d2a-7d35-bd3d-0b5997544a89,USA,OLIVIA CATHERINE,TRAWLERS,FISHING,366186640,0.77,Stage 1,2019-06-01
40.91,-71.349998,2019-06-10,a60bb8c1a-a9cd-5892-2581-2bea9933c8e0,USA,NEW SEA ROVER,TRAWLERS,FISHING,367346010,1.23,Stage 1,2019-06-01
40.88,-71.139999,2019-02-02,a45b489d0-00f1-5dc5-64d8-6d681d72b4ba,USA,LADY BRITTANY,TRAWLERS,FISHING,366983260,6.73,Stage 1,2019-02-01
40.91,-71.169998,2019-02-24,8821540da-a330-a646-4a48-3f53d8a111b7,USA,LADY BRITTANY,TRAWLERS,FISHING,366983260,1.77,Stage 1,2019-02-01
41.31,-71.169998,2019-04-17,09e6b2720-0ef7-ce5a-aabb-e9d2daee5e42,USA,ASHLEY ANN II,FIXED_GEAR,FISHING,338328681,1.24,Stage 1,2019-04-01
40.98,-71.260002,2019-02-27,d2d4a7623-3cb5-3aed-65b0-0866a70bfbb3,USA,OCEAN STATE,TRAWLERS,FISHING,366278770,1.19,Stage 1,2019-02-01
41.37,-71.279999,2019-07-24,09e6b2720-0ef7-ce5a-aabb-e9d2daee5e42,USA,ASHLEY ANN II,FIXED_GEAR,FISHING,338328681,0.84,Stage 1,2019-07-01
41.31,-71.029999,2019-07-25,d8bbf6380-05af-2b58-ca64-97ffb1eb319f,USA,ENTERPRISE,TRAWLERS,FISHING,367590310,0.76,Stage 1,2019-07-01
41.23,-71.349998,2019-07-16,d8bbf6380-05af-2b58-ca64-97ffb1eb319f,USA,ENTERPRISE,TRAWLERS,FISHING,367590310,0.33,Stage 1,2019-07-01
41.26,-71.25,2019-08-04,d8bbf6380-05af-2b58-ca64-97ffb1eb319f,USA,ENTERPRISE,TRAWLERS,FISHING,367590310,7.98,Stage 1,2019-08-01
41.29,-71.230003,2019-08-24,09e6b2720-0ef7-ce5a-aabb-e9d2daee5e42,USA,ASHLEY ANN II,FIXED_GEAR,FISHING,338328681,1.16,Stage 1,2019-08-01
41.38,-71.260002,2019-05-17,c11057b39-90b8-89c0-7f09-0f5a46f8d730,USA,BELL SKY,TRAWLERS,FISHING,367637420,0.97,Stage 1,2019-05-01
41.09,-71.300003,2019-07-16,410f103b3-3bf1-c50e-50ee-18fb85c0b8b9,USA,RAYDA CHERAMIE,FISHING,FISHING,366947090,0.4,Stage 1,2019-07-01
41.36,-71.339996,2019-07-13,09e6b2720-0ef7-ce5a-aabb-e9d2daee5e42,USA,ASHLEY ANN II,FIXED_GEAR,FISHING,338328681,0.93,Stage 1,2019-07-01
40.94,-71.220001,2019-02-17,fd96b30e3-3f77-f437-8122-20e7744dfdb4,USA,TIMBERLINE,DREDGE_FISHING,FISHING,367071460,8.33,Stage 1,2019-02-01
40.87,-70.949997,2019-06-08,d0eedd395-565b-d998-24e7-e6095fdc296f,USA,SHAMROCK,SET_GILLNETS,FISHING,367396080,0.75,Stage 1,2019-06-01
41.37,-71.309998,2019-07-24,b5c8f14ac-cc19-ce97-1589-8ed6d3b58f48,USA,STEPHANIE BRYAN,FISHING,FISHING,367428520,1.96,Stage 1,2019-07-01
40.91,-71.18,2019-02-18,8821540da-a330-a646-4a48-3f53d8a111b7,USA,LADY BRITTANY,TRAWLERS,FISHING,366983260,4.27,Stage 1,2019-02-01
40.94,-71.230003,2019-07-28,fd96b30e3-3f77-f437-8122-20e7744dfdb4,USA,TIMBERLINE,DREDGE_FISHING,FISHING,367071460,1.62,Stage 1,2019-07-01
41.03,-71.07,2019-02-02,fd96b30e3-3f77-f437-8122-20e7744dfdb4,USA,TIMBERLINE,DREDGE_FISHING,FISHING,367071460,2.61,Stage 1,2019-02-01
41.03,-71.18,2019-01-12,287fc1cbf-fbc0-3baa-ae98-f20768f5d10f,USA,VIKING STARSHIP,PASSENGER,PASSENGER,367661740,2.58,Stage 1,2019-01-01
41.38,-71.330002,2019-05-30,09e6b2720-0ef7-ce5a-aabb-e9d2daee5e42,USA,ASHLEY ANN II,FIXED_GEAR,FISHING,338328681,7.03,Stage 1,2019-05-01
40.91,-71.160004,2019-03-08,8821540da-a330-a646-4a48-3f53d8a111b7,USA,LADY BRITTANY,TRAWLERS,FISHING,366983260,0.85,Stage 1,2019-03-01
40.93,-71.150002,2019-03-08,8821540da-a330-a646-4a48-3f53d8a111b7,USA,LADY BRITTANY,TRAWLERS,FISHING,366983260,2.88,Stage 1,2019-03-01
41.03,-71.18,2019-06-22,287fc1cbf-fbc0-3baa-ae98-f20768f5d10f,USA,VIKING STARSHIP,PASSENGER,PASSENGER,367661740,3.33,Stage 1,2019-06-01
41.33,-71.099998,2019-04-28,09e6b2720-0ef7-ce5a-aabb-e9d2daee5e42,USA,ASHLEY ANN II,FIXED_GEAR,FISHING,338328681,0.62,Stage 1,2019-04-01
41.29,-71.410004,2019-04-30,973fc9c79-9de5-9090-70db-197cfd04e594,USA,JERSEY CAPE,FISHING,FISHING,367131650,9.92,Stage 1,2019-04-01
41.3,-71.07,2019-08-28,09e6b2720-0ef7-ce5a-aabb-e9d2daee5e42,USA,ASHLEY ANN II,FIXED_GEAR,FISHING,338328681,1.36,Stage 1,2019-08-01
41.36,-71.129997,2019-05-18,a09f06a71-199e-483a-0477-d0598a9f1fd4,USA,RHONDA DENISE,FISHING,FISHING,367758940,1.29,Stage 1,2019-05-01
41.18,-71.279999,2019-07-30,d8bbf6380-05af-2b58-ca64-97ffb1eb319f,USA,ENTERPRISE,TRAWLERS,FISHING,367590310,0.87,Stage 1,2019-07-01
41.18,-71.269997,2019-07-01,d8bbf6380-05af-2b58-ca64-97ffb1eb319f,USA,ENTERPRISE,TRAWLERS,FISHING,367590310,0.83,Stage 1,2019-07-01
41.18,-71.199997,2019-07-16,fd96b30e3-3f77-f437-8122-20e7744dfdb4,USA,TIMBERLINE,DREDGE_FISHING,FISHING,367071460,2.01,Stage 1,2019-07-01
41.23,-71.190002,2019-07-01,d8bbf6380-05af-2b58-ca64-97ffb1eb319f,USA,ENTERPRISE,TRAWLERS,FISHING,367590310,2.11,Stage 1,2019-07-01
41.37,-71.139999,2019-06-16,a60bb8c1a-a9cd-5892-2581-2bea9933c8e0,USA,NEW SEA ROVER,TRAWLERS,FISHING,367346010,0.72,Stage 1,2019-06-01
40.9,-71.18,2019-02-22,8821540da-a330-a646-4a48-3f53d8a111b7,USA,LADY BRITTANY,TRAWLERS,FISHING,366983260,2.53,Stage 1,2019-02-01
41.31,-71.269997,2019-07-22,09e6b2720-0ef7-ce5a-aabb-e9d2daee5e42,USA,ASHLEY ANN II,FIXED_GEAR,FISHING,338328681,0.9,Stage 1,2019-07-01
40.91,-71.139999,2019-01-28,a45b489d0-00f1-5dc5-64d8-6d681d72b4ba,USA,LADY BRITTANY,TRAWLERS,FISHING,366983260,0.95,Stage 1,2019-01-01
41.04,-71.07,2019-06-22,287fc1cbf-fbc0-3baa-ae98-f20768f5d10f,USA,VIKING STARSHIP,PASSENGER,PASSENGER,367661740,3.95,Stage 1,2019-06-01
41.28,-71.220001,2019-05-27,ff3830e6a-a93e-1d34-b439-f9f742984f72,USA,DARANA R,FISHING,FISHING,367174730,0.58,Stage 1,2019-05-01
41.3,-71.220001,2019-05-28,ff3830e6a-a93e-1d34-b439-f9f742984f72,USA,DARANA R,FISHING,FISHING,367174730,0.8,Stage 1,2019-05-01
41.19,-71.169998,2019-07-16,fd96b30e3-3f77-f437-8122-20e7744dfdb4,USA,TIMBERLINE,DREDGE_FISHING,FISHING,367071460,1.73,Stage 1,2019-07-01
41.16,-71.18,2019-03-13,fd96b30e3-3f77-f437-8122-20e7744dfdb4,USA,TIMBERLINE,DREDGE_FISHING,FISHING,367071460,3.8,Stage 1,2019-03-01
41.36,-71.309998,2019-08-19,09e6b2720-0ef7-ce5a-aabb-e9d2daee5e42,USA,ASHLEY ANN II,FIXED_GEAR,FISHING,338328681,0.68,Stage 1,2019-08-01
41.18,-71.25,2019-07-03,d8bbf6380-05af-2b58-ca64-97ffb1eb319f,USA,ENTERPRISE,TRAWLERS,FISHING,367590310,1.03,Stage 1,2019-07-01
40.89,-71.139999,2019-02-02,a45b489d0-00f1-5dc5-64d8-6d681d72b4ba,USA,LADY BRITTANY,TRAWLERS,FISHING,366983260,3.93,Stage 1,2019-02-01
41.27,-71.059998,2019-08-28,09e6b2720-0ef7-ce5a-aabb-e9d2daee5e42,USA,ASHLEY ANN II,FIXED_GEAR,FISHING,338328681,1.27,Stage 1,2019-08-01
41.38,-71.279999,2019-07-18,09e6b2720-0ef7-ce5a-aabb-e9d2daee5e42,USA,ASHLEY ANN II,FIXED_GEAR,FISHING,338328681,1.04,Stage 1,2019-07-01
40.92,-71.160004,2019-03-01,8821540da-a330-a646-4a48-3f53d8a111b7,USA,LADY BRITTANY,TRAWLERS,FISHING,366983260,0.97,Stage 1,2019-03-01
40.93,-71.230003,2019-07-30,190d0e30c-c04e-efd2-c153-97f4bb49ff7f,USA,VIRGINIA QUEEN,TRAWLERS,FISHING,367339590,0.83,Stage 1,2019-07-01
40.9,-71.160004,2019-06-10,943ab90cb-b546-44a3-62a6-6f2035449a91,USA,STORMY ELIZABETH,FISHING,FISHING,367151950,0.59,Stage 1,2019-06-01
40.91,-71.169998,2019-03-01,8821540da-a330-a646-4a48-3f53d8a111b7,USA,LADY BRITTANY,TRAWLERS,FISHING,366983260,1.07,Stage 1,2019-03-01
40.9,-71.160004,2019-02-17,8821540da-a330-a646-4a48-3f53d8a111b7,USA,LADY BRITTANY,TRAWLERS,FISHING,366983260,0.62,Stage 1,2019-02-01
40.9,-71.150002,2019-01-28,a45b489d0-00f1-5dc5-64d8-6d681d72b4ba,USA,LADY BRITTANY,TRAWLERS,FISHING,366983260,4.71,Stage 1,2019-01-01
41.05,-71.389999,2019-01-12,287fc1cbf-fbc0-3baa-ae98-f20768f5d10f,USA,VIKING STARSHIP,PASSENGER,PASSENGER,367661740,1.4,Stage 1,2019-01-01
40.94,-71.120003,2019-03-13,8821540da-a330-a646-4a48-3f53d8a111b7,USA,LADY BRITTANY,TRAWLERS,FISHING,366983260,2.84,Stage 1,2019-03-01
40.89,-71.18,2019-02-22,8821540da-a330-a646-4a48-3f53d8a111b7,USA,LADY BRITTANY,TRAWLERS,FISHING,366983260,1.54,Stage 1,2019-02-01
40.92,-71.169998,2019-02-24,8821540da-a330-a646-4a48-3f53d8a111b7,USA,LADY BRITTANY,TRAWLERS,FISHING,366983260,1.47,Stage 1,2019-02-01
41.35,-71.260002,2019-07-24,b5c8f14ac-cc19-ce97-1589-8ed6d3b58f48,USA,STEPHANIE BRYAN,FISHING,FISHING,367428520,1.29,Stage 1,2019-07-01
41.27,-71.150002,2019-07-22,09e6b2720-0ef7-ce5a-aabb-e9d2daee5e42,USA,ASHLEY ANN II,FIXED_GEAR,FISHING,338328681,1.09,Stage 1,2019-07-01
41.31,-71.110001,2019-04-02,09e6b2720-0ef7-ce5a-aabb-e9d2daee5e42,USA,ASHLEY ANN II,FIXED_GEAR,FISHING,338328681,1.22,Stage 1,2019-04-01
41.17,-71.169998,2019-03-13,fd96b30e3-3f77-f437-8122-20e7744dfdb4,USA,TIMBERLINE,DREDGE_FISHING,FISHING,367071460,0.99,Stage 1,2019-03-01
41.37,-71.349998,2019-05-30,09e6b2720-0ef7-ce5a-aabb-e9d2daee5e42,USA,ASHLEY ANN II,FIXED_GEAR,FISHING,338328681,0.93,Stage 1,2019-05-01
41.15,-71.220001,2019-02-20,fd96b30e3-3f77-f437-8122-20e7744dfdb4,USA,TIMBERLINE,DREDGE_FISHING,FISHING,367071460,1.76,Stage 1,2019-02-01
41.17,-71.269997,2019-07-14,d8bbf6380-05af-2b58-ca64-97ffb1eb319f,USA,ENTERPRISE,TRAWLERS,FISHING,367590310,1.06,Stage 1,2019-07-01
41.19,-71.160004,2019-07-09,fd96b30e3-3f77-f437-8122-20e7744dfdb4,USA,TIMBERLINE,DREDGE_FISHING,FISHING,367071460,0.93,Stage 1,2019-07-01
41.24,-71.199997,2019-08-08,d8bbf6380-05af-2b58-ca64-97ffb1eb319f,USA,ENTERPRISE,TRAWLERS,FISHING,367590310,7.91,Stage 1,2019-08-01
41.33,-71.239998,2019-06-20,c11057b39-90b8-89c0-7f09-0f5a46f8d730,USA,BELL SKY,TRAWLERS,FISHING,367637420,2.26,Stage 1,2019-06-01
41.36,-71.260002,2019-08-17,57a91c9b8-8c97-8e90-f9dc-1d4f609dedd3,USA,LINDA MARIE,TRAWLERS,FISHING,367588040,0.86,Stage 1,2019-08-01
41.17,-71.169998,2019-02-28,fd96b30e3-3f77-f437-8122-20e7744dfdb4,USA,TIMBERLINE,DREDGE_FISHING,FISHING,367071460,4.42,Stage 1,2019-02-01
41.32,-71.129997,2019-03-25,09e6b2720-0ef7-ce5a-aabb-e9d2daee5e42,USA,ASHLEY ANN II,FIXED_GEAR,FISHING,338328681,0.33,Stage 1,2019-03-01
41.38,-71.300003,2019-07-24,b5c8f14ac-cc19-ce97-1589-8ed6d3b58f48,USA,STEPHANIE BRYAN,FISHING,FISHING,367428520,0.95,Stage 1,2019-07-01
41.15,-71.309998,2019-07-30,d8bbf6380-05af-2b58-ca64-97ffb1eb319f,USA,ENTERPRISE,TRAWLERS,FISHING,367590310,0.89,Stage 1,2019-07-01
41.37,-71.32,2019-08-24,09e6b2720-0ef7-ce5a-aabb-e9d2daee5e42,USA,ASHLEY ANN II,FIXED_GEAR,FISHING,338328681,1.12,Stage 1,2019-08-01
41.38,-71.330002,2019-06-12,09e6b2720-0ef7-ce5a-aabb-e9d2daee5e42,USA,ASHLEY ANN II,FIXED_GEAR,FISHING,338328681,5.71,Stage 1,2019-06-01
41.33,-71.239998,2019-05-12,c11057b39-90b8-89c0-7f09-0f5a46f8d730,USA,BELL SKY,TRAWLERS,FISHING,367637420,1.43,Stage 1,2019-05-01
41.16,-71.190002,2019-03-01,fd96b30e3-3f77-f437-8122-20e7744dfdb4,USA,TIMBERLINE,DREDGE_FISHING,FISHING,367071460,2.86,Stage 1,2019-03-01
41.2,-71.230003,2019-07-10,d8bbf6380-05af-2b58-ca64-97ffb1eb319f,USA,ENTERPRISE,TRAWLERS,FISHING,367590310,0.83,Stage 1,2019-07-01
41.3,-71.199997,2019-05-28,ff3830e6a-a93e-1d34-b439-f9f742984f72,USA,DARANA R,FISHING,FISHING,367174730,0.4,Stage 1,2019-05-01
40.97,-71.190002,2019-02-28,d2d4a7623-3cb5-3aed-65b0-0866a70bfbb3,USA,OCEAN STATE,TRAWLERS,FISHING,366278770,0.97,Stage 1,2019-02-01
41.38,-71.330002,2019-07-24,09e6b2720-0ef7-ce5a-aabb-e9d2daee5e42,USA,ASHLEY ANN II,FIXED_GEAR,FISHING,338328681,1.12,Stage 1,2019-07-01
41.33,-71.099998,2019-03-30,09e6b2720-0ef7-ce5a-aabb-e9d2daee5e42,USA,ASHLEY ANN II,FIXED_GEAR,FISHING,338328681,0.53,Stage 1,2019-03-01
41.28,-71.209999,2019-07-02,09e6b2720-0ef7-ce5a-aabb-e9d2daee5e42,USA,ASHLEY ANN II,FIXED_GEAR,FISHING,338328681,3.01,Stage 1,2019-07-01
41.27,-71.239998,2019-08-19,09e6b2720-0ef7-ce5a-aabb-e9d2daee5e42,USA,ASHLEY ANN II,FIXED_GEAR,FISHING,338328681,1.98,Stage 1,2019-08-01
41.3,-71.099998,2019-07-09,09e6b2720-0ef7-ce5a-aabb-e9d2daee5e42,USA,ASHLEY ANN II,FIXED_GEAR,FISHING,338328681,2.61,Stage 1,2019-07-01
41.15,-70.75,2019-07-26,eee4bf772-24eb-f59b-e5d2-3f1d5f21719a,USA,ILLUSION,TRAWLERS,FISHING,366218620,0.79,Stage 1,2019-07-01
41.31,-71.25,2019-05-28,ff3830e6a-a93e-1d34-b439-f9f742984f72,USA,DARANA R,FISHING,FISHING,367174730,1.4,Stage 1,2019-05-01
41.02,-71.050003,2019-02-02,fd96b30e3-3f77-f437-8122-20e7744dfdb4,USA,TIMBERLINE,DREDGE_FISHING,FISHING,367071460,4.37,Stage 1,2019-02-01
41.38,-71.260002,2019-05-07,c11057b39-90b8-89c0-7f09-0f5a46f8d730,USA,BELL SKY,TRAWLERS,FISHING,367637420,0.56,Stage 1,2019-05-01
41.33,-71.239998,2019-06-01,c11057b39-90b8-89c0-7f09-0f5a46f8d730,USA,BELL SKY,TRAWLERS,FISHING,367637420,2.01,Stage 1,2019-06-01
41.27,-71.089996,2019-07-02,09e6b2720-0ef7-ce5a-aabb-e9d2daee5e42,USA,ASHLEY ANN II,FIXED_GEAR,FISHING,338328681,1.98,Stage 1,2019-07-01
40.89,-71.349998,2019-01-28,a60bb8c1a-a9cd-5892-2581-2bea9933c8e0,USA,NEW SEA ROVER,TRAWLERS,FISHING,367346010,7.36,Stage 1,2019-01-01
41.3,-71.110001,2019-05-17,09e6b2720-0ef7-ce5a-aabb-e9d2daee5e42,USA,ASHLEY ANN II,FIXED_GEAR,FISHING,338328681,2.2,Stage 1,2019-05-01
40.9,-71.169998,2019-02-21,8821540da-a330-a646-4a48-3f53d8a111b7,USA,LADY BRITTANY,TRAWLERS,FISHING,366983260,1.12,Stage 1,2019-02-01
41.17,-71.169998,2019-03-09,fd96b30e3-3f77-f437-8122-20e7744dfdb4,USA,TIMBERLINE,DREDGE_FISHING,FISHING,367071460,2.52,Stage 1,2019-03-01
41.31,-71.080002,2019-08-12,09e6b2720-0ef7-ce5a-aabb-e9d2daee5e42,USA,ASHLEY ANN II,FIXED_GEAR,FISHING,338328681,1.69,Stage 1,2019-08-01
41.23,-71.089996,2019-01-13,d8bbf6380-05af-2b58-ca64-97ffb1eb319f,USA,ENTERPRISE,TRAWLERS,FISHING,367590310,3.11,Stage 1,2019-01-01
40.91,-71.150002,2019-02-28,8821540da-a330-a646-4a48-3f53d8a111b7,USA,LADY BRITTANY,TRAWLERS,FISHING,366983260,0.83,Stage 1,2019-02-01
41.2,-71.190002,2019-07-16,fd96b30e3-3f77-f437-8122-20e7744dfdb4,USA,TIMBERLINE,DREDGE_FISHING,FISHING,367071460,2.77,Stage 1,2019-07-01
41.24,-71.120003,2019-06-09,d8bbf6380-05af-2b58-ca64-97ffb1eb319f,USA,ENTERPRISE,TRAWLERS,FISHING,367590310,0.73,Stage 1,2019-06-01
41.32,-71.279999,2019-06-01,c11057b39-90b8-89c0-7f09-0f5a46f8d730,USA,BELL SKY,TRAWLERS,FISHING,367637420,0.98,Stage 1,2019-06-01
41.17,-71.269997,2019-07-30,d8bbf6380-05af-2b58-ca64-97ffb1eb319f,USA,ENTERPRISE,TRAWLERS,FISHING,367590310,0.76,Stage 1,2019-07-01
41.37,-71.32,2019-07-01,09e6b2720-0ef7-ce5a-aabb-e9d2daee5e42,USA,ASHLEY ANN II,FIXED_GEAR,FISHING,338328681,0.83,Stage 1,2019-07-01
41.02,-71.029999,2019-02-02,fd96b30e3-3f77-f437-8122-20e7744dfdb4,USA,TIMBERLINE,DREDGE_FISHING,FISHING,367071460,3.14,Stage 1,2019-02-01
41.18,-71.190002,2019-02-20,fd96b30e3-3f77-f437-8122-20e7744dfdb4,USA,TIMBERLINE,DREDGE_FISHING,FISHING,367071460,0.89,Stage 1,2019-02-01
41.03,-70.849998,2019-08-03,d12a18828-8cbb-8887-d07d-bea9f8e76229,USA,F/V HOPEFULL,TRAWLERS,FISHING,367325850,10.33,Stage 1,2019-08-01
41.11,-71.330002,2019-07-22,d2d4a7623-3cb5-3aed-65b0-0866a70bfbb3,USA,OCEAN STATE,TRAWLERS,FISHING,366278770,0.72,Stage 1,2019-07-01
41.25,-71.07,2019-06-10,d8bbf6380-05af-2b58-ca64-97ffb1eb319f,USA,ENTERPRISE,TRAWLERS,FISHING,367590310,0.78,Stage 1,2019-06-01
41.33,-71.239998,2019-05-25,c11057b39-90b8-89c0-7f09-0f5a46f8d730,USA,BELL SKY,TRAWLERS,FISHING,367637420,1.42,Stage 1,2019-05-01
41.36,-71.300003,2019-07-30,09e6b2720-0ef7-ce5a-aabb-e9d2daee5e42,USA,ASHLEY ANN II,FIXED_GEAR,FISHING,338328681,1.04,Stage 1,2019-07-01
41.14,-70.959999,2019-08-15,ad22a3fa5-5371-ddc3-4b45-7d536d49e01e,USA,EVENING PRAYER,FISHING,FISHING,367377130,1.98,Stage 1,2019-08-01
41.04,-71.059998,2019-06-22,287fc1cbf-fbc0-3baa-ae98-f20768f5d10f,USA,VIKING STARSHIP,PASSENGER,PASSENGER,367661740,0.54,Stage 1,2019-06-01
41.3,-71.400002,2019-08-27,57a91c9b8-8c97-8e90-f9dc-1d4f609dedd3,USA,LINDA MARIE,TRAWLERS,FISHING,367588040,4.79,Stage 1,2019-08-01
41.05,-71.019997,2019-07-14,fda33ad3b-b3d7-9afb-257d-126bd7b77f81,USA,LADY FRANCES,INCONCLUSIVE,FISHING,367155670,2.46,Stage 1,2019-07-01
41.31,-71.110001,2019-05-07,09e6b2720-0ef7-ce5a-aabb-e9d2daee5e42,USA,ASHLEY ANN II,FIXED_GEAR,FISHING,338328681,2.73,Stage 1,2019-05-01
41.18,-71.150002,2019-07-09,fd96b30e3-3f77-f437-8122-20e7744dfdb4,USA,TIMBERLINE,DREDGE_FISHING,FISHING,367071460,1.88,Stage 1,2019-07-01
41.03,-71.290001,2019-02-23,fda33ad3b-b3d7-9afb-257d-126bd7b77f81,USA,LADY FRANCES,INCONCLUSIVE,FISHING,367155670,1.08,Stage 1,2019-02-01
41.11,-70.730003,2019-06-30,cbfafe985-5d2a-7d35-bd3d-0b5997544a89,USA,OLIVIA CATHERINE,TRAWLERS,FISHING,366186640,1.18,Stage 1,2019-06-01
41.38,-71.269997,2019-05-12,c11057b39-90b8-89c0-7f09-0f5a46f8d730,USA,BELL SKY,TRAWLERS,FISHING,367637420,1.83,Stage 1,2019-05-01
40.91,-71.129997,2019-01-27,a45b489d0-00f1-5dc5-64d8-6d681d72b4ba,USA,LADY BRITTANY,TRAWLERS,FISHING,366983260,1.87,Stage 1,2019-01-01
41.3,-71.120003,2019-07-22,09e6b2720-0ef7-ce5a-aabb-e9d2daee5e42,USA,ASHLEY ANN II,FIXED_GEAR,FISHING,338328681,1.59,Stage 1,2019-07-01
41.38,-71.269997,2019-06-01,c11057b39-90b8-89c0-7f09-0f5a46f8d730,USA,BELL SKY,TRAWLERS,FISHING,367637420,0.95,Stage 1,2019-06-01
41.06,-71.400002,2019-07-11,0aa677a23-34d1-62cd-24ab-48ab0cf6fc9e,USA,BROOKE C,SET_GILLNETS,FISHING,338228458,0.95,Stage 1,2019-07-01
41.05,-71.389999,2019-01-12,fda33ad3b-b3d7-9afb-257d-126bd7b77f81,USA,LADY FRANCES,INCONCLUSIVE,FISHING,367155670,0.53,Stage 1,2019-01-01
41.26,-71.339996,2019-05-26,ff3830e6a-a93e-1d34-b439-f9f742984f72,USA,DARANA R,FISHING,FISHING,367174730,0.74,Stage 1,2019-05-01
41.09,-71.18,2019-07-09,b5c8f14ac-cc19-ce97-1589-8ed6d3b58f48,USA,STEPHANIE BRYAN,FISHING,FISHING,367428520,3.67,Stage 1,2019-07-01
41.37,-71.120003,2019-05-22,a09f06a71-199e-483a-0477-d0598a9f1fd4,USA,RHONDA DENISE,FISHING,FISHING,367758940,2.3,Stage 1,2019-05-01
41.38,-71.260002,2019-08-20,57a91c9b8-8c97-8e90-f9dc-1d4f609dedd3,USA,LINDA MARIE,TRAWLERS,FISHING,367588040,0.82,Stage 1,2019-08-01
40.88,-71.150002,2019-01-28,a45b489d0-00f1-5dc5-64d8-6d681d72b4ba,USA,LADY BRITTANY,TRAWLERS,FISHING,366983260,0.91,Stage 1,2019-01-01
40.88,-71.160004,2019-02-17,8821540da-a330-a646-4a48-3f53d8a111b7,USA,LADY BRITTANY,TRAWLERS,FISHING,366983260,2.28,Stage 1,2019-02-01
40.9,-71.139999,2019-01-18,a45b489d0-00f1-5dc5-64d8-6d681d72b4ba,USA,LADY BRITTANY,TRAWLERS,FISHING,366983260,2.12,Stage 1,2019-01-01
41.19,-71.169998,2019-07-10,fd96b30e3-3f77-f437-8122-20e7744dfdb4,USA,TIMBERLINE,DREDGE_FISHING,FISHING,367071460,1.04,Stage 1,2019-07-01
41.31,-71.379997,2019-07-16,d8bbf6380-05af-2b58-ca64-97ffb1eb319f,USA,ENTERPRISE,TRAWLERS,FISHING,367590310,0.61,Stage 1,2019-07-01
41.31,-71.209999,2019-08-30,d615df578-8b6f-95b5-cb8c-0f4f277686c0,USA,ANNE KATHRYN,FISHING,FISHING,367056030,11.52,Stage 1,2019-08-01
41.36,-71.260002,2019-05-07,c11057b39-90b8-89c0-7f09-0f5a46f8d730,USA,BELL SKY,TRAWLERS,FISHING,367637420,2.17,Stage 1,2019-05-01
41,-71.18,2019-02-27,d2d4a7623-3cb5-3aed-65b0-0866a70bfbb3,USA,OCEAN STATE,TRAWLERS,FISHING,366278770,0.86,Stage 1,2019-02-01
41.36,-71.260002,2019-05-17,03eedad9a-a87c-7cd9-4fd3-b8a7ad792461,USA,LENA PEARL,TRAWLERS,FISHING,366834830,1.57,Stage 1,2019-05-01
41.37,-71.260002,2019-05-12,c11057b39-90b8-89c0-7f09-0f5a46f8d730,USA,BELL SKY,TRAWLERS,FISHING,367637420,0.52,Stage 1,2019-05-01
40.91,-71.160004,2019-02-28,8821540da-a330-a646-4a48-3f53d8a111b7,USA,LADY BRITTANY,TRAWLERS,FISHING,366983260,1.03,Stage 1,2019-02-01
41.02,-71.019997,2019-02-02,fd96b30e3-3f77-f437-8122-20e7744dfdb4,USA,TIMBERLINE,DREDGE_FISHING,FISHING,367071460,1.83,Stage 1,2019-02-01
41.33,-71.239998,2019-05-09,c11057b39-90b8-89c0-7f09-0f5a46f8d730,USA,BELL SKY,TRAWLERS,FISHING,367637420,1.13,Stage 1,2019-05-01
40.91,-71.139999,2019-01-27,a45b489d0-00f1-5dc5-64d8-6d681d72b4ba,USA,LADY BRITTANY,TRAWLERS,FISHING,366983260,1.08,Stage 1,2019-01-01
40.92,-71.18,2019-02-18,8821540da-a330-a646-4a48-3f53d8a111b7,USA,LADY BRITTANY,TRAWLERS,FISHING,366983260,0.81,Stage 1,2019-02-01
41.28,-71.400002,2019-08-02,c11057b39-90b8-89c0-7f09-0f5a46f8d730,USA,BELL SKY,TRAWLERS,FISHING,367637420,1.51,Stage 1,2019-08-01
41.31,-71.269997,2019-07-02,09e6b2720-0ef7-ce5a-aabb-e9d2daee5e42,USA,ASHLEY ANN II,FIXED_GEAR,FISHING,338328681,1.17,Stage 1,2019-07-01
41.33,-71.360001,2019-06-24,09e6b2720-0ef7-ce5a-aabb-e9d2daee5e42,USA,ASHLEY ANN II,FIXED_GEAR,FISHING,338328681,0.99,Stage 1,2019-06-01
41.36,-71.32,2019-07-24,09e6b2720-0ef7-ce5a-aabb-e9d2daee5e42,USA,ASHLEY ANN II,FIXED_GEAR,FISHING,338328681,0.96,Stage 1,2019-07-01
40.91,-70.769997,2019-08-28,cbfafe985-5d2a-7d35-bd3d-0b5997544a89,USA,OLIVIA CATHERINE,TRAWLERS,FISHING,366186640,0.4,Stage 1,2019-08-01
41.34,-71.239998,2019-05-07,c11057b39-90b8-89c0-7f09-0f5a46f8d730,USA,BELL SKY,TRAWLERS,FISHING,367637420,1.55,Stage 1,2019-05-01
41.09,-70.779999,2019-06-30,cbfafe985-5d2a-7d35-bd3d-0b5997544a89,USA,OLIVIA CATHERINE,TRAWLERS,FISHING,366186640,0.9,Stage 1,2019-06-01
41.27,-71.209999,2019-08-29,09e6b2720-0ef7-ce5a-aabb-e9d2daee5e42,USA,ASHLEY ANN II,FIXED_GEAR,FISHING,338328681,2.83,Stage 1,2019-08-01
41.37,-71.309998,2019-07-18,09e6b2720-0ef7-ce5a-aabb-e9d2daee5e42,USA,ASHLEY ANN II,FIXED_GEAR,FISHING,338328681,0.63,Stage 1,2019-07-01
41.3,-71.169998,2019-05-08,09e6b2720-0ef7-ce5a-aabb-e9d2daee5e42,USA,ASHLEY ANN II,FIXED_GEAR,FISHING,338328681,0.81,Stage 1,2019-05-01
41.16,-71.290001,2019-07-21,d8bbf6380-05af-2b58-ca64-97ffb1eb319f,USA,ENTERPRISE,TRAWLERS,FISHING,367590310,1.12,Stage 1,2019-07-01
40.91,-71.150002,2019-03-01,8821540da-a330-a646-4a48-3f53d8a111b7,USA,LADY BRITTANY,TRAWLERS,FISHING,366983260,0.9,Stage 1,2019-03-01
41.17,-71.169998,2019-07-10,fd96b30e3-3f77-f437-8122-20e7744dfdb4,USA,TIMBERLINE,DREDGE_FISHING,FISHING,367071460,1.29,Stage 1,2019-07-01
41.36,-71.309998,2019-07-13,09e6b2720-0ef7-ce5a-aabb-e9d2daee5e42,USA,ASHLEY ANN II,FIXED_GEAR,FISHING,338328681,0.99,Stage 1,2019-07-01
41.32,-71.260002,2019-07-04,c11057b39-90b8-89c0-7f09-0f5a46f8d730,USA,BELL SKY,TRAWLERS,FISHING,367637420,1.73,Stage 1,2019-07-01
41.31,-71.089996,2019-03-30,09e6b2720-0ef7-ce5a-aabb-e9d2daee5e42,USA,ASHLEY ANN II,FIXED_GEAR,FISHING,338328681,1.29,Stage 1,2019-03-01
41.3,-71.07,2019-07-02,09e6b2720-0ef7-ce5a-aabb-e9d2daee5e42,USA,ASHLEY ANN II,FIXED_GEAR,FISHING,338328681,0.87,Stage 1,2019-07-01
40.89,-71.190002,2019-02-18,8821540da-a330-a646-4a48-3f53d8a111b7,USA,LADY BRITTANY,TRAWLERS,FISHING,366983260,1.26,Stage 1,2019-02-01
41.21,-71.199997,2019-07-21,d8bbf6380-05af-2b58-ca64-97ffb1eb319f,USA,ENTERPRISE,TRAWLERS,FISHING,367590310,1.66,Stage 1,2019-07-01
41.31,-71.260002,2019-06-26,09e6b2720-0ef7-ce5a-aabb-e9d2daee5e42,USA,ASHLEY ANN II,FIXED_GEAR,FISHING,338328681,0.81,Stage 1,2019-06-01
41.29,-71.160004,2019-06-01,09e6b2720-0ef7-ce5a-aabb-e9d2daee5e42,USA,ASHLEY ANN II,FIXED_GEAR,FISHING,338328681,8.5,Stage 1,2019-06-01
40.9,-71.139999,2019-02-28,8821540da-a330-a646-4a48-3f53d8a111b7,USA,LADY BRITTANY,TRAWLERS,FISHING,366983260,0.8,Stage 1,2019-02-01
41.11,-71.300003,2019-07-09,d8bbf6380-05af-2b58-ca64-97ffb1eb319f,USA,ENTERPRISE,TRAWLERS,FISHING,367590310,1.12,Stage 1,2019-07-01
40.9,-71.160004,2019-01-27,a45b489d0-00f1-5dc5-64d8-6d681d72b4ba,USA,LADY BRITTANY,TRAWLERS,FISHING,366983260,0.82,Stage 1,2019-01-01
41.28,-71.290001,2019-08-24,09e6b2720-0ef7-ce5a-aabb-e9d2daee5e42,USA,ASHLEY ANN II,FIXED_GEAR,FISHING,338328681,1.35,Stage 1,2019-08-01
41.32,-71.269997,2019-07-02,c11057b39-90b8-89c0-7f09-0f5a46f8d730,USA,BELL SKY,TRAWLERS,FISHING,367637420,0.61,Stage 1,2019-07-01
41.23,-71.150002,2019-06-08,d8bbf6380-05af-2b58-ca64-97ffb1eb319f,USA,ENTERPRISE,TRAWLERS,FISHING,367590310,1.54,Stage 1,2019-06-01
41.16,-71.230003,2019-07-10,fd96b30e3-3f77-f437-8122-20e7744dfdb4,USA,TIMBERLINE,DREDGE_FISHING,FISHING,367071460,1.51,Stage 1,2019-07-01
41.34,-71.089996,2019-04-14,09e6b2720-0ef7-ce5a-aabb-e9d2daee5e42,USA,ASHLEY ANN II,FIXED_GEAR,FISHING,338328681,1.13,Stage 1,2019-04-01
41,-70.739998,2019-07-06,01cb82c60-0ac5-1e19-f436-98a40a63f1a5,USA,WATERPROOF,POLE_AND_LINE,FISHING,338019005,1.96,Stage 1,2019-07-01
41.17,-71.160004,2019-02-28,fd96b30e3-3f77-f437-8122-20e7744dfdb4,USA,TIMBERLINE,DREDGE_FISHING,FISHING,367071460,3.08,Stage 1,2019-02-01
41.35,-71.370003,2019-07-01,09e6b2720-0ef7-ce5a-aabb-e9d2daee5e42,USA,ASHLEY ANN II,FIXED_GEAR,FISHING,338328681,0.98,Stage 1,2019-07-01
41.21,-71.209999,2019-07-03,d8bbf6380-05af-2b58-ca64-97ffb1eb319f,USA,ENTERPRISE,TRAWLERS,FISHING,367590310,3.64,Stage 1,2019-07-01
41.24,-71.110001,2019-06-10,d8bbf6380-05af-2b58-ca64-97ffb1eb319f,USA,ENTERPRISE,TRAWLERS,FISHING,367590310,1.23,Stage 1,2019-06-01
41.03,-71.18,2019-02-23,fda33ad3b-b3d7-9afb-257d-126bd7b77f81,USA,LADY FRANCES,INCONCLUSIVE,FISHING,367155670,2.23,Stage 1,2019-02-01
41.35,-71.25,2019-07-24,b5c8f14ac-cc19-ce97-1589-8ed6d3b58f48,USA,STEPHANIE BRYAN,FISHING,FISHING,367428520,0.69,Stage 1,2019-07-01
41.2,-70.879997,2019-07-08,fda33ad3b-b3d7-9afb-257d-126bd7b77f81,USA,LADY FRANCES,INCONCLUSIVE,FISHING,367155670,2,Stage 1,2019-07-01
40.93,-71.349998,2019-06-10,a60bb8c1a-a9cd-5892-2581-2bea9933c8e0,USA,NEW SEA ROVER,TRAWLERS,FISHING,367346010,0.84,Stage 1,2019-06-01
41.12,-70.730003,2019-07-02,cbfafe985-5d2a-7d35-bd3d-0b5997544a89,USA,OLIVIA CATHERINE,TRAWLERS,FISHING,366186640,5.27,Stage 1,2019-07-01
41.37,-71.260002,2019-07-02,c11057b39-90b8-89c0-7f09-0f5a46f8d730,USA,BELL SKY,TRAWLERS,FISHING,367637420,1,Stage 1,2019-07-01
41.17,-71.190002,2019-03-01,fd96b30e3-3f77-f437-8122-20e7744dfdb4,USA,TIMBERLINE,DREDGE_FISHING,FISHING,367071460,2.67,Stage 1,2019-03-01
41.16,-71.290001,2019-07-10,d8bbf6380-05af-2b58-ca64-97ffb1eb319f,USA,ENTERPRISE,TRAWLERS,FISHING,367590310,0.92,Stage 1,2019-07-01
40.84,-70.93,2019-06-30,d0eedd395-565b-d998-24e7-e6095fdc296f,USA,SHAMROCK,SET_GILLNETS,FISHING,367396080,1.56,Stage 1,2019-06-01
41.37,-71.269997,2019-08-19,09e6b2720-0ef7-ce5a-aabb-e9d2daee5e42,USA,ASHLEY ANN II,FIXED_GEAR,FISHING,338328681,1.53,Stage 1,2019-08-01
41.3,-71.279999,2019-08-27,dc7503a12-2012-2b23-c830-41a97164309d,USA,CHARLIES PRIDE,TRAWLERS,FISHING,366472920,15.81,Stage 1,2019-08-01
40.9,-71.129997,2019-02-02,a45b489d0-00f1-5dc5-64d8-6d681d72b4ba,USA,LADY BRITTANY,TRAWLERS,FISHING,366983260,4.23,Stage 1,2019-02-01
41.21,-71.169998,2019-07-10,fd96b30e3-3f77-f437-8122-20e7744dfdb4,USA,TIMBERLINE,DREDGE_FISHING,FISHING,367071460,1.24,Stage 1,2019-07-01
40.88,-71.139999,2019-01-28,a45b489d0-00f1-5dc5-64d8-6d681d72b4ba,USA,LADY BRITTANY,TRAWLERS,FISHING,366983260,0.33,Stage 1,2019-01-01
41.38,-71.269997,2019-05-17,c11057b39-90b8-89c0-7f09-0f5a46f8d730,USA,BELL SKY,TRAWLERS,FISHING,367637420,0.67,Stage 1,2019-05-01
40.92,-71.169998,2019-02-18,8821540da-a330-a646-4a48-3f53d8a111b7,USA,LADY BRITTANY,TRAWLERS,FISHING,366983260,3.08,Stage 1,2019-02-01
41.18,-71.150002,2019-07-16,fd96b30e3-3f77-f437-8122-20e7744dfdb4,USA,TIMBERLINE,DREDGE_FISHING,FISHING,367071460,1.29,Stage 1,2019-07-01
40.94,-71.370003,2019-03-03,d2d4a7623-3cb5-3aed-65b0-0866a70bfbb3,USA,OCEAN STATE,TRAWLERS,FISHING,366278770,2.44,Stage 1,2019-03-01
41.32,-71.099998,2019-04-14,09e6b2720-0ef7-ce5a-aabb-e9d2daee5e42,USA,ASHLEY ANN II,FIXED_GEAR,FISHING,338328681,1.25,Stage 1,2019-04-01
41.3,-71.019997,2019-07-03,46be96ce4-4e08-a7cf-9453-fcc83c33ca8d,USA,CAROLINA CAPES II,TRAWLERS,FISHING,367654030,0.35,Stage 1,2019-07-01
41.3,-71.190002,2019-05-28,ff3830e6a-a93e-1d34-b439-f9f742984f72,USA,DARANA R,FISHING,FISHING,367174730,1.8,Stage 1,2019-05-01
41.01,-71.269997,2019-07-25,eee4bf772-24eb-f59b-e5d2-3f1d5f21719a,USA,ILLUSION,TRAWLERS,FISHING,366218620,0.99,Stage 1,2019-07-01
40.93,-71.220001,2019-07-30,190d0e30c-c04e-efd2-c153-97f4bb49ff7f,USA,VIRGINIA QUEEN,TRAWLERS,FISHING,367339590,3.63,Stage 1,2019-07-01
41.17,-71.209999,2019-02-20,fd96b30e3-3f77-f437-8122-20e7744dfdb4,USA,TIMBERLINE,DREDGE_FISHING,FISHING,367071460,3.47,Stage 1,2019-02-01
41.35,-71.290001,2019-05-22,a09f06a71-199e-483a-0477-d0598a9f1fd4,USA,RHONDA DENISE,FISHING,FISHING,367758940,9.47,Stage 1,2019-05-01
41.3,-71.129997,2019-03-30,09e6b2720-0ef7-ce5a-aabb-e9d2daee5e42,USA,ASHLEY ANN II,FIXED_GEAR,FISHING,338328681,1.92,Stage 1,2019-03-01
41.33,-71.099998,2019-05-07,09e6b2720-0ef7-ce5a-aabb-e9d2daee5e42,USA,ASHLEY ANN II,FIXED_GEAR,FISHING,338328681,1.5,Stage 1,2019-05-01
40.92,-71.160004,2019-01-28,a45b489d0-00f1-5dc5-64d8-6d681d72b4ba,USA,LADY BRITTANY,TRAWLERS,FISHING,366983260,1.44,Stage 1,2019-01-01
41.36,-71.300003,2019-07-24,09e6b2720-0ef7-ce5a-aabb-e9d2daee5e42,USA,ASHLEY ANN II,FIXED_GEAR,FISHING,338328681,0.94,Stage 1,2019-07-01
40.9,-71.169998,2019-02-24,8821540da-a330-a646-4a48-3f53d8a111b7,USA,LADY BRITTANY,TRAWLERS,FISHING,366983260,0.89,Stage 1,2019-02-01
41.36,-71.25,2019-05-25,c11057b39-90b8-89c0-7f09-0f5a46f8d730,USA,BELL SKY,TRAWLERS,FISHING,367637420,1.18,Stage 1,2019-05-01
41.39,-71.290001,2019-08-09,09e6b2720-0ef7-ce5a-aabb-e9d2daee5e42,USA,ASHLEY ANN II,FIXED_GEAR,FISHING,338328681,0.91,Stage 1,2019-08-01
40.91,-71.139999,2019-03-09,8821540da-a330-a646-4a48-3f53d8a111b7,USA,LADY BRITTANY,TRAWLERS,FISHING,366983260,4.85,Stage 1,2019-03-01
41.09,-70.75,2019-06-30,e9fd5bc76-6ed7-b23d-df1a-313df2899867,USA,ALEXIS MARTINA,SET_LONGLINES,FISHING,367304080,6,Stage 1,2019-06-01
41.32,-71.089996,2019-03-25,09e6b2720-0ef7-ce5a-aabb-e9d2daee5e42,USA,ASHLEY ANN II,FIXED_GEAR,FISHING,338328681,1.33,Stage 1,2019-03-01
41.17,-71.230003,2019-05-09,6b3c9d22e-e924-5f89-9665-73604b8d5608,USA,TIMBERLINE,DREDGE_FISHING,FISHING,367071460,2.03,Stage 1,2019-05-01
41.33,-71.089996,2019-06-08,09e6b2720-0ef7-ce5a-aabb-e9d2daee5e42,USA,ASHLEY ANN II,FIXED_GEAR,FISHING,338328681,0.35,Stage 1,2019-06-01
41.19,-71.25,2019-08-02,d8bbf6380-05af-2b58-ca64-97ffb1eb319f,USA,ENTERPRISE,TRAWLERS,FISHING,367590310,0.99,Stage 1,2019-08-01
41.08,-71.379997,2019-01-26,287fc1cbf-fbc0-3baa-ae98-f20768f5d10f,USA,VIKING STARSHIP,PASSENGER,PASSENGER,367661740,1.01,Stage 1,2019-01-01
41.35,-71.349998,2019-07-31,ad2f925a5-51f8-b743-a5ab-0d634fd0f118,USA,MEKONG,TRAWLERS,FISHING,367379210,0.83,Stage 1,2019-07-01
41.31,-71.029999,2019-05-27,ff3830e6a-a93e-1d34-b439-f9f742984f72,USA,DARANA R,FISHING,FISHING,367174730,0.83,Stage 1,2019-05-01
41.34,-71.260002,2019-06-01,09e6b2720-0ef7-ce5a-aabb-e9d2daee5e42,USA,ASHLEY ANN II,FIXED_GEAR,FISHING,338328681,1.26,Stage 1,2019-06-01
40.89,-71.169998,2019-02-20,8821540da-a330-a646-4a48-3f53d8a111b7,USA,LADY BRITTANY,TRAWLERS,FISHING,366983260,13.84,Stage 1,2019-02-01
40.87,-70.949997,2019-06-12,d0eedd395-565b-d998-24e7-e6095fdc296f,USA,SHAMROCK,SET_GILLNETS,FISHING,367396080,4.82,Stage 1,2019-06-01
40.92,-71.139999,2019-03-08,8821540da-a330-a646-4a48-3f53d8a111b7,USA,LADY BRITTANY,TRAWLERS,FISHING,366983260,5.68,Stage 1,2019-03-01
41.3,-71.400002,2019-08-29,b91c9478b-bfa0-844e-f949-ccea31ce5ac1,USA,ELIZ AND KATHERINE,TRAWLERS,FISHING,367542540,5.36,Stage 1,2019-08-01
40.88,-71.260002,2019-07-28,190d0e30c-c04e-efd2-c153-97f4bb49ff7f,USA,VIRGINIA QUEEN,TRAWLERS,FISHING,367339590,15.99,Stage 1,2019-07-01
41.16,-71.32,2019-07-05,c9804fdb4-469e-7f30-0a3f-044b6cc74b65,USA,KAREN ANN,SET_GILLNETS,FISHING,367105250,1.56,Stage 1,2019-07-01
40.82,-71.07,2019-01-29,d0eedd395-565b-d998-24e7-e6095fdc296f,USA,SHAMROCK,SET_GILLNETS,FISHING,367396080,1.23,Stage 1,2019-01-01
40.89,-71.18,2019-02-17,8821540da-a330-a646-4a48-3f53d8a111b7,USA,LADY BRITTANY,TRAWLERS,FISHING,366983260,2.14,Stage 1,2019-02-01
40.91,-71.160004,2019-01-27,a45b489d0-00f1-5dc5-64d8-6d681d72b4ba,USA,LADY BRITTANY,TRAWLERS,FISHING,366983260,2.1,Stage 1,2019-01-01
41.37,-71.32,2019-07-24,09e6b2720-0ef7-ce5a-aabb-e9d2daee5e42,USA,ASHLEY ANN II,FIXED_GEAR,FISHING,338328681,0.71,Stage 1,2019-07-01
41.21,-71.220001,2019-07-30,d8bbf6380-05af-2b58-ca64-97ffb1eb319f,USA,ENTERPRISE,TRAWLERS,FISHING,367590310,1.11,Stage 1,2019-07-01
40.91,-71.139999,2019-02-28,8821540da-a330-a646-4a48-3f53d8a111b7,USA,LADY BRITTANY,TRAWLERS,FISHING,366983260,0.94,Stage 1,2019-02-01
40.89,-71.160004,2019-02-28,8821540da-a330-a646-4a48-3f53d8a111b7,USA,LADY BRITTANY,TRAWLERS,FISHING,366983260,2.42,Stage 1,2019-02-01
41.31,-71.389999,2019-06-26,c9804fdb4-469e-7f30-0a3f-044b6cc74b65,USA,KAREN ANN,SET_GILLNETS,FISHING,367105250,3.41,Stage 1,2019-06-01
41.36,-71.25,2019-05-09,c11057b39-90b8-89c0-7f09-0f5a46f8d730,USA,BELL SKY,TRAWLERS,FISHING,367637420,1.67,Stage 1,2019-05-01
40.89,-71.139999,2019-01-27,a45b489d0-00f1-5dc5-64d8-6d681d72b4ba,USA,LADY BRITTANY,TRAWLERS,FISHING,366983260,3.28,Stage 1,2019-01-01
41.38,-71.279999,2019-08-14,09e6b2720-0ef7-ce5a-aabb-e9d2daee5e42,USA,ASHLEY ANN II,FIXED_GEAR,FISHING,338328681,0.92,Stage 1,2019-08-01
41.29,-71.279999,2019-08-09,09e6b2720-0ef7-ce5a-aabb-e9d2daee5e42,USA,ASHLEY ANN II,FIXED_GEAR,FISHING,338328681,0.46,Stage 1,2019-08-01
40.92,-71.150002,2019-03-08,8821540da-a330-a646-4a48-3f53d8a111b7,USA,LADY BRITTANY,TRAWLERS,FISHING,366983260,1.25,Stage 1,2019-03-01
40.89,-71.360001,2019-01-27,a60bb8c1a-a9cd-5892-2581-2bea9933c8e0,USA,NEW SEA ROVER,TRAWLERS,FISHING,367346010,0.49,Stage 1,2019-01-01
41.37,-71.260002,2019-06-20,c11057b39-90b8-89c0-7f09-0f5a46f8d730,USA,BELL SKY,TRAWLERS,FISHING,367637420,0.51,Stage 1,2019-06-01
41.21,-71.209999,2019-07-10,d8bbf6380-05af-2b58-ca64-97ffb1eb319f,USA,ENTERPRISE,TRAWLERS,FISHING,367590310,1.08,Stage 1,2019-07-01
41.31,-71.099998,2019-05-17,09e6b2720-0ef7-ce5a-aabb-e9d2daee5e42,USA,ASHLEY ANN II,FIXED_GEAR,FISHING,338328681,0.96,Stage 1,2019-05-01
41.18,-71.269997,2019-08-01,d8bbf6380-05af-2b58-ca64-97ffb1eb319f,USA,ENTERPRISE,TRAWLERS,FISHING,367590310,3.09,Stage 1,2019-08-01
41.3,-71.019997,2019-07-02,46be96ce4-4e08-a7cf-9453-fcc83c33ca8d,USA,CAROLINA CAPES II,TRAWLERS,FISHING,367654030,1.1,Stage 1,2019-07-01
40.94,-71.220001,2019-02-18,fd96b30e3-3f77-f437-8122-20e7744dfdb4,USA,TIMBERLINE,DREDGE_FISHING,FISHING,367071460,3.14,Stage 1,2019-02-01
41.33,-71.220001,2019-06-08,09e6b2720-0ef7-ce5a-aabb-e9d2daee5e42,USA,ASHLEY ANN II,FIXED_GEAR,FISHING,338328681,0.86,Stage 1,2019-06-01
40.94,-71.32,2019-03-13,d2d4a7623-3cb5-3aed-65b0-0866a70bfbb3,USA,OCEAN STATE,TRAWLERS,FISHING,366278770,2.4,Stage 1,2019-03-01
41.36,-71.260002,2019-05-17,c11057b39-90b8-89c0-7f09-0f5a46f8d730,USA,BELL SKY,TRAWLERS,FISHING,367637420,1.08,Stage 1,2019-05-01
41.28,-71.220001,2019-08-24,09e6b2720-0ef7-ce5a-aabb-e9d2daee5e42,USA,ASHLEY ANN II,FIXED_GEAR,FISHING,338328681,0.68,Stage 1,2019-08-01
41.17,-71.190002,2019-02-23,fd96b30e3-3f77-f437-8122-20e7744dfdb4,USA,TIMBERLINE,DREDGE_FISHING,FISHING,367071460,4.97,Stage 1,2019-02-01
41.31,-71.379997,2019-08-02,c11057b39-90b8-89c0-7f09-0f5a46f8d730,USA,BELL SKY,TRAWLERS,FISHING,367637420,7.29,Stage 1,2019-08-01
40.89,-71.139999,2019-03-01,8821540da-a330-a646-4a48-3f53d8a111b7,USA,LADY BRITTANY,TRAWLERS,FISHING,366983260,0.92,Stage 1,2019-03-01
41.1,-71.300003,2019-07-14,d8bbf6380-05af-2b58-ca64-97ffb1eb319f,USA,ENTERPRISE,TRAWLERS,FISHING,367590310,1.41,Stage 1,2019-07-01
41.13,-71.330002,2019-07-22,d8bbf6380-05af-2b58-ca64-97ffb1eb319f,USA,ENTERPRISE,TRAWLERS,FISHING,367590310,1.04,Stage 1,2019-07-01
41.38,-71.269997,2019-07-02,c11057b39-90b8-89c0-7f09-0f5a46f8d730,USA,BELL SKY,TRAWLERS,FISHING,367637420,0.92,Stage 1,2019-07-01
40.9,-71.169998,2019-02-17,8821540da-a330-a646-4a48-3f53d8a111b7,USA,LADY BRITTANY,TRAWLERS,FISHING,366983260,0.98,Stage 1,2019-02-01
40.91,-71.160004,2019-03-01,8821540da-a330-a646-4a48-3f53d8a111b7,USA,LADY BRITTANY,TRAWLERS,FISHING,366983260,2.17,Stage 1,2019-03-01
41.35,-71.139999,2019-06-16,a60bb8c1a-a9cd-5892-2581-2bea9933c8e0,USA,NEW SEA ROVER,TRAWLERS,FISHING,367346010,0.57,Stage 1,2019-06-01
40.88,-71.18,2019-02-22,8821540da-a330-a646-4a48-3f53d8a111b7,USA,LADY BRITTANY,TRAWLERS,FISHING,366983260,0.82,Stage 1,2019-02-01
40.95,-71.230003,2019-02-18,fd96b30e3-3f77-f437-8122-20e7744dfdb4,USA,TIMBERLINE,DREDGE_FISHING,FISHING,367071460,0.56,Stage 1,2019-02-01
41.24,-71.120003,2019-07-30,d8bbf6380-05af-2b58-ca64-97ffb1eb319f,USA,ENTERPRISE,TRAWLERS,FISHING,367590310,0.81,Stage 1,2019-07-01
41.27,-71.160004,2019-05-27,ff3830e6a-a93e-1d34-b439-f9f742984f72,USA,DARANA R,FISHING,FISHING,367174730,2.07,Stage 1,2019-05-01
41.02,-71.230003,2019-02-27,d2d4a7623-3cb5-3aed-65b0-0866a70bfbb3,USA,OCEAN STATE,TRAWLERS,FISHING,366278770,1.08,Stage 1,2019-02-01
41.19,-71.199997,2019-07-16,fd96b30e3-3f77-f437-8122-20e7744dfdb4,USA,TIMBERLINE,DREDGE_FISHING,FISHING,367071460,2.29,Stage 1,2019-07-01
41.38,-71.260002,2019-07-25,c11057b39-90b8-89c0-7f09-0f5a46f8d730,USA,BELL SKY,TRAWLERS,FISHING,367637420,0.92,Stage 1,2019-07-01
41.31,-71.099998,2019-05-07,09e6b2720-0ef7-ce5a-aabb-e9d2daee5e42,USA,ASHLEY ANN II,FIXED_GEAR,FISHING,338328681,0.67,Stage 1,2019-05-01
41.18,-71.169998,2019-03-09,fd96b30e3-3f77-f437-8122-20e7744dfdb4,USA,TIMBERLINE,DREDGE_FISHING,FISHING,367071460,3.71,Stage 1,2019-03-01
41.39,-71.269997,2019-05-25,c11057b39-90b8-89c0-7f09-0f5a46f8d730,USA,BELL SKY,TRAWLERS,FISHING,367637420,0.56,Stage 1,2019-05-01
41.27,-71.279999,2019-07-16,d8bbf6380-05af-2b58-ca64-97ffb1eb319f,USA,ENTERPRISE,TRAWLERS,FISHING,367590310,4.49,Stage 1,2019-07-01
41.34,-71.360001,2019-06-08,09e6b2720-0ef7-ce5a-aabb-e9d2daee5e42,USA,ASHLEY ANN II,FIXED_GEAR,FISHING,338328681,1.11,Stage 1,2019-06-01
41.32,-71.25,2019-05-07,c11057b39-90b8-89c0-7f09-0f5a46f8d730,USA,BELL SKY,TRAWLERS,FISHING,367637420,1.23,Stage 1,2019-05-01
41.11,-70.730003,2019-06-30,e9fd5bc76-6ed7-b23d-df1a-313df2899867,USA,ALEXIS MARTINA,SET_LONGLINES,FISHING,367304080,0.59,Stage 1,2019-06-01
41.37,-71.330002,2019-07-01,09e6b2720-0ef7-ce5a-aabb-e9d2daee5e42,USA,ASHLEY ANN II,FIXED_GEAR,FISHING,338328681,1.07,Stage 1,2019-07-01
41.21,-71.169998,2019-07-17,fd96b30e3-3f77-f437-8122-20e7744dfdb4,USA,TIMBERLINE,DREDGE_FISHING,FISHING,367071460,1.63,Stage 1,2019-07-01
41.36,-71.139999,2019-05-22,a09f06a71-199e-483a-0477-d0598a9f1fd4,USA,RHONDA DENISE,FISHING,FISHING,367758940,1.13,Stage 1,2019-05-01
40.9,-71.150002,2019-01-27,a45b489d0-00f1-5dc5-64d8-6d681d72b4ba,USA,LADY BRITTANY,TRAWLERS,FISHING,366983260,3.39,Stage 1,2019-01-01
41.19,-71.25,2019-07-10,d8bbf6380-05af-2b58-ca64-97ffb1eb319f,USA,ENTERPRISE,TRAWLERS,FISHING,367590310,0.63,Stage 1,2019-07-01
41.33,-71.139999,2019-06-01,09e6b2720-0ef7-ce5a-aabb-e9d2daee5e42,USA,ASHLEY ANN II,FIXED_GEAR,FISHING,338328681,0.33,Stage 1,2019-06-01
41.27,-71.099998,2019-07-27,09e6b2720-0ef7-ce5a-aabb-e9d2daee5e42,USA,ASHLEY ANN II,FIXED_GEAR,FISHING,338328681,1.03,Stage 1,2019-07-01
41.24,-71.080002,2019-08-28,09e6b2720-0ef7-ce5a-aabb-e9d2daee5e42,USA,ASHLEY ANN II,FIXED_GEAR,FISHING,338328681,1.81,Stage 1,2019-08-01
41.2,-71.330002,2019-07-16,d8bbf6380-05af-2b58-ca64-97ffb1eb319f,USA,ENTERPRISE,TRAWLERS,FISHING,367590310,1.02,Stage 1,2019-07-01
41.35,-71.25,2019-05-27,ff3830e6a-a93e-1d34-b439-f9f742984f72,USA,DARANA R,FISHING,FISHING,367174730,0.8,Stage 1,2019-05-01
40.93,-71.300003,2019-07-26,190d0e30c-c04e-efd2-c153-97f4bb49ff7f,USA,VIRGINIA QUEEN,TRAWLERS,FISHING,367339590,0.73,Stage 1,2019-07-01
41.1,-71.349998,2019-07-22,d2d4a7623-3cb5-3aed-65b0-0866a70bfbb3,USA,OCEAN STATE,TRAWLERS,FISHING,366278770,1,Stage 1,2019-07-01
41.27,-71.309998,2019-05-26,ff3830e6a-a93e-1d34-b439-f9f742984f72,USA,DARANA R,FISHING,FISHING,367174730,0.73,Stage 1,2019-05-01
41.15,-71.290001,2019-08-02,d8bbf6380-05af-2b58-ca64-97ffb1eb319f,USA,ENTERPRISE,TRAWLERS,FISHING,367590310,0.34,Stage 1,2019-08-01
41.18,-71.269997,2019-07-14,d8bbf6380-05af-2b58-ca64-97ffb1eb319f,USA,ENTERPRISE,TRAWLERS,FISHING,367590310,1.68,Stage 1,2019-07-01
41.03,-71.18,2019-01-12,fda33ad3b-b3d7-9afb-257d-126bd7b77f81,USA,LADY FRANCES,INCONCLUSIVE,FISHING,367155670,1.65,Stage 1,2019-01-01
40.91,-71.330002,2019-01-19,a60bb8c1a-a9cd-5892-2581-2bea9933c8e0,USA,NEW SEA ROVER,TRAWLERS,FISHING,367346010,7.52,Stage 1,2019-01-01
41.33,-71,2019-07-29,8d12aac2c-c77b-9401-6f32-e5c3e2c31f6e,USA,KELLY MARIE,FISHING,FISHING,367383970,2.03,Stage 1,2019-07-01
41.31,-71.050003,2019-08-03,d615df578-8b6f-95b5-cb8c-0f4f277686c0,USA,ANNE KATHRYN,FISHING,FISHING,367056030,1.88,Stage 1,2019-08-01
41.35,-71.160004,2019-05-21,03eedad9a-a87c-7cd9-4fd3-b8a7ad792461,USA,LENA PEARL,TRAWLERS,FISHING,366834830,10.3,Stage 1,2019-05-01
41.15,-71.169998,2019-07-02,b5c8f14ac-cc19-ce97-1589-8ed6d3b58f48,USA,STEPHANIE BRYAN,FISHING,FISHING,367428520,10.25,Stage 1,2019-07-01
41.28,-71.279999,2019-08-19,09e6b2720-0ef7-ce5a-aabb-e9d2daee5e42,USA,ASHLEY ANN II,FIXED_GEAR,FISHING,338328681,1.32,Stage 1,2019-08-01
41.1,-71.300003,2019-07-21,d8bbf6380-05af-2b58-ca64-97ffb1eb319f,USA,ENTERPRISE,TRAWLERS,FISHING,367590310,2.25,Stage 1,2019-07-01
40.89,-71.139999,2019-01-28,a45b489d0-00f1-5dc5-64d8-6d681d72b4ba,USA,LADY BRITTANY,TRAWLERS,FISHING,366983260,3.67,Stage 1,2019-01-01
41.23,-71.209999,2019-06-08,d8bbf6380-05af-2b58-ca64-97ffb1eb319f,USA,ENTERPRISE,TRAWLERS,FISHING,367590310,0.45,Stage 1,2019-06-01
40.88,-71.330002,2019-01-28,a60bb8c1a-a9cd-5892-2581-2bea9933c8e0,USA,NEW SEA ROVER,TRAWLERS,FISHING,367346010,0.77,Stage 1,2019-01-01
41.21,-71.220001,2019-08-01,d8bbf6380-05af-2b58-ca64-97ffb1eb319f,USA,ENTERPRISE,TRAWLERS,FISHING,367590310,1.13,Stage 1,2019-08-01
41.29,-71.279999,2019-08-04,09e6b2720-0ef7-ce5a-aabb-e9d2daee5e42,USA,ASHLEY ANN II,FIXED_GEAR,FISHING,338328681,0.95,Stage 1,2019-08-01
41.25,-71.089996,2019-07-02,d8bbf6380-05af-2b58-ca64-97ffb1eb319f,USA,ENTERPRISE,TRAWLERS,FISHING,367590310,2.94,Stage 1,2019-07-01
41.17,-71.279999,2019-07-03,d8bbf6380-05af-2b58-ca64-97ffb1eb319f,USA,ENTERPRISE,TRAWLERS,FISHING,367590310,0.38,Stage 1,2019-07-01
41.22,-71.190002,2019-07-02,d8bbf6380-05af-2b58-ca64-97ffb1eb319f,USA,ENTERPRISE,TRAWLERS,FISHING,367590310,0.56,Stage 1,2019-07-01
40.9,-71.18,2019-02-17,8821540da-a330-a646-4a48-3f53d8a111b7,USA,LADY BRITTANY,TRAWLERS,FISHING,366983260,0.99,Stage 1,2019-02-01
41.29,-71.400002,2019-08-28,57a91c9b8-8c97-8e90-f9dc-1d4f609dedd3,USA,LINDA MARIE,TRAWLERS,FISHING,367588040,1.22,Stage 1,2019-08-01
41.32,-71.110001,2019-04-07,09e6b2720-0ef7-ce5a-aabb-e9d2daee5e42,USA,ASHLEY ANN II,FIXED_GEAR,FISHING,338328681,0.69,Stage 1,2019-04-01
41.31,-71.370003,2019-07-10,c9804fdb4-469e-7f30-0a3f-044b6cc74b65,USA,KAREN ANN,SET_GILLNETS,FISHING,367105250,0.8,Stage 1,2019-07-01
41.16,-71.220001,2019-07-16,fd96b30e3-3f77-f437-8122-20e7744dfdb4,USA,TIMBERLINE,DREDGE_FISHING,FISHING,367071460,0.71,Stage 1,2019-07-01
41.2,-71.220001,2019-07-14,d8bbf6380-05af-2b58-ca64-97ffb1eb319f,USA,ENTERPRISE,TRAWLERS,FISHING,367590310,0.88,Stage 1,2019-07-01
40.9,-71.18,2019-02-28,8821540da-a330-a646-4a48-3f53d8a111b7,USA,LADY BRITTANY,TRAWLERS,FISHING,366983260,1.06,Stage 1,2019-02-01
41.08,-70.709999,2019-06-29,cbfafe985-5d2a-7d35-bd3d-0b5997544a89,USA,OLIVIA CATHERINE,TRAWLERS,FISHING,366186640,1.12,Stage 1,2019-06-01
41.03,-71.339996,2019-01-26,287fc1cbf-fbc0-3baa-ae98-f20768f5d10f,USA,VIKING STARSHIP,PASSENGER,PASSENGER,367661740,0.95,Stage 1,2019-01-01
41.06,-70.809998,2019-07-02,cbfafe985-5d2a-7d35-bd3d-0b5997544a89,USA,OLIVIA CATHERINE,TRAWLERS,FISHING,366186640,0.62,Stage 1,2019-07-01
41.22,-71.199997,2019-07-30,d8bbf6380-05af-2b58-ca64-97ffb1eb319f,USA,ENTERPRISE,TRAWLERS,FISHING,367590310,1.38,Stage 1,2019-07-01
41.37,-71.260002,2019-05-09,c11057b39-90b8-89c0-7f09-0f5a46f8d730,USA,BELL SKY,TRAWLERS,FISHING,367637420,1.25,Stage 1,2019-05-01
41.1,-71.360001,2019-06-15,d8bbf6380-05af-2b58-ca64-97ffb1eb319f,USA,ENTERPRISE,TRAWLERS,FISHING,367590310,0.38,Stage 1,2019-06-01
41.11,-71.339996,2019-06-15,d8bbf6380-05af-2b58-ca64-97ffb1eb319f,USA,ENTERPRISE,TRAWLERS,FISHING,367590310,2.09,Stage 1,2019-06-01
41.29,-71.239998,2019-07-27,09e6b2720-0ef7-ce5a-aabb-e9d2daee5e42,USA,ASHLEY ANN II,FIXED_GEAR,FISHING,338328681,1.66,Stage 1,2019-07-01
40.89,-71.129997,2019-02-02,a45b489d0-00f1-5dc5-64d8-6d681d72b4ba,USA,LADY BRITTANY,TRAWLERS,FISHING,366983260,0.55,Stage 1,2019-02-01
41.21,-71.160004,2019-07-17,fd96b30e3-3f77-f437-8122-20e7744dfdb4,USA,TIMBERLINE,DREDGE_FISHING,FISHING,367071460,1.88,Stage 1,2019-07-01
40.88,-71.190002,2019-02-18,8821540da-a330-a646-4a48-3f53d8a111b7,USA,LADY BRITTANY,TRAWLERS,FISHING,366983260,1.1,Stage 1,2019-02-01
41.33,-71.160004,2019-06-17,09e6b2720-0ef7-ce5a-aabb-e9d2daee5e42,USA,ASHLEY ANN II,FIXED_GEAR,FISHING,338328681,0.88,Stage 1,2019-06-01
41.38,-71.290001,2019-07-24,09e6b2720-0ef7-ce5a-aabb-e9d2daee5e42,USA,ASHLEY ANN II,FIXED_GEAR,FISHING,338328681,0.97,Stage 1,2019-07-01
41.32,-71.279999,2019-05-09,c11057b39-90b8-89c0-7f09-0f5a46f8d730,USA,BELL SKY,TRAWLERS,FISHING,367637420,1.67,Stage 1,2019-05-01
41.31,-70.970001,2019-07-02,59d8ab6e8-88ae-3379-7957-c3cf5af17475,USA,HOPE AND SYDNEY,TRAWLERS,FISHING,367084070,2.23,Stage 1,2019-07-01
41.26,-71.160004,2019-05-27,ff3830e6a-a93e-1d34-b439-f9f742984f72,USA,DARANA R,FISHING,FISHING,367174730,1,Stage 1,2019-05-01
41.23,-71.169998,2019-06-08,d8bbf6380-05af-2b58-ca64-97ffb1eb319f,USA,ENTERPRISE,TRAWLERS,FISHING,367590310,0.69,Stage 1,2019-06-01
41.18,-71.160004,2019-03-13,fd96b30e3-3f77-f437-8122-20e7744dfdb4,USA,TIMBERLINE,DREDGE_FISHING,FISHING,367071460,2.33,Stage 1,2019-03-01
41.32,-71.239998,2019-05-07,c11057b39-90b8-89c0-7f09-0f5a46f8d730,USA,BELL SKY,TRAWLERS,FISHING,367637420,2.9,Stage 1,2019-05-01
41.07,-71.360001,2019-02-03,fda33ad3b-b3d7-9afb-257d-126bd7b77f81,USA,LADY FRANCES,INCONCLUSIVE,FISHING,367155670,0.84,Stage 1,2019-02-01
41.01,-71.370003,2019-06-27,424e42bd8-8e4d-fc8d-ebb4-4bda4eb178ab,USA,SEA BREEZE TOO,TRAWLERS,FISHING,367388850,6.37,Stage 1,2019-06-01
41.36,-71.25,2019-05-17,c11057b39-90b8-89c0-7f09-0f5a46f8d730,USA,BELL SKY,TRAWLERS,FISHING,367637420,1.07,Stage 1,2019-05-01
41.32,-71.099998,2019-03-25,09e6b2720-0ef7-ce5a-aabb-e9d2daee5e42,USA,ASHLEY ANN II,FIXED_GEAR,FISHING,338328681,1.1,Stage 1,2019-03-01
41.11,-70.730003,2019-06-29,e9fd5bc76-6ed7-b23d-df1a-313df2899867,USA,ALEXIS MARTINA,SET_LONGLINES,FISHING,367304080,0.97,Stage 1,2019-06-01
41.24,-71.120003,2019-06-08,d8bbf6380-05af-2b58-ca64-97ffb1eb319f,USA,ENTERPRISE,TRAWLERS,FISHING,367590310,2.2,Stage 1,2019-06-01
41.22,-71.199997,2019-07-01,d8bbf6380-05af-2b58-ca64-97ffb1eb319f,USA,ENTERPRISE,TRAWLERS,FISHING,367590310,0.66,Stage 1,2019-07-01
41.28,-71.18,2019-06-01,09e6b2720-0ef7-ce5a-aabb-e9d2daee5e42,USA,ASHLEY ANN II,FIXED_GEAR,FISHING,338328681,0.69,Stage 1,2019-06-01
41.31,-71.110001,2019-04-07,09e6b2720-0ef7-ce5a-aabb-e9d2daee5e42,USA,ASHLEY ANN II,FIXED_GEAR,FISHING,338328681,0.93,Stage 1,2019-04-01
41.26,-71.160004,2019-08-12,09e6b2720-0ef7-ce5a-aabb-e9d2daee5e42,USA,ASHLEY ANN II,FIXED_GEAR,FISHING,338328681,0.98,Stage 1,2019-08-01
40.9,-71.370003,2019-06-10,a60bb8c1a-a9cd-5892-2581-2bea9933c8e0,USA,NEW SEA ROVER,TRAWLERS,FISHING,367346010,0.97,Stage 1,2019-06-01
41.03,-71.059998,2019-02-02,fd96b30e3-3f77-f437-8122-20e7744dfdb4,USA,TIMBERLINE,DREDGE_FISHING,FISHING,367071460,2.82,Stage 1,2019-02-01
41.34,-71.110001,2019-03-25,09e6b2720-0ef7-ce5a-aabb-e9d2daee5e42,USA,ASHLEY ANN II,FIXED_GEAR,FISHING,338328681,1.16,Stage 1,2019-03-01
40.99,-71.18,2019-02-27,d2d4a7623-3cb5-3aed-65b0-0866a70bfbb3,USA,OCEAN STATE,TRAWLERS,FISHING,366278770,0.71,Stage 1,2019-02-01
40.89,-71.139999,2019-02-28,8821540da-a330-a646-4a48-3f53d8a111b7,USA,LADY BRITTANY,TRAWLERS,FISHING,366983260,0.46,Stage 1,2019-02-01
41.38,-71.269997,2019-05-31,c11057b39-90b8-89c0-7f09-0f5a46f8d730,USA,BELL SKY,TRAWLERS,FISHING,367637420,0.62,Stage 1,2019-05-01
40.9,-71.18,2019-02-20,8821540da-a330-a646-4a48-3f53d8a111b7,USA,LADY BRITTANY,TRAWLERS,FISHING,366983260,4.18,Stage 1,2019-02-01
41.38,-71.330002,2019-06-25,09e6b2720-0ef7-ce5a-aabb-e9d2daee5e42,USA,ASHLEY ANN II,FIXED_GEAR,FISHING,338328681,6.78,Stage 1,2019-06-01
41.31,-71.120003,2019-07-02,09e6b2720-0ef7-ce5a-aabb-e9d2daee5e42,USA,ASHLEY ANN II,FIXED_GEAR,FISHING,338328681,1.45,Stage 1,2019-07-01
40.91,-71.309998,2019-02-28,d2d4a7623-3cb5-3aed-65b0-0866a70bfbb3,USA,OCEAN STATE,TRAWLERS,FISHING,366278770,0.91,Stage 1,2019-02-01
41.2,-71.18,2019-07-17,fd96b30e3-3f77-f437-8122-20e7744dfdb4,USA,TIMBERLINE,DREDGE_FISHING,FISHING,367071460,1.97,Stage 1,2019-07-01
41.16,-71.160004,2019-07-10,fd96b30e3-3f77-f437-8122-20e7744dfdb4,USA,TIMBERLINE,DREDGE_FISHING,FISHING,367071460,0.88,Stage 1,2019-07-01
41.01,-70.830002,2019-08-06,96d40079d-d989-ddfc-933b-7b741b94aa42,USA,SOUTHERN CRUSADER II,TRAWLERS,FISHING,367113460,1.28,Stage 1,2019-08-01
40.9,-71.129997,2019-02-28,8821540da-a330-a646-4a48-3f53d8a111b7,USA,LADY BRITTANY,TRAWLERS,FISHING,366983260,2.78,Stage 1,2019-02-01
41.07,-71.099998,2019-08-11,fda33ad3b-b3d7-9afb-257d-126bd7b77f81,USA,LADY FRANCES,INCONCLUSIVE,FISHING,367155670,4.37,Stage 1,2019-08-01
41.15,-71.32,2019-07-11,c9804fdb4-469e-7f30-0a3f-044b6cc74b65,USA,KAREN ANN,SET_GILLNETS,FISHING,367105250,0.85,Stage 1,2019-07-01
40.95,-70.739998,2019-08-10,eee4bf772-24eb-f59b-e5d2-3f1d5f21719a,USA,ILLUSION,TRAWLERS,FISHING,366218620,1.62,Stage 1,2019-08-01
41.33,-71.099998,2019-04-14,09e6b2720-0ef7-ce5a-aabb-e9d2daee5e42,USA,ASHLEY ANN II,FIXED_GEAR,FISHING,338328681,0.87,Stage 1,2019-04-01
41.17,-71.190002,2019-07-10,fd96b30e3-3f77-f437-8122-20e7744dfdb4,USA,TIMBERLINE,DREDGE_FISHING,FISHING,367071460,0.88,Stage 1,2019-07-01
41.17,-71.269997,2019-07-08,d8bbf6380-05af-2b58-ca64-97ffb1eb319f,USA,ENTERPRISE,TRAWLERS,FISHING,367590310,0.87,Stage 1,2019-07-01
41.29,-71.18,2019-06-24,09e6b2720-0ef7-ce5a-aabb-e9d2daee5e42,USA,ASHLEY ANN II,FIXED_GEAR,FISHING,338328681,0.67,Stage 1,2019-06-01
40.88,-70.959999,2019-06-30,d0eedd395-565b-d998-24e7-e6095fdc296f,USA,SHAMROCK,SET_GILLNETS,FISHING,367396080,0.56,Stage 1,2019-06-01
40.9,-71.150002,2019-01-19,a45b489d0-00f1-5dc5-64d8-6d681d72b4ba,USA,LADY BRITTANY,TRAWLERS,FISHING,366983260,1.02,Stage 1,2019-01-01
40.93,-71.279999,2019-07-26,190d0e30c-c04e-efd2-c153-97f4bb49ff7f,USA,VIRGINIA QUEEN,TRAWLERS,FISHING,367339590,0.89,Stage 1,2019-07-01
40.86,-70.910004,2019-06-11,355db86fa-ae7e-9cce-bfba-e9f6b287353c,USA,KASSIDY LYN,TRAWLERS,FISHING,368019940,0.71,Stage 1,2019-06-01
40.97,-71.230003,2019-02-27,d2d4a7623-3cb5-3aed-65b0-0866a70bfbb3,USA,OCEAN STATE,TRAWLERS,FISHING,366278770,1.15,Stage 1,2019-02-01
41.15,-70.720001,2019-08-09,e9fd5bc76-6ed7-b23d-df1a-313df2899867,USA,ALEXIS MARTINA,SET_LONGLINES,FISHING,367304080,14.96,Stage 1,2019-08-01
41.29,-71.040001,2019-05-27,ff3830e6a-a93e-1d34-b439-f9f742984f72,USA,DARANA R,FISHING,FISHING,367174730,0.6,Stage 1,2019-05-01
40.9,-71.18,2019-02-23,8821540da-a330-a646-4a48-3f53d8a111b7,USA,LADY BRITTANY,TRAWLERS,FISHING,366983260,4.77,Stage 1,2019-02-01
40.89,-71.169998,2019-02-18,8821540da-a330-a646-4a48-3f53d8a111b7,USA,LADY BRITTANY,TRAWLERS,FISHING,366983260,1.63,Stage 1,2019-02-01
41.22,-71.110001,2019-08-12,09e6b2720-0ef7-ce5a-aabb-e9d2daee5e42,USA,ASHLEY ANN II,FIXED_GEAR,FISHING,338328681,1.02,Stage 1,2019-08-01
41.03,-71.169998,2019-01-13,fda33ad3b-b3d7-9afb-257d-126bd7b77f81,USA,LADY FRANCES,INCONCLUSIVE,FISHING,367155670,0.66,Stage 1,2019-01-01
41.15,-71.290001,2019-07-22,d8bbf6380-05af-2b58-ca64-97ffb1eb319f,USA,ENTERPRISE,TRAWLERS,FISHING,367590310,0.83,Stage 1,2019-07-01
41.37,-71.290001,2019-07-18,09e6b2720-0ef7-ce5a-aabb-e9d2daee5e42,USA,ASHLEY ANN II,FIXED_GEAR,FISHING,338328681,0.62,Stage 1,2019-07-01
41.34,-71.260002,2019-08-17,57a91c9b8-8c97-8e90-f9dc-1d4f609dedd3,USA,LINDA MARIE,TRAWLERS,FISHING,367588040,0.88,Stage 1,2019-08-01
41.24,-71.080002,2019-01-13,d8bbf6380-05af-2b58-ca64-97ffb1eb319f,USA,ENTERPRISE,TRAWLERS,FISHING,367590310,1.09,Stage 1,2019-01-01
41.3,-71.080002,2019-01-26,a60bb8c1a-a9cd-5892-2581-2bea9933c8e0,USA,NEW SEA ROVER,TRAWLERS,FISHING,367346010,0.99,Stage 1,2019-01-01
40.89,-71.150002,2019-01-28,a45b489d0-00f1-5dc5-64d8-6d681d72b4ba,USA,LADY BRITTANY,TRAWLERS,FISHING,366983260,6.17,Stage 1,2019-01-01
40.89,-71.160004,2019-02-17,8821540da-a330-a646-4a48-3f53d8a111b7,USA,LADY BRITTANY,TRAWLERS,FISHING,366983260,1.85,Stage 1,2019-02-01
41.17,-71.169998,2019-03-01,fd96b30e3-3f77-f437-8122-20e7744dfdb4,USA,TIMBERLINE,DREDGE_FISHING,FISHING,367071460,0.45,Stage 1,2019-03-01
41.34,-71.389999,2019-07-15,09e6b2720-0ef7-ce5a-aabb-e9d2daee5e42,USA,ASHLEY ANN II,FIXED_GEAR,FISHING,338328681,0.36,Stage 1,2019-07-01
41.14,-71.300003,2019-07-09,c9804fdb4-469e-7f30-0a3f-044b6cc74b65,USA,KAREN ANN,SET_GILLNETS,FISHING,367105250,2.75,Stage 1,2019-07-01
41.37,-71.330002,2019-08-14,09e6b2720-0ef7-ce5a-aabb-e9d2daee5e42,USA,ASHLEY ANN II,FIXED_GEAR,FISHING,338328681,0.58,Stage 1,2019-08-01
41.39,-71.269997,2019-06-01,c11057b39-90b8-89c0-7f09-0f5a46f8d730,USA,BELL SKY,TRAWLERS,FISHING,367637420,1.16,Stage 1,2019-06-01
41.34,-71.239998,2019-06-11,c11057b39-90b8-89c0-7f09-0f5a46f8d730,USA,BELL SKY,TRAWLERS,FISHING,367637420,1,Stage 1,2019-06-01
41.3,-71.209999,2019-05-28,ff3830e6a-a93e-1d34-b439-f9f742984f72,USA,DARANA R,FISHING,FISHING,367174730,1.75,Stage 1,2019-05-01
41.34,-71.239998,2019-06-17,c11057b39-90b8-89c0-7f09-0f5a46f8d730,USA,BELL SKY,TRAWLERS,FISHING,367637420,1.26,Stage 1,2019-06-01
41.35,-71.25,2019-05-12,c11057b39-90b8-89c0-7f09-0f5a46f8d730,USA,BELL SKY,TRAWLERS,FISHING,367637420,1.15,Stage 1,2019-05-01
40.88,-71.220001,2019-02-17,fda33ad3b-b3d7-9afb-257d-126bd7b77f81,USA,LADY FRANCES,INCONCLUSIVE,FISHING,367155670,0.84,Stage 1,2019-02-01
41.18,-71.260002,2019-07-09,d8bbf6380-05af-2b58-ca64-97ffb1eb319f,USA,ENTERPRISE,TRAWLERS,FISHING,367590310,2.89,Stage 1,2019-07-01
41.18,-71.199997,2019-02-04,fd96b30e3-3f77-f437-8122-20e7744dfdb4,USA,TIMBERLINE,DREDGE_FISHING,FISHING,367071460,1.61,Stage 1,2019-02-01
41.23,-71.18,2019-07-10,d8bbf6380-05af-2b58-ca64-97ffb1eb319f,USA,ENTERPRISE,TRAWLERS,FISHING,367590310,1.38,Stage 1,2019-07-01
41.22,-71.199997,2019-08-02,d8bbf6380-05af-2b58-ca64-97ffb1eb319f,USA,ENTERPRISE,TRAWLERS,FISHING,367590310,1.05,Stage 1,2019-08-01
41.3,-71.099998,2019-07-27,09e6b2720-0ef7-ce5a-aabb-e9d2daee5e42,USA,ASHLEY ANN II,FIXED_GEAR,FISHING,338328681,0.97,Stage 1,2019-07-01
41.32,-71.139999,2019-04-02,09e6b2720-0ef7-ce5a-aabb-e9d2daee5e42,USA,ASHLEY ANN II,FIXED_GEAR,FISHING,338328681,1.63,Stage 1,2019-04-01
41.05,-71.190002,2019-07-01,d9a3b251d-db12-2ab9-60a9-bc0a029a0701,USA,DEBBIE ANN,FISHING,FISHING,367313950,1.11,Stage 1,2019-07-01
41.3,-71.110001,2019-06-24,09e6b2720-0ef7-ce5a-aabb-e9d2daee5e42,USA,ASHLEY ANN II,FIXED_GEAR,FISHING,338328681,0.83,Stage 1,2019-06-01
41.16,-71.160004,2019-05-23,fd96b30e3-3f77-f437-8122-20e7744dfdb4,USA,TIMBERLINE,DREDGE_FISHING,FISHING,367071460,4.46,Stage 1,2019-05-01
40.87,-70.940002,2019-06-30,d0eedd395-565b-d998-24e7-e6095fdc296f,USA,SHAMROCK,SET_GILLNETS,FISHING,367396080,0.68,Stage 1,2019-06-01
41.36,-71.25,2019-05-07,c11057b39-90b8-89c0-7f09-0f5a46f8d730,USA,BELL SKY,TRAWLERS,FISHING,367637420,0.92,Stage 1,2019-05-01
41.17,-71.169998,2019-05-23,fd96b30e3-3f77-f437-8122-20e7744dfdb4,USA,TIMBERLINE,DREDGE_FISHING,FISHING,367071460,4.15,Stage 1,2019-05-01
41.14,-71.309998,2019-07-05,c9804fdb4-469e-7f30-0a3f-044b6cc74b65,USA,KAREN ANN,SET_GILLNETS,FISHING,367105250,1.77,Stage 1,2019-07-01
40.91,-71.18,2019-02-21,8821540da-a330-a646-4a48-3f53d8a111b7,USA,LADY BRITTANY,TRAWLERS,FISHING,366983260,3.52,Stage 1,2019-02-01
41.27,-71.059998,2019-07-09,09e6b2720-0ef7-ce5a-aabb-e9d2daee5e42,USA,ASHLEY ANN II,FIXED_GEAR,FISHING,338328681,0.97,Stage 1,2019-07-01
41.28,-71.260002,2019-08-29,09e6b2720-0ef7-ce5a-aabb-e9d2daee5e42,USA,ASHLEY ANN II,FIXED_GEAR,FISHING,338328681,0.87,Stage 1,2019-08-01
41.17,-71.279999,2019-07-21,d8bbf6380-05af-2b58-ca64-97ffb1eb319f,USA,ENTERPRISE,TRAWLERS,FISHING,367590310,0.65,Stage 1,2019-07-01
41.16,-71.230003,2019-07-16,fd96b30e3-3f77-f437-8122-20e7744dfdb4,USA,TIMBERLINE,DREDGE_FISHING,FISHING,367071460,6.68,Stage 1,2019-07-01
41.31,-71.029999,2019-06-09,d8bbf6380-05af-2b58-ca64-97ffb1eb319f,USA,ENTERPRISE,TRAWLERS,FISHING,367590310,0.54,Stage 1,2019-06-01
41.36,-71.160004,2019-05-28,03eedad9a-a87c-7cd9-4fd3-b8a7ad792461,USA,LENA PEARL,TRAWLERS,FISHING,366834830,3.66,Stage 1,2019-05-01
40.93,-71.330002,2019-01-26,a60bb8c1a-a9cd-5892-2581-2bea9933c8e0,USA,NEW SEA ROVER,TRAWLERS,FISHING,367346010,18.41,Stage 1,2019-01-01
40.91,-71.18,2019-02-20,8821540da-a330-a646-4a48-3f53d8a111b7,USA,LADY BRITTANY,TRAWLERS,FISHING,366983260,1.47,Stage 1,2019-02-01
41.13,-71.169998,2019-07-14,fda33ad3b-b3d7-9afb-257d-126bd7b77f81,USA,LADY FRANCES,INCONCLUSIVE,FISHING,367155670,1.38,Stage 1,2019-07-01
41.19,-71.18,2019-02-20,fd96b30e3-3f77-f437-8122-20e7744dfdb4,USA,TIMBERLINE,DREDGE_FISHING,FISHING,367071460,0.98,Stage 1,2019-02-01
41.05,-71.059998,2019-07-14,fda33ad3b-b3d7-9afb-257d-126bd7b77f81,USA,LADY FRANCES,INCONCLUSIVE,FISHING,367155670,0.74,Stage 1,2019-07-01
40.9,-71.349998,2019-06-10,a60bb8c1a-a9cd-5892-2581-2bea9933c8e0,USA,NEW SEA ROVER,TRAWLERS,FISHING,367346010,1,Stage 1,2019-06-01
40.93,-71.129997,2019-03-13,8821540da-a330-a646-4a48-3f53d8a111b7,USA,LADY BRITTANY,TRAWLERS,FISHING,366983260,1.12,Stage 1,2019-03-01
40.88,-71.129997,2019-01-28,a45b489d0-00f1-5dc5-64d8-6d681d72b4ba,USA,LADY BRITTANY,TRAWLERS,FISHING,366983260,2.47,Stage 1,2019-01-01
41.24,-71.199997,2019-08-28,09e6b2720-0ef7-ce5a-aabb-e9d2daee5e42,USA,ASHLEY ANN II,FIXED_GEAR,FISHING,338328681,1.14,Stage 1,2019-08-01
41.38,-71.309998,2019-07-24,b5c8f14ac-cc19-ce97-1589-8ed6d3b58f48,USA,STEPHANIE BRYAN,FISHING,FISHING,367428520,0.99,Stage 1,2019-07-01
41.37,-71.309998,2019-07-13,09e6b2720-0ef7-ce5a-aabb-e9d2daee5e42,USA,ASHLEY ANN II,FIXED_GEAR,FISHING,338328681,0.92,Stage 1,2019-07-01
41.32,-71.010002,2019-07-25,d8bbf6380-05af-2b58-ca64-97ffb1eb319f,USA,ENTERPRISE,TRAWLERS,FISHING,367590310,2.13,Stage 1,2019-07-01
40.93,-71.139999,2019-03-09,8821540da-a330-a646-4a48-3f53d8a111b7,USA,LADY BRITTANY,TRAWLERS,FISHING,366983260,5.42,Stage 1,2019-03-01
41.32,-71.25,2019-06-20,c11057b39-90b8-89c0-7f09-0f5a46f8d730,USA,BELL SKY,TRAWLERS,FISHING,367637420,1.47,Stage 1,2019-06-01
41.07,-71.389999,2019-07-11,0aa677a23-34d1-62cd-24ab-48ab0cf6fc9e,USA,BROOKE C,SET_GILLNETS,FISHING,338228458,1.2,Stage 1,2019-07-01
41.18,-71.309998,2019-07-11,d8bbf6380-05af-2b58-ca64-97ffb1eb319f,USA,ENTERPRISE,TRAWLERS,FISHING,367590310,1,Stage 1,2019-07-01
41.35,-71.32,2019-08-29,09e6b2720-0ef7-ce5a-aabb-e9d2daee5e42,USA,ASHLEY ANN II,FIXED_GEAR,FISHING,338328681,1.06,Stage 1,2019-08-01
41.36,-71.309998,2019-08-14,09e6b2720-0ef7-ce5a-aabb-e9d2daee5e42,USA,ASHLEY ANN II,FIXED_GEAR,FISHING,338328681,0.96,Stage 1,2019-08-01
41.18,-71.260002,2019-01-15,d8bbf6380-05af-2b58-ca64-97ffb1eb319f,USA,ENTERPRISE,TRAWLERS,FISHING,367590310,4.12,Stage 1,2019-01-01
41.05,-71.089996,2019-08-11,fda33ad3b-b3d7-9afb-257d-126bd7b77f81,USA,LADY FRANCES,INCONCLUSIVE,FISHING,367155670,2.01,Stage 1,2019-08-01
41.19,-71.190002,2019-07-22,30039633e-e65b-e85b-a838-221883cbc42a,USA,HERITAGE,FISHING,FISHING,367142820,0.57,Stage 1,2019-07-01
41.33,-71.239998,2019-07-25,c11057b39-90b8-89c0-7f09-0f5a46f8d730,USA,BELL SKY,TRAWLERS,FISHING,367637420,1.12,Stage 1,2019-07-01
41.19,-71.18,2019-07-10,fd96b30e3-3f77-f437-8122-20e7744dfdb4,USA,TIMBERLINE,DREDGE_FISHING,FISHING,367071460,0.79,Stage 1,2019-07-01
41.17,-71.290001,2019-08-31,d8bbf6380-05af-2b58-ca64-97ffb1eb319f,USA,ENTERPRISE,TRAWLERS,FISHING,367590310,2.13,Stage 1,2019-08-01
41.17,-71.209999,2019-07-10,fd96b30e3-3f77-f437-8122-20e7744dfdb4,USA,TIMBERLINE,DREDGE_FISHING,FISHING,367071460,0.96,Stage 1,2019-07-01
41.38,-71.309998,2019-07-01,09e6b2720-0ef7-ce5a-aabb-e9d2daee5e42,USA,ASHLEY ANN II,FIXED_GEAR,FISHING,338328681,0.99,Stage 1,2019-07-01
41.31,-71.139999,2019-04-17,09e6b2720-0ef7-ce5a-aabb-e9d2daee5e42,USA,ASHLEY ANN II,FIXED_GEAR,FISHING,338328681,1.93,Stage 1,2019-04-01
41.33,-71.239998,2019-07-04,c11057b39-90b8-89c0-7f09-0f5a46f8d730,USA,BELL SKY,TRAWLERS,FISHING,367637420,1.07,Stage 1,2019-07-01
41.01,-71.239998,2019-07-26,eee4bf772-24eb-f59b-e5d2-3f1d5f21719a,USA,ILLUSION,TRAWLERS,FISHING,366218620,0.75,Stage 1,2019-07-01
41.17,-71.279999,2019-07-10,d8bbf6380-05af-2b58-ca64-97ffb1eb319f,USA,ENTERPRISE,TRAWLERS,FISHING,367590310,1.1,Stage 1,2019-07-01
41.11,-70.720001,2019-06-29,e9fd5bc76-6ed7-b23d-df1a-313df2899867,USA,ALEXIS MARTINA,SET_LONGLINES,FISHING,367304080,1.16,Stage 1,2019-06-01
41.28,-71.169998,2019-08-12,09e6b2720-0ef7-ce5a-aabb-e9d2daee5e42,USA,ASHLEY ANN II,FIXED_GEAR,FISHING,338328681,1.06,Stage 1,2019-08-01
41.33,-71.040001,2019-08-09,d8bbf6380-05af-2b58-ca64-97ffb1eb319f,USA,ENTERPRISE,TRAWLERS,FISHING,367590310,0.85,Stage 1,2019-08-01
40.87,-71.160004,2019-02-17,8821540da-a330-a646-4a48-3f53d8a111b7,USA,LADY BRITTANY,TRAWLERS,FISHING,366983260,1.18,Stage 1,2019-02-01
41.05,-71.389999,2019-07-22,d2d4a7623-3cb5-3aed-65b0-0866a70bfbb3,USA,OCEAN STATE,TRAWLERS,FISHING,366278770,1.82,Stage 1,2019-07-01
40.91,-71.150002,2019-01-28,a45b489d0-00f1-5dc5-64d8-6d681d72b4ba,USA,LADY BRITTANY,TRAWLERS,FISHING,366983260,1.12,Stage 1,2019-01-01
41.37,-71.32,2019-06-25,09e6b2720-0ef7-ce5a-aabb-e9d2daee5e42,USA,ASHLEY ANN II,FIXED_GEAR,FISHING,338328681,1.17,Stage 1,2019-06-01
41.3,-71.260002,2019-06-08,09e6b2720-0ef7-ce5a-aabb-e9d2daee5e42,USA,ASHLEY ANN II,FIXED_GEAR,FISHING,338328681,0.72,Stage 1,2019-06-01
41.27,-71.07,2019-07-09,09e6b2720-0ef7-ce5a-aabb-e9d2daee5e42,USA,ASHLEY ANN II,FIXED_GEAR,FISHING,338328681,1.14,Stage 1,2019-07-01
41.33,-71.269997,2019-05-25,09e6b2720-0ef7-ce5a-aabb-e9d2daee5e42,USA,ASHLEY ANN II,FIXED_GEAR,FISHING,338328681,0.56,Stage 1,2019-05-01
41.22,-71.080002,2019-01-13,d8bbf6380-05af-2b58-ca64-97ffb1eb319f,USA,ENTERPRISE,TRAWLERS,FISHING,367590310,0.9,Stage 1,2019-01-01
41.19,-71.239998,2019-05-27,d8bbf6380-05af-2b58-ca64-97ffb1eb319f,USA,ENTERPRISE,TRAWLERS,FISHING,367590310,6.53,Stage 1,2019-05-01
41.19,-71.239998,2019-07-02,d8bbf6380-05af-2b58-ca64-97ffb1eb319f,USA,ENTERPRISE,TRAWLERS,FISHING,367590310,1.62,Stage 1,2019-07-01
41.25,-71.099998,2019-06-10,d8bbf6380-05af-2b58-ca64-97ffb1eb319f,USA,ENTERPRISE,TRAWLERS,FISHING,367590310,1.12,Stage 1,2019-06-01
40.92,-71.059998,2019-07-27,355db86fa-ae7e-9cce-bfba-e9f6b287353c,USA,KASSIDY LYN,TRAWLERS,FISHING,368019940,17.39,Stage 1,2019-07-01
41.02,-71.010002,2019-02-02,fd96b30e3-3f77-f437-8122-20e7744dfdb4,USA,TIMBERLINE,DREDGE_FISHING,FISHING,367071460,1,Stage 1,2019-02-01
41.34,-71.089996,2019-03-25,09e6b2720-0ef7-ce5a-aabb-e9d2daee5e42,USA,ASHLEY ANN II,FIXED_GEAR,FISHING,338328681,0.68,Stage 1,2019-03-01
40.9,-71.150002,2019-02-02,a45b489d0-00f1-5dc5-64d8-6d681d72b4ba,USA,LADY BRITTANY,TRAWLERS,FISHING,366983260,0.92,Stage 1,2019-02-01
41.19,-71.239998,2019-07-16,d8bbf6380-05af-2b58-ca64-97ffb1eb319f,USA,ENTERPRISE,TRAWLERS,FISHING,367590310,0.6,Stage 1,2019-07-01
41.21,-71.349998,2019-07-27,355db86fa-ae7e-9cce-bfba-e9f6b287353c,USA,KASSIDY LYN,TRAWLERS,FISHING,368019940,0.45,Stage 1,2019-07-01
41.13,-71.379997,2019-07-11,d8bbf6380-05af-2b58-ca64-97ffb1eb319f,USA,ENTERPRISE,TRAWLERS,FISHING,367590310,5.13,Stage 1,2019-07-01
40.91,-71.139999,2019-03-08,8821540da-a330-a646-4a48-3f53d8a111b7,USA,LADY BRITTANY,TRAWLERS,FISHING,366983260,0.87,Stage 1,2019-03-01
41.27,-71.25,2019-08-24,09e6b2720-0ef7-ce5a-aabb-e9d2daee5e42,USA,ASHLEY ANN II,FIXED_GEAR,FISHING,338328681,0.9,Stage 1,2019-08-01
41.02,-71.209999,2019-02-27,d2d4a7623-3cb5-3aed-65b0-0866a70bfbb3,USA,OCEAN STATE,TRAWLERS,FISHING,366278770,0.43,Stage 1,2019-02-01
41.27,-71.279999,2019-08-29,09e6b2720-0ef7-ce5a-aabb-e9d2daee5e42,USA,ASHLEY ANN II,FIXED_GEAR,FISHING,338328681,0.96,Stage 1,2019-08-01
41.14,-71.300003,2019-08-31,d8bbf6380-05af-2b58-ca64-97ffb1eb319f,USA,ENTERPRISE,TRAWLERS,FISHING,367590310,0.95,Stage 1,2019-08-01
41.18,-71.269997,2019-07-21,d8bbf6380-05af-2b58-ca64-97ffb1eb319f,USA,ENTERPRISE,TRAWLERS,FISHING,367590310,0.82,Stage 1,2019-07-01
41.03,-71.18,2019-01-13,fda33ad3b-b3d7-9afb-257d-126bd7b77f81,USA,LADY FRANCES,INCONCLUSIVE,FISHING,367155670,1.83,Stage 1,2019-01-01
40.92,-71.160004,2019-01-27,a45b489d0-00f1-5dc5-64d8-6d681d72b4ba,USA,LADY BRITTANY,TRAWLERS,FISHING,366983260,2.8,Stage 1,2019-01-01
41.16,-71.220001,2019-07-10,fd96b30e3-3f77-f437-8122-20e7744dfdb4,USA,TIMBERLINE,DREDGE_FISHING,FISHING,367071460,6.93,Stage 1,2019-07-01
41.3,-71.360001,2019-08-04,d8bbf6380-05af-2b58-ca64-97ffb1eb319f,USA,ENTERPRISE,TRAWLERS,FISHING,367590310,0.68,Stage 1,2019-08-01
41.38,-71.260002,2019-06-01,c11057b39-90b8-89c0-7f09-0f5a46f8d730,USA,BELL SKY,TRAWLERS,FISHING,367637420,1.26,Stage 1,2019-06-01
41.32,-71.120003,2019-04-02,09e6b2720-0ef7-ce5a-aabb-e9d2daee5e42,USA,ASHLEY ANN II,FIXED_GEAR,FISHING,338328681,1.28,Stage 1,2019-04-01
41.32,-71.389999,2019-07-16,e9fd5bc76-6ed7-b23d-df1a-313df2899867,USA,ALEXIS MARTINA,SET_LONGLINES,FISHING,367304080,1.02,Stage 1,2019-07-01
41.23,-71.209999,2019-08-07,d8bbf6380-05af-2b58-ca64-97ffb1eb319f,USA,ENTERPRISE,TRAWLERS,FISHING,367590310,7.11,Stage 1,2019-08-01
41.3,-71.309998,2019-05-31,d8bbf6380-05af-2b58-ca64-97ffb1eb319f,USA,ENTERPRISE,TRAWLERS,FISHING,367590310,1,Stage 1,2019-05-01
40.9,-71.169998,2019-02-23,8821540da-a330-a646-4a48-3f53d8a111b7,USA,LADY BRITTANY,TRAWLERS,FISHING,366983260,3.24,Stage 1,2019-02-01
41.28,-71.290001,2019-08-19,09e6b2720-0ef7-ce5a-aabb-e9d2daee5e42,USA,ASHLEY ANN II,FIXED_GEAR,FISHING,338328681,0.68,Stage 1,2019-08-01
41.08,-70.709999,2019-06-28,cbfafe985-5d2a-7d35-bd3d-0b5997544a89,USA,OLIVIA CATHERINE,TRAWLERS,FISHING,366186640,0.89,Stage 1,2019-06-01
41.36,-71.160004,2019-05-18,a09f06a71-199e-483a-0477-d0598a9f1fd4,USA,RHONDA DENISE,FISHING,FISHING,367758940,5.04,Stage 1,2019-05-01
40.89,-71.169998,2019-02-28,8821540da-a330-a646-4a48-3f53d8a111b7,USA,LADY BRITTANY,TRAWLERS,FISHING,366983260,3.21,Stage 1,2019-02-01
41.18,-71.209999,2019-02-20,fd96b30e3-3f77-f437-8122-20e7744dfdb4,USA,TIMBERLINE,DREDGE_FISHING,FISHING,367071460,0.97,Stage 1,2019-02-01
41.23,-71.160004,2019-06-10,d8bbf6380-05af-2b58-ca64-97ffb1eb319f,USA,ENTERPRISE,TRAWLERS,FISHING,367590310,0.77,Stage 1,2019-06-01
41.17,-71.18,2019-03-01,fd96b30e3-3f77-f437-8122-20e7744dfdb4,USA,TIMBERLINE,DREDGE_FISHING,FISHING,367071460,4.23,Stage 1,2019-03-01
41.17,-71.199997,2019-02-23,fd96b30e3-3f77-f437-8122-20e7744dfdb4,USA,TIMBERLINE,DREDGE_FISHING,FISHING,367071460,11.14,Stage 1,2019-02-01
41.31,-71.089996,2019-05-07,09e6b2720-0ef7-ce5a-aabb-e9d2daee5e42,USA,ASHLEY ANN II,FIXED_GEAR,FISHING,338328681,1.48,Stage 1,2019-05-01
41.32,-71.400002,2019-07-24,b5c8f14ac-cc19-ce97-1589-8ed6d3b58f48,USA,STEPHANIE BRYAN,FISHING,FISHING,367428520,2.91,Stage 1,2019-07-01
41.19,-71.260002,2019-08-31,d8bbf6380-05af-2b58-ca64-97ffb1eb319f,USA,ENTERPRISE,TRAWLERS,FISHING,367590310,1.22,Stage 1,2019-08-01
41.3,-71.099998,2019-06-08,09e6b2720-0ef7-ce5a-aabb-e9d2daee5e42,USA,ASHLEY ANN II,FIXED_GEAR,FISHING,338328681,2.8,Stage 1,2019-06-01
40.9,-71.150002,2019-03-01,8821540da-a330-a646-4a48-3f53d8a111b7,USA,LADY BRITTANY,TRAWLERS,FISHING,366983260,1.93,Stage 1,2019-03-01
41.3,-71.309998,2019-08-01,09e6b2720-0ef7-ce5a-aabb-e9d2daee5e42,USA,ASHLEY ANN II,FIXED_GEAR,FISHING,338328681,9.57,Stage 1,2019-08-01
40.97,-71.239998,2019-08-03,d12a18828-8cbb-8887-d07d-bea9f8e76229,USA,F/V HOPEFULL,TRAWLERS,FISHING,367325850,1.45,Stage 1,2019-08-01
41.16,-71.300003,2019-07-27,355db86fa-ae7e-9cce-bfba-e9f6b287353c,USA,KASSIDY LYN,TRAWLERS,FISHING,368019940,1.32,Stage 1,2019-07-01
41.31,-71.379997,2019-07-10,c9804fdb4-469e-7f30-0a3f-044b6cc74b65,USA,KAREN ANN,SET_GILLNETS,FISHING,367105250,0.98,Stage 1,2019-07-01
41.14,-71.32,2019-07-31,d8bbf6380-05af-2b58-ca64-97ffb1eb319f,USA,ENTERPRISE,TRAWLERS,FISHING,367590310,1.56,Stage 1,2019-07-01
40.9,-71.330002,2019-01-27,a60bb8c1a-a9cd-5892-2581-2bea9933c8e0,USA,NEW SEA ROVER,TRAWLERS,FISHING,367346010,7.51,Stage 1,2019-01-01
41.17,-71.18,2019-03-13,fd96b30e3-3f77-f437-8122-20e7744dfdb4,USA,TIMBERLINE,DREDGE_FISHING,FISHING,367071460,0.88,Stage 1,2019-03-01
41.17,-71.279999,2019-07-17,d8bbf6380-05af-2b58-ca64-97ffb1eb319f,USA,ENTERPRISE,TRAWLERS,FISHING,367590310,6.21,Stage 1,2019-07-01
41.3,-71.400002,2019-08-31,57a91c9b8-8c97-8e90-f9dc-1d4f609dedd3,USA,LINDA MARIE,TRAWLERS,FISHING,367588040,1.08,Stage 1,2019-08-01
40.92,-71.18,2019-02-24,8821540da-a330-a646-4a48-3f53d8a111b7,USA,LADY BRITTANY,TRAWLERS,FISHING,366983260,1.04,Stage 1,2019-02-01
41.32,-71.260002,2019-08-02,c11057b39-90b8-89c0-7f09-0f5a46f8d730,USA,BELL SKY,TRAWLERS,FISHING,367637420,1.74,Stage 1,2019-08-01
41.07,-70.739998,2019-06-29,cbfafe985-5d2a-7d35-bd3d-0b5997544a89,USA,OLIVIA CATHERINE,TRAWLERS,FISHING,366186640,0.88,Stage 1,2019-06-01
40.94,-71.360001,2019-03-13,d2d4a7623-3cb5-3aed-65b0-0866a70bfbb3,USA,OCEAN STATE,TRAWLERS,FISHING,366278770,0.75,Stage 1,2019-03-01
40.9,-71.260002,2019-07-28,190d0e30c-c04e-efd2-c153-97f4bb49ff7f,USA,VIRGINIA QUEEN,TRAWLERS,FISHING,367339590,2,Stage 1,2019-07-01
40.91,-71.129997,2019-02-02,a45b489d0-00f1-5dc5-64d8-6d681d72b4ba,USA,LADY BRITTANY,TRAWLERS,FISHING,366983260,0.6,Stage 1,2019-02-01
41.03,-71.290001,2019-02-17,fda33ad3b-b3d7-9afb-257d-126bd7b77f81,USA,LADY FRANCES,INCONCLUSIVE,FISHING,367155670,2.65,Stage 1,2019-02-01
41.34,-71.239998,2019-05-09,c11057b39-90b8-89c0-7f09-0f5a46f8d730,USA,BELL SKY,TRAWLERS,FISHING,367637420,1.77,Stage 1,2019-05-01
41.29,-71.139999,2019-06-08,09e6b2720-0ef7-ce5a-aabb-e9d2daee5e42,USA,ASHLEY ANN II,FIXED_GEAR,FISHING,338328681,3.76,Stage 1,2019-06-01
41.23,-71.139999,2019-01-13,d8bbf6380-05af-2b58-ca64-97ffb1eb319f,USA,ENTERPRISE,TRAWLERS,FISHING,367590310,0.64,Stage 1,2019-01-01
41.33,-71.099998,2019-05-16,09e6b2720-0ef7-ce5a-aabb-e9d2daee5e42,USA,ASHLEY ANN II,FIXED_GEAR,FISHING,338328681,1.28,Stage 1,2019-05-01
41.36,-71.309998,2019-07-24,b5c8f14ac-cc19-ce97-1589-8ed6d3b58f48,USA,STEPHANIE BRYAN,FISHING,FISHING,367428520,0.94,Stage 1,2019-07-01
41.19,-70.879997,2019-07-08,fda33ad3b-b3d7-9afb-257d-126bd7b77f81,USA,LADY FRANCES,INCONCLUSIVE,FISHING,367155670,0.68,Stage 1,2019-07-01
41.33,-71.110001,2019-03-25,09e6b2720-0ef7-ce5a-aabb-e9d2daee5e42,USA,ASHLEY ANN II,FIXED_GEAR,FISHING,338328681,1.34,Stage 1,2019-03-01
41.33,-71.120003,2019-03-30,09e6b2720-0ef7-ce5a-aabb-e9d2daee5e42,USA,ASHLEY ANN II,FIXED_GEAR,FISHING,338328681,0.56,Stage 1,2019-03-01
40.97,-71.300003,2019-03-03,d2d4a7623-3cb5-3aed-65b0-0866a70bfbb3,USA,OCEAN STATE,TRAWLERS,FISHING,366278770,1.46,Stage 1,2019-03-01
41.17,-71.18,2019-02-28,fd96b30e3-3f77-f437-8122-20e7744dfdb4,USA,TIMBERLINE,DREDGE_FISHING,FISHING,367071460,2.11,Stage 1,2019-02-01
41.32,-70.989998,2019-08-09,d8bbf6380-05af-2b58-ca64-97ffb1eb319f,USA,ENTERPRISE,TRAWLERS,FISHING,367590310,7.16,Stage 1,2019-08-01
41.02,-71.199997,2019-02-28,d2d4a7623-3cb5-3aed-65b0-0866a70bfbb3,USA,OCEAN STATE,TRAWLERS,FISHING,366278770,0.89,Stage 1,2019-02-01
41.02,-71.199997,2019-02-27,d2d4a7623-3cb5-3aed-65b0-0866a70bfbb3,USA,OCEAN STATE,TRAWLERS,FISHING,366278770,0.98,Stage 1,2019-02-01
41.11,-71.300003,2019-08-31,d8bbf6380-05af-2b58-ca64-97ffb1eb319f,USA,ENTERPRISE,TRAWLERS,FISHING,367590310,0.6,Stage 1,2019-08-01
40.87,-71.139999,2019-02-02,a45b489d0-00f1-5dc5-64d8-6d681d72b4ba,USA,LADY BRITTANY,TRAWLERS,FISHING,366983260,1.03,Stage 1,2019-02-01
41.31,-71.410004,2019-06-03,d8bbf6380-05af-2b58-ca64-97ffb1eb319f,USA,ENTERPRISE,TRAWLERS,FISHING,367590310,0.97,Stage 1,2019-06-01
41.17,-71.209999,2019-02-23,fd96b30e3-3f77-f437-8122-20e7744dfdb4,USA,TIMBERLINE,DREDGE_FISHING,FISHING,367071460,5.58,Stage 1,2019-02-01
40.91,-71.139999,2019-02-02,a45b489d0-00f1-5dc5-64d8-6d681d72b4ba,USA,LADY BRITTANY,TRAWLERS,FISHING,366983260,1.16,Stage 1,2019-02-01
41.21,-71.220001,2019-07-14,d8bbf6380-05af-2b58-ca64-97ffb1eb319f,USA,ENTERPRISE,TRAWLERS,FISHING,367590310,1.16,Stage 1,2019-07-01
41.31,-71.389999,2019-07-10,c9804fdb4-469e-7f30-0a3f-044b6cc74b65,USA,KAREN ANN,SET_GILLNETS,FISHING,367105250,0.69,Stage 1,2019-07-01
41.32,-71.379997,2019-07-10,c9804fdb4-469e-7f30-0a3f-044b6cc74b65,USA,KAREN ANN,SET_GILLNETS,FISHING,367105250,1.19,Stage 1,2019-07-01
41.38,-71.269997,2019-07-25,c11057b39-90b8-89c0-7f09-0f5a46f8d730,USA,BELL SKY,TRAWLERS,FISHING,367637420,0.86,Stage 1,2019-07-01
41.31,-71.080002,2019-05-17,09e6b2720-0ef7-ce5a-aabb-e9d2daee5e42,USA,ASHLEY ANN II,FIXED_GEAR,FISHING,338328681,0.82,Stage 1,2019-05-01
40.91,-71.18,2019-02-23,8821540da-a330-a646-4a48-3f53d8a111b7,USA,LADY BRITTANY,TRAWLERS,FISHING,366983260,8.03,Stage 1,2019-02-01
41.34,-71.239998,2019-05-12,c11057b39-90b8-89c0-7f09-0f5a46f8d730,USA,BELL SKY,TRAWLERS,FISHING,367637420,1.07,Stage 1,2019-05-01
41.38,-71.330002,2019-07-18,09e6b2720-0ef7-ce5a-aabb-e9d2daee5e42,USA,ASHLEY ANN II,FIXED_GEAR,FISHING,338328681,1.15,Stage 1,2019-07-01
40.93,-71.129997,2019-03-09,8821540da-a330-a646-4a48-3f53d8a111b7,USA,LADY BRITTANY,TRAWLERS,FISHING,366983260,1.93,Stage 1,2019-03-01
41.36,-71.330002,2019-07-18,09e6b2720-0ef7-ce5a-aabb-e9d2daee5e42,USA,ASHLEY ANN II,FIXED_GEAR,FISHING,338328681,0.85,Stage 1,2019-07-01
40.95,-71.239998,2019-02-18,fd96b30e3-3f77-f437-8122-20e7744dfdb4,USA,TIMBERLINE,DREDGE_FISHING,FISHING,367071460,5.95,Stage 1,2019-02-01
41.02,-71.040001,2019-02-02,fd96b30e3-3f77-f437-8122-20e7744dfdb4,USA,TIMBERLINE,DREDGE_FISHING,FISHING,367071460,2.29,Stage 1,2019-02-01
41.35,-71.32,2019-08-19,09e6b2720-0ef7-ce5a-aabb-e9d2daee5e42,USA,ASHLEY ANN II,FIXED_GEAR,FISHING,338328681,0.65,Stage 1,2019-08-01
41.36,-71.279999,2019-08-04,09e6b2720-0ef7-ce5a-aabb-e9d2daee5e42,USA,ASHLEY ANN II,FIXED_GEAR,FISHING,338328681,1.12,Stage 1,2019-08-01
41.33,-71.099998,2019-04-07,09e6b2720-0ef7-ce5a-aabb-e9d2daee5e42,USA,ASHLEY ANN II,FIXED_GEAR,FISHING,338328681,1.12,Stage 1,2019-04-01
41.39,-71.300003,2019-07-13,09e6b2720-0ef7-ce5a-aabb-e9d2daee5e42,USA,ASHLEY ANN II,FIXED_GEAR,FISHING,338328681,0.92,Stage 1,2019-07-01
41.25,-71.190002,2019-05-27,ff3830e6a-a93e-1d34-b439-f9f742984f72,USA,DARANA R,FISHING,FISHING,367174730,1.62,Stage 1,2019-05-01
41.35,-71.25,2019-08-17,57a91c9b8-8c97-8e90-f9dc-1d4f609dedd3,USA,LINDA MARIE,TRAWLERS,FISHING,367588040,1.12,Stage 1,2019-08-01
41.3,-71.120003,2019-06-24,09e6b2720-0ef7-ce5a-aabb-e9d2daee5e42,USA,ASHLEY ANN II,FIXED_GEAR,FISHING,338328681,6.3,Stage 1,2019-06-01
40.94,-71.129997,2019-03-13,8821540da-a330-a646-4a48-3f53d8a111b7,USA,LADY BRITTANY,TRAWLERS,FISHING,366983260,3.63,Stage 1,2019-03-01
41.2,-71.230003,2019-07-30,d8bbf6380-05af-2b58-ca64-97ffb1eb319f,USA,ENTERPRISE,TRAWLERS,FISHING,367590310,0.92,Stage 1,2019-07-01
40.9,-71.169998,2019-02-28,8821540da-a330-a646-4a48-3f53d8a111b7,USA,LADY BRITTANY,TRAWLERS,FISHING,366983260,2.01,Stage 1,2019-02-01
41.37,-71.260002,2019-07-25,c11057b39-90b8-89c0-7f09-0f5a46f8d730,USA,BELL SKY,TRAWLERS,FISHING,367637420,1.76,Stage 1,2019-07-01
41.18,-71.18,2019-02-20,fd96b30e3-3f77-f437-8122-20e7744dfdb4,USA,TIMBERLINE,DREDGE_FISHING,FISHING,367071460,1.05,Stage 1,2019-02-01
41.36,-71.25,2019-06-20,c11057b39-90b8-89c0-7f09-0f5a46f8d730,USA,BELL SKY,TRAWLERS,FISHING,367637420,0.87,Stage 1,2019-06-01
41.18,-71.269997,2019-07-09,d8bbf6380-05af-2b58-ca64-97ffb1eb319f,USA,ENTERPRISE,TRAWLERS,FISHING,367590310,0.79,Stage 1,2019-07-01
41.33,-70.989998,2019-08-29,8d12aac2c-c77b-9401-6f32-e5c3e2c31f6e,USA,KELLY MARIE,FISHING,FISHING,367383970,1.19,Stage 1,2019-08-01
41.16,-71.239998,2019-02-20,fd96b30e3-3f77-f437-8122-20e7744dfdb4,USA,TIMBERLINE,DREDGE_FISHING,FISHING,367071460,3.23,Stage 1,2019-02-01
41.1,-70.75,2019-07-02,e9fd5bc76-6ed7-b23d-df1a-313df2899867,USA,ALEXIS MARTINA,SET_LONGLINES,FISHING,367304080,3.72,Stage 1,2019-07-01
41.17,-71.25,2019-02-20,fd96b30e3-3f77-f437-8122-20e7744dfdb4,USA,TIMBERLINE,DREDGE_FISHING,FISHING,367071460,1.59,Stage 1,2019-02-01
40.93,-71.050003,2019-01-29,d0eedd395-565b-d998-24e7-e6095fdc296f,USA,SHAMROCK,SET_GILLNETS,FISHING,367396080,0.83,Stage 1,2019-01-01
41.37,-71.260002,2019-07-04,c11057b39-90b8-89c0-7f09-0f5a46f8d730,USA,BELL SKY,TRAWLERS,FISHING,367637420,1.27,Stage 1,2019-07-01
41.36,-71.139999,2019-07-21,dc7503a12-2012-2b23-c830-41a97164309d,USA,CHARLIES PRIDE,TRAWLERS,FISHING,366472920,2.58,Stage 1,2019-07-01
41.32,-71.120003,2019-03-25,09e6b2720-0ef7-ce5a-aabb-e9d2daee5e42,USA,ASHLEY ANN II,FIXED_GEAR,FISHING,338328681,0.66,Stage 1,2019-03-01
41.33,-71.120003,2019-06-08,09e6b2720-0ef7-ce5a-aabb-e9d2daee5e42,USA,ASHLEY ANN II,FIXED_GEAR,FISHING,338328681,0.86,Stage 1,2019-06-01
41.37,-71.339996,2019-07-13,09e6b2720-0ef7-ce5a-aabb-e9d2daee5e42,USA,ASHLEY ANN II,FIXED_GEAR,FISHING,338328681,1.09,Stage 1,2019-07-01
41.08,-71.239998,2019-07-09,b5c8f14ac-cc19-ce97-1589-8ed6d3b58f48,USA,STEPHANIE BRYAN,FISHING,FISHING,367428520,0.45,Stage 1,2019-07-01
40.92,-71.239998,2019-07-30,190d0e30c-c04e-efd2-c153-97f4bb49ff7f,USA,VIRGINIA QUEEN,TRAWLERS,FISHING,367339590,6.68,Stage 1,2019-07-01
41.08,-71.389999,2019-07-20,0aa677a23-34d1-62cd-24ab-48ab0cf6fc9e,USA,BROOKE C,SET_GILLNETS,FISHING,338228458,0.73,Stage 1,2019-07-01
41.37,-71.290001,2019-05-16,09e6b2720-0ef7-ce5a-aabb-e9d2daee5e42,USA,ASHLEY ANN II,FIXED_GEAR,FISHING,338328681,2.02,Stage 1,2019-05-01
41.33,-71.209999,2019-05-07,09e6b2720-0ef7-ce5a-aabb-e9d2daee5e42,USA,ASHLEY ANN II,FIXED_GEAR,FISHING,338328681,1.24,Stage 1,2019-05-01
41.13,-71.349998,2019-03-30,fda33ad3b-b3d7-9afb-257d-126bd7b77f81,USA,LADY FRANCES,INCONCLUSIVE,FISHING,367155670,3.22,Stage 1,2019-03-01
40.94,-71.139999,2019-03-13,8821540da-a330-a646-4a48-3f53d8a111b7,USA,LADY BRITTANY,TRAWLERS,FISHING,366983260,4.69,Stage 1,2019-03-01
41.35,-71.18,2019-05-21,03eedad9a-a87c-7cd9-4fd3-b8a7ad792461,USA,LENA PEARL,TRAWLERS,FISHING,366834830,1.59,Stage 1,2019-05-01
40.95,-71.330002,2019-03-13,d2d4a7623-3cb5-3aed-65b0-0866a70bfbb3,USA,OCEAN STATE,TRAWLERS,FISHING,366278770,1.07,Stage 1,2019-03-01
41.18,-71.18,2019-07-10,fd96b30e3-3f77-f437-8122-20e7744dfdb4,USA,TIMBERLINE,DREDGE_FISHING,FISHING,367071460,1.03,Stage 1,2019-07-01
41.24,-71.129997,2019-08-02,d8bbf6380-05af-2b58-ca64-97ffb1eb319f,USA,ENTERPRISE,TRAWLERS,FISHING,367590310,1.1,Stage 1,2019-08-01
40.9,-71.160004,2019-01-18,a45b489d0-00f1-5dc5-64d8-6d681d72b4ba,USA,LADY BRITTANY,TRAWLERS,FISHING,366983260,1.09,Stage 1,2019-01-01
41.3,-71.120003,2019-06-17,09e6b2720-0ef7-ce5a-aabb-e9d2daee5e42,USA,ASHLEY ANN II,FIXED_GEAR,FISHING,338328681,5.07,Stage 1,2019-06-01
40.89,-71.169998,2019-02-23,8821540da-a330-a646-4a48-3f53d8a111b7,USA,LADY BRITTANY,TRAWLERS,FISHING,366983260,0.97,Stage 1,2019-02-01
40.9,-71.18,2019-02-18,8821540da-a330-a646-4a48-3f53d8a111b7,USA,LADY BRITTANY,TRAWLERS,FISHING,366983260,1.27,Stage 1,2019-02-01
41.13,-71.309998,2019-06-24,c9804fdb4-469e-7f30-0a3f-044b6cc74b65,USA,KAREN ANN,SET_GILLNETS,FISHING,367105250,1.95,Stage 1,2019-06-01
40.91,-71.160004,2019-01-19,a45b489d0-00f1-5dc5-64d8-6d681d72b4ba,USA,LADY BRITTANY,TRAWLERS,FISHING,366983260,1.97,Stage 1,2019-01-01
41.15,-71.279999,2019-01-15,d8bbf6380-05af-2b58-ca64-97ffb1eb319f,USA,ENTERPRISE,TRAWLERS,FISHING,367590310,0.57,Stage 1,2019-01-01
40.94,-71.230003,2019-02-18,fd96b30e3-3f77-f437-8122-20e7744dfdb4,USA,TIMBERLINE,DREDGE_FISHING,FISHING,367071460,0.83,Stage 1,2019-02-01
40.93,-71.139999,2019-03-08,8821540da-a330-a646-4a48-3f53d8a111b7,USA,LADY BRITTANY,TRAWLERS,FISHING,366983260,3.75,Stage 1,2019-03-01
41.03,-71.169998,2019-01-12,287fc1cbf-fbc0-3baa-ae98-f20768f5d10f,USA,VIKING STARSHIP,PASSENGER,PASSENGER,367661740,0.66,Stage 1,2019-01-01
40.92,-70.760002,2019-08-10,eee4bf772-24eb-f59b-e5d2-3f1d5f21719a,USA,ILLUSION,TRAWLERS,FISHING,366218620,0.69,Stage 1,2019-08-01
40.91,-71.169998,2019-02-18,8821540da-a330-a646-4a48-3f53d8a111b7,USA,LADY BRITTANY,TRAWLERS,FISHING,366983260,2.01,Stage 1,2019-02-01
41.3,-71.120003,2019-07-27,09e6b2720-0ef7-ce5a-aabb-e9d2daee5e42,USA,ASHLEY ANN II,FIXED_GEAR,FISHING,338328681,0.58,Stage 1,2019-07-01
41.27,-71.209999,2019-05-31,d8bbf6380-05af-2b58-ca64-97ffb1eb319f,USA,ENTERPRISE,TRAWLERS,FISHING,367590310,7.92,Stage 1,2019-05-01
40.88,-71.129997,2019-01-27,a45b489d0-00f1-5dc5-64d8-6d681d72b4ba,USA,LADY BRITTANY,TRAWLERS,FISHING,366983260,1.13,Stage 1,2019-01-01
41.29,-71.389999,2019-07-10,c9804fdb4-469e-7f30-0a3f-044b6cc74b65,USA,KAREN ANN,SET_GILLNETS,FISHING,367105250,1.2,Stage 1,2019-07-01
41.29,-71.110001,2019-08-12,3bf0a38cb-b2be-efb0-3ce1-cf112105af80,USA,MACKENZIE PAIGE,TRAWLERS,FISHING,367326980,3.51,Stage 1,2019-08-01
40.99,-71.230003,2019-02-28,d2d4a7623-3cb5-3aed-65b0-0866a70bfbb3,USA,OCEAN STATE,TRAWLERS,FISHING,366278770,0.99,Stage 1,2019-02-01
41.31,-71.099998,2019-07-22,09e6b2720-0ef7-ce5a-aabb-e9d2daee5e42,USA,ASHLEY ANN II,FIXED_GEAR,FISHING,338328681,2.9,Stage 1,2019-07-01
41.03,-70.730003,2019-08-22,395358792-2ac0-d275-16a9-bd8cad811778,USA,HEATHER LYNN,TRAWLERS,FISHING,367119340,12.47,Stage 1,2019-08-01
41.31,-71.120003,2019-04-07,09e6b2720-0ef7-ce5a-aabb-e9d2daee5e42,USA,ASHLEY ANN II,FIXED_GEAR,FISHING,338328681,0.95,Stage 1,2019-04-01
41.02,-71.07,2019-02-02,fd96b30e3-3f77-f437-8122-20e7744dfdb4,USA,TIMBERLINE,DREDGE_FISHING,FISHING,367071460,1.02,Stage 1,2019-02-01
41.16,-71.209999,2019-07-10,fd96b30e3-3f77-f437-8122-20e7744dfdb4,USA,TIMBERLINE,DREDGE_FISHING,FISHING,367071460,1.26,Stage 1,2019-07-01
41.36,-71.25,2019-07-02,c11057b39-90b8-89c0-7f09-0f5a46f8d730,USA,BELL SKY,TRAWLERS,FISHING,367637420,1.04,Stage 1,2019-07-01
41.2,-71.230003,2019-08-02,d8bbf6380-05af-2b58-ca64-97ffb1eb319f,USA,ENTERPRISE,TRAWLERS,FISHING,367590310,1.78,Stage 1,2019-08-01
40.88,-71.220001,2019-02-23,fda33ad3b-b3d7-9afb-257d-126bd7b77f81,USA,LADY FRANCES,INCONCLUSIVE,FISHING,367155670,1.85,Stage 1,2019-02-01
41,-71.239998,2019-03-03,d2d4a7623-3cb5-3aed-65b0-0866a70bfbb3,USA,OCEAN STATE,TRAWLERS,FISHING,366278770,1.56,Stage 1,2019-03-01
41.36,-71.25,2019-05-31,c11057b39-90b8-89c0-7f09-0f5a46f8d730,USA,BELL SKY,TRAWLERS,FISHING,367637420,2.39,Stage 1,2019-05-01
40.88,-71.160004,2019-02-28,8821540da-a330-a646-4a48-3f53d8a111b7,USA,LADY BRITTANY,TRAWLERS,FISHING,366983260,1.71,Stage 1,2019-02-01
41.17,-71.230003,2019-05-08,6b3c9d22e-e924-5f89-9665-73604b8d5608,USA,TIMBERLINE,DREDGE_FISHING,FISHING,367071460,0.67,Stage 1,2019-05-01
40.88,-71.139999,2019-01-27,a45b489d0-00f1-5dc5-64d8-6d681d72b4ba,USA,LADY BRITTANY,TRAWLERS,FISHING,366983260,3.78,Stage 1,2019-01-01
41.19,-71.330002,2019-07-05,c9804fdb4-469e-7f30-0a3f-044b6cc74b65,USA,KAREN ANN,SET_GILLNETS,FISHING,367105250,2.25,Stage 1,2019-07-01
40.95,-71.32,2019-02-28,d2d4a7623-3cb5-3aed-65b0-0866a70bfbb3,USA,OCEAN STATE,TRAWLERS,FISHING,366278770,2.19,Stage 1,2019-02-01
40.89,-71.260002,2019-07-28,190d0e30c-c04e-efd2-c153-97f4bb49ff7f,USA,VIRGINIA QUEEN,TRAWLERS,FISHING,367339590,0.88,Stage 1,2019-07-01
41.37,-71.279999,2019-07-30,09e6b2720-0ef7-ce5a-aabb-e9d2daee5e42,USA,ASHLEY ANN II,FIXED_GEAR,FISHING,338328681,0.87,Stage 1,2019-07-01
41.04,-71.010002,2019-02-02,fd96b30e3-3f77-f437-8122-20e7744dfdb4,USA,TIMBERLINE,DREDGE_FISHING,FISHING,367071460,0.87,Stage 1,2019-02-01
41.23,-71.150002,2019-06-10,d8bbf6380-05af-2b58-ca64-97ffb1eb319f,USA,ENTERPRISE,TRAWLERS,FISHING,367590310,0.88,Stage 1,2019-06-01
41.32,-71.300003,2019-07-09,09e6b2720-0ef7-ce5a-aabb-e9d2daee5e42,USA,ASHLEY ANN II,FIXED_GEAR,FISHING,338328681,1.22,Stage 1,2019-07-01
41.2,-71.209999,2019-07-16,fd96b30e3-3f77-f437-8122-20e7744dfdb4,USA,TIMBERLINE,DREDGE_FISHING,FISHING,367071460,3.06,Stage 1,2019-07-01
41.37,-71.120003,2019-07-21,dc7503a12-2012-2b23-c830-41a97164309d,USA,CHARLIES PRIDE,TRAWLERS,FISHING,366472920,1.13,Stage 1,2019-07-01
41.29,-71.129997,2019-08-12,09e6b2720-0ef7-ce5a-aabb-e9d2daee5e42,USA,ASHLEY ANN II,FIXED_GEAR,FISHING,338328681,0.86,Stage 1,2019-08-01
41.37,-71.260002,2019-06-11,c11057b39-90b8-89c0-7f09-0f5a46f8d730,USA,BELL SKY,TRAWLERS,FISHING,367637420,0.92,Stage 1,2019-06-01
40.9,-71.169998,2019-02-22,8821540da-a330-a646-4a48-3f53d8a111b7,USA,LADY BRITTANY,TRAWLERS,FISHING,366983260,6.17,Stage 1,2019-02-01
41.33,-71,2019-07-01,8d12aac2c-c77b-9401-6f32-e5c3e2c31f6e,USA,KELLY MARIE,FISHING,FISHING,367383970,1.05,Stage 1,2019-07-01
41.38,-71.330002,2019-07-30,09e6b2720-0ef7-ce5a-aabb-e9d2daee5e42,USA,ASHLEY ANN II,FIXED_GEAR,FISHING,338328681,1.02,Stage 1,2019-07-01
41.32,-71.269997,2019-07-04,c11057b39-90b8-89c0-7f09-0f5a46f8d730,USA,BELL SKY,TRAWLERS,FISHING,367637420,1.08,Stage 1,2019-07-01
41.17,-71.199997,2019-02-27,fd96b30e3-3f77-f437-8122-20e7744dfdb4,USA,TIMBERLINE,DREDGE_FISHING,FISHING,367071460,1.15,Stage 1,2019-02-01
41.3,-71.18,2019-06-08,09e6b2720-0ef7-ce5a-aabb-e9d2daee5e42,USA,ASHLEY ANN II,FIXED_GEAR,FISHING,338328681,1.17,Stage 1,2019-06-01
41.34,-71.07,2019-05-16,09e6b2720-0ef7-ce5a-aabb-e9d2daee5e42,USA,ASHLEY ANN II,FIXED_GEAR,FISHING,338328681,0.84,Stage 1,2019-05-01
41.33,-71.110001,2019-04-07,09e6b2720-0ef7-ce5a-aabb-e9d2daee5e42,USA,ASHLEY ANN II,FIXED_GEAR,FISHING,338328681,1.35,Stage 1,2019-04-01
40.94,-71.330002,2019-02-28,0c5aded4c-cbdc-435c-3a09-a261df2e531a,USA,EXPLORER,POLE_AND_LINE,FISHING,368008390,0.6,Stage 1,2019-02-01
41.05,-71.379997,2019-06-27,424e42bd8-8e4d-fc8d-ebb4-4bda4eb178ab,USA,SEA BREEZE TOO,TRAWLERS,FISHING,367388850,0.97,Stage 1,2019-06-01
41.32,-71.379997,2019-07-03,c9804fdb4-469e-7f30-0a3f-044b6cc74b65,USA,KAREN ANN,SET_GILLNETS,FISHING,367105250,1.41,Stage 1,2019-07-01
41.27,-71.230003,2019-08-29,09e6b2720-0ef7-ce5a-aabb-e9d2daee5e42,USA,ASHLEY ANN II,FIXED_GEAR,FISHING,338328681,1.09,Stage 1,2019-08-01
41.36,-71.150002,2019-05-17,03eedad9a-a87c-7cd9-4fd3-b8a7ad792461,USA,LENA PEARL,TRAWLERS,FISHING,366834830,9.48,Stage 1,2019-05-01
40.92,-71.139999,2019-03-09,8821540da-a330-a646-4a48-3f53d8a111b7,USA,LADY BRITTANY,TRAWLERS,FISHING,366983260,3.84,Stage 1,2019-03-01
41.11,-70.730003,2019-06-28,e9fd5bc76-6ed7-b23d-df1a-313df2899867,USA,ALEXIS MARTINA,SET_LONGLINES,FISHING,367304080,0.64,Stage 1,2019-06-01
41.32,-71.089996,2019-05-07,09e6b2720-0ef7-ce5a-aabb-e9d2daee5e42,USA,ASHLEY ANN II,FIXED_GEAR,FISHING,338328681,1.87,Stage 1,2019-05-01
41.26,-71.199997,2019-06-08,d8bbf6380-05af-2b58-ca64-97ffb1eb319f,USA,ENTERPRISE,TRAWLERS,FISHING,367590310,0.97,Stage 1,2019-06-01
41.36,-71.150002,2019-05-19,a09f06a71-199e-483a-0477-d0598a9f1fd4,USA,RHONDA DENISE,FISHING,FISHING,367758940,0.97,Stage 1,2019-05-01
41.23,-71.160004,2019-06-07,d8bbf6380-05af-2b58-ca64-97ffb1eb319f,USA,ENTERPRISE,TRAWLERS,FISHING,367590310,4.29,Stage 1,2019-06-01
41.14,-71.300003,2019-07-05,c9804fdb4-469e-7f30-0a3f-044b6cc74b65,USA,KAREN ANN,SET_GILLNETS,FISHING,367105250,0.36,Stage 1,2019-07-01
41.3,-71.089996,2019-07-27,09e6b2720-0ef7-ce5a-aabb-e9d2daee5e42,USA,ASHLEY ANN II,FIXED_GEAR,FISHING,338328681,1.02,Stage 1,2019-07-01
40.95,-71.239998,2019-02-17,fd96b30e3-3f77-f437-8122-20e7744dfdb4,USA,TIMBERLINE,DREDGE_FISHING,FISHING,367071460,1.18,Stage 1,2019-02-01
41.28,-71.18,2019-06-17,09e6b2720-0ef7-ce5a-aabb-e9d2daee5e42,USA,ASHLEY ANN II,FIXED_GEAR,FISHING,338328681,4.16,Stage 1,2019-06-01
41.1,-70.769997,2019-06-29,e9fd5bc76-6ed7-b23d-df1a-313df2899867,USA,ALEXIS MARTINA,SET_LONGLINES,FISHING,367304080,0.87,Stage 1,2019-06-01
41.21,-71.220001,2019-08-02,d8bbf6380-05af-2b58-ca64-97ffb1eb319f,USA,ENTERPRISE,TRAWLERS,FISHING,367590310,0.89,Stage 1,2019-08-01
40.93,-71.199997,2019-07-30,190d0e30c-c04e-efd2-c153-97f4bb49ff7f,USA,VIRGINIA QUEEN,TRAWLERS,FISHING,367339590,0.48,Stage 1,2019-07-01
41.31,-71.089996,2019-04-07,09e6b2720-0ef7-ce5a-aabb-e9d2daee5e42,USA,ASHLEY ANN II,FIXED_GEAR,FISHING,338328681,2.17,Stage 1,2019-04-01
41.2,-71.230003,2019-07-22,d8bbf6380-05af-2b58-ca64-97ffb1eb319f,USA,ENTERPRISE,TRAWLERS,FISHING,367590310,2.17,Stage 1,2019-07-01
40.98,-71.120003,2019-07-27,355db86fa-ae7e-9cce-bfba-e9f6b287353c,USA,KASSIDY LYN,TRAWLERS,FISHING,368019940,1.11,Stage 1,2019-07-01
41.18,-71.199997,2019-02-27,fd96b30e3-3f77-f437-8122-20e7744dfdb4,USA,TIMBERLINE,DREDGE_FISHING,FISHING,367071460,0.89,Stage 1,2019-02-01
41.35,-71.25,2019-05-17,c11057b39-90b8-89c0-7f09-0f5a46f8d730,USA,BELL SKY,TRAWLERS,FISHING,367637420,0.85,Stage 1,2019-05-01
41.31,-71.110001,2019-07-15,09e6b2720-0ef7-ce5a-aabb-e9d2daee5e42,USA,ASHLEY ANN II,FIXED_GEAR,FISHING,338328681,1.58,Stage 1,2019-07-01
41.32,-71.260002,2019-05-09,c11057b39-90b8-89c0-7f09-0f5a46f8d730,USA,BELL SKY,TRAWLERS,FISHING,367637420,0.33,Stage 1,2019-05-01
41.02,-71.25,2019-02-28,d2d4a7623-3cb5-3aed-65b0-0866a70bfbb3,USA,OCEAN STATE,TRAWLERS,FISHING,366278770,0.43,Stage 1,2019-02-01
41.3,-71.110001,2019-08-28,09e6b2720-0ef7-ce5a-aabb-e9d2daee5e42,USA,ASHLEY ANN II,FIXED_GEAR,FISHING,338328681,1.88,Stage 1,2019-08-01
41.16,-71.300003,2019-01-04,d8bbf6380-05af-2b58-ca64-97ffb1eb319f,USA,ENTERPRISE,TRAWLERS,FISHING,367590310,1.86,Stage 1,2019-01-01
41.3,-71.110001,2019-08-07,09e6b2720-0ef7-ce5a-aabb-e9d2daee5e42,USA,ASHLEY ANN II,FIXED_GEAR,FISHING,338328681,5.64,Stage 1,2019-08-01
41.31,-71.279999,2019-05-07,c11057b39-90b8-89c0-7f09-0f5a46f8d730,USA,BELL SKY,TRAWLERS,FISHING,367637420,0.95,Stage 1,2019-05-01
41.19,-71.25,2019-01-13,d8bbf6380-05af-2b58-ca64-97ffb1eb319f,USA,ENTERPRISE,TRAWLERS,FISHING,367590310,1.4,Stage 1,2019-01-01
41.36,-71.169998,2019-05-21,03eedad9a-a87c-7cd9-4fd3-b8a7ad792461,USA,LENA PEARL,TRAWLERS,FISHING,366834830,2.59,Stage 1,2019-05-01
40.9,-71.330002,2019-01-28,a60bb8c1a-a9cd-5892-2581-2bea9933c8e0,USA,NEW SEA ROVER,TRAWLERS,FISHING,367346010,0.35,Stage 1,2019-01-01
41.27,-71.209999,2019-08-12,09e6b2720-0ef7-ce5a-aabb-e9d2daee5e42,USA,ASHLEY ANN II,FIXED_GEAR,FISHING,338328681,1.96,Stage 1,2019-08-01
40.92,-71.18,2019-02-23,8821540da-a330-a646-4a48-3f53d8a111b7,USA,LADY BRITTANY,TRAWLERS,FISHING,366983260,3.47,Stage 1,2019-02-01
40.89,-71.190002,2019-02-28,8821540da-a330-a646-4a48-3f53d8a111b7,USA,LADY BRITTANY,TRAWLERS,FISHING,366983260,0.83,Stage 1,2019-02-01
41.24,-71.110001,2019-07-02,d8bbf6380-05af-2b58-ca64-97ffb1eb319f,USA,ENTERPRISE,TRAWLERS,FISHING,367590310,1.17,Stage 1,2019-07-01
41.21,-71.099998,2019-08-12,09e6b2720-0ef7-ce5a-aabb-e9d2daee5e42,USA,ASHLEY ANN II,FIXED_GEAR,FISHING,338328681,0.57,Stage 1,2019-08-01
41.37,-71.279999,2019-08-14,09e6b2720-0ef7-ce5a-aabb-e9d2daee5e42,USA,ASHLEY ANN II,FIXED_GEAR,FISHING,338328681,0.82,Stage 1,2019-08-01
41.3,-71.389999,2019-07-10,c9804fdb4-469e-7f30-0a3f-044b6cc74b65,USA,KAREN ANN,SET_GILLNETS,FISHING,367105250,2.34,Stage 1,2019-07-01
41.14,-71.300003,2019-07-11,c9804fdb4-469e-7f30-0a3f-044b6cc74b65,USA,KAREN ANN,SET_GILLNETS,FISHING,367105250,1.09,Stage 1,2019-07-01
41.01,-71.239998,2019-02-28,d2d4a7623-3cb5-3aed-65b0-0866a70bfbb3,USA,OCEAN STATE,TRAWLERS,FISHING,366278770,0.68,Stage 1,2019-02-01
41.24,-71.129997,2019-07-01,d8bbf6380-05af-2b58-ca64-97ffb1eb319f,USA,ENTERPRISE,TRAWLERS,FISHING,367590310,1.02,Stage 1,2019-07-01
41.19,-71.160004,2019-06-23,fd96b30e3-3f77-f437-8122-20e7744dfdb4,USA,TIMBERLINE,DREDGE_FISHING,FISHING,367071460,4.41,Stage 1,2019-06-01
41.33,-71.089996,2019-04-28,09e6b2720-0ef7-ce5a-aabb-e9d2daee5e42,USA,ASHLEY ANN II,FIXED_GEAR,FISHING,338328681,2.7,Stage 1,2019-04-01
40.87,-70.870003,2019-08-28,cbfafe985-5d2a-7d35-bd3d-0b5997544a89,USA,OLIVIA CATHERINE,TRAWLERS,FISHING,366186640,0.99,Stage 1,2019-08-01
