cell_id,Development Stage,afe_hours,n_mmsi
-7071_4096,Stage 1,0,0
-7071_4096,Stage 2,0,0
-7071_4096,Stage 3,0,0
-7071_4097,Stage 1,0,0
-7071_4097,Stage 2,18.54,4
-7071_4097,Stage 3,0.96,1
-7071_4098,Stage 1,0,0
-7071_4098,Stage 2,0,0
-7071_4098,Stage 3,1,1
-7071_4099,Stage 1,1,1
-7071_4099,Stage 2,0,0
-7071_4099,Stage 3,7.01,2
-7071_4100,Stage 1,0,0
-7071_4100,Stage 2,0,0
-7071_4100,Stage 3,6.069999999999999,3
-7071_4101,Stage 1,0.31,1
-7071_4101,Stage 2,1.29,1
-7071_4101,Stage 3,5.79,3
-7071_4102,Stage 1,0.66,1
-7071_4102,Stage 2,0.9,1
-7071_4102,Stage 3,2,1
-7071_4103,Stage 1,0,0
-7071_4103,Stage 2,0,0
-7071_4103,Stage 3,1.94,1
-7071_4104,Stage 1,0,0
-7071_4104,Stage 2,0,0
-7071_4104,Stage 3,4.3999999999999995,3
-7071_4105,Stage 1,0,0
-7071_4105,Stage 2,14.02,1
-7071_4105,Stage 3,4.3100000000000005,2
-7071_4106,Stage 1,0.94,1
-7071_4106,Stage 2,0,0
-7071_4106,Stage 3,5.47,3
-7071_4107,Stage 1,0.81,1
-7071_4107,Stage 2,0.98,1
-7071_4107,Stage 3,2.81,2
-7071_4108,Stage 1,2.8600000000000003,2
-7071_4108,Stage 2,0,0
-7071_4108,Stage 3,3.93,3
-7071_4109,Stage 1,0,0
-7071_4109,Stage 2,0,0
-7071_4109,Stage 3,1.48,2
-7071_4110,Stage 1,1.45,1
-7071_4110,Stage 2,0.28,1
-7071_4110,Stage 3,1.04,1
-7071_4111,Stage 1,2.02,2
-7071_4111,Stage 2,0,0
-7071_4111,Stage 3,6,2
-7071_4112,Stage 1,8.450000000000001,2
-7071_4112,Stage 2,0,0
-7071_4112,Stage 3,0.96,1
-7071_4113,Stage 1,0.95,1
-7071_4113,Stage 2,0,0
-7071_4113,Stage 3,0,0
-7071_4114,Stage 1,0,0
-7071_4114,Stage 2,0,0
-7071_4114,Stage 3,1.8199999999999998,1
-7071_4115,Stage 1,0,0
-7071_4115,Stage 2,0,0
-7071_4115,Stage 3,1.26,1
-7071_4116,Stage 1,0,0
-7071_4116,Stage 2,0,0
-7071_4116,Stage 3,0,0
-7072_4094,Stage 1,0,0
-7072_4094,Stage 2,1.01,1
-7072_4094,Stage 3,0,0
-7072_4095,Stage 1,0.85,1
-7072_4095,Stage 2,0,0
-7072_4095,Stage 3,0,0
-7072_4096,Stage 1,0,0
-7072_4096,Stage 2,0,0
-7072_4096,Stage 3,0,0
-7072_4097,Stage 1,0,0
-7072_4097,Stage 2,2.24,1
-7072_4097,Stage 3,0,0
-7072_4098,Stage 1,1.12,1
-7072_4098,Stage 2,1.92,1
-7072_4098,Stage 3,5.54,2
-7072_4099,Stage 1,0,0
-7072_4099,Stage 2,2.04,1
-7072_4099,Stage 3,4,2
-7072_4100,Stage 1,1.4600000000000002,2
-7072_4100,Stage 2,4.9399999999999995,1
-7072_4100,Stage 3,1.14,1
-7072_4101,Stage 1,0,0
-7072_4101,Stage 2,2.63,3
-7072_4101,Stage 3,16.12,3
-7072_4102,Stage 1,7.24,2
-7072_4102,Stage 2,1.19,1
-7072_4102,Stage 3,2.04,1
-7072_4103,Stage 1,0,0
-7072_4103,Stage 2,0,0
-7072_4103,Stage 3,3.95,2
-7072_4104,Stage 1,0.3,1
-7072_4104,Stage 2,1.12,1
-7072_4104,Stage 3,8.28,4
-7072_4105,Stage 1,0,0
-7072_4105,Stage 2,0,0
-7072_4105,Stage 3,10.56,4
-7072_4106,Stage 1,3.45,3
-7072_4106,Stage 2,0.99,1
-7072_4106,Stage 3,16.599999999999998,6
-7072_4107,Stage 1,0.95,1
-7072_4107,Stage 2,1.8,2
-7072_4107,Stage 3,12.86,3
-7072_4108,Stage 1,1.8199999999999998,2
-7072_4108,Stage 2,0,0
-7072_4108,Stage 3,2.89,2
-7072_4109,Stage 1,1.9100000000000001,2
-7072_4109,Stage 2,0,0
-7072_4109,Stage 3,7.39,3
-7072_4110,Stage 1,4.17,2
-7072_4110,Stage 2,0,0
-7072_4110,Stage 3,12.1,4
-7072_4111,Stage 1,1.16,1
-7072_4111,Stage 2,0,0
-7072_4111,Stage 3,5.01,2
-7072_4112,Stage 1,0,0
-7072_4112,Stage 2,0,0
-7072_4112,Stage 3,1.01,1
-7072_4113,Stage 1,0,0
-7072_4113,Stage 2,0,0
-7072_4113,Stage 3,2.75,2
-7072_4114,Stage 1,1.9499999999999997,2
-7072_4114,Stage 2,0,0
-7072_4114,Stage 3,6.1499999999999995,2
-7072_4115,Stage 1,25.37,2
-7072_4115,Stage 2,0,0
-7072_4115,Stage 3,0.51,1
-7072_4116,Stage 1,0.32,1
-7072_4116,Stage 2,4.37,3
-7072_4116,Stage 3,8.01,4
-7072_4117,Stage 1,0,0
-7072_4117,Stage 2,0,0
-7072_4117,Stage 3,1.13,1
-7073_4093,Stage 1,0,0
-7073_4093,Stage 2,1.17,1
-7073_4093,Stage 3,0,0
-7073_4094,Stage 1,0.94,1
-7073_4094,Stage 2,5.33,2
-7073_4094,Stage 3,0.6,1
-7073_4095,Stage 1,1.25,1
-7073_4095,Stage 2,3.52,3
-7073_4095,Stage 3,0,0
-7073_4096,Stage 1,0,0
-7073_4096,Stage 2,1.71,2
-7073_4096,Stage 3,1,1
-7073_4097,Stage 1,1.48,2
-7073_4097,Stage 2,2.22,1
-7073_4097,Stage 3,3.7,2
-7073_4098,Stage 1,0,0
-7073_4098,Stage 2,0,0
-7073_4098,Stage 3,2.0300000000000002,2
-7073_4099,Stage 1,1.02,1
-7073_4099,Stage 2,1.17,1
-7073_4099,Stage 3,5.09,2
-7073_4100,Stage 1,0,0
-7073_4100,Stage 2,4.41,2
-7073_4100,Stage 3,4.49,2
-7073_4101,Stage 1,0,0
-7073_4101,Stage 2,4,4
-7073_4101,Stage 3,5.15,2
-7073_4102,Stage 1,3.83,3
-7073_4102,Stage 2,0,0
-7073_4102,Stage 3,0,0
-7073_4103,Stage 1,12.89,2
-7073_4103,Stage 2,3.52,2
-7073_4103,Stage 3,7.37,3
-7073_4104,Stage 1,0,0
-7073_4104,Stage 2,0.05,1
-7073_4104,Stage 3,3.75,3
-7073_4105,Stage 1,0,0
-7073_4105,Stage 2,1.18,1
-7073_4105,Stage 3,6.51,3
-7073_4106,Stage 1,0,0
-7073_4106,Stage 2,10.959999999999999,3
-7073_4106,Stage 3,18.27,5
-7073_4107,Stage 1,1.76,2
-7073_4107,Stage 2,0.3,1
-7073_4107,Stage 3,10.629999999999999,4
-7073_4108,Stage 1,0.28,1
-7073_4108,Stage 2,0,0
-7073_4108,Stage 3,10.49,4
-7073_4109,Stage 1,1.19,1
-7073_4109,Stage 2,0,0
-7073_4109,Stage 3,3.9299999999999997,2
-7073_4110,Stage 1,3.9699999999999998,2
-7073_4110,Stage 2,0,0
-7073_4110,Stage 3,6.26,4
-7073_4111,Stage 1,8.83,4
-7073_4111,Stage 2,0,0
-7073_4111,Stage 3,5.59,2
-7073_4112,Stage 1,5.27,1
-7073_4112,Stage 2,0,0
-7073_4112,Stage 3,4.99,3
-7073_4113,Stage 1,0,0
-7073_4113,Stage 2,0,0
-7073_4113,Stage 3,1.72,2
-7073_4114,Stage 1,0.28,1
-7073_4114,Stage 2,0,0
-7073_4114,Stage 3,10.08,3
-7073_4115,Stage 1,0,0
-7073_4115,Stage 2,0.9,1
-7073_4115,Stage 3,3.0199999999999996,2
-7073_4116,Stage 1,0.7,1
-7073_4116,Stage 2,0,0
-7073_4116,Stage 3,2.03,1
-7073_4117,Stage 1,0,0
-7073_4117,Stage 2,3.5599999999999996,2
-7073_4117,Stage 3,3.6399999999999997,3
-7073_4118,Stage 1,0,0
-7073_4118,Stage 2,0,0
-7073_4118,Stage 3,0.61,1
-7073_4119,Stage 1,0,0
-7073_4119,Stage 2,0.98,1
-7073_4119,Stage 3,0,0
-7074_4092,Stage 1,0.92,1
-7074_4092,Stage 2,0,0
-7074_4092,Stage 3,0,0
-7074_4093,Stage 1,1,1
-7074_4093,Stage 2,25.98,3
-7074_4093,Stage 3,0,0
-7074_4094,Stage 1,1.8900000000000001,2
-7074_4094,Stage 2,1.83,1
-7074_4094,Stage 3,0,0
-7074_4095,Stage 1,5.16,3
-7074_4095,Stage 2,21.73,2
-7074_4095,Stage 3,2.04,2
-7074_4096,Stage 1,0,0
-7074_4096,Stage 2,9.92,3
-7074_4096,Stage 3,1.7,1
-7074_4097,Stage 1,0,0
-7074_4097,Stage 2,15.19,2
-7074_4097,Stage 3,10.92,3
-7074_4098,Stage 1,0,0
-7074_4098,Stage 2,4.56,3
-7074_4098,Stage 3,0.78,1
-7074_4099,Stage 1,0,0
-7074_4099,Stage 2,1.54,2
-7074_4099,Stage 3,5.42,3
-7074_4100,Stage 1,3.1799999999999997,2
-7074_4100,Stage 2,0,0
-7074_4100,Stage 3,2.0300000000000002,1
-7074_4101,Stage 1,1.1,1
-7074_4101,Stage 2,5.38,2
-7074_4101,Stage 3,2.91,2
-7074_4102,Stage 1,0,0
-7074_4102,Stage 2,1.53,1
-7074_4102,Stage 3,4.78,2
-7074_4103,Stage 1,1.22,1
-7074_4103,Stage 2,0,0
-7074_4103,Stage 3,2.88,3
-7074_4104,Stage 1,2.52,3
-7074_4104,Stage 2,1.19,1
-7074_4104,Stage 3,4.86,3
-7074_4105,Stage 1,0,0
-7074_4105,Stage 2,0.99,1
-7074_4105,Stage 3,7.5600000000000005,3
-7074_4106,Stage 1,2.93,2
-7074_4106,Stage 2,0,0
-7074_4106,Stage 3,2.7,2
-7074_4107,Stage 1,0.88,1
-7074_4107,Stage 2,0,0
-7074_4107,Stage 3,4.99,4
-7074_4108,Stage 1,2.29,2
-7074_4108,Stage 2,0.72,1
-7074_4108,Stage 3,7.46,5
-7074_4109,Stage 1,2.0100000000000002,1
-7074_4109,Stage 2,0,0
-7074_4109,Stage 3,4.0600000000000005,3
-7074_4110,Stage 1,0.98,1
-7074_4110,Stage 2,1.06,1
-7074_4110,Stage 3,10.67,5
-7074_4111,Stage 1,1.93,1
-7074_4111,Stage 2,0.28,1
-7074_4111,Stage 3,2.81,3
-7074_4112,Stage 1,0.28,1
-7074_4112,Stage 2,0,0
-7074_4112,Stage 3,2.44,2
-7074_4113,Stage 1,0,0
-7074_4113,Stage 2,0,0
-7074_4113,Stage 3,2.26,2
-7074_4114,Stage 1,0.99,1
-7074_4114,Stage 2,0,0
-7074_4114,Stage 3,4.71,2
-7074_4115,Stage 1,1,1
-7074_4115,Stage 2,0.8600000000000001,2
-7074_4115,Stage 3,1,1
-7074_4116,Stage 1,0,0
-7074_4116,Stage 2,7.63,1
-7074_4116,Stage 3,5.7,2
-7074_4117,Stage 1,0,0
-7074_4117,Stage 2,0,0
-7074_4117,Stage 3,1.64,2
-7074_4118,Stage 1,0.98,1
-7074_4118,Stage 2,0,0
-7074_4118,Stage 3,1.41,2
-7074_4119,Stage 1,0,0
-7074_4119,Stage 2,0.42,1
-7074_4119,Stage 3,0,0
-7074_4120,Stage 1,0,0
-7074_4120,Stage 2,0,0
-7074_4120,Stage 3,0,0
-7075_4092,Stage 1,0.61,1
-7075_4092,Stage 2,1.63,1
-7075_4092,Stage 3,0,0
-7075_4093,Stage 1,0.52,1
-7075_4093,Stage 2,0.84,1
-7075_4093,Stage 3,0,0
-7075_4094,Stage 1,2.76,1
-7075_4094,Stage 2,2.19,1
-7075_4094,Stage 3,0,0
-7075_4095,Stage 1,2.3200000000000003,3
-7075_4095,Stage 2,0.52,1
-7075_4095,Stage 3,8.040000000000001,3
-7075_4096,Stage 1,0,0
-7075_4096,Stage 2,8.620000000000001,4
-7075_4096,Stage 3,2.98,2
-7075_4097,Stage 1,0,0
-7075_4097,Stage 2,0.68,1
-7075_4097,Stage 3,3.1799999999999997,3
-7075_4098,Stage 1,0.3,1
-7075_4098,Stage 2,0,0
-7075_4098,Stage 3,3.75,2
-7075_4099,Stage 1,8.85,1
-7075_4099,Stage 2,1.51,1
-7075_4099,Stage 3,5.12,2
-7075_4100,Stage 1,2.2600000000000002,2
-7075_4100,Stage 2,3.62,2
-7075_4100,Stage 3,0.52,1
-7075_4101,Stage 1,1.15,1
-7075_4101,Stage 2,2.5700000000000003,2
-7075_4101,Stage 3,5.99,4
-7075_4102,Stage 1,0.96,1
-7075_4102,Stage 2,0.76,1
-7075_4102,Stage 3,1.67,2
-7075_4103,Stage 1,0,0
-7075_4103,Stage 2,0.66,1
-7075_4103,Stage 3,4.93,4
-7075_4104,Stage 1,0,0
-7075_4104,Stage 2,1.88,2
-7075_4104,Stage 3,2.6399999999999997,2
-7075_4105,Stage 1,0.53,1
-7075_4105,Stage 2,0.48,1
-7075_4105,Stage 3,8.78,4
-7075_4106,Stage 1,1.49,3
-7075_4106,Stage 2,0.98,1
-7075_4106,Stage 3,6.75,4
-7075_4107,Stage 1,5.45,3
-7075_4107,Stage 2,0,0
-7075_4107,Stage 3,5.34,4
-7075_4108,Stage 1,3.16,2
-7075_4108,Stage 2,0,0
-7075_4108,Stage 3,11.870000000000001,4
-7075_4109,Stage 1,8.38,3
-7075_4109,Stage 2,0,0
-7075_4109,Stage 3,6.2,3
-7075_4110,Stage 1,24.85,3
-7075_4110,Stage 2,0,0
-7075_4110,Stage 3,7.5,3
-7075_4111,Stage 1,0,0
-7075_4111,Stage 2,0,0
-7075_4111,Stage 3,1.7000000000000002,2
-7075_4112,Stage 1,0,0
-7075_4112,Stage 2,0,0
-7075_4112,Stage 3,1.58,2
-7075_4113,Stage 1,0.93,1
-7075_4113,Stage 2,0,0
-7075_4113,Stage 3,2.02,1
-7075_4114,Stage 1,1.11,1
-7075_4114,Stage 2,0,0
-7075_4114,Stage 3,1,1
-7075_4115,Stage 1,1.52,2
-7075_4115,Stage 2,0,0
-7075_4115,Stage 3,1.04,1
-7075_4116,Stage 1,0.53,1
-7075_4116,Stage 2,0.38,1
-7075_4116,Stage 3,0.81,1
-7075_4117,Stage 1,0,0
-7075_4117,Stage 2,0,0
-7075_4117,Stage 3,0,0
-7075_4118,Stage 1,0,0
-7075_4118,Stage 2,1.02,1
-7075_4118,Stage 3,5.0200000000000005,1
-7075_4119,Stage 1,1.35,1
-7075_4119,Stage 2,0,0
-7075_4119,Stage 3,0,0
-7075_4120,Stage 1,0,0
-7075_4120,Stage 2,0,0
-7075_4120,Stage 3,0,0
-7076_4091,Stage 1,0,0
-7076_4091,Stage 2,0,0
-7076_4091,Stage 3,0,0
-7076_4092,Stage 1,1.65,2
-7076_4092,Stage 2,0.58,1
-7076_4092,Stage 3,0.57,1
-7076_4093,Stage 1,4.34,2
-7076_4093,Stage 2,7.43,1
-7076_4093,Stage 3,0,0
-7076_4094,Stage 1,2.02,2
-7076_4094,Stage 2,4.67,3
-7076_4094,Stage 3,0,0
-7076_4095,Stage 1,0,0
-7076_4095,Stage 2,0.98,1
-7076_4095,Stage 3,5.04,2
-7076_4096,Stage 1,0,0
-7076_4096,Stage 2,1.9,1
-7076_4096,Stage 3,4.54,1
-7076_4097,Stage 1,0,0
-7076_4097,Stage 2,0,0
-7076_4097,Stage 3,0,0
-7076_4098,Stage 1,0,0
-7076_4098,Stage 2,4.49,3
-7076_4098,Stage 3,7.96,2
-7076_4099,Stage 1,0.77,1
-7076_4099,Stage 2,0,0
-7076_4099,Stage 3,4.12,3
-7076_4100,Stage 1,0.85,1
-7076_4100,Stage 2,0,0
-7076_4100,Stage 3,9.89,3
-7076_4101,Stage 1,1.36,1
-7076_4101,Stage 2,0.57,1
-7076_4101,Stage 3,2.98,2
-7076_4102,Stage 1,3.54,2
-7076_4102,Stage 2,1.33,1
-7076_4102,Stage 3,2.79,2
-7076_4103,Stage 1,1.68,2
-7076_4103,Stage 2,15.32,1
-7076_4103,Stage 3,2.68,3
-7076_4104,Stage 1,0.9,1
-7076_4104,Stage 2,0.5,2
-7076_4104,Stage 3,3.02,3
-7076_4105,Stage 1,0.39,1
-7076_4105,Stage 2,1.69,1
-7076_4105,Stage 3,5.58,4
-7076_4106,Stage 1,4.92,2
-7076_4106,Stage 2,0,0
-7076_4106,Stage 3,4.16,3
-7076_4107,Stage 1,0,0
-7076_4107,Stage 2,0,0
-7076_4107,Stage 3,7.93,4
-7076_4108,Stage 1,1.1,1
-7076_4108,Stage 2,0,0
-7076_4108,Stage 3,5.7299999999999995,3
-7076_4109,Stage 1,6.29,4
-7076_4109,Stage 2,2.01,2
-7076_4109,Stage 3,5.14,4
-7076_4110,Stage 1,10.719999999999999,2
-7076_4110,Stage 2,0,0
-7076_4110,Stage 3,2.35,1
-7076_4111,Stage 1,0,0
-7076_4111,Stage 2,0,0
-7076_4111,Stage 3,1.9,2
-7076_4112,Stage 1,1.03,1
-7076_4112,Stage 2,0,0
-7076_4112,Stage 3,2.86,3
-7076_4113,Stage 1,0,0
-7076_4113,Stage 2,0,0
-7076_4113,Stage 3,0,0
-7076_4114,Stage 1,4.26,1
-7076_4114,Stage 2,0,0
-7076_4114,Stage 3,0.04,1
-7076_4115,Stage 1,0,0
-7076_4115,Stage 2,0,0
-7076_4115,Stage 3,0.83,1
-7076_4116,Stage 1,0,0
-7076_4116,Stage 2,0,0
-7076_4116,Stage 3,0.77,1
-7076_4117,Stage 1,0,0
-7076_4117,Stage 2,8.44,1
-7076_4117,Stage 3,5.46,3
-7076_4118,Stage 1,0.27,1
-7076_4118,Stage 2,0.36,1
-7076_4118,Stage 3,1.86,2
-7076_4119,Stage 1,0,0
-7076_4119,Stage 2,0,0
-7076_4119,Stage 3,0,0
-7076_4120,Stage 1,0,0
-7076_4120,Stage 2,0,0
-7076_4120,Stage 3,0,0
-7076_4121,Stage 1,0,0
-7076_4121,Stage 2,0,0
-7076_4121,Stage 3,0,0
-7077_4091,Stage 1,4.67,2
-7077_4091,Stage 2,1.11,1
-7077_4091,Stage 3,0,0
-7077_4092,Stage 1,2.6,1
-7077_4092,Stage 2,1.05,2
-7077_4092,Stage 3,0,0
-7077_4093,Stage 1,0,0
-7077_4093,Stage 2,0,0
-7077_4093,Stage 3,1.22,1
-7077_4094,Stage 1,1.4,1
-7077_4094,Stage 2,3.13,1
-7077_4094,Stage 3,0,0
-7077_4095,Stage 1,0,0
-7077_4095,Stage 2,2.1,3
-7077_4095,Stage 3,0.33,1
-7077_4096,Stage 1,0.86,1
-7077_4096,Stage 2,8.32,2
-7077_4096,Stage 3,2.2,2
-7077_4097,Stage 1,0,0
-7077_4097,Stage 2,0,0
-7077_4097,Stage 3,2.06,1
-7077_4098,Stage 1,0,0
-7077_4098,Stage 2,1.8599999999999999,2
-7077_4098,Stage 3,1.17,1
-7077_4099,Stage 1,1.75,2
-7077_4099,Stage 2,1.08,2
-7077_4099,Stage 3,3.9,3
-7077_4100,Stage 1,0,0
-7077_4100,Stage 2,0,0
-7077_4100,Stage 3,4.85,3
-7077_4101,Stage 1,1.33,2
-7077_4101,Stage 2,1.25,2
-7077_4101,Stage 3,5.890000000000001,3
-7077_4102,Stage 1,0.68,1
-7077_4102,Stage 2,1.01,1
-7077_4102,Stage 3,5.14,3
-7077_4103,Stage 1,0,0
-7077_4103,Stage 2,0.99,1
-7077_4103,Stage 3,0.99,1
-7077_4104,Stage 1,0,0
-7077_4104,Stage 2,0,0
-7077_4104,Stage 3,4.36,2
-7077_4105,Stage 1,0.27,1
-7077_4105,Stage 2,0,0
-7077_4105,Stage 3,5.77,3
-7077_4106,Stage 1,1.9100000000000001,2
-7077_4106,Stage 2,0,0
-7077_4106,Stage 3,6.32,3
-7077_4107,Stage 1,7.83,1
-7077_4107,Stage 2,0.36,1
-7077_4107,Stage 3,3.93,2
-7077_4108,Stage 1,0,0
-7077_4108,Stage 2,0,0
-7077_4108,Stage 3,4.69,2
-7077_4109,Stage 1,1.08,1
-7077_4109,Stage 2,0,0
-7077_4109,Stage 3,8.7,5
-7077_4110,Stage 1,0.87,1
-7077_4110,Stage 2,1.35,1
-7077_4110,Stage 3,7.35,3
-7077_4111,Stage 1,0,0
-7077_4111,Stage 2,0,0
-7077_4111,Stage 3,4.03,4
-7077_4112,Stage 1,0,0
-7077_4112,Stage 2,0,0
-7077_4112,Stage 3,5.02,3
-7077_4113,Stage 1,0,0
-7077_4113,Stage 2,0,0
-7077_4113,Stage 3,0,0
-7077_4114,Stage 1,0,0
-7077_4114,Stage 2,0,0
-7077_4114,Stage 3,0.99,1
-7077_4115,Stage 1,0,0
-7077_4115,Stage 2,0,0
-7077_4115,Stage 3,1.07,1
-7077_4116,Stage 1,0,0
-7077_4116,Stage 2,0,0
-7077_4116,Stage 3,1.15,1
-7077_4117,Stage 1,0,0
-7077_4117,Stage 2,0.68,1
-7077_4117,Stage 3,5.2,2
-7077_4118,Stage 1,0,0
-7077_4118,Stage 2,0,0
-7077_4118,Stage 3,3.54,2
-7077_4119,Stage 1,0.89,1
-7077_4119,Stage 2,0,0
-7077_4119,Stage 3,0,0
-7077_4120,Stage 1,0,0
-7077_4120,Stage 2,1.83,2
-7077_4120,Stage 3,0,0
-7077_4121,Stage 1,0.98,1
-7077_4121,Stage 2,3.39,1
-7077_4121,Stage 3,1.01,1
-7078_4090,Stage 1,0,0
-7078_4090,Stage 2,0,0
-7078_4090,Stage 3,0,0
-7078_4091,Stage 1,3.85,1
-7078_4091,Stage 2,2.85,1
-7078_4091,Stage 3,0,0
-7078_4092,Stage 1,1.32,1
-7078_4092,Stage 2,1.75,2
-7078_4092,Stage 3,0,0
-7078_4093,Stage 1,0,0
-7078_4093,Stage 2,0,0
-7078_4093,Stage 3,0,0
-7078_4094,Stage 1,0,0
-7078_4094,Stage 2,1.56,1
-7078_4094,Stage 3,1.11,1
-7078_4095,Stage 1,0,0
-7078_4095,Stage 2,4.48,1
-7078_4095,Stage 3,0,0
-7078_4096,Stage 1,0.86,1
-7078_4096,Stage 2,0.95,1
-7078_4096,Stage 3,0,0
-7078_4097,Stage 1,0,0
-7078_4097,Stage 2,1.51,1
-7078_4097,Stage 3,0,0
-7078_4098,Stage 1,0,0
-7078_4098,Stage 2,3.39,1
-7078_4098,Stage 3,2.9,1
-7078_4099,Stage 1,0,0
-7078_4099,Stage 2,0,0
-7078_4099,Stage 3,1,1
-7078_4100,Stage 1,1.22,1
-7078_4100,Stage 2,1.05,1
-7078_4100,Stage 3,4.53,3
-7078_4101,Stage 1,0.51,2
-7078_4101,Stage 2,0,0
-7078_4101,Stage 3,9.33,4
-7078_4102,Stage 1,0.26,1
-7078_4102,Stage 2,0.65,1
-7078_4102,Stage 3,4.01,2
-7078_4103,Stage 1,0.8,1
-7078_4103,Stage 2,0,0
-7078_4103,Stage 3,2.02,1
-7078_4104,Stage 1,1.96,2
-7078_4104,Stage 2,0,0
-7078_4104,Stage 3,8.94,2
-7078_4105,Stage 1,0,0
-7078_4105,Stage 2,0.57,1
-7078_4105,Stage 3,7.8,5
-7078_4106,Stage 1,1.05,1
-7078_4106,Stage 2,0.53,1
-7078_4106,Stage 3,4.7,2
-7078_4107,Stage 1,1.92,2
-7078_4107,Stage 2,0,0
-7078_4107,Stage 3,6.97,4
-7078_4108,Stage 1,5.05,3
-7078_4108,Stage 2,0,0
-7078_4108,Stage 3,5.92,3
-7078_4109,Stage 1,3.6500000000000004,2
-7078_4109,Stage 2,0.31,1
-7078_4109,Stage 3,7.55,3
-7078_4110,Stage 1,2.6900000000000004,2
-7078_4110,Stage 2,0.61,1
-7078_4110,Stage 3,1.24,2
-7078_4111,Stage 1,0,0
-7078_4111,Stage 2,0,0
-7078_4111,Stage 3,3.25,2
-7078_4112,Stage 1,0,0
-7078_4112,Stage 2,0.87,1
-7078_4112,Stage 3,9.63,2
-7078_4113,Stage 1,0,0
-7078_4113,Stage 2,0,0
-7078_4113,Stage 3,3,2
-7078_4114,Stage 1,0,0
-7078_4114,Stage 2,0.28,1
-7078_4114,Stage 3,1.7000000000000002,2
-7078_4115,Stage 1,0,0
-7078_4115,Stage 2,0,0
-7078_4115,Stage 3,0,0
-7078_4116,Stage 1,0,0
-7078_4116,Stage 2,0,0
-7078_4116,Stage 3,1.01,1
-7078_4117,Stage 1,0,0
-7078_4117,Stage 2,11.74,1
-7078_4117,Stage 3,2.56,3
-7078_4118,Stage 1,0,0
-7078_4118,Stage 2,0.6900000000000001,2
-7078_4118,Stage 3,3.62,3
-7078_4119,Stage 1,0,0
-7078_4119,Stage 2,0.69,1
-7078_4119,Stage 3,0,0
-7078_4120,Stage 1,0,0
-7078_4120,Stage 2,0,0
-7078_4120,Stage 3,2.99,2
-7078_4121,Stage 1,0,0
-7078_4121,Stage 2,0,0
-7078_4121,Stage 3,0,0
-7079_4090,Stage 1,1.87,2
-7079_4090,Stage 2,0,0
-7079_4090,Stage 3,0,0
-7079_4091,Stage 1,5.58,2
-7079_4091,Stage 2,1.24,1
-7079_4091,Stage 3,0,0
-7079_4092,Stage 1,2.4699999999999998,1
-7079_4092,Stage 2,0.79,1
-7079_4092,Stage 3,0,0
-7079_4093,Stage 1,0.12,1
-7079_4093,Stage 2,5.33,1
-7079_4093,Stage 3,0,0
-7079_4094,Stage 1,0.68,1
-7079_4094,Stage 2,0,0
-7079_4094,Stage 3,0.68,1
-7079_4095,Stage 1,0.94,1
-7079_4095,Stage 2,0,0
-7079_4095,Stage 3,0,0
-7079_4096,Stage 1,0,0
-7079_4096,Stage 2,0,0
-7079_4096,Stage 3,0,0
-7079_4097,Stage 1,18.36,1
-7079_4097,Stage 2,1.6500000000000001,2
-7079_4097,Stage 3,0,0
-7079_4098,Stage 1,1.13,1
-7079_4098,Stage 2,0.96,1
-7079_4098,Stage 3,1.91,1
-7079_4099,Stage 1,0,0
-7079_4099,Stage 2,0,0
-7079_4099,Stage 3,2.6,2
-7079_4100,Stage 1,2.23,1
-7079_4100,Stage 2,1.05,1
-7079_4100,Stage 3,6.4399999999999995,4
-7079_4101,Stage 1,0.67,1
-7079_4101,Stage 2,0,0
-7079_4101,Stage 3,11.32,5
-7079_4102,Stage 1,4.529999999999999,1
-7079_4102,Stage 2,2.8499999999999996,3
-7079_4102,Stage 3,1.07,2
-7079_4103,Stage 1,1.87,1
-7079_4103,Stage 2,0,0
-7079_4103,Stage 3,5.79,4
-7079_4104,Stage 1,0,0
-7079_4104,Stage 2,0,0
-7079_4104,Stage 3,2.04,2
-7079_4105,Stage 1,1.04,1
-7079_4105,Stage 2,0,0
-7079_4105,Stage 3,3.91,3
-7079_4106,Stage 1,2.52,3
-7079_4106,Stage 2,0,0
-7079_4106,Stage 3,2.9,1
-7079_4107,Stage 1,2.98,2
-7079_4107,Stage 2,0,0
-7079_4107,Stage 3,4.39,4
-7079_4108,Stage 1,4.7299999999999995,2
-7079_4108,Stage 2,0.81,1
-7079_4108,Stage 3,7,4
-7079_4109,Stage 1,0.95,1
-7079_4109,Stage 2,0,0
-7079_4109,Stage 3,4.1,1
-7079_4110,Stage 1,0,0
-7079_4110,Stage 2,0.8,1
-7079_4110,Stage 3,1.88,2
-7079_4111,Stage 1,0,0
-7079_4111,Stage 2,0,0
-7079_4111,Stage 3,3.33,3
-7079_4112,Stage 1,0,0
-7079_4112,Stage 2,1.21,2
-7079_4112,Stage 3,10.8,3
-7079_4113,Stage 1,0,0
-7079_4113,Stage 2,0,0
-7079_4113,Stage 3,2.16,1
-7079_4114,Stage 1,0.49,1
-7079_4114,Stage 2,0,0
-7079_4114,Stage 3,1,1
-7079_4115,Stage 1,0,0
-7079_4115,Stage 2,0,0
-7079_4115,Stage 3,0,0
-7079_4116,Stage 1,1.78,1
-7079_4116,Stage 2,0,1
-7079_4116,Stage 3,1.27,1
-7079_4117,Stage 1,0,0
-7079_4117,Stage 2,0,0
-7079_4117,Stage 3,2.16,3
-7079_4118,Stage 1,0.27,1
-7079_4118,Stage 2,0,0
-7079_4118,Stage 3,0,0
-7079_4119,Stage 1,0,0
-7079_4119,Stage 2,0,0
-7079_4119,Stage 3,1.87,1
-7079_4120,Stage 1,0,0
-7079_4120,Stage 2,0,0
-7079_4120,Stage 3,1.77,2
-7079_4121,Stage 1,0,0
-7079_4121,Stage 2,2,1
-7079_4121,Stage 3,1.05,1
-7079_4122,Stage 1,0,0
-7079_4122,Stage 2,0,0
-7079_4122,Stage 3,0,0
-7080_4088,Stage 1,0,0
-7080_4088,Stage 2,0,0
-7080_4088,Stage 3,0.54,1
-7080_4089,Stage 1,0.98,1
-7080_4089,Stage 2,6.99,1
-7080_4089,Stage 3,0.62,1
-7080_4090,Stage 1,5.03,3
-7080_4090,Stage 2,1.36,1
-7080_4090,Stage 3,0,0
-7080_4091,Stage 1,0.55,1
-7080_4091,Stage 2,0.63,1
-7080_4091,Stage 3,0,0
-7080_4092,Stage 1,5.04,2
-7080_4092,Stage 2,1.5899999999999999,2
-7080_4092,Stage 3,1.29,1
-7080_4093,Stage 1,0,0
-7080_4093,Stage 2,1.1,1
-7080_4093,Stage 3,0,0
-7080_4094,Stage 1,0,0
-7080_4094,Stage 2,1.02,1
-7080_4094,Stage 3,0,0
-7080_4095,Stage 1,0,0
-7080_4095,Stage 2,0,0
-7080_4095,Stage 3,0.66,2
-7080_4096,Stage 1,0,0
-7080_4096,Stage 2,0,0
-7080_4096,Stage 3,1.04,1
-7080_4097,Stage 1,0,0
-7080_4097,Stage 2,9.85,3
-7080_4097,Stage 3,1.79,2
-7080_4098,Stage 1,0,0
-7080_4098,Stage 2,1.06,1
-7080_4098,Stage 3,1,1
-7080_4099,Stage 1,5.9399999999999995,1
-7080_4099,Stage 2,0,0
-7080_4099,Stage 3,4.79,3
-7080_4100,Stage 1,0,0
-7080_4100,Stage 2,0.97,1
-7080_4100,Stage 3,5.96,6
-7080_4101,Stage 1,1.6400000000000001,2
-7080_4101,Stage 2,4.5,2
-7080_4101,Stage 3,7.93,4
-7080_4102,Stage 1,0.95,1
-7080_4102,Stage 2,2.74,2
-7080_4102,Stage 3,2.04,2
-7080_4103,Stage 1,0.72,1
-7080_4103,Stage 2,0.87,1
-7080_4103,Stage 3,9.98,5
-7080_4104,Stage 1,0,0
-7080_4104,Stage 2,21.470000000000002,3
-7080_4104,Stage 3,4.05,3
-7080_4105,Stage 1,3.12,1
-7080_4105,Stage 2,0,0
-7080_4105,Stage 3,3.85,3
-7080_4106,Stage 1,0.95,1
-7080_4106,Stage 2,0,0
-7080_4106,Stage 3,2.06,3
-7080_4107,Stage 1,8.89,4
-7080_4107,Stage 2,0,0
-7080_4107,Stage 3,1.24,1
-7080_4108,Stage 1,3.0700000000000003,1
-7080_4108,Stage 2,2.69,2
-7080_4108,Stage 3,1,1
-7080_4109,Stage 1,1.57,1
-7080_4109,Stage 2,0,0
-7080_4109,Stage 3,2.0700000000000003,2
-7080_4110,Stage 1,0,0
-7080_4110,Stage 2,0,0
-7080_4110,Stage 3,2.08,2
-7080_4111,Stage 1,0,0
-7080_4111,Stage 2,0,0
-7080_4111,Stage 3,3.6100000000000003,3
-7080_4112,Stage 1,0,0
-7080_4112,Stage 2,0,0
-7080_4112,Stage 3,3.08,2
-7080_4113,Stage 1,1.18,1
-7080_4113,Stage 2,0.33,1
-7080_4113,Stage 3,2.73,2
-7080_4114,Stage 1,0,0
-7080_4114,Stage 2,18.24,1
-7080_4114,Stage 3,2.01,2
-7080_4115,Stage 1,0,0
-7080_4115,Stage 2,1.1,1
-7080_4115,Stage 3,2.72,4
-7080_4116,Stage 1,0,0
-7080_4116,Stage 2,0,0
-7080_4116,Stage 3,1.6099999999999999,2
-7080_4117,Stage 1,0,0
-7080_4117,Stage 2,2.26,1
-7080_4117,Stage 3,1.73,2
-7080_4118,Stage 1,0,0
-7080_4118,Stage 2,1.38,2
-7080_4118,Stage 3,3.21,3
-7080_4119,Stage 1,0,0
-7080_4119,Stage 2,0,0
-7080_4119,Stage 3,0.22999999999999998,2
-7080_4120,Stage 1,0,0
-7080_4120,Stage 2,0,0
-7080_4120,Stage 3,0.85,1
-7080_4121,Stage 1,0,0
-7080_4121,Stage 2,0,0
-7080_4121,Stage 3,0.42,1
-7080_4122,Stage 1,0,0
-7080_4122,Stage 2,0.32,1
-7080_4122,Stage 3,1.0499999999999998,2
-7081_4087,Stage 1,0,0
-7081_4087,Stage 2,0.19,1
-7081_4087,Stage 3,0,0
-7081_4088,Stage 1,0.91,1
-7081_4088,Stage 2,0,0
-7081_4088,Stage 3,0.5,1
-7081_4089,Stage 1,3.64,3
-7081_4089,Stage 2,0.3,1
-7081_4089,Stage 3,0,0
-7081_4090,Stage 1,3.48,2
-7081_4090,Stage 2,0,0
-7081_4090,Stage 3,0,0
-7081_4091,Stage 1,0,0
-7081_4091,Stage 2,0.95,1
-7081_4091,Stage 3,0,0
-7081_4092,Stage 1,1.39,1
-7081_4092,Stage 2,1.12,1
-7081_4092,Stage 3,0.37,1
-7081_4093,Stage 1,0.77,1
-7081_4093,Stage 2,0,0
-7081_4093,Stage 3,0.07,1
-7081_4094,Stage 1,0,0
-7081_4094,Stage 2,0,0
-7081_4094,Stage 3,0.75,1
-7081_4095,Stage 1,1.42,1
-7081_4095,Stage 2,0,0
-7081_4095,Stage 3,0,0
-7081_4096,Stage 1,0,0
-7081_4096,Stage 2,0,0
-7081_4096,Stage 3,0,0
-7081_4097,Stage 1,0,0
-7081_4097,Stage 2,0.65,1
-7081_4097,Stage 3,5.14,3
-7081_4098,Stage 1,0,0
-7081_4098,Stage 2,1.37,1
-7081_4098,Stage 3,5.01,3
-7081_4099,Stage 1,0.88,1
-7081_4099,Stage 2,0,0
-7081_4099,Stage 3,3.3600000000000003,3
-7081_4100,Stage 1,0,0
-7081_4100,Stage 2,1.12,1
-7081_4100,Stage 3,10.4,6
-7081_4101,Stage 1,1.13,2
-7081_4101,Stage 2,1.17,1
-7081_4101,Stage 3,10.85,3
-7081_4102,Stage 1,0,0
-7081_4102,Stage 2,6.12,2
-7081_4102,Stage 3,8.07,3
-7081_4103,Stage 1,0,0
-7081_4103,Stage 2,1.85,1
-7081_4103,Stage 3,9.89,4
-7081_4104,Stage 1,0,0
-7081_4104,Stage 2,1.33,1
-7081_4104,Stage 3,3.8400000000000003,4
-7081_4105,Stage 1,0,0
-7081_4105,Stage 2,0,0
-7081_4105,Stage 3,5.42,5
-7081_4106,Stage 1,5.38,3
-7081_4106,Stage 2,0,0
-7081_4106,Stage 3,4.09,3
-7081_4107,Stage 1,3.8,2
-7081_4107,Stage 2,0,0
-7081_4107,Stage 3,2.66,3
-7081_4108,Stage 1,0,0
-7081_4108,Stage 2,0.85,1
-7081_4108,Stage 3,4.46,4
-7081_4109,Stage 1,0.87,1
-7081_4109,Stage 2,0,0
-7081_4109,Stage 3,5.88,2
-7081_4110,Stage 1,1.6,1
-7081_4110,Stage 2,0,0
-7081_4110,Stage 3,3.89,2
-7081_4111,Stage 1,0,0
-7081_4111,Stage 2,0.57,1
-7081_4111,Stage 3,1.71,2
-7081_4112,Stage 1,0.82,1
-7081_4112,Stage 2,0,0
-7081_4112,Stage 3,8.73,4
-7081_4113,Stage 1,0,0
-7081_4113,Stage 2,0.94,1
-7081_4113,Stage 3,10.36,4
-7081_4114,Stage 1,0,0
-7081_4114,Stage 2,2.93,1
-7081_4114,Stage 3,5.76,2
-7081_4115,Stage 1,0,0
-7081_4115,Stage 2,1.02,1
-7081_4115,Stage 3,1.99,2
-7081_4116,Stage 1,0,0
-7081_4116,Stage 2,0,0
-7081_4116,Stage 3,0,0
-7081_4117,Stage 1,0,0
-7081_4117,Stage 2,0.81,1
-7081_4117,Stage 3,0.99,1
-7081_4118,Stage 1,0,0
-7081_4118,Stage 2,0,0
-7081_4118,Stage 3,0.96,1
-7081_4119,Stage 1,0,0
-7081_4119,Stage 2,0.93,1
-7081_4119,Stage 3,0.99,1
-7081_4120,Stage 1,0,0
-7081_4120,Stage 2,0,0
-7081_4120,Stage 3,0.86,1
-7081_4121,Stage 1,0,0
-7081_4121,Stage 2,0,0
-7081_4121,Stage 3,0,0
-7081_4122,Stage 1,0,0
-7081_4122,Stage 2,0.62,1
-7081_4122,Stage 3,0.47,1
-7082_4086,Stage 1,0,0
-7082_4086,Stage 2,3.08,1
-7082_4086,Stage 3,0.74,1
-7082_4087,Stage 1,2.5,1
-7082_4087,Stage 2,1.96,1
-7082_4087,Stage 3,0.59,1
-7082_4088,Stage 1,0,0
-7082_4088,Stage 2,5.12,2
-7082_4088,Stage 3,4.11,4
-7082_4089,Stage 1,2.32,2
-7082_4089,Stage 2,0,0
-7082_4089,Stage 3,1.72,1
-7082_4090,Stage 1,0.99,1
-7082_4090,Stage 2,0,0
-7082_4090,Stage 3,0.22,1
-7082_4091,Stage 1,0,0
-7082_4091,Stage 2,0,0
-7082_4091,Stage 3,1.25,1
-7082_4092,Stage 1,0.57,1
-7082_4092,Stage 2,1.28,1
-7082_4092,Stage 3,0,0
-7082_4093,Stage 1,0,0
-7082_4093,Stage 2,0,0
-7082_4093,Stage 3,0,0
-7082_4094,Stage 1,0,0
-7082_4094,Stage 2,0,0
-7082_4094,Stage 3,1.11,1
-7082_4095,Stage 1,0,0
-7082_4095,Stage 2,0,0
-7082_4095,Stage 3,2.05,2
-7082_4096,Stage 1,2.33,1
-7082_4096,Stage 2,0,0
-7082_4096,Stage 3,7.84,3
-7082_4097,Stage 1,6.38,1
-7082_4097,Stage 2,0.86,1
-7082_4097,Stage 3,1.7,2
-7082_4098,Stage 1,3.13,1
-7082_4098,Stage 2,2.75,3
-7082_4098,Stage 3,5.43,4
-7082_4099,Stage 1,0,0
-7082_4099,Stage 2,0.58,1
-7082_4099,Stage 3,9.01,4
-7082_4100,Stage 1,0.67,1
-7082_4100,Stage 2,0.93,1
-7082_4100,Stage 3,15.64,9
-7082_4101,Stage 1,2.8499999999999996,2
-7082_4101,Stage 2,2.24,2
-7082_4101,Stage 3,9.1,6
-7082_4102,Stage 1,0,0
-7082_4102,Stage 2,2.88,2
-7082_4102,Stage 3,11.57,4
-7082_4103,Stage 1,0,0
-7082_4103,Stage 2,2.1500000000000004,2
-7082_4103,Stage 3,15.55,8
-7082_4104,Stage 1,0,0
-7082_4104,Stage 2,0,0
-7082_4104,Stage 3,18.759999999999998,7
-7082_4105,Stage 1,1.4400000000000002,1
-7082_4105,Stage 2,0.31,1
-7082_4105,Stage 3,7.41,4
-7082_4106,Stage 1,1.2,1
-7082_4106,Stage 2,0,0
-7082_4106,Stage 3,4.64,3
-7082_4107,Stage 1,1.96,1
-7082_4107,Stage 2,0,0
-7082_4107,Stage 3,5.9399999999999995,6
-7082_4108,Stage 1,0,0
-7082_4108,Stage 2,2.6,2
-7082_4108,Stage 3,3.6799999999999997,3
-7082_4109,Stage 1,0,0
-7082_4109,Stage 2,0,0
-7082_4109,Stage 3,2.09,2
-7082_4110,Stage 1,0,0
-7082_4110,Stage 2,0,0
-7082_4110,Stage 3,3.31,4
-7082_4111,Stage 1,0,0
-7082_4111,Stage 2,0.9400000000000001,2
-7082_4111,Stage 3,7.2,5
-7082_4112,Stage 1,0,0
-7082_4112,Stage 2,0,0
-7082_4112,Stage 3,13.41,5
-7082_4113,Stage 1,0,0
-7082_4113,Stage 2,0,0
-7082_4113,Stage 3,10.5,8
-7082_4114,Stage 1,0,0
-7082_4114,Stage 2,1.43,1
-7082_4114,Stage 3,10.9,6
-7082_4115,Stage 1,0,0
-7082_4115,Stage 2,0,0
-7082_4115,Stage 3,1.71,2
-7082_4116,Stage 1,0,0
-7082_4116,Stage 2,1.41,1
-7082_4116,Stage 3,1.17,1
-7082_4117,Stage 1,0,0
-7082_4117,Stage 2,0.26,1
-7082_4117,Stage 3,0.72,1
-7082_4118,Stage 1,0,0
-7082_4118,Stage 2,0,0
-7082_4118,Stage 3,0,0
-7082_4119,Stage 1,0,0
-7082_4119,Stage 2,1.26,1
-7082_4119,Stage 3,0,0
-7082_4120,Stage 1,0.3,1
-7082_4120,Stage 2,0.32,1
-7082_4120,Stage 3,3.54,4
-7082_4121,Stage 1,0,0
-7082_4121,Stage 2,0,0
-7082_4121,Stage 3,1.34,2
-7082_4122,Stage 1,0,0
-7082_4122,Stage 2,0,0
-7082_4122,Stage 3,0,0
-7083_4085,Stage 1,0,0
-7083_4085,Stage 2,0,0
-7083_4085,Stage 3,0,0
-7083_4086,Stage 1,1.52,1
-7083_4086,Stage 2,0.28,1
-7083_4086,Stage 3,0,0
-7083_4087,Stage 1,0,0
-7083_4087,Stage 2,2.6,2
-7083_4087,Stage 3,1.02,1
-7083_4088,Stage 1,0.63,1
-7083_4088,Stage 2,0,0
-7083_4088,Stage 3,0,0
-7083_4089,Stage 1,2.02,1
-7083_4089,Stage 2,0.83,1
-7083_4089,Stage 3,0,0
-7083_4090,Stage 1,0,0
-7083_4090,Stage 2,0,0
-7083_4090,Stage 3,0,0
-7083_4091,Stage 1,0,0
-7083_4091,Stage 2,1,1
-7083_4091,Stage 3,0.99,1
-7083_4092,Stage 1,0,0
-7083_4092,Stage 2,2.61,1
-7083_4092,Stage 3,0.42,1
-7083_4093,Stage 1,0,0
-7083_4093,Stage 2,0.62,1
-7083_4093,Stage 3,0,0
-7083_4094,Stage 1,0,0
-7083_4094,Stage 2,6.78,1
-7083_4094,Stage 3,0,0
-7083_4095,Stage 1,1.04,1
-7083_4095,Stage 2,0,0
-7083_4095,Stage 3,0,0
-7083_4096,Stage 1,0,0
-7083_4096,Stage 2,0.44,1
-7083_4096,Stage 3,1.9,2
-7083_4097,Stage 1,0,0
-7083_4097,Stage 2,0,0
-7083_4097,Stage 3,1.01,1
-7083_4098,Stage 1,1.15,1
-7083_4098,Stage 2,1.17,1
-7083_4098,Stage 3,4.72,1
-7083_4099,Stage 1,0,0
-7083_4099,Stage 2,0,0
-7083_4099,Stage 3,15.81,7
-7083_4100,Stage 1,0.63,1
-7083_4100,Stage 2,4.91,4
-7083_4100,Stage 3,12.43,8
-7083_4101,Stage 1,2.13,2
-7083_4101,Stage 2,5.17,4
-7083_4101,Stage 3,19.74,6
-7083_4102,Stage 1,0,0
-7083_4102,Stage 2,4.4,2
-7083_4102,Stage 3,23.37,6
-7083_4103,Stage 1,0,0
-7083_4103,Stage 2,4.15,2
-7083_4103,Stage 3,22.84,8
-7083_4104,Stage 1,4.199999999999999,2
-7083_4104,Stage 2,0,0
-7083_4104,Stage 3,21.08,7
-7083_4105,Stage 1,8.08,3
-7083_4105,Stage 2,1.19,1
-7083_4105,Stage 3,8.75,4
-7083_4106,Stage 1,7.95,2
-7083_4106,Stage 2,0,0
-7083_4106,Stage 3,9.15,4
-7083_4107,Stage 1,2.16,1
-7083_4107,Stage 2,0,0
-7083_4107,Stage 3,2.98,2
-7083_4108,Stage 1,1.55,1
-7083_4108,Stage 2,0.85,1
-7083_4108,Stage 3,13.610000000000001,7
-7083_4109,Stage 1,2.24,1
-7083_4109,Stage 2,0,0
-7083_4109,Stage 3,4.21,3
-7083_4110,Stage 1,0,0
-7083_4110,Stage 2,0.09,1
-7083_4110,Stage 3,5.82,4
-7083_4111,Stage 1,0.47,1
-7083_4111,Stage 2,0,0
-7083_4111,Stage 3,5.9399999999999995,5
-7083_4112,Stage 1,0,0
-7083_4112,Stage 2,1.56,2
-7083_4112,Stage 3,10.9,3
-7083_4113,Stage 1,0,0
-7083_4113,Stage 2,0,0
-7083_4113,Stage 3,29.3,7
-7083_4114,Stage 1,0,0
-7083_4114,Stage 2,2.32,1
-7083_4114,Stage 3,14.98,6
-7083_4115,Stage 1,0,0
-7083_4115,Stage 2,0,0
-7083_4115,Stage 3,3.33,2
-7083_4116,Stage 1,0,0
-7083_4116,Stage 2,0,0
-7083_4116,Stage 3,5.22,3
-7083_4117,Stage 1,0,0
-7083_4117,Stage 2,0,0
-7083_4117,Stage 3,0.17,1
-7083_4118,Stage 1,0,0
-7083_4118,Stage 2,0.07,1
-7083_4118,Stage 3,0,0
-7083_4119,Stage 1,0,0
-7083_4119,Stage 2,0,0
-7083_4119,Stage 3,1.5,3
-7083_4120,Stage 1,0,0
-7083_4120,Stage 2,0.6,1
-7083_4120,Stage 3,0.27,1
-7083_4121,Stage 1,0,0
-7083_4121,Stage 2,0,0
-7083_4121,Stage 3,1.02,1
-7083_4122,Stage 1,0,0
-7083_4122,Stage 2,0,0
-7083_4122,Stage 3,1.63,3
-7084_4084,Stage 1,0,0
-7084_4084,Stage 2,0,0
-7084_4084,Stage 3,0,0
-7084_4085,Stage 1,0,0
-7084_4085,Stage 2,12.22,1
-7084_4085,Stage 3,0,0
-7084_4086,Stage 1,0.79,1
-7084_4086,Stage 2,0,0
-7084_4086,Stage 3,0,0
-7084_4087,Stage 1,2.35,1
-7084_4087,Stage 2,3.75,1
-7084_4087,Stage 3,0,0
-7084_4088,Stage 1,0.64,1
-7084_4088,Stage 2,0,0
-7084_4088,Stage 3,0.71,1
-7084_4089,Stage 1,0,0
-7084_4089,Stage 2,10.79,2
-7084_4089,Stage 3,0,0
-7084_4090,Stage 1,0,0
-7084_4090,Stage 2,2.75,1
-7084_4090,Stage 3,0,0
-7084_4091,Stage 1,0,0
-7084_4091,Stage 2,1.93,1
-7084_4091,Stage 3,0,0
-7084_4092,Stage 1,0,0
-7084_4092,Stage 2,0,0
-7084_4092,Stage 3,0,0
-7084_4093,Stage 1,1.28,1
-7084_4093,Stage 2,0,0
-7084_4093,Stage 3,0,0
-7084_4094,Stage 1,1.14,1
-7084_4094,Stage 2,0,0
-7084_4094,Stage 3,0.26,1
-7084_4095,Stage 1,0.87,1
-7084_4095,Stage 2,0,0
-7084_4095,Stage 3,0.25,1
-7084_4096,Stage 1,0,0
-7084_4096,Stage 2,6.39,4
-7084_4096,Stage 3,0,0
-7084_4097,Stage 1,18.82,1
-7084_4097,Stage 2,5.36,2
-7084_4097,Stage 3,4.16,2
-7084_4098,Stage 1,1.23,1
-7084_4098,Stage 2,0,0
-7084_4098,Stage 3,18.81,3
-7084_4099,Stage 1,0,0
-7084_4099,Stage 2,0,0
-7084_4099,Stage 3,18.03,6
-7084_4100,Stage 1,0,0
-7084_4100,Stage 2,0,0
-7084_4100,Stage 3,11.79,8
-7084_4101,Stage 1,0,0
-7084_4101,Stage 2,1.45,2
-7084_4101,Stage 3,35.410000000000004,7
-7084_4102,Stage 1,0.29,1
-7084_4102,Stage 2,0,0
-7084_4102,Stage 3,51.14,8
-7084_4103,Stage 1,6.6899999999999995,2
-7084_4103,Stage 2,0.77,1
-7084_4103,Stage 3,23.64,11
-7084_4104,Stage 1,0,0
-7084_4104,Stage 2,0,0
-7084_4104,Stage 3,24.66,9
-7084_4105,Stage 1,6.82,4
-7084_4105,Stage 2,0,0
-7084_4105,Stage 3,11.82,4
-7084_4106,Stage 1,16.02,3
-7084_4106,Stage 2,0.81,1
-7084_4106,Stage 3,10.9,4
-7084_4107,Stage 1,4.55,1
-7084_4107,Stage 2,1.55,1
-7084_4107,Stage 3,3.01,2
-7084_4108,Stage 1,0,0
-7084_4108,Stage 2,0.62,1
-7084_4108,Stage 3,0.18,1
-7084_4109,Stage 1,0.43,1
-7084_4109,Stage 2,1.81,2
-7084_4109,Stage 3,9.69,4
-7084_4110,Stage 1,0,0
-7084_4110,Stage 2,0,0
-7084_4110,Stage 3,9.6,5
-7084_4111,Stage 1,0,0
-7084_4111,Stage 2,2.0999999999999996,2
-7084_4111,Stage 3,11.59,5
-7084_4112,Stage 1,0.42,1
-7084_4112,Stage 2,0,0
-7084_4112,Stage 3,38.07,5
-7084_4113,Stage 1,10.24,1
-7084_4113,Stage 2,9.85,3
-7084_4113,Stage 3,23.88,8
-7084_4114,Stage 1,0,0
-7084_4114,Stage 2,11.36,1
-7084_4114,Stage 3,11.29,8
-7084_4115,Stage 1,0,0
-7084_4115,Stage 2,0,0
-7084_4115,Stage 3,8.33,4
-7084_4116,Stage 1,0,0
-7084_4116,Stage 2,3.03,2
-7084_4116,Stage 3,4.87,3
-7084_4117,Stage 1,0,0
-7084_4117,Stage 2,0,0
-7084_4117,Stage 3,3.63,4
-7084_4118,Stage 1,0,0
-7084_4118,Stage 2,0,0
-7084_4118,Stage 3,0,0
-7084_4119,Stage 1,0,0
-7084_4119,Stage 2,0,0
-7084_4119,Stage 3,0.67,1
-7084_4120,Stage 1,0.42,1
-7084_4120,Stage 2,0,0
-7084_4120,Stage 3,2.87,3
-7084_4121,Stage 1,0,0
-7084_4121,Stage 2,0.94,1
-7084_4121,Stage 3,2.39,2
-7084_4122,Stage 1,1.1,1
-7084_4122,Stage 2,0,0
-7084_4122,Stage 3,18.74,2
-7085_4084,Stage 1,1.8199999999999998,1
-7085_4084,Stage 2,0,0
-7085_4084,Stage 3,13.68,1
-7085_4085,Stage 1,0,0
-7085_4085,Stage 2,2.62,1
-7085_4085,Stage 3,0,0
-7085_4086,Stage 1,3.54,2
-7085_4086,Stage 2,0,0
-7085_4086,Stage 3,0,0
-7085_4087,Stage 1,0,0
-7085_4087,Stage 2,0,0
-7085_4087,Stage 3,0,0
-7085_4088,Stage 1,0.26,1
-7085_4088,Stage 2,5.83,2
-7085_4088,Stage 3,0.41,1
-7085_4089,Stage 1,4.79,3
-7085_4089,Stage 2,2.35,2
-7085_4089,Stage 3,0,0
-7085_4090,Stage 1,1.48,1
-7085_4090,Stage 2,1.22,1
-7085_4090,Stage 3,0,0
-7085_4091,Stage 1,0,0
-7085_4091,Stage 2,4.33,1
-7085_4091,Stage 3,0,0
-7085_4092,Stage 1,0,0
-7085_4092,Stage 2,0,0
-7085_4092,Stage 3,0.77,1
-7085_4093,Stage 1,0,0
-7085_4093,Stage 2,0,0
-7085_4093,Stage 3,0,0
-7085_4094,Stage 1,0.97,1
-7085_4094,Stage 2,0,0
-7085_4094,Stage 3,0.6,1
-7085_4095,Stage 1,0.39,1
-7085_4095,Stage 2,0,0
-7085_4095,Stage 3,1.01,1
-7085_4096,Stage 1,0,0
-7085_4096,Stage 2,3.52,2
-7085_4096,Stage 3,0.85,1
-7085_4097,Stage 1,0.87,1
-7085_4097,Stage 2,0.27,1
-7085_4097,Stage 3,4.75,4
-7085_4098,Stage 1,0,0
-7085_4098,Stage 2,1.52,1
-7085_4098,Stage 3,2,1
-7085_4099,Stage 1,0,0
-7085_4099,Stage 2,0.36,1
-7085_4099,Stage 3,16.3,8
-7085_4100,Stage 1,1.62,1
-7085_4100,Stage 2,0.93,1
-7085_4100,Stage 3,36.38,12
-7085_4101,Stage 1,0,0
-7085_4101,Stage 2,3.2199999999999998,2
-7085_4101,Stage 3,37.71,9
-7085_4102,Stage 1,4.54,2
-7085_4102,Stage 2,2.16,2
-7085_4102,Stage 3,27.49,7
-7085_4103,Stage 1,10.33,1
-7085_4103,Stage 2,3.62,2
-7085_4103,Stage 3,14.55,5
-7085_4104,Stage 1,2.33,1
-7085_4104,Stage 2,0,0
-7085_4104,Stage 3,29.83,7
-7085_4105,Stage 1,4.9,2
-7085_4105,Stage 2,4.34,4
-7085_4105,Stage 3,19.73,5
-7085_4106,Stage 1,0.87,1
-7085_4106,Stage 2,1.05,1
-7085_4106,Stage 3,4.8,5
-7085_4107,Stage 1,4.49,1
-7085_4107,Stage 2,4.82,1
-7085_4107,Stage 3,5.49,4
-7085_4108,Stage 1,7.09,2
-7085_4108,Stage 2,1.84,2
-7085_4108,Stage 3,1.9,1
-7085_4109,Stage 1,4.32,1
-7085_4109,Stage 2,5.91,2
-7085_4109,Stage 3,8.94,6
-7085_4110,Stage 1,0,0
-7085_4110,Stage 2,0,0
-7085_4110,Stage 3,15.32,6
-7085_4111,Stage 1,0,0
-7085_4111,Stage 2,0.31,1
-7085_4111,Stage 3,15.120000000000001,8
-7085_4112,Stage 1,0,0
-7085_4112,Stage 2,0,0
-7085_4112,Stage 3,19.2,7
-7085_4113,Stage 1,0,0
-7085_4113,Stage 2,0,0
-7085_4113,Stage 3,38.87,11
-7085_4114,Stage 1,0,0
-7085_4114,Stage 2,1.56,2
-7085_4114,Stage 3,11.52,6
-7085_4115,Stage 1,0,0
-7085_4115,Stage 2,0,0
-7085_4115,Stage 3,8.59,3
-7085_4116,Stage 1,0,0
-7085_4116,Stage 2,0,0
-7085_4116,Stage 3,6.04,3
-7085_4117,Stage 1,0,0
-7085_4117,Stage 2,0.02,1
-7085_4117,Stage 3,2.99,3
-7085_4118,Stage 1,0,0
-7085_4118,Stage 2,1.01,1
-7085_4118,Stage 3,4.68,4
-7085_4119,Stage 1,0,0
-7085_4119,Stage 2,9.92,4
-7085_4119,Stage 3,6.4799999999999995,4
-7085_4120,Stage 1,0,0
-7085_4120,Stage 2,0,0
-7085_4120,Stage 3,32.02,6
-7085_4121,Stage 1,0,0
-7085_4121,Stage 2,0,0
-7085_4121,Stage 3,33.77,2
-7085_4122,Stage 1,0,0
-7085_4122,Stage 2,0,0
-7085_4122,Stage 3,27.5,2
-7085_4123,Stage 1,0,0
-7085_4123,Stage 2,0,0
-7085_4123,Stage 3,2.71,1
-7086_4083,Stage 1,1.23,1
-7086_4083,Stage 2,3.41,1
-7086_4083,Stage 3,0,0
-7086_4084,Stage 1,0,0
-7086_4084,Stage 2,0,0
-7086_4084,Stage 3,0,0
-7086_4085,Stage 1,0,0
-7086_4085,Stage 2,0,0
-7086_4085,Stage 3,0,0
-7086_4086,Stage 1,0,0
-7086_4086,Stage 2,1.1,1
-7086_4086,Stage 3,1.05,2
-7086_4087,Stage 1,17.44,1
-7086_4087,Stage 2,0,0
-7086_4087,Stage 3,0,0
-7086_4088,Stage 1,0,0
-7086_4088,Stage 2,1.07,1
-7086_4088,Stage 3,2.1100000000000003,1
-7086_4089,Stage 1,16.69,1
-7086_4089,Stage 2,6.91,2
-7086_4089,Stage 3,0,0
-7086_4090,Stage 1,0,0
-7086_4090,Stage 2,0,0
-7086_4090,Stage 3,0,0
-7086_4091,Stage 1,0,0
-7086_4091,Stage 2,0.82,1
-7086_4091,Stage 3,5.13,2
-7086_4092,Stage 1,0,0
-7086_4092,Stage 2,3.46,2
-7086_4092,Stage 3,0,0
-7086_4093,Stage 1,0,0
-7086_4093,Stage 2,0,0
-7086_4093,Stage 3,0,0
-7086_4094,Stage 1,0,0
-7086_4094,Stage 2,3.66,1
-7086_4094,Stage 3,0,0
-7086_4095,Stage 1,0,0
-7086_4095,Stage 2,3.14,1
-7086_4095,Stage 3,0,0
-7086_4096,Stage 1,0.73,1
-7086_4096,Stage 2,8.48,2
-7086_4096,Stage 3,0,0
-7086_4097,Stage 1,1.12,1
-7086_4097,Stage 2,0,0
-7086_4097,Stage 3,8.51,5
-7086_4098,Stage 1,0,0
-7086_4098,Stage 2,0,0
-7086_4098,Stage 3,7.92,6
-7086_4099,Stage 1,0,0
-7086_4099,Stage 2,0,0
-7086_4099,Stage 3,17.73,7
-7086_4100,Stage 1,0,0
-7086_4100,Stage 2,0,0
-7086_4100,Stage 3,31.490000000000002,10
-7086_4101,Stage 1,0.34,1
-7086_4101,Stage 2,0,0
-7086_4101,Stage 3,26.17,9
-7086_4102,Stage 1,11.27,6
-7086_4102,Stage 2,3.12,1
-7086_4102,Stage 3,29.78,10
-7086_4103,Stage 1,0,0
-7086_4103,Stage 2,0,0
-7086_4103,Stage 3,15.88,9
-7086_4104,Stage 1,3.0300000000000002,2
-7086_4104,Stage 2,2.42,1
-7086_4104,Stage 3,30.97,7
-7086_4105,Stage 1,2.63,3
-7086_4105,Stage 2,2.92,2
-7086_4105,Stage 3,25.25,6
-7086_4106,Stage 1,0.91,1
-7086_4106,Stage 2,2.5,3
-7086_4106,Stage 3,10.22,7
-7086_4107,Stage 1,3.54,1
-7086_4107,Stage 2,1.1800000000000002,1
-7086_4107,Stage 3,7.17,5
-7086_4108,Stage 1,2.8499999999999996,2
-7086_4108,Stage 2,3.44,2
-7086_4108,Stage 3,7.08,5
-7086_4109,Stage 1,0,0
-7086_4109,Stage 2,8.55,2
-7086_4109,Stage 3,9.07,8
-7086_4110,Stage 1,0,0
-7086_4110,Stage 2,0,0
-7086_4110,Stage 3,18.9,9
-7086_4111,Stage 1,0,0
-7086_4111,Stage 2,0,0
-7086_4111,Stage 3,16.9,7
-7086_4112,Stage 1,0,0
-7086_4112,Stage 2,0.58,1
-7086_4112,Stage 3,28.73,5
-7086_4113,Stage 1,0,0
-7086_4113,Stage 2,0,0
-7086_4113,Stage 3,12.28,5
-7086_4114,Stage 1,0,0
-7086_4114,Stage 2,0,0
-7086_4114,Stage 3,7.68,5
-7086_4115,Stage 1,0,0
-7086_4115,Stage 2,0,0
-7086_4115,Stage 3,4.72,3
-7086_4116,Stage 1,0,0
-7086_4116,Stage 2,0,0
-7086_4116,Stage 3,5.5600000000000005,3
-7086_4117,Stage 1,0,0
-7086_4117,Stage 2,0,0
-7086_4117,Stage 3,8.59,5
-7086_4118,Stage 1,0,0
-7086_4118,Stage 2,2.15,2
-7086_4118,Stage 3,2.52,1
-7086_4119,Stage 1,0,1
-7086_4119,Stage 2,0,0
-7086_4119,Stage 3,20.97,5
-7086_4120,Stage 1,0,0
-7086_4120,Stage 2,5.33,1
-7086_4120,Stage 3,31.17,4
-7086_4121,Stage 1,0,0
-7086_4121,Stage 2,0,0
-7086_4121,Stage 3,26.55,4
-7086_4122,Stage 1,0,0
-7086_4122,Stage 2,0,0
-7086_4122,Stage 3,16.3,3
-7086_4123,Stage 1,0,0
-7086_4123,Stage 2,0,0
-7086_4123,Stage 3,7.07,1
-7086_4124,Stage 1,0,0
-7086_4124,Stage 2,0,0
-7086_4124,Stage 3,6.7,2
-7087_4082,Stage 1,0,0
-7087_4082,Stage 2,0.35,1
-7087_4082,Stage 3,0,0
-7087_4083,Stage 1,2.02,1
-7087_4083,Stage 2,0,0
-7087_4083,Stage 3,0,0
-7087_4084,Stage 1,3.19,2
-7087_4084,Stage 2,0.8,1
-7087_4084,Stage 3,0,0
-7087_4085,Stage 1,1.12,1
-7087_4085,Stage 2,0,0
-7087_4085,Stage 3,0,0
-7087_4086,Stage 1,0.6,1
-7087_4086,Stage 2,2.63,2
-7087_4086,Stage 3,1.92,1
-7087_4087,Stage 1,0.99,1
-7087_4087,Stage 2,0.26,1
-7087_4087,Stage 3,0,0
-7087_4088,Stage 1,1.84,1
-7087_4088,Stage 2,0,0
-7087_4088,Stage 3,1.04,1
-7087_4089,Stage 1,1.1400000000000001,2
-7087_4089,Stage 2,1.78,1
-7087_4089,Stage 3,0,0
-7087_4090,Stage 1,7.91,1
-7087_4090,Stage 2,0,0
-7087_4090,Stage 3,0.99,1
-7087_4091,Stage 1,1.26,1
-7087_4091,Stage 2,0.26,1
-7087_4091,Stage 3,0.93,1
-7087_4092,Stage 1,0,0
-7087_4092,Stage 2,1.06,1
-7087_4092,Stage 3,0.3,1
-7087_4093,Stage 1,0,0
-7087_4093,Stage 2,0,0
-7087_4093,Stage 3,0,0
-7087_4094,Stage 1,0,0
-7087_4094,Stage 2,0,0
-7087_4094,Stage 3,0,0
-7087_4095,Stage 1,0,0
-7087_4095,Stage 2,4.01,1
-7087_4095,Stage 3,0.41,1
-7087_4096,Stage 1,0,0
-7087_4096,Stage 2,0,0
-7087_4096,Stage 3,3.46,4
-7087_4097,Stage 1,1.11,1
-7087_4097,Stage 2,5.63,1
-7087_4097,Stage 3,3.99,3
-7087_4098,Stage 1,0,0
-7087_4098,Stage 2,0,0
-7087_4098,Stage 3,7.48,6
-7087_4099,Stage 1,0,0
-7087_4099,Stage 2,0,0
-7087_4099,Stage 3,26.05,8
-7087_4100,Stage 1,2.38,1
-7087_4100,Stage 2,1.02,1
-7087_4100,Stage 3,38.23,12
-7087_4101,Stage 1,1.46,1
-7087_4101,Stage 2,0,0
-7087_4101,Stage 3,45.93,9
-7087_4102,Stage 1,1.74,1
-7087_4102,Stage 2,2.67,2
-7087_4102,Stage 3,29.099999999999998,8
-7087_4103,Stage 1,0.32,1
-7087_4103,Stage 2,0.91,1
-7087_4103,Stage 3,22.67,10
-7087_4104,Stage 1,7.46,1
-7087_4104,Stage 2,0,0
-7087_4104,Stage 3,31.09,10
-7087_4105,Stage 1,3.06,1
-7087_4105,Stage 2,2.7699999999999996,2
-7087_4105,Stage 3,18.97,4
-7087_4106,Stage 1,4.72,2
-7087_4106,Stage 2,4.24,2
-7087_4106,Stage 3,13.02,7
-7087_4107,Stage 1,0,0
-7087_4107,Stage 2,0,0
-7087_4107,Stage 3,9.83,4
-7087_4108,Stage 1,0,0
-7087_4108,Stage 2,5.12,4
-7087_4108,Stage 3,8.74,7
-7087_4109,Stage 1,0,0
-7087_4109,Stage 2,1.26,1
-7087_4109,Stage 3,15.26,7
-7087_4110,Stage 1,0,0
-7087_4110,Stage 2,0,0
-7087_4110,Stage 3,22.98,7
-7087_4111,Stage 1,0,0
-7087_4111,Stage 2,0,0
-7087_4111,Stage 3,26.96,9
-7087_4112,Stage 1,0,0
-7087_4112,Stage 2,1.22,1
-7087_4112,Stage 3,31.79,10
-7087_4113,Stage 1,0,0
-7087_4113,Stage 2,0.34,1
-7087_4113,Stage 3,14.42,6
-7087_4114,Stage 1,0,0
-7087_4114,Stage 2,0,0
-7087_4114,Stage 3,12.98,7
-7087_4115,Stage 1,0,0
-7087_4115,Stage 2,0.78,1
-7087_4115,Stage 3,7.17,4
-7087_4116,Stage 1,0,0
-7087_4116,Stage 2,2.88,3
-7087_4116,Stage 3,5.2,4
-7087_4117,Stage 1,0,0
-7087_4117,Stage 2,0,0
-7087_4117,Stage 3,2.17,3
-7087_4118,Stage 1,0.53,1
-7087_4118,Stage 2,6.6,2
-7087_4118,Stage 3,10.47,2
-7087_4119,Stage 1,0.26,1
-7087_4119,Stage 2,0,0
-7087_4119,Stage 3,25.66,4
-7087_4120,Stage 1,0,0
-7087_4120,Stage 2,0,0
-7087_4120,Stage 3,14.91,4
-7087_4121,Stage 1,0,0
-7087_4121,Stage 2,0.32,1
-7087_4121,Stage 3,24.65,2
-7087_4122,Stage 1,0,0
-7087_4122,Stage 2,0,0
-7087_4122,Stage 3,3.4000000000000004,2
-7087_4123,Stage 1,0,0
-7087_4123,Stage 2,0,0
-7087_4123,Stage 3,3.9299999999999997,1
-7087_4124,Stage 1,0,0
-7087_4124,Stage 2,0,0
-7087_4124,Stage 3,3.31,3
-7087_4125,Stage 1,0,0
-7087_4125,Stage 2,0,0
-7087_4125,Stage 3,0,0
-7088_4081,Stage 1,0,0
-7088_4081,Stage 2,0,0
-7088_4081,Stage 3,0,0
-7088_4082,Stage 1,0,0
-7088_4082,Stage 2,0.73,1
-7088_4082,Stage 3,0,0
-7088_4083,Stage 1,5.74,3
-7088_4083,Stage 2,0,0
-7088_4083,Stage 3,1,1
-7088_4084,Stage 1,2.5300000000000002,2
-7088_4084,Stage 2,0,0
-7088_4084,Stage 3,0,0
-7088_4085,Stage 1,0,0
-7088_4085,Stage 2,0.43,1
-7088_4085,Stage 3,2.9,2
-7088_4086,Stage 1,1.68,2
-7088_4086,Stage 2,0,0
-7088_4086,Stage 3,0,0
-7088_4087,Stage 1,0,0
-7088_4087,Stage 2,0.78,1
-7088_4087,Stage 3,0,0
-7088_4088,Stage 1,0.34,1
-7088_4088,Stage 2,20.45,4
-7088_4088,Stage 3,0,0
-7088_4089,Stage 1,0,0
-7088_4089,Stage 2,1.44,2
-7088_4089,Stage 3,0,0
-7088_4090,Stage 1,0,0
-7088_4090,Stage 2,11.49,1
-7088_4090,Stage 3,0,0
-7088_4091,Stage 1,0,0
-7088_4091,Stage 2,0,0
-7088_4091,Stage 3,1.03,1
-7088_4092,Stage 1,0,0
-7088_4092,Stage 2,0,0
-7088_4092,Stage 3,0.96,1
-7088_4093,Stage 1,0,0
-7088_4093,Stage 2,0,0
-7088_4093,Stage 3,1.22,1
-7088_4094,Stage 1,1.12,1
-7088_4094,Stage 2,0,0
-7088_4094,Stage 3,0,0
-7088_4095,Stage 1,3.29,1
-7088_4095,Stage 2,0.26,1
-7088_4095,Stage 3,1.05,1
-7088_4096,Stage 1,0,0
-7088_4096,Stage 2,7.59,1
-7088_4096,Stage 3,0,0
-7088_4097,Stage 1,0.83,1
-7088_4097,Stage 2,0.58,1
-7088_4097,Stage 3,3.09,1
-7088_4098,Stage 1,0,0
-7088_4098,Stage 2,0,0
-7088_4098,Stage 3,8.89,5
-7088_4099,Stage 1,0,0
-7088_4099,Stage 2,0,0
-7088_4099,Stage 3,26.98,6
-7088_4100,Stage 1,1.17,1
-7088_4100,Stage 2,0,0
-7088_4100,Stage 3,26.41,8
-7088_4101,Stage 1,1.16,1
-7088_4101,Stage 2,0,0
-7088_4101,Stage 3,34.26,10
-7088_4102,Stage 1,5.140000000000001,3
-7088_4102,Stage 2,0,0
-7088_4102,Stage 3,22.6,6
-7088_4103,Stage 1,0,0
-7088_4103,Stage 2,0.62,1
-7088_4103,Stage 3,12.96,9
-7088_4104,Stage 1,3.63,2
-7088_4104,Stage 2,1.17,1
-7088_4104,Stage 3,44.589999999999996,10
-7088_4105,Stage 1,2.3499999999999996,1
-7088_4105,Stage 2,0.88,1
-7088_4105,Stage 3,34.11,7
-7088_4106,Stage 1,0.27,1
-7088_4106,Stage 2,4.64,3
-7088_4106,Stage 3,14.04,5
-7088_4107,Stage 1,0,0
-7088_4107,Stage 2,1.69,2
-7088_4107,Stage 3,11.67,6
-7088_4108,Stage 1,0.98,1
-7088_4108,Stage 2,8.72,2
-7088_4108,Stage 3,13.15,7
-7088_4109,Stage 1,1.15,1
-7088_4109,Stage 2,1.1,1
-7088_4109,Stage 3,16.5,8
-7088_4110,Stage 1,0,0
-7088_4110,Stage 2,0,0
-7088_4110,Stage 3,26.28,6
-7088_4111,Stage 1,0,0
-7088_4111,Stage 2,0.05,1
-7088_4111,Stage 3,22.09,8
-7088_4112,Stage 1,0,0
-7088_4112,Stage 2,0.04,1
-7088_4112,Stage 3,38.17,7
-7088_4113,Stage 1,0,0
-7088_4113,Stage 2,0.13,1
-7088_4113,Stage 3,24.74,9
-7088_4114,Stage 1,0,0
-7088_4114,Stage 2,0,0
-7088_4114,Stage 3,22.05,7
-7088_4115,Stage 1,0,0
-7088_4115,Stage 2,1.68,1
-7088_4115,Stage 3,5.59,6
-7088_4116,Stage 1,0.02,1
-7088_4116,Stage 2,0.29,1
-7088_4116,Stage 3,8.08,4
-7088_4117,Stage 1,1.22,1
-7088_4117,Stage 2,6.38,5
-7088_4117,Stage 3,10,7
-7088_4118,Stage 1,0,0
-7088_4118,Stage 2,6.49,1
-7088_4118,Stage 3,21.2,5
-7088_4119,Stage 1,1.67,1
-7088_4119,Stage 2,0,0
-7088_4119,Stage 3,23.91,4
-7088_4120,Stage 1,4.73,2
-7088_4120,Stage 2,1.04,1
-7088_4120,Stage 3,8.98,4
-7088_4121,Stage 1,0,0
-7088_4121,Stage 2,1.22,2
-7088_4121,Stage 3,13.790000000000001,4
-7088_4122,Stage 1,0,0
-7088_4122,Stage 2,3.1,1
-7088_4122,Stage 3,3.95,2
-7088_4123,Stage 1,0,0
-7088_4123,Stage 2,2.68,1
-7088_4123,Stage 3,0.51,1
-7088_4124,Stage 1,0,0
-7088_4124,Stage 2,0,0
-7088_4124,Stage 3,0,0
-7088_4125,Stage 1,0,0
-7088_4125,Stage 2,0.9,1
-7088_4125,Stage 3,3.85,3
-7089_4081,Stage 1,0,0
-7089_4081,Stage 2,0,0
-7089_4081,Stage 3,0,0
-7089_4082,Stage 1,0,0
-7089_4082,Stage 2,0,0
-7089_4082,Stage 3,2.11,2
-7089_4083,Stage 1,22,3
-7089_4083,Stage 2,0,0
-7089_4083,Stage 3,2.62,2
-7089_4084,Stage 1,15.459999999999999,4
-7089_4084,Stage 2,1.16,1
-7089_4084,Stage 3,0,0
-7089_4085,Stage 1,10.83,1
-7089_4085,Stage 2,1.82,2
-7089_4085,Stage 3,0,0
-7089_4086,Stage 1,4.7700000000000005,2
-7089_4086,Stage 2,0.91,1
-7089_4086,Stage 3,0,0
-7089_4087,Stage 1,1.68,1
-7089_4087,Stage 2,0,0
-7089_4087,Stage 3,0,0
-7089_4088,Stage 1,1.15,1
-7089_4088,Stage 2,7.300000000000001,2
-7089_4088,Stage 3,0,0
-7089_4089,Stage 1,0,0
-7089_4089,Stage 2,0.63,2
-7089_4089,Stage 3,0,0
-7089_4090,Stage 1,5.98,1
-7089_4090,Stage 2,2.25,1
-7089_4090,Stage 3,0,0
-7089_4091,Stage 1,0.87,1
-7089_4091,Stage 2,1.73,1
-7089_4091,Stage 3,0.83,1
-7089_4092,Stage 1,0,0
-7089_4092,Stage 2,0.93,1
-7089_4092,Stage 3,0,0
-7089_4093,Stage 1,0,0
-7089_4093,Stage 2,0,0
-7089_4093,Stage 3,0,0
-7089_4094,Stage 1,0,0
-7089_4094,Stage 2,0,0
-7089_4094,Stage 3,2.06,1
-7089_4095,Stage 1,0,0
-7089_4095,Stage 2,0,0
-7089_4095,Stage 3,1,1
-7089_4096,Stage 1,3.85,1
-7089_4096,Stage 2,6.12,1
-7089_4096,Stage 3,2.9,2
-7089_4097,Stage 1,0,0
-7089_4097,Stage 2,0,0
-7089_4097,Stage 3,6.2,5
-7089_4098,Stage 1,0,0
-7089_4098,Stage 2,0,0
-7089_4098,Stage 3,13.219999999999999,5
-7089_4099,Stage 1,0,0
-7089_4099,Stage 2,0.43,1
-7089_4099,Stage 3,39.69,8
-7089_4100,Stage 1,1.54,1
-7089_4100,Stage 2,1.86,3
-7089_4100,Stage 3,37.55,8
-7089_4101,Stage 1,0,0
-7089_4101,Stage 2,0.77,1
-7089_4101,Stage 3,54.059999999999995,9
-7089_4102,Stage 1,6.03,2
-7089_4102,Stage 2,0,0
-7089_4102,Stage 3,32.99,7
-7089_4103,Stage 1,1.12,2
-7089_4103,Stage 2,1.03,1
-7089_4103,Stage 3,24.96,9
-7089_4104,Stage 1,1.12,2
-7089_4104,Stage 2,2.4000000000000004,2
-7089_4104,Stage 3,42.62,11
-7089_4105,Stage 1,2.03,1
-7089_4105,Stage 2,0.88,1
-7089_4105,Stage 3,38.72,9
-7089_4106,Stage 1,0,0
-7089_4106,Stage 2,4.9799999999999995,2
-7089_4106,Stage 3,7.89,6
-7089_4107,Stage 1,0.27,1
-7089_4107,Stage 2,2.19,2
-7089_4107,Stage 3,7.45,4
-7089_4108,Stage 1,1.31,1
-7089_4108,Stage 2,14.99,4
-7089_4108,Stage 3,17.41,8
-7089_4109,Stage 1,0,0
-7089_4109,Stage 2,2.37,2
-7089_4109,Stage 3,15.86,6
-7089_4110,Stage 1,0.69,1
-7089_4110,Stage 2,0,0
-7089_4110,Stage 3,22.54,9
-7089_4111,Stage 1,0,0
-7089_4111,Stage 2,0,0
-7089_4111,Stage 3,30.15,9
-7089_4112,Stage 1,1.6,1
-7089_4112,Stage 2,0,0
-7089_4112,Stage 3,33.67,9
-7089_4113,Stage 1,1.95,1
-7089_4113,Stage 2,0.83,1
-7089_4113,Stage 3,50.93,8
-7089_4114,Stage 1,0,0
-7089_4114,Stage 2,0.82,1
-7089_4114,Stage 3,41.33,9
-7089_4115,Stage 1,0,0
-7089_4115,Stage 2,3.6799999999999997,2
-7089_4115,Stage 3,6.01,4
-7089_4116,Stage 1,0,0
-7089_4116,Stage 2,2.1399999999999997,1
-7089_4116,Stage 3,9.32,6
-7089_4117,Stage 1,0,0
-7089_4117,Stage 2,0,0
-7089_4117,Stage 3,13.2,8
-7089_4118,Stage 1,0,0
-7089_4118,Stage 2,6.2,4
-7089_4118,Stage 3,15.94,5
-7089_4119,Stage 1,1.27,1
-7089_4119,Stage 2,0.38,1
-7089_4119,Stage 3,21.1,7
-7089_4120,Stage 1,0.84,1
-7089_4120,Stage 2,1.66,2
-7089_4120,Stage 3,12.05,3
-7089_4121,Stage 1,0,0
-7089_4121,Stage 2,0,0
-7089_4121,Stage 3,2.59,2
-7089_4122,Stage 1,0,0
-7089_4122,Stage 2,5.07,2
-7089_4122,Stage 3,3.59,4
-7089_4123,Stage 1,0.6,1
-7089_4123,Stage 2,0,0
-7089_4123,Stage 3,3,5
-7089_4124,Stage 1,0,0
-7089_4124,Stage 2,0,0
-7089_4124,Stage 3,0.99,1
-7089_4125,Stage 1,0.33,1
-7089_4125,Stage 2,1.01,1
-7089_4125,Stage 3,0,0
-7089_4126,Stage 1,0,0
-7089_4126,Stage 2,0,0
-7089_4126,Stage 3,0,0
-7090_4081,Stage 1,1.09,1
-7090_4081,Stage 2,0,0
-7090_4081,Stage 3,1.57,1
-7090_4082,Stage 1,0,0
-7090_4082,Stage 2,0,0
-7090_4082,Stage 3,0,0
-7090_4083,Stage 1,10.28,2
-7090_4083,Stage 2,0,0
-7090_4083,Stage 3,3.04,3
-7090_4084,Stage 1,17.77,4
-7090_4084,Stage 2,0.93,1
-7090_4084,Stage 3,0,0
-7090_4085,Stage 1,4.78,1
-7090_4085,Stage 2,6.8100000000000005,3
-7090_4085,Stage 3,0,0
-7090_4086,Stage 1,2.63,2
-7090_4086,Stage 2,11.46,2
-7090_4086,Stage 3,0,0
-7090_4087,Stage 1,0,0
-7090_4087,Stage 2,0,0
-7090_4087,Stage 3,0.18,1
-7090_4088,Stage 1,2.19,2
-7090_4088,Stage 2,0.94,1
-7090_4088,Stage 3,1,1
-7090_4089,Stage 1,1.19,1
-7090_4089,Stage 2,1.77,1
-7090_4089,Stage 3,0,0
-7090_4090,Stage 1,2.25,1
-7090_4090,Stage 2,0,0
-7090_4090,Stage 3,0,0
-7090_4091,Stage 1,0.97,1
-7090_4091,Stage 2,0.67,1
-7090_4091,Stage 3,0.3,1
-7090_4092,Stage 1,0,0
-7090_4092,Stage 2,0,0
-7090_4092,Stage 3,3.72,2
-7090_4093,Stage 1,1.22,1
-7090_4093,Stage 2,0,0
-7090_4093,Stage 3,0.95,1
-7090_4094,Stage 1,0,0
-7090_4094,Stage 2,0,0
-7090_4094,Stage 3,0,0
-7090_4095,Stage 1,0,0
-7090_4095,Stage 2,0.25,1
-7090_4095,Stage 3,0.26,1
-7090_4096,Stage 1,0,0
-7090_4096,Stage 2,0,0
-7090_4096,Stage 3,4.88,4
-7090_4097,Stage 1,0,0
-7090_4097,Stage 2,0,0
-7090_4097,Stage 3,4.79,2
-7090_4098,Stage 1,0.85,2
-7090_4098,Stage 2,0,0
-7090_4098,Stage 3,17.18,5
-7090_4099,Stage 1,0,0
-7090_4099,Stage 2,1.01,1
-7090_4099,Stage 3,36.88,6
-7090_4100,Stage 1,2.58,1
-7090_4100,Stage 2,1.73,1
-7090_4100,Stage 3,26.9,8
-7090_4101,Stage 1,0,0
-7090_4101,Stage 2,0.84,1
-7090_4101,Stage 3,17.99,8
-7090_4102,Stage 1,1.48,2
-7090_4102,Stage 2,0,0
-7090_4102,Stage 3,27.19,8
-7090_4103,Stage 1,10.61,3
-7090_4103,Stage 2,0,0
-7090_4103,Stage 3,9.16,5
-7090_4104,Stage 1,5.03,2
-7090_4104,Stage 2,10.41,2
-7090_4104,Stage 3,30.62,8
-7090_4105,Stage 1,1.4,1
-7090_4105,Stage 2,1.9900000000000002,1
-7090_4105,Stage 3,28.29,6
-7090_4106,Stage 1,0,0
-7090_4106,Stage 2,1.6,1
-7090_4106,Stage 3,13.07,7
-7090_4107,Stage 1,0,0
-7090_4107,Stage 2,0,0
-7090_4107,Stage 3,17.44,7
-7090_4108,Stage 1,0,0
-7090_4108,Stage 2,4.79,3
-7090_4108,Stage 3,23.740000000000002,8
-7090_4109,Stage 1,4.34,1
-7090_4109,Stage 2,0,0
-7090_4109,Stage 3,28.5,8
-7090_4110,Stage 1,0.3,1
-7090_4110,Stage 2,0.94,1
-7090_4110,Stage 3,47.83,10
-7090_4111,Stage 1,0,0
-7090_4111,Stage 2,0.99,1
-7090_4111,Stage 3,34.01,8
-7090_4112,Stage 1,0,0
-7090_4112,Stage 2,0,0
-7090_4112,Stage 3,33.769999999999996,10
-7090_4113,Stage 1,1.2,1
-7090_4113,Stage 2,0,0
-7090_4113,Stage 3,23.01,8
-7090_4114,Stage 1,0,0
-7090_4114,Stage 2,3.04,2
-7090_4114,Stage 3,12.11,9
-7090_4115,Stage 1,0,0
-7090_4115,Stage 2,0,0
-7090_4115,Stage 3,14.01,7
-7090_4116,Stage 1,0,0
-7090_4116,Stage 2,0.58,1
-7090_4116,Stage 3,7.390000000000001,5
-7090_4117,Stage 1,0.83,1
-7090_4117,Stage 2,1.07,1
-7090_4117,Stage 3,6.49,4
-7090_4118,Stage 1,0,0
-7090_4118,Stage 2,2.79,2
-7090_4118,Stage 3,19.17,5
-7090_4119,Stage 1,0,0
-7090_4119,Stage 2,1.7400000000000002,2
-7090_4119,Stage 3,10.209999999999999,3
-7090_4120,Stage 1,0,0
-7090_4120,Stage 2,2.47,2
-7090_4120,Stage 3,10.81,4
-7090_4121,Stage 1,0,0
-7090_4121,Stage 2,0,0
-7090_4121,Stage 3,1.04,2
-7090_4122,Stage 1,0,0
-7090_4122,Stage 2,0,0
-7090_4122,Stage 3,4.99,4
-7090_4123,Stage 1,2.87,1
-7090_4123,Stage 2,10.17,3
-7090_4123,Stage 3,1.9500000000000002,2
-7090_4124,Stage 1,0,0
-7090_4124,Stage 2,1.96,2
-7090_4124,Stage 3,3.43,3
-7090_4125,Stage 1,0,0
-7090_4125,Stage 2,0,0
-7090_4125,Stage 3,1.01,1
-7090_4126,Stage 1,0,0
-7090_4126,Stage 2,0,0
-7090_4126,Stage 3,1.01,1
-7091_4081,Stage 1,0,0
-7091_4081,Stage 2,0,0
-7091_4081,Stage 3,1.49,1
-7091_4082,Stage 1,6.52,3
-7091_4082,Stage 2,0,0
-7091_4082,Stage 3,0,0
-7091_4083,Stage 1,15.57,1
-7091_4083,Stage 2,0,0
-7091_4083,Stage 3,2,2
-7091_4084,Stage 1,3.37,2
-7091_4084,Stage 2,0,0
-7091_4084,Stage 3,1.05,1
-7091_4085,Stage 1,9.63,3
-7091_4085,Stage 2,1.82,1
-7091_4085,Stage 3,0.52,1
-7091_4086,Stage 1,1.75,2
-7091_4086,Stage 2,0,0
-7091_4086,Stage 3,1,1
-7091_4087,Stage 1,1.24,1
-7091_4087,Stage 2,2.32,1
-7091_4087,Stage 3,0,0
-7091_4088,Stage 1,0,0
-7091_4088,Stage 2,0,0
-7091_4088,Stage 3,1.05,1
-7091_4089,Stage 1,0.98,1
-7091_4089,Stage 2,1.11,1
-7091_4089,Stage 3,0.78,1
-7091_4090,Stage 1,5.18,2
-7091_4090,Stage 2,3.2,2
-7091_4090,Stage 3,0,0
-7091_4091,Stage 1,0,0
-7091_4091,Stage 2,0.82,1
-7091_4091,Stage 3,1.08,2
-7091_4092,Stage 1,0.98,1
-7091_4092,Stage 2,1.17,1
-7091_4092,Stage 3,0,0
-7091_4093,Stage 1,0,0
-7091_4093,Stage 2,0,0
-7091_4093,Stage 3,2.4699999999999998,3
-7091_4094,Stage 1,0,0
-7091_4094,Stage 2,0,0
-7091_4094,Stage 3,0.96,1
-7091_4095,Stage 1,0,0
-7091_4095,Stage 2,0,0
-7091_4095,Stage 3,1.7000000000000002,2
-7091_4096,Stage 1,0.55,1
-7091_4096,Stage 2,0,0
-7091_4096,Stage 3,5.11,3
-7091_4097,Stage 1,0,0
-7091_4097,Stage 2,0,0
-7091_4097,Stage 3,5.83,5
-7091_4098,Stage 1,1.02,1
-7091_4098,Stage 2,0,0
-7091_4098,Stage 3,11.51,7
-7091_4099,Stage 1,0,0
-7091_4099,Stage 2,3.96,2
-7091_4099,Stage 3,32.47,7
-7091_4100,Stage 1,1.49,2
-7091_4100,Stage 2,1.27,1
-7091_4100,Stage 3,29.919999999999998,9
-7091_4101,Stage 1,1.43,2
-7091_4101,Stage 2,0,0
-7091_4101,Stage 3,17.580000000000002,8
-7091_4102,Stage 1,0,0
-7091_4102,Stage 2,0.84,1
-7091_4102,Stage 3,47.08,7
-7091_4103,Stage 1,2.06,2
-7091_4103,Stage 2,0,0
-7091_4103,Stage 3,20.58,10
-7091_4104,Stage 1,0,0
-7091_4104,Stage 2,0,0
-7091_4104,Stage 3,48.66,8
-7091_4105,Stage 1,0,0
-7091_4105,Stage 2,14.62,1
-7091_4105,Stage 3,21.87,7
-7091_4106,Stage 1,0,0
-7091_4106,Stage 2,0.74,1
-7091_4106,Stage 3,8.7,6
-7091_4107,Stage 1,0.9,1
-7091_4107,Stage 2,0,0
-7091_4107,Stage 3,14.5,5
-7091_4108,Stage 1,0,0
-7091_4108,Stage 2,1.06,1
-7091_4108,Stage 3,14.27,7
-7091_4109,Stage 1,0,0
-7091_4109,Stage 2,0,0
-7091_4109,Stage 3,42.93,9
-7091_4110,Stage 1,12.31,1
-7091_4110,Stage 2,0,0
-7091_4110,Stage 3,65.52,12
-7091_4111,Stage 1,0,0
-7091_4111,Stage 2,3,1
-7091_4111,Stage 3,48.72,9
-7091_4112,Stage 1,0,0
-7091_4112,Stage 2,3.34,3
-7091_4112,Stage 3,63.1,10
-7091_4113,Stage 1,3.16,1
-7091_4113,Stage 2,0,0
-7091_4113,Stage 3,31.16,11
-7091_4114,Stage 1,0,0
-7091_4114,Stage 2,1.13,1
-7091_4114,Stage 3,27.29,9
-7091_4115,Stage 1,0,0
-7091_4115,Stage 2,0,0
-7091_4115,Stage 3,15.91,9
-7091_4116,Stage 1,0,0
-7091_4116,Stage 2,1.9700000000000002,1
-7091_4116,Stage 3,20.57,8
-7091_4117,Stage 1,0.56,1
-7091_4117,Stage 2,0,0
-7091_4117,Stage 3,14.43,5
-7091_4118,Stage 1,3.94,1
-7091_4118,Stage 2,0.57,1
-7091_4118,Stage 3,13.54,7
-7091_4119,Stage 1,0,0
-7091_4119,Stage 2,0,0
-7091_4119,Stage 3,5.52,2
-7091_4120,Stage 1,0,0
-7091_4120,Stage 2,3.7,2
-7091_4120,Stage 3,15.85,5
-7091_4121,Stage 1,0.58,1
-7091_4121,Stage 2,0.81,1
-7091_4121,Stage 3,0.48,1
-7091_4122,Stage 1,0,0
-7091_4122,Stage 2,1.01,1
-7091_4122,Stage 3,5.31,5
-7091_4123,Stage 1,6.74,1
-7091_4123,Stage 2,0.95,1
-7091_4123,Stage 3,4.35,4
-7091_4124,Stage 1,0,0
-7091_4124,Stage 2,0.91,1
-7091_4124,Stage 3,1.02,1
-7091_4125,Stage 1,0,0
-7091_4125,Stage 2,0,0
-7091_4125,Stage 3,0.09,1
-7091_4126,Stage 1,0,0
-7091_4126,Stage 2,0,0
-7091_4126,Stage 3,0.03,1
-7092_4080,Stage 1,0,0
-7092_4080,Stage 2,0,0
-7092_4080,Stage 3,0,0
-7092_4081,Stage 1,0,0
-7092_4081,Stage 2,0,0
-7092_4081,Stage 3,0,0
-7092_4082,Stage 1,8.1,2
-7092_4082,Stage 2,0,0
-7092_4082,Stage 3,0,0
-7092_4083,Stage 1,9.629999999999999,2
-7092_4083,Stage 2,0,0
-7092_4083,Stage 3,0.79,1
-7092_4084,Stage 1,1.02,1
-7092_4084,Stage 2,0,0
-7092_4084,Stage 3,0.75,1
-7092_4085,Stage 1,1.93,1
-7092_4085,Stage 2,0,0
-7092_4085,Stage 3,0,0
-7092_4086,Stage 1,0,0
-7092_4086,Stage 2,0.58,1
-7092_4086,Stage 3,2.04,1
-7092_4087,Stage 1,0,0
-7092_4087,Stage 2,2.41,1
-7092_4087,Stage 3,0,0
-7092_4088,Stage 1,1.08,1
-7092_4088,Stage 2,0,0
-7092_4088,Stage 3,0.26,1
-7092_4089,Stage 1,0,0
-7092_4089,Stage 2,0,0
-7092_4089,Stage 3,1.71,1
-7092_4090,Stage 1,0,0
-7092_4090,Stage 2,0.86,1
-7092_4090,Stage 3,3.16,3
-7092_4091,Stage 1,1.34,1
-7092_4091,Stage 2,2.96,2
-7092_4091,Stage 3,0,0
-7092_4092,Stage 1,0,0
-7092_4092,Stage 2,1.51,1
-7092_4092,Stage 3,2.93,3
-7092_4093,Stage 1,0,0
-7092_4093,Stage 2,0,0
-7092_4093,Stage 3,2.46,3
-7092_4094,Stage 1,0.75,1
-7092_4094,Stage 2,0,0
-7092_4094,Stage 3,0.98,1
-7092_4095,Stage 1,0,0
-7092_4095,Stage 2,0,0
-7092_4095,Stage 3,1.54,2
-7092_4096,Stage 1,0,0
-7092_4096,Stage 2,5.5,3
-7092_4096,Stage 3,3,2
-7092_4097,Stage 1,0,0
-7092_4097,Stage 2,3.8,1
-7092_4097,Stage 3,10.74,4
-7092_4098,Stage 1,6.55,1
-7092_4098,Stage 2,0.59,1
-7092_4098,Stage 3,9.75,6
-7092_4099,Stage 1,0,0
-7092_4099,Stage 2,1.05,1
-7092_4099,Stage 3,19.240000000000002,6
-7092_4100,Stage 1,0,0
-7092_4100,Stage 2,0.45,1
-7092_4100,Stage 3,10.32,7
-7092_4101,Stage 1,0,0
-7092_4101,Stage 2,0.59,1
-7092_4101,Stage 3,14.89,6
-7092_4102,Stage 1,1.9,1
-7092_4102,Stage 2,0.97,1
-7092_4102,Stage 3,30.39,8
-7092_4103,Stage 1,0,0
-7092_4103,Stage 2,4.95,3
-7092_4103,Stage 3,11.35,8
-7092_4104,Stage 1,0.87,1
-7092_4104,Stage 2,0.71,1
-7092_4104,Stage 3,29.34,11
-7092_4105,Stage 1,1.59,1
-7092_4105,Stage 2,6.4399999999999995,2
-7092_4105,Stage 3,9.87,7
-7092_4106,Stage 1,1,1
-7092_4106,Stage 2,1.53,1
-7092_4106,Stage 3,7.95,6
-7092_4107,Stage 1,0,0
-7092_4107,Stage 2,0.93,1
-7092_4107,Stage 3,9.78,6
-7092_4108,Stage 1,0,0
-7092_4108,Stage 2,0,0
-7092_4108,Stage 3,20.81,7
-7092_4109,Stage 1,8.7,1
-7092_4109,Stage 2,0,0
-7092_4109,Stage 3,36.04,11
-7092_4110,Stage 1,0,0
-7092_4110,Stage 2,0,0
-7092_4110,Stage 3,70.57,14
-7092_4111,Stage 1,0,0
-7092_4111,Stage 2,0,0
-7092_4111,Stage 3,37.58,8
-7092_4112,Stage 1,0,0
-7092_4112,Stage 2,0,0
-7092_4112,Stage 3,108.81,12
-7092_4113,Stage 1,0,0
-7092_4113,Stage 2,0.55,2
-7092_4113,Stage 3,83.28,11
-7092_4114,Stage 1,0,0
-7092_4114,Stage 2,0,0
-7092_4114,Stage 3,26.56,10
-7092_4115,Stage 1,0,0
-7092_4115,Stage 2,4.34,3
-7092_4115,Stage 3,23.61,10
-7092_4116,Stage 1,0,0
-7092_4116,Stage 2,4.81,3
-7092_4116,Stage 3,12.35,7
-7092_4117,Stage 1,0,0
-7092_4117,Stage 2,0,0
-7092_4117,Stage 3,7.22,5
-7092_4118,Stage 1,0,0
-7092_4118,Stage 2,0,0
-7092_4118,Stage 3,3.96,4
-7092_4119,Stage 1,0,0
-7092_4119,Stage 2,0,0
-7092_4119,Stage 3,14.51,6
-7092_4120,Stage 1,0,0
-7092_4120,Stage 2,1.96,1
-7092_4120,Stage 3,3.23,3
-7092_4121,Stage 1,0,0
-7092_4121,Stage 2,0,0
-7092_4121,Stage 3,4.58,3
-7092_4122,Stage 1,0,0
-7092_4122,Stage 2,6.6,2
-7092_4122,Stage 3,5.72,4
-7092_4123,Stage 1,0,0
-7092_4123,Stage 2,0,0
-7092_4123,Stage 3,2.42,3
-7092_4124,Stage 1,0,0
-7092_4124,Stage 2,0,0
-7092_4124,Stage 3,2.2199999999999998,2
-7092_4125,Stage 1,0,0
-7092_4125,Stage 2,1.95,1
-7092_4125,Stage 3,3.2699999999999996,3
-7092_4126,Stage 1,0,0
-7092_4126,Stage 2,0,0
-7092_4126,Stage 3,0,0
-7093_4079,Stage 1,0,0
-7093_4079,Stage 2,0,0
-7093_4079,Stage 3,0,0
-7093_4080,Stage 1,0,0
-7093_4080,Stage 2,0.3,1
-7093_4080,Stage 3,1.27,1
-7093_4081,Stage 1,0,0
-7093_4081,Stage 2,1.21,1
-7093_4081,Stage 3,0,0
-7093_4082,Stage 1,0,0
-7093_4082,Stage 2,0.85,1
-7093_4082,Stage 3,1.01,1
-7093_4083,Stage 1,1.19,1
-7093_4083,Stage 2,0,0
-7093_4083,Stage 3,1.76,2
-7093_4084,Stage 1,3.57,2
-7093_4084,Stage 2,0,0
-7093_4084,Stage 3,1.9500000000000002,2
-7093_4085,Stage 1,2.26,2
-7093_4085,Stage 2,0.55,1
-7093_4085,Stage 3,0,0
-7093_4086,Stage 1,0.68,1
-7093_4086,Stage 2,2.91,1
-7093_4086,Stage 3,0.96,1
-7093_4087,Stage 1,0,0
-7093_4087,Stage 2,0,0
-7093_4087,Stage 3,0,0
-7093_4088,Stage 1,0,0
-7093_4088,Stage 2,12.879999999999999,3
-7093_4088,Stage 3,0,0
-7093_4089,Stage 1,2.67,2
-7093_4089,Stage 2,13.69,2
-7093_4089,Stage 3,0,0
-7093_4090,Stage 1,0,0
-7093_4090,Stage 2,3.83,3
-7093_4090,Stage 3,0,0
-7093_4091,Stage 1,0,0
-7093_4091,Stage 2,1.2,1
-7093_4091,Stage 3,3.6,3
-7093_4092,Stage 1,0.3,1
-7093_4092,Stage 2,0.14,1
-7093_4092,Stage 3,1.66,1
-7093_4093,Stage 1,0,0
-7093_4093,Stage 2,5.529999999999999,2
-7093_4093,Stage 3,1.01,1
-7093_4094,Stage 1,0,0
-7093_4094,Stage 2,0,0
-7093_4094,Stage 3,0.9,1
-7093_4095,Stage 1,0,0
-7093_4095,Stage 2,0.58,1
-7093_4095,Stage 3,0.92,1
-7093_4096,Stage 1,0,0
-7093_4096,Stage 2,0,0
-7093_4096,Stage 3,4.84,2
-7093_4097,Stage 1,0,0
-7093_4097,Stage 2,0,0
-7093_4097,Stage 3,5.74,3
-7093_4098,Stage 1,0,0
-7093_4098,Stage 2,0,0
-7093_4098,Stage 3,12.37,7
-7093_4099,Stage 1,1.53,2
-7093_4099,Stage 2,2.71,1
-7093_4099,Stage 3,24.56,9
-7093_4100,Stage 1,0.28,1
-7093_4100,Stage 2,3.75,2
-7093_4100,Stage 3,39.43,9
-7093_4101,Stage 1,1.03,1
-7093_4101,Stage 2,2.66,2
-7093_4101,Stage 3,21.88,7
-7093_4102,Stage 1,1.41,2
-7093_4102,Stage 2,0,0
-7093_4102,Stage 3,27.89,7
-7093_4103,Stage 1,1.19,1
-7093_4103,Stage 2,2.25,2
-7093_4103,Stage 3,16.23,7
-7093_4104,Stage 1,2.06,1
-7093_4104,Stage 2,15.93,2
-7093_4104,Stage 3,5.71,4
-7093_4105,Stage 1,1.12,1
-7093_4105,Stage 2,10.33,1
-7093_4105,Stage 3,5.3,4
-7093_4106,Stage 1,0,0
-7093_4106,Stage 2,0,0
-7093_4106,Stage 3,6.29,5
-7093_4107,Stage 1,0,0
-7093_4107,Stage 2,0,0
-7093_4107,Stage 3,11,8
-7093_4108,Stage 1,0,0
-7093_4108,Stage 2,1.35,2
-7093_4108,Stage 3,19.83,9
-7093_4109,Stage 1,0,0
-7093_4109,Stage 2,1.03,1
-7093_4109,Stage 3,49.23,11
-7093_4110,Stage 1,0,0
-7093_4110,Stage 2,0,0
-7093_4110,Stage 3,63.05,13
-7093_4111,Stage 1,0,0
-7093_4111,Stage 2,1.9100000000000001,2
-7093_4111,Stage 3,34.23,9
-7093_4112,Stage 1,0,0
-7093_4112,Stage 2,0,0
-7093_4112,Stage 3,63.26,11
-7093_4113,Stage 1,0,0
-7093_4113,Stage 2,0,0
-7093_4113,Stage 3,76.49,12
-7093_4114,Stage 1,1.75,1
-7093_4114,Stage 2,2.81,2
-7093_4114,Stage 3,35.58,11
-7093_4115,Stage 1,2.81,1
-7093_4115,Stage 2,2.07,2
-7093_4115,Stage 3,22.82,9
-7093_4116,Stage 1,0,0
-7093_4116,Stage 2,0,0
-7093_4116,Stage 3,20.66,9
-7093_4117,Stage 1,0,0
-7093_4117,Stage 2,0.22,1
-7093_4117,Stage 3,3.6199999999999997,4
-7093_4118,Stage 1,0,0
-7093_4118,Stage 2,0,0
-7093_4118,Stage 3,2.19,3
-7093_4119,Stage 1,1.07,1
-7093_4119,Stage 2,0,0
-7093_4119,Stage 3,10.25,4
-7093_4120,Stage 1,0,0
-7093_4120,Stage 2,2.55,3
-7093_4120,Stage 3,5.52,3
-7093_4121,Stage 1,0,0
-7093_4121,Stage 2,0.88,2
-7093_4121,Stage 3,4.41,3
-7093_4122,Stage 1,0,0
-7093_4122,Stage 2,18.87,1
-7093_4122,Stage 3,6.01,4
-7093_4123,Stage 1,0,0
-7093_4123,Stage 2,3.58,2
-7093_4123,Stage 3,6.029999999999999,5
-7093_4124,Stage 1,0,0
-7093_4124,Stage 2,0,0
-7093_4124,Stage 3,3.4499999999999997,4
-7093_4125,Stage 1,0,0
-7093_4125,Stage 2,0,0
-7093_4125,Stage 3,0,0
-7093_4126,Stage 1,0,0
-7093_4126,Stage 2,1.09,1
-7093_4126,Stage 3,1.57,2
-7094_4079,Stage 1,0,0
-7094_4079,Stage 2,0,0
-7094_4079,Stage 3,0.7,1
-7094_4080,Stage 1,0,0
-7094_4080,Stage 2,3.11,2
-7094_4080,Stage 3,0,0
-7094_4081,Stage 1,0,0
-7094_4081,Stage 2,0,0
-7094_4081,Stage 3,1,1
-7094_4082,Stage 1,0.6,1
-7094_4082,Stage 2,0,0
-7094_4082,Stage 3,0.99,1
-7094_4083,Stage 1,0.92,1
-7094_4083,Stage 2,0.49,1
-7094_4083,Stage 3,1.05,1
-7094_4084,Stage 1,2.05,2
-7094_4084,Stage 2,0,0
-7094_4084,Stage 3,4.98,2
-7094_4085,Stage 1,0,0
-7094_4085,Stage 2,0,0
-7094_4085,Stage 3,1.11,1
-7094_4086,Stage 1,12.57,2
-7094_4086,Stage 2,0,0
-7094_4086,Stage 3,0,0
-7094_4087,Stage 1,3.81,3
-7094_4087,Stage 2,3.05,2
-7094_4087,Stage 3,0,0
-7094_4088,Stage 1,0,0
-7094_4088,Stage 2,1.74,2
-7094_4088,Stage 3,4.4,2
-7094_4089,Stage 1,0.95,1
-7094_4089,Stage 2,15.98,2
-7094_4089,Stage 3,3.5,4
-7094_4090,Stage 1,0,0
-7094_4090,Stage 2,1.24,2
-7094_4090,Stage 3,5.21,2
-7094_4091,Stage 1,0,0
-7094_4091,Stage 2,2.1,1
-7094_4091,Stage 3,0,0
-7094_4092,Stage 1,0,0
-7094_4092,Stage 2,0.78,1
-7094_4092,Stage 3,0,0
-7094_4093,Stage 1,0,0
-7094_4093,Stage 2,1.74,2
-7094_4093,Stage 3,0.5700000000000001,2
-7094_4094,Stage 1,0,0
-7094_4094,Stage 2,0,0
-7094_4094,Stage 3,4.449999999999999,2
-7094_4095,Stage 1,0,0
-7094_4095,Stage 2,22.23,2
-7094_4095,Stage 3,4.92,4
-7094_4096,Stage 1,0,0
-7094_4096,Stage 2,0,0
-7094_4096,Stage 3,3.16,3
-7094_4097,Stage 1,0.43,1
-7094_4097,Stage 2,0,0
-7094_4097,Stage 3,13.74,7
-7094_4098,Stage 1,0,0
-7094_4098,Stage 2,2.29,2
-7094_4098,Stage 3,20.91,8
-7094_4099,Stage 1,0,0
-7094_4099,Stage 2,0,0
-7094_4099,Stage 3,25.72,10
-7094_4100,Stage 1,0,0
-7094_4100,Stage 2,0,0
-7094_4100,Stage 3,34.84,10
-7094_4101,Stage 1,0,0
-7094_4101,Stage 2,0,0
-7094_4101,Stage 3,19.45,9
-7094_4102,Stage 1,5.36,1
-7094_4102,Stage 2,0,0
-7094_4102,Stage 3,21.51,10
-7094_4103,Stage 1,5.46,2
-7094_4103,Stage 2,0.62,1
-7094_4103,Stage 3,18.080000000000002,7
-7094_4104,Stage 1,0.93,1
-7094_4104,Stage 2,1.7,1
-7094_4104,Stage 3,21.28,10
-7094_4105,Stage 1,0.3,1
-7094_4105,Stage 2,16.5,1
-7094_4105,Stage 3,10.4,5
-7094_4106,Stage 1,0.73,1
-7094_4106,Stage 2,0,0
-7094_4106,Stage 3,6.88,7
-7094_4107,Stage 1,0,0
-7094_4107,Stage 2,0,0
-7094_4107,Stage 3,12.52,8
-7094_4108,Stage 1,0,0
-7094_4108,Stage 2,0,0
-7094_4108,Stage 3,13.81,7
-7094_4109,Stage 1,0,0
-7094_4109,Stage 2,0,0
-7094_4109,Stage 3,42.26,11
-7094_4110,Stage 1,0,0
-7094_4110,Stage 2,0,0
-7094_4110,Stage 3,51.57,10
-7094_4111,Stage 1,0,0
-7094_4111,Stage 2,0.83,1
-7094_4111,Stage 3,64.83,11
-7094_4112,Stage 1,1.4,1
-7094_4112,Stage 2,0.43,1
-7094_4112,Stage 3,66.53,11
-7094_4113,Stage 1,1.3,1
-7094_4113,Stage 2,3.2800000000000002,2
-7094_4113,Stage 3,56.64,11
-7094_4114,Stage 1,1,1
-7094_4114,Stage 2,0,0
-7094_4114,Stage 3,37.93,11
-7094_4115,Stage 1,0,0
-7094_4115,Stage 2,1.06,1
-7094_4115,Stage 3,25.07,9
-7094_4116,Stage 1,0,0
-7094_4116,Stage 2,0,0
-7094_4116,Stage 3,12.959999999999999,6
-7094_4117,Stage 1,0.84,1
-7094_4117,Stage 2,1.1,1
-7094_4117,Stage 3,5.39,6
-7094_4118,Stage 1,0,0
-7094_4118,Stage 2,1.75,2
-7094_4118,Stage 3,3.84,4
-7094_4119,Stage 1,0,0
-7094_4119,Stage 2,0,0
-7094_4119,Stage 3,3.94,3
-7094_4120,Stage 1,0,0
-7094_4120,Stage 2,3.06,3
-7094_4120,Stage 3,6.75,3
-7094_4121,Stage 1,0,0
-7094_4121,Stage 2,1.9,2
-7094_4121,Stage 3,4.96,3
-7094_4122,Stage 1,0,0
-7094_4122,Stage 2,0,0
-7094_4122,Stage 3,5.66,4
-7094_4123,Stage 1,0,0
-7094_4123,Stage 2,15.99,3
-7094_4123,Stage 3,0.93,1
-7094_4124,Stage 1,0,0
-7094_4124,Stage 2,10.89,2
-7094_4124,Stage 3,9.61,6
-7094_4125,Stage 1,0,0
-7094_4125,Stage 2,0.15,1
-7094_4125,Stage 3,11.75,3
-7094_4126,Stage 1,0,0
-7094_4126,Stage 2,0,0
-7094_4126,Stage 3,3.68,3
-7094_4127,Stage 1,0,0
-7094_4127,Stage 2,0,0
-7094_4127,Stage 3,0,0
-7095_4079,Stage 1,0,0
-7095_4079,Stage 2,1.1,1
-7095_4079,Stage 3,0,0
-7095_4080,Stage 1,0,0
-7095_4080,Stage 2,0,0
-7095_4080,Stage 3,1.03,1
-7095_4081,Stage 1,0.58,1
-7095_4081,Stage 2,0,0
-7095_4081,Stage 3,2.35,1
-7095_4082,Stage 1,0.87,1
-7095_4082,Stage 2,0,0
-7095_4082,Stage 3,1.95,1
-7095_4083,Stage 1,0,0
-7095_4083,Stage 2,6.85,1
-7095_4083,Stage 3,2,1
-7095_4084,Stage 1,0,0
-7095_4084,Stage 2,0.86,1
-7095_4084,Stage 3,0.19,1
-7095_4085,Stage 1,0,0
-7095_4085,Stage 2,5.64,2
-7095_4085,Stage 3,0,0
-7095_4086,Stage 1,10.9,1
-7095_4086,Stage 2,0,0
-7095_4086,Stage 3,1.78,1
-7095_4087,Stage 1,8.82,3
-7095_4087,Stage 2,6.96,2
-7095_4087,Stage 3,1.01,1
-7095_4088,Stage 1,0,0
-7095_4088,Stage 2,8.63,1
-7095_4088,Stage 3,1.23,2
-7095_4089,Stage 1,0,0
-7095_4089,Stage 2,0,0
-7095_4089,Stage 3,0,0
-7095_4090,Stage 1,0,0
-7095_4090,Stage 2,2.42,1
-7095_4090,Stage 3,0.99,2
-7095_4091,Stage 1,0.65,1
-7095_4091,Stage 2,10.100000000000001,3
-7095_4091,Stage 3,5.5,3
-7095_4092,Stage 1,0,0
-7095_4092,Stage 2,0.61,1
-7095_4092,Stage 3,3.8600000000000003,3
-7095_4093,Stage 1,0,0
-7095_4093,Stage 2,4.66,2
-7095_4093,Stage 3,5.32,2
-7095_4094,Stage 1,0,0
-7095_4094,Stage 2,0,0
-7095_4094,Stage 3,1.05,1
-7095_4095,Stage 1,0,0
-7095_4095,Stage 2,1.7,1
-7095_4095,Stage 3,7.51,4
-7095_4096,Stage 1,0,0
-7095_4096,Stage 2,0,0
-7095_4096,Stage 3,5.41,4
-7095_4097,Stage 1,2.02,1
-7095_4097,Stage 2,0,0
-7095_4097,Stage 3,21.82,6
-7095_4098,Stage 1,0,0
-7095_4098,Stage 2,0.99,1
-7095_4098,Stage 3,19.48,7
-7095_4099,Stage 1,0,0
-7095_4099,Stage 2,1.24,2
-7095_4099,Stage 3,24.46,7
-7095_4100,Stage 1,0,0
-7095_4100,Stage 2,2.24,1
-7095_4100,Stage 3,29.53,10
-7095_4101,Stage 1,1.23,1
-7095_4101,Stage 2,0.9,1
-7095_4101,Stage 3,19.12,8
-7095_4102,Stage 1,0,0
-7095_4102,Stage 2,2,1
-7095_4102,Stage 3,28.64,9
-7095_4103,Stage 1,0.85,1
-7095_4103,Stage 2,13.53,2
-7095_4103,Stage 3,15.26,8
-7095_4104,Stage 1,1.21,1
-7095_4104,Stage 2,0.95,1
-7095_4104,Stage 3,20.98,6
-7095_4105,Stage 1,0,0
-7095_4105,Stage 2,7.3,1
-7095_4105,Stage 3,7.77,7
-7095_4106,Stage 1,0,0
-7095_4106,Stage 2,2.42,2
-7095_4106,Stage 3,5.5,6
-7095_4107,Stage 1,0,0
-7095_4107,Stage 2,0.44,1
-7095_4107,Stage 3,10.05,6
-7095_4108,Stage 1,0.98,1
-7095_4108,Stage 2,0.75,1
-7095_4108,Stage 3,9.79,5
-7095_4109,Stage 1,0,0
-7095_4109,Stage 2,0.79,1
-7095_4109,Stage 3,30.33,10
-7095_4110,Stage 1,0,0
-7095_4110,Stage 2,1.15,1
-7095_4110,Stage 3,37.39,8
-7095_4111,Stage 1,0,0
-7095_4111,Stage 2,4.78,2
-7095_4111,Stage 3,83.29,16
-7095_4112,Stage 1,0,0
-7095_4112,Stage 2,4.62,3
-7095_4112,Stage 3,62.67,9
-7095_4113,Stage 1,1.9,1
-7095_4113,Stage 2,3.65,2
-7095_4113,Stage 3,42.32,10
-7095_4114,Stage 1,4.24,2
-7095_4114,Stage 2,0.54,1
-7095_4114,Stage 3,22.6,10
-7095_4115,Stage 1,0,0
-7095_4115,Stage 2,2.77,1
-7095_4115,Stage 3,21.97,11
-7095_4116,Stage 1,0,0
-7095_4116,Stage 2,0,0
-7095_4116,Stage 3,25.32,8
-7095_4117,Stage 1,0,0
-7095_4117,Stage 2,1.12,2
-7095_4117,Stage 3,21.52,7
-7095_4118,Stage 1,0,0
-7095_4118,Stage 2,0.98,1
-7095_4118,Stage 3,12.99,6
-7095_4119,Stage 1,0,0
-7095_4119,Stage 2,2.25,1
-7095_4119,Stage 3,6.23,6
-7095_4120,Stage 1,0,0
-7095_4120,Stage 2,1.68,2
-7095_4120,Stage 3,4.87,3
-7095_4121,Stage 1,0.63,1
-7095_4121,Stage 2,2.48,2
-7095_4121,Stage 3,10.86,5
-7095_4122,Stage 1,0,0
-7095_4122,Stage 2,0,0
-7095_4122,Stage 3,4.86,3
-7095_4123,Stage 1,0,0
-7095_4123,Stage 2,18.82,1
-7095_4123,Stage 3,2.81,2
-7095_4124,Stage 1,0,0
-7095_4124,Stage 2,9.719999999999999,1
-7095_4124,Stage 3,4.85,3
-7095_4125,Stage 1,0,0
-7095_4125,Stage 2,3.1,1
-7095_4125,Stage 3,10.49,3
-7095_4126,Stage 1,0,0
-7095_4126,Stage 2,1,1
-7095_4126,Stage 3,7.35,2
-7095_4127,Stage 1,0,0
-7095_4127,Stage 2,2.14,2
-7095_4127,Stage 3,1.8599999999999999,2
-7095_4128,Stage 1,0,0
-7095_4128,Stage 2,0,0
-7095_4128,Stage 3,2.76,2
-7095_4129,Stage 1,6.67,1
-7095_4129,Stage 2,1.5,1
-7095_4129,Stage 3,2.84,2
-7095_4130,Stage 1,0,0
-7095_4130,Stage 2,0,0
-7095_4130,Stage 3,1.01,1
-7096_4078,Stage 1,0,0
-7096_4078,Stage 2,0,0
-7096_4078,Stage 3,0,0
-7096_4079,Stage 1,0,0
-7096_4079,Stage 2,0,0
-7096_4079,Stage 3,0,0
-7096_4080,Stage 1,0,0
-7096_4080,Stage 2,0,0
-7096_4080,Stage 3,2.0300000000000002,2
-7096_4081,Stage 1,0,0
-7096_4081,Stage 2,0.3,1
-7096_4081,Stage 3,2.45,3
-7096_4082,Stage 1,2.23,1
-7096_4082,Stage 2,0,0
-7096_4082,Stage 3,0,0
-7096_4083,Stage 1,0,0
-7096_4083,Stage 2,6.61,2
-7096_4083,Stage 3,0.17,1
-7096_4084,Stage 1,1.92,1
-7096_4084,Stage 2,0,0
-7096_4084,Stage 3,0,0
-7096_4085,Stage 1,0.97,1
-7096_4085,Stage 2,4.56,1
-7096_4085,Stage 3,0,0
-7096_4086,Stage 1,0,0
-7096_4086,Stage 2,0,0
-7096_4086,Stage 3,3.46,1
-7096_4087,Stage 1,2.65,2
-7096_4087,Stage 2,1.03,2
-7096_4087,Stage 3,0,0
-7096_4088,Stage 1,1.48,2
-7096_4088,Stage 2,4.37,3
-7096_4088,Stage 3,0,0
-7096_4089,Stage 1,0.89,1
-7096_4089,Stage 2,4.17,1
-7096_4089,Stage 3,1.05,2
-7096_4090,Stage 1,1.49,1
-7096_4090,Stage 2,3.83,1
-7096_4090,Stage 3,0.79,1
-7096_4091,Stage 1,1.12,1
-7096_4091,Stage 2,0,0
-7096_4091,Stage 3,0,0
-7096_4092,Stage 1,0,0
-7096_4092,Stage 2,0,0
-7096_4092,Stage 3,3.19,1
-7096_4093,Stage 1,0,0
-7096_4093,Stage 2,0,0
-7096_4093,Stage 3,0.96,1
-7096_4094,Stage 1,2.25,1
-7096_4094,Stage 2,0,0
-7096_4094,Stage 3,3.4,3
-7096_4095,Stage 1,0,0
-7096_4095,Stage 2,0,0
-7096_4095,Stage 3,1.6400000000000001,2
-7096_4096,Stage 1,1.03,1
-7096_4096,Stage 2,0,0
-7096_4096,Stage 3,11.18,8
-7096_4097,Stage 1,0,0
-7096_4097,Stage 2,0,0
-7096_4097,Stage 3,13.13,7
-7096_4098,Stage 1,0,0
-7096_4098,Stage 2,1.07,1
-7096_4098,Stage 3,24.57,9
-7096_4099,Stage 1,2.13,3
-7096_4099,Stage 2,0,0
-7096_4099,Stage 3,33.29,9
-7096_4100,Stage 1,0,0
-7096_4100,Stage 2,0,0
-7096_4100,Stage 3,38.6,9
-7096_4101,Stage 1,0,0
-7096_4101,Stage 2,0,0
-7096_4101,Stage 3,41.91,9
-7096_4102,Stage 1,1.9,1
-7096_4102,Stage 2,0.33,1
-7096_4102,Stage 3,96.09,10
-7096_4103,Stage 1,1.93,1
-7096_4103,Stage 2,13.07,3
-7096_4103,Stage 3,28.65,9
-7096_4104,Stage 1,20.86,2
-7096_4104,Stage 2,2.6500000000000004,2
-7096_4104,Stage 3,31.52,9
-7096_4105,Stage 1,0,0
-7096_4105,Stage 2,5.85,2
-7096_4105,Stage 3,14.67,8
-7096_4106,Stage 1,2.19,2
-7096_4106,Stage 2,2.7600000000000002,3
-7096_4106,Stage 3,10.02,6
-7096_4107,Stage 1,0,0
-7096_4107,Stage 2,0.77,1
-7096_4107,Stage 3,16.88,5
-7096_4108,Stage 1,0.36,1
-7096_4108,Stage 2,1.07,1
-7096_4108,Stage 3,25.45,8
-7096_4109,Stage 1,0,0
-7096_4109,Stage 2,1.32,1
-7096_4109,Stage 3,38.43,11
-7096_4110,Stage 1,0,0
-7096_4110,Stage 2,0.79,1
-7096_4110,Stage 3,33.480000000000004,10
-7096_4111,Stage 1,0,0
-7096_4111,Stage 2,1.15,1
-7096_4111,Stage 3,67.96000000000001,13
-7096_4112,Stage 1,0.62,1
-7096_4112,Stage 2,1,1
-7096_4112,Stage 3,81.38,13
-7096_4113,Stage 1,1.21,1
-7096_4113,Stage 2,0.1,1
-7096_4113,Stage 3,40.99,11
-7096_4114,Stage 1,1.98,1
-7096_4114,Stage 2,1.01,1
-7096_4114,Stage 3,53.41,12
-7096_4115,Stage 1,0,0
-7096_4115,Stage 2,1.22,1
-7096_4115,Stage 3,23,8
-7096_4116,Stage 1,0,0
-7096_4116,Stage 2,1.9,1
-7096_4116,Stage 3,21.38,8
-7096_4117,Stage 1,0,0
-7096_4117,Stage 2,0,0
-7096_4117,Stage 3,24.31,11
-7096_4118,Stage 1,4.96,2
-7096_4118,Stage 2,0,0
-7096_4118,Stage 3,21.28,8
-7096_4119,Stage 1,0,0
-7096_4119,Stage 2,0,0
-7096_4119,Stage 3,6.71,4
-7096_4120,Stage 1,0,0
-7096_4120,Stage 2,0.12,1
-7096_4120,Stage 3,5.08,4
-7096_4121,Stage 1,0,0
-7096_4121,Stage 2,3.0300000000000002,2
-7096_4121,Stage 3,8.34,2
-7096_4122,Stage 1,0.67,1
-7096_4122,Stage 2,3.44,1
-7096_4122,Stage 3,11.05,4
-7096_4123,Stage 1,0,0
-7096_4123,Stage 2,4.12,2
-7096_4123,Stage 3,3.44,4
-7096_4124,Stage 1,0,0
-7096_4124,Stage 2,11.06,3
-7096_4124,Stage 3,5.3,4
-7096_4125,Stage 1,0.91,1
-7096_4125,Stage 2,0,0
-7096_4125,Stage 3,2.06,2
-7096_4126,Stage 1,0,0
-7096_4126,Stage 2,0,0
-7096_4126,Stage 3,8.98,4
-7096_4127,Stage 1,0,0
-7096_4127,Stage 2,3.36,3
-7096_4127,Stage 3,1.02,1
-7096_4128,Stage 1,0,0
-7096_4128,Stage 2,0,0
-7096_4128,Stage 3,1.01,1
-7096_4129,Stage 1,0,0
-7096_4129,Stage 2,4.220000000000001,3
-7096_4129,Stage 3,2.88,1
-7096_4130,Stage 1,0,0
-7096_4130,Stage 2,27.75,3
-7096_4130,Stage 3,2.94,2
-7096_4131,Stage 1,0,0
-7096_4131,Stage 2,0,0
-7096_4131,Stage 3,1.14,1
-7097_4078,Stage 1,0,0
-7097_4078,Stage 2,0,0
-7097_4078,Stage 3,0,0
-7097_4079,Stage 1,0,0
-7097_4079,Stage 2,0,0
-7097_4079,Stage 3,1.96,1
-7097_4080,Stage 1,0,0
-7097_4080,Stage 2,0,0
-7097_4080,Stage 3,0,0
-7097_4081,Stage 1,0,0
-7097_4081,Stage 2,1.18,1
-7097_4081,Stage 3,0,0
-7097_4082,Stage 1,0.63,1
-7097_4082,Stage 2,0,0
-7097_4082,Stage 3,0.77,1
-7097_4083,Stage 1,0.87,1
-7097_4083,Stage 2,0,0
-7097_4083,Stage 3,2.41,1
-7097_4084,Stage 1,0,0
-7097_4084,Stage 2,0,0
-7097_4084,Stage 3,0.72,1
-7097_4085,Stage 1,0.63,1
-7097_4085,Stage 2,0,0
-7097_4085,Stage 3,0,0
-7097_4086,Stage 1,0.87,1
-7097_4086,Stage 2,0.53,1
-7097_4086,Stage 3,0,0
-7097_4087,Stage 1,0.33,1
-7097_4087,Stage 2,1.18,1
-7097_4087,Stage 3,1.12,1
-7097_4088,Stage 1,0,0
-7097_4088,Stage 2,0,0
-7097_4088,Stage 3,0.78,1
-7097_4089,Stage 1,1.32,1
-7097_4089,Stage 2,3.02,2
-7097_4089,Stage 3,3.25,4
-7097_4090,Stage 1,0,0
-7097_4090,Stage 2,1.7799999999999998,2
-7097_4090,Stage 3,4.01,2
-7097_4091,Stage 1,0.91,1
-7097_4091,Stage 2,0,0
-7097_4091,Stage 3,1.36,1
-7097_4092,Stage 1,1.47,1
-7097_4092,Stage 2,0,0
-7097_4092,Stage 3,0.96,1
-7097_4093,Stage 1,1.77,1
-7097_4093,Stage 2,0,0
-7097_4093,Stage 3,0,0
-7097_4094,Stage 1,0,0
-7097_4094,Stage 2,0.53,1
-7097_4094,Stage 3,0,0
-7097_4095,Stage 1,0,0
-7097_4095,Stage 2,1.06,1
-7097_4095,Stage 3,5.8,5
-7097_4096,Stage 1,1.8199999999999998,1
-7097_4096,Stage 2,0,0
-7097_4096,Stage 3,11.3,6
-7097_4097,Stage 1,0,0
-7097_4097,Stage 2,0,0
-7097_4097,Stage 3,14.28,6
-7097_4098,Stage 1,0,0
-7097_4098,Stage 2,2.29,1
-7097_4098,Stage 3,30.689999999999998,8
-7097_4099,Stage 1,0.82,1
-7097_4099,Stage 2,4.01,3
-7097_4099,Stage 3,11.27,7
-7097_4100,Stage 1,0,0
-7097_4100,Stage 2,5.83,2
-7097_4100,Stage 3,19.990000000000002,10
-7097_4101,Stage 1,0,0
-7097_4101,Stage 2,5.859999999999999,4
-7097_4101,Stage 3,9.26,6
-7097_4102,Stage 1,0.32,1
-7097_4102,Stage 2,0,0
-7097_4102,Stage 3,30.95,8
-7097_4103,Stage 1,0,0
-7097_4103,Stage 2,2.42,1
-7097_4103,Stage 3,25.91,8
-7097_4104,Stage 1,0.86,1
-7097_4104,Stage 2,0.91,1
-7097_4104,Stage 3,48.97,9
-7097_4105,Stage 1,1.1600000000000001,2
-7097_4105,Stage 2,18.75,3
-7097_4105,Stage 3,35.26,8
-7097_4106,Stage 1,0,0
-7097_4106,Stage 2,15.81,2
-7097_4106,Stage 3,7.72,4
-7097_4107,Stage 1,0,0
-7097_4107,Stage 2,0.99,1
-7097_4107,Stage 3,20.1,8
-7097_4108,Stage 1,1.06,1
-7097_4108,Stage 2,0.3,1
-7097_4108,Stage 3,22.68,8
-7097_4109,Stage 1,0,0
-7097_4109,Stage 2,1,1
-7097_4109,Stage 3,24.96,8
-7097_4110,Stage 1,0,0
-7097_4110,Stage 2,0,0
-7097_4110,Stage 3,47.8,9
-7097_4111,Stage 1,0,0
-7097_4111,Stage 2,2.38,1
-7097_4111,Stage 3,49.95,10
-7097_4112,Stage 1,0,0
-7097_4112,Stage 2,0.69,1
-7097_4112,Stage 3,62.46,14
-7097_4113,Stage 1,0.61,1
-7097_4113,Stage 2,0,0
-7097_4113,Stage 3,77.15,15
-7097_4114,Stage 1,0,0
-7097_4114,Stage 2,2.26,1
-7097_4114,Stage 3,55.57,9
-7097_4115,Stage 1,0,0
-7097_4115,Stage 2,1.02,1
-7097_4115,Stage 3,39.94,9
-7097_4116,Stage 1,0,0
-7097_4116,Stage 2,0,0
-7097_4116,Stage 3,50.769999999999996,11
-7097_4117,Stage 1,0,0
-7097_4117,Stage 2,0.56,1
-7097_4117,Stage 3,41.08,9
-7097_4118,Stage 1,0,0
-7097_4118,Stage 2,0,0
-7097_4118,Stage 3,18.06,8
-7097_4119,Stage 1,0,0
-7097_4119,Stage 2,0,0
-7097_4119,Stage 3,15.53,6
-7097_4120,Stage 1,0,0
-7097_4120,Stage 2,1.04,1
-7097_4120,Stage 3,9.66,6
-7097_4121,Stage 1,0,0
-7097_4121,Stage 2,1.09,1
-7097_4121,Stage 3,3.1100000000000003,3
-7097_4122,Stage 1,0,0
-7097_4122,Stage 2,8.94,3
-7097_4122,Stage 3,6.32,2
-7097_4123,Stage 1,0,0
-7097_4123,Stage 2,0,0
-7097_4123,Stage 3,5.21,3
-7097_4124,Stage 1,0,0
-7097_4124,Stage 2,1.11,1
-7097_4124,Stage 3,1.65,1
-7097_4125,Stage 1,0,0
-7097_4125,Stage 2,0,0
-7097_4125,Stage 3,3.9299999999999997,3
-7097_4126,Stage 1,0,0
-7097_4126,Stage 2,0,0
-7097_4126,Stage 3,0,0
-7097_4127,Stage 1,0,0
-7097_4127,Stage 2,1.43,2
-7097_4127,Stage 3,1.09,1
-7097_4128,Stage 1,1.52,1
-7097_4128,Stage 2,0.82,1
-7097_4128,Stage 3,0,0
-7097_4129,Stage 1,0,0
-7097_4129,Stage 2,0,0
-7097_4129,Stage 3,3.88,2
-7097_4130,Stage 1,0,0
-7097_4130,Stage 2,1.43,2
-7097_4130,Stage 3,2.02,2
-7097_4131,Stage 1,2.23,1
-7097_4131,Stage 2,3.4400000000000004,3
-7097_4131,Stage 3,3.8200000000000003,4
-7097_4132,Stage 1,0,0
-7097_4132,Stage 2,0.87,1
-7097_4132,Stage 3,0,0
-7098_4078,Stage 1,0,0
-7098_4078,Stage 2,0,0
-7098_4078,Stage 3,2.02,1
-7098_4079,Stage 1,0,0
-7098_4079,Stage 2,0,0
-7098_4079,Stage 3,2,1
-7098_4080,Stage 1,0,0
-7098_4080,Stage 2,0,0
-7098_4080,Stage 3,0,0
-7098_4081,Stage 1,0,0
-7098_4081,Stage 2,0,0
-7098_4081,Stage 3,8.95,1
-7098_4082,Stage 1,3.06,1
-7098_4082,Stage 2,2.75,1
-7098_4082,Stage 3,0.99,1
-7098_4083,Stage 1,0,0
-7098_4083,Stage 2,0.92,1
-7098_4083,Stage 3,0,0
-7098_4084,Stage 1,0,0
-7098_4084,Stage 2,0,0
-7098_4084,Stage 3,0,0
-7098_4085,Stage 1,1.49,2
-7098_4085,Stage 2,0,0
-7098_4085,Stage 3,0,0
-7098_4086,Stage 1,0.98,1
-7098_4086,Stage 2,0,0
-7098_4086,Stage 3,2.1399999999999997,2
-7098_4087,Stage 1,1,1
-7098_4087,Stage 2,0.92,1
-7098_4087,Stage 3,0,0
-7098_4088,Stage 1,0,0
-7098_4088,Stage 2,0.73,1
-7098_4088,Stage 3,0,0
-7098_4089,Stage 1,0.89,1
-7098_4089,Stage 2,0,0
-7098_4089,Stage 3,0,0
-7098_4090,Stage 1,3.27,1
-7098_4090,Stage 2,12.14,2
-7098_4090,Stage 3,0,0
-7098_4091,Stage 1,0.94,1
-7098_4091,Stage 2,1.1,2
-7098_4091,Stage 3,0.67,1
-7098_4092,Stage 1,0,0
-7098_4092,Stage 2,0,0
-7098_4092,Stage 3,5.59,2
-7098_4093,Stage 1,1.88,1
-7098_4093,Stage 2,0,0
-7098_4093,Stage 3,0,0
-7098_4094,Stage 1,0,0
-7098_4094,Stage 2,1.77,1
-7098_4094,Stage 3,3.16,2
-7098_4095,Stage 1,0,0
-7098_4095,Stage 2,0,0
-7098_4095,Stage 3,2.41,2
-7098_4096,Stage 1,1.02,1
-7098_4096,Stage 2,1.01,1
-7098_4096,Stage 3,12.629999999999999,6
-7098_4097,Stage 1,0,0
-7098_4097,Stage 2,0,0
-7098_4097,Stage 3,18.48,6
-7098_4098,Stage 1,1.04,1
-7098_4098,Stage 2,1.06,1
-7098_4098,Stage 3,24.39,9
-7098_4099,Stage 1,1.6099999999999999,1
-7098_4099,Stage 2,1.09,1
-7098_4099,Stage 3,22.17,7
-7098_4100,Stage 1,0,0
-7098_4100,Stage 2,0,0
-7098_4100,Stage 3,9.78,7
-7098_4101,Stage 1,2.31,2
-7098_4101,Stage 2,0,0
-7098_4101,Stage 3,20.34,9
-7098_4102,Stage 1,0,0
-7098_4102,Stage 2,4.28,3
-7098_4102,Stage 3,30.12,10
-7098_4103,Stage 1,0,0
-7098_4103,Stage 2,6.46,2
-7098_4103,Stage 3,32.1,9
-7098_4104,Stage 1,2.7800000000000002,2
-7098_4104,Stage 2,4.31,1
-7098_4104,Stage 3,89.6,13
-7098_4105,Stage 1,0.54,1
-7098_4105,Stage 2,1.03,1
-7098_4105,Stage 3,29.88,8
-7098_4106,Stage 1,0,0
-7098_4106,Stage 2,4.75,2
-7098_4106,Stage 3,10.17,5
-7098_4107,Stage 1,0,0
-7098_4107,Stage 2,0,0
-7098_4107,Stage 3,23.3,7
-7098_4108,Stage 1,0,0
-7098_4108,Stage 2,0,0
-7098_4108,Stage 3,20.46,7
-7098_4109,Stage 1,0,0
-7098_4109,Stage 2,1.06,1
-7098_4109,Stage 3,46.09,10
-7098_4110,Stage 1,0,0
-7098_4110,Stage 2,0,0
-7098_4110,Stage 3,50.67,10
-7098_4111,Stage 1,0,0
-7098_4111,Stage 2,1.05,1
-7098_4111,Stage 3,45.88,7
-7098_4112,Stage 1,0,0
-7098_4112,Stage 2,4.16,2
-7098_4112,Stage 3,53.11,11
-7098_4113,Stage 1,0.59,1
-7098_4113,Stage 2,3,1
-7098_4113,Stage 3,92.21000000000001,12
-7098_4114,Stage 1,0,0
-7098_4114,Stage 2,2.87,1
-7098_4114,Stage 3,64.99,11
-7098_4115,Stage 1,0,0
-7098_4115,Stage 2,0,0
-7098_4115,Stage 3,80.31,14
-7098_4116,Stage 1,0,0
-7098_4116,Stage 2,2.4499999999999997,1
-7098_4116,Stage 3,62.89,11
-7098_4117,Stage 1,0,0
-7098_4117,Stage 2,0.8,1
-7098_4117,Stage 3,75.92,12
-7098_4118,Stage 1,0,0
-7098_4118,Stage 2,1.29,1
-7098_4118,Stage 3,23.72,7
-7098_4119,Stage 1,0,0
-7098_4119,Stage 2,0,0
-7098_4119,Stage 3,13.52,8
-7098_4120,Stage 1,0,0
-7098_4120,Stage 2,3.21,2
-7098_4120,Stage 3,5.43,6
-7098_4121,Stage 1,0,0
-7098_4121,Stage 2,1.5699999999999998,2
-7098_4121,Stage 3,3.0700000000000003,3
-7098_4122,Stage 1,0,0
-7098_4122,Stage 2,0,0
-7098_4122,Stage 3,6.529999999999999,6
-7098_4123,Stage 1,0,0
-7098_4123,Stage 2,0,0
-7098_4123,Stage 3,17.85,5
-7098_4124,Stage 1,0,0
-7098_4124,Stage 2,0.91,1
-7098_4124,Stage 3,12.84,7
-7098_4125,Stage 1,0,0
-7098_4125,Stage 2,5.73,1
-7098_4125,Stage 3,15.27,6
-7098_4126,Stage 1,0,0
-7098_4126,Stage 2,0,0
-7098_4126,Stage 3,4.11,4
-7098_4127,Stage 1,0,0
-7098_4127,Stage 2,1.96,2
-7098_4127,Stage 3,1.01,1
-7098_4128,Stage 1,0,0
-7098_4128,Stage 2,2.73,2
-7098_4128,Stage 3,6.64,4
-7098_4129,Stage 1,0.73,1
-7098_4129,Stage 2,2.62,1
-7098_4129,Stage 3,5.65,2
-7098_4130,Stage 1,0,0
-7098_4130,Stage 2,1.67,2
-7098_4130,Stage 3,0.36,1
-7098_4131,Stage 1,0,0
-7098_4131,Stage 2,0,0
-7098_4131,Stage 3,3.2,2
-7098_4132,Stage 1,0,0
-7098_4132,Stage 2,3.66,4
-7098_4132,Stage 3,1.55,3
-7098_4133,Stage 1,0,0
-7098_4133,Stage 2,0,0
-7098_4133,Stage 3,1.95,1
-7099_4078,Stage 1,0,0
-7099_4078,Stage 2,0.82,1
-7099_4078,Stage 3,0,0
-7099_4079,Stage 1,0,0
-7099_4079,Stage 2,0.97,1
-7099_4079,Stage 3,0.39,1
-7099_4080,Stage 1,0,0
-7099_4080,Stage 2,0,0
-7099_4080,Stage 3,0,0
-7099_4081,Stage 1,3.71,1
-7099_4081,Stage 2,0,0
-7099_4081,Stage 3,1.15,2
-7099_4082,Stage 1,0.45,1
-7099_4082,Stage 2,0,0
-7099_4082,Stage 3,0.84,1
-7099_4083,Stage 1,4.4799999999999995,3
-7099_4083,Stage 2,0,0
-7099_4083,Stage 3,0,0
-7099_4084,Stage 1,0,0
-7099_4084,Stage 2,2.03,1
-7099_4084,Stage 3,0.77,1
-7099_4085,Stage 1,15.25,1
-7099_4085,Stage 2,0.89,1
-7099_4085,Stage 3,0,0
-7099_4086,Stage 1,0,0
-7099_4086,Stage 2,4.5,3
-7099_4086,Stage 3,0,0
-7099_4087,Stage 1,1.5,1
-7099_4087,Stage 2,0,0
-7099_4087,Stage 3,1.02,1
-7099_4088,Stage 1,0,0
-7099_4088,Stage 2,0,0
-7099_4088,Stage 3,0,0
-7099_4089,Stage 1,0,0
-7099_4089,Stage 2,2.06,2
-7099_4089,Stage 3,0,0
-7099_4090,Stage 1,0.92,1
-7099_4090,Stage 2,0.32,1
-7099_4090,Stage 3,4.1899999999999995,4
-7099_4091,Stage 1,0.92,1
-7099_4091,Stage 2,1.7,1
-7099_4091,Stage 3,0.99,1
-7099_4092,Stage 1,0.32,1
-7099_4092,Stage 2,0,0
-7099_4092,Stage 3,1.46,2
-7099_4093,Stage 1,0,0
-7099_4093,Stage 2,3.83,1
-7099_4093,Stage 3,1.62,2
-7099_4094,Stage 1,1.42,1
-7099_4094,Stage 2,3.22,1
-7099_4094,Stage 3,3.78,3
-7099_4095,Stage 1,0,0
-7099_4095,Stage 2,9,2
-7099_4095,Stage 3,6.73,5
-7099_4096,Stage 1,6.74,3
-7099_4096,Stage 2,0,0
-7099_4096,Stage 3,17.99,7
-7099_4097,Stage 1,0.72,1
-7099_4097,Stage 2,0,0
-7099_4097,Stage 3,27.64,8
-7099_4098,Stage 1,3.59,2
-7099_4098,Stage 2,0,0
-7099_4098,Stage 3,66.48,9
-7099_4099,Stage 1,1.26,1
-7099_4099,Stage 2,2.63,2
-7099_4099,Stage 3,21.31,9
-7099_4100,Stage 1,0,0
-7099_4100,Stage 2,0,0
-7099_4100,Stage 3,18.38,8
-7099_4101,Stage 1,0,0
-7099_4101,Stage 2,1.92,2
-7099_4101,Stage 3,17.23,10
-7099_4102,Stage 1,0,0
-7099_4102,Stage 2,4.57,2
-7099_4102,Stage 3,27.61,8
-7099_4103,Stage 1,1.15,1
-7099_4103,Stage 2,2.91,2
-7099_4103,Stage 3,24.96,9
-7099_4104,Stage 1,1.19,1
-7099_4104,Stage 2,6.69,3
-7099_4104,Stage 3,61.67,7
-7099_4105,Stage 1,1,1
-7099_4105,Stage 2,0,0
-7099_4105,Stage 3,35.6,8
-7099_4106,Stage 1,0,0
-7099_4106,Stage 2,15.450000000000001,2
-7099_4106,Stage 3,14.11,7
-7099_4107,Stage 1,0,0
-7099_4107,Stage 2,0,0
-7099_4107,Stage 3,29.119999999999997,7
-7099_4108,Stage 1,0,0
-7099_4108,Stage 2,0,0
-7099_4108,Stage 3,27.93,12
-7099_4109,Stage 1,0,0
-7099_4109,Stage 2,0.69,1
-7099_4109,Stage 3,52,10
-7099_4110,Stage 1,0,0
-7099_4110,Stage 2,0,0
-7099_4110,Stage 3,52.05,11
-7099_4111,Stage 1,0,0
-7099_4111,Stage 2,0,0
-7099_4111,Stage 3,23.3,9
-7099_4112,Stage 1,0,0
-7099_4112,Stage 2,4.47,1
-7099_4112,Stage 3,40.12,12
-7099_4113,Stage 1,0,0
-7099_4113,Stage 2,1.04,1
-7099_4113,Stage 3,99,14
-7099_4114,Stage 1,0,0
-7099_4114,Stage 2,5.34,1
-7099_4114,Stage 3,96.81,14
-7099_4115,Stage 1,0,0
-7099_4115,Stage 2,1.2000000000000002,1
-7099_4115,Stage 3,88.46,16
-7099_4116,Stage 1,0,0
-7099_4116,Stage 2,2,2
-7099_4116,Stage 3,42.84,12
-7099_4117,Stage 1,0,0
-7099_4117,Stage 2,0.95,1
-7099_4117,Stage 3,63.65,10
-7099_4118,Stage 1,0,0
-7099_4118,Stage 2,1.8399999999999999,1
-7099_4118,Stage 3,30.2,9
-7099_4119,Stage 1,0,0
-7099_4119,Stage 2,0.84,1
-7099_4119,Stage 3,26.71,9
-7099_4120,Stage 1,0,0
-7099_4120,Stage 2,0,0
-7099_4120,Stage 3,19.32,8
-7099_4121,Stage 1,0,0
-7099_4121,Stage 2,1,1
-7099_4121,Stage 3,2.27,3
-7099_4122,Stage 1,0.28,1
-7099_4122,Stage 2,9.02,2
-7099_4122,Stage 3,10.49,8
-7099_4123,Stage 1,0,0
-7099_4123,Stage 2,8.41,2
-7099_4123,Stage 3,23.91,6
-7099_4124,Stage 1,0,0
-7099_4124,Stage 2,1.37,1
-7099_4124,Stage 3,17.45,7
-7099_4125,Stage 1,0,0
-7099_4125,Stage 2,1.82,1
-7099_4125,Stage 3,6.79,5
-7099_4126,Stage 1,0.26,1
-7099_4126,Stage 2,0,0
-7099_4126,Stage 3,5.4399999999999995,4
-7099_4127,Stage 1,0,0
-7099_4127,Stage 2,3.34,2
-7099_4127,Stage 3,6.47,5
-7099_4128,Stage 1,0,0
-7099_4128,Stage 2,1.79,1
-7099_4128,Stage 3,8.65,4
-7099_4129,Stage 1,0,0
-7099_4129,Stage 2,1.01,1
-7099_4129,Stage 3,13.76,3
-7099_4130,Stage 1,0,0
-7099_4130,Stage 2,1.7,2
-7099_4130,Stage 3,7.18,1
-7099_4131,Stage 1,0.86,1
-7099_4131,Stage 2,0.81,1
-7099_4131,Stage 3,1.93,2
-7099_4132,Stage 1,28.36,2
-7099_4132,Stage 2,5.15,4
-7099_4132,Stage 3,4.13,3
-7099_4133,Stage 1,2.63,2
-7099_4133,Stage 2,1.1099999999999999,2
-7099_4133,Stage 3,3.26,2
-7100_4078,Stage 1,0,0
-7100_4078,Stage 2,0,0
-7100_4078,Stage 3,0,0
-7100_4079,Stage 1,0,0
-7100_4079,Stage 2,0,0
-7100_4079,Stage 3,0,0
-7100_4080,Stage 1,0,0
-7100_4080,Stage 2,0,0
-7100_4080,Stage 3,1.59,1
-7100_4081,Stage 1,1.44,1
-7100_4081,Stage 2,0,0
-7100_4081,Stage 3,0,0
-7100_4082,Stage 1,0,0
-7100_4082,Stage 2,0,0
-7100_4082,Stage 3,1,1
-7100_4083,Stage 1,0,0
-7100_4083,Stage 2,0,0
-7100_4083,Stage 3,1,1
-7100_4084,Stage 1,0,0
-7100_4084,Stage 2,0.89,1
-7100_4084,Stage 3,0,0
-7100_4085,Stage 1,0,0
-7100_4085,Stage 2,1.08,1
-7100_4085,Stage 3,0.97,1
-7100_4086,Stage 1,0,0
-7100_4086,Stage 2,7.390000000000001,3
-7100_4086,Stage 3,0,0
-7100_4087,Stage 1,0.75,1
-7100_4087,Stage 2,0,0
-7100_4087,Stage 3,1.43,2
-7100_4088,Stage 1,0,0
-7100_4088,Stage 2,0,0
-7100_4088,Stage 3,0,0
-7100_4089,Stage 1,0,0
-7100_4089,Stage 2,2.41,3
-7100_4089,Stage 3,3.66,2
-7100_4090,Stage 1,0,0
-7100_4090,Stage 2,0,0
-7100_4090,Stage 3,3.43,3
-7100_4091,Stage 1,0,0
-7100_4091,Stage 2,0.77,1
-7100_4091,Stage 3,2.0700000000000003,1
-7100_4092,Stage 1,0,0
-7100_4092,Stage 2,7.68,2
-7100_4092,Stage 3,2.97,3
-7100_4093,Stage 1,0,0
-7100_4093,Stage 2,0.96,1
-7100_4093,Stage 3,0,0
-7100_4094,Stage 1,0,0
-7100_4094,Stage 2,0,0
-7100_4094,Stage 3,8.08,3
-7100_4095,Stage 1,0,0
-7100_4095,Stage 2,7.44,2
-7100_4095,Stage 3,11.959999999999999,6
-7100_4096,Stage 1,3.4099999999999997,2
-7100_4096,Stage 2,0,0
-7100_4096,Stage 3,16.06,6
-7100_4097,Stage 1,0.85,1
-7100_4097,Stage 2,2.09,1
-7100_4097,Stage 3,20.25,6
-7100_4098,Stage 1,6.5,3
-7100_4098,Stage 2,0.98,1
-7100_4098,Stage 3,36.08,10
-7100_4099,Stage 1,1.32,1
-7100_4099,Stage 2,1.96,1
-7100_4099,Stage 3,16.47,9
-7100_4100,Stage 1,0.67,1
-7100_4100,Stage 2,1.67,2
-7100_4100,Stage 3,21.46,10
-7100_4101,Stage 1,0,0
-7100_4101,Stage 2,2.8899999999999997,1
-7100_4101,Stage 3,29.37,9
-7100_4102,Stage 1,0,0
-7100_4102,Stage 2,4.29,2
-7100_4102,Stage 3,25.58,10
-7100_4103,Stage 1,0,0
-7100_4103,Stage 2,0.76,1
-7100_4103,Stage 3,34.92,9
-7100_4104,Stage 1,0,0
-7100_4104,Stage 2,0,0
-7100_4104,Stage 3,54.8,11
-7100_4105,Stage 1,0,0
-7100_4105,Stage 2,0,0
-7100_4105,Stage 3,35.27,6
-7100_4106,Stage 1,0,0
-7100_4106,Stage 2,2.08,1
-7100_4106,Stage 3,16.79,6
-7100_4107,Stage 1,1.41,1
-7100_4107,Stage 2,0.8,1
-7100_4107,Stage 3,22.17,10
-7100_4108,Stage 1,0,0
-7100_4108,Stage 2,0.85,1
-7100_4108,Stage 3,41.54,10
-7100_4109,Stage 1,0,0
-7100_4109,Stage 2,0,0
-7100_4109,Stage 3,66.36,11
-7100_4110,Stage 1,0,0
-7100_4110,Stage 2,2.09,1
-7100_4110,Stage 3,49.99,12
-7100_4111,Stage 1,0,0
-7100_4111,Stage 2,1.14,1
-7100_4111,Stage 3,32.11,12
-7100_4112,Stage 1,0,0
-7100_4112,Stage 2,3.48,2
-7100_4112,Stage 3,57.62,12
-7100_4113,Stage 1,0,0
-7100_4113,Stage 2,2.6500000000000004,1
-7100_4113,Stage 3,112.92999999999999,13
-7100_4114,Stage 1,0,0
-7100_4114,Stage 2,5.1899999999999995,1
-7100_4114,Stage 3,130.88,14
-7100_4115,Stage 1,0,0
-7100_4115,Stage 2,0.82,1
-7100_4115,Stage 3,94.13,17
-7100_4116,Stage 1,0,0
-7100_4116,Stage 2,8.18,2
-7100_4116,Stage 3,47.61,14
-7100_4117,Stage 1,0,0
-7100_4117,Stage 2,0.84,1
-7100_4117,Stage 3,50.93,12
-7100_4118,Stage 1,0,0
-7100_4118,Stage 2,1.08,1
-7100_4118,Stage 3,32.84,10
-7100_4119,Stage 1,0,0
-7100_4119,Stage 2,4.05,2
-7100_4119,Stage 3,28.31,9
-7100_4120,Stage 1,0,0
-7100_4120,Stage 2,4.25,2
-7100_4120,Stage 3,15.76,8
-7100_4121,Stage 1,0.97,1
-7100_4121,Stage 2,2.41,2
-7100_4121,Stage 3,12.61,8
-7100_4122,Stage 1,0.3,1
-7100_4122,Stage 2,0.87,1
-7100_4122,Stage 3,14.88,9
-7100_4123,Stage 1,0,0
-7100_4123,Stage 2,4.31,2
-7100_4123,Stage 3,6.14,7
-7100_4124,Stage 1,0,0
-7100_4124,Stage 2,6.02,2
-7100_4124,Stage 3,12.18,6
-7100_4125,Stage 1,0,0
-7100_4125,Stage 2,8.9,3
-7100_4125,Stage 3,7.45,6
-7100_4126,Stage 1,0,0
-7100_4126,Stage 2,22.84,4
-7100_4126,Stage 3,10.870000000000001,9
-7100_4127,Stage 1,0,0
-7100_4127,Stage 2,1.05,1
-7100_4127,Stage 3,2.5,3
-7100_4128,Stage 1,0,0
-7100_4128,Stage 2,1.56,1
-7100_4128,Stage 3,25.07,9
-7100_4129,Stage 1,0,0
-7100_4129,Stage 2,1.3900000000000001,2
-7100_4129,Stage 3,23.490000000000002,4
-7100_4130,Stage 1,0,0
-7100_4130,Stage 2,1.14,1
-7100_4130,Stage 3,15.09,2
-7100_4131,Stage 1,0,0
-7100_4131,Stage 2,1.62,2
-7100_4131,Stage 3,3.22,3
-7100_4132,Stage 1,2.0100000000000002,2
-7100_4132,Stage 2,4.66,3
-7100_4132,Stage 3,4.35,3
-7100_4133,Stage 1,4.359999999999999,2
-7100_4133,Stage 2,1.94,2
-7100_4133,Stage 3,2.1,1
-7100_4134,Stage 1,2.37,1
-7100_4134,Stage 2,0.25,1
-7100_4134,Stage 3,0,0
-7101_4078,Stage 1,0,0
-7101_4078,Stage 2,0,0
-7101_4078,Stage 3,1.01,1
-7101_4079,Stage 1,0,0
-7101_4079,Stage 2,0,0
-7101_4079,Stage 3,1.9900000000000002,2
-7101_4080,Stage 1,0,0
-7101_4080,Stage 2,0,0
-7101_4080,Stage 3,1.01,1
-7101_4081,Stage 1,0.18,1
-7101_4081,Stage 2,0.1,1
-7101_4081,Stage 3,0,0
-7101_4082,Stage 1,0,0
-7101_4082,Stage 2,0,0
-7101_4082,Stage 3,0,0
-7101_4083,Stage 1,0,0
-7101_4083,Stage 2,1.01,1
-7101_4083,Stage 3,0,0
-7101_4084,Stage 1,0,0
-7101_4084,Stage 2,1.34,1
-7101_4084,Stage 3,0,0
-7101_4085,Stage 1,0,0
-7101_4085,Stage 2,0,0
-7101_4085,Stage 3,0,0
-7101_4086,Stage 1,0,0
-7101_4086,Stage 2,0,0
-7101_4086,Stage 3,0,0
-7101_4087,Stage 1,0,0
-7101_4087,Stage 2,1.6800000000000002,3
-7101_4087,Stage 3,0.9,1
-7101_4088,Stage 1,1.39,1
-7101_4088,Stage 2,0,0
-7101_4088,Stage 3,0.92,1
-7101_4089,Stage 1,0,0
-7101_4089,Stage 2,1.45,1
-7101_4089,Stage 3,2.21,3
-7101_4090,Stage 1,0,0
-7101_4090,Stage 2,1.5,2
-7101_4090,Stage 3,15.09,3
-7101_4091,Stage 1,0,0
-7101_4091,Stage 2,2.19,1
-7101_4091,Stage 3,0.99,1
-7101_4092,Stage 1,2.5,1
-7101_4092,Stage 2,0,0
-7101_4092,Stage 3,0.84,1
-7101_4093,Stage 1,0.54,1
-7101_4093,Stage 2,0,0
-7101_4093,Stage 3,0.97,1
-7101_4094,Stage 1,1.64,1
-7101_4094,Stage 2,1.6700000000000002,1
-7101_4094,Stage 3,0.77,1
-7101_4095,Stage 1,0,0
-7101_4095,Stage 2,0,0
-7101_4095,Stage 3,16.25,8
-7101_4096,Stage 1,4.38,2
-7101_4096,Stage 2,0.79,1
-7101_4096,Stage 3,30.25,8
-7101_4097,Stage 1,3.78,2
-7101_4097,Stage 2,1.76,1
-7101_4097,Stage 3,20.17,7
-7101_4098,Stage 1,15.68,2
-7101_4098,Stage 2,3.85,3
-7101_4098,Stage 3,26.95,10
-7101_4099,Stage 1,4.2,2
-7101_4099,Stage 2,6.05,1
-7101_4099,Stage 3,21.56,8
-7101_4100,Stage 1,0,0
-7101_4100,Stage 2,2.75,1
-7101_4100,Stage 3,17.79,7
-7101_4101,Stage 1,0,0
-7101_4101,Stage 2,2.05,2
-7101_4101,Stage 3,27.74,8
-7101_4102,Stage 1,1.92,2
-7101_4102,Stage 2,2.76,2
-7101_4102,Stage 3,30.94,12
-7101_4103,Stage 1,0.35,1
-7101_4103,Stage 2,2.75,2
-7101_4103,Stage 3,40.6,13
-7101_4104,Stage 1,2.14,2
-7101_4104,Stage 2,2.34,1
-7101_4104,Stage 3,36.95,10
-7101_4105,Stage 1,0,0
-7101_4105,Stage 2,1,1
-7101_4105,Stage 3,18.04,8
-7101_4106,Stage 1,0,0
-7101_4106,Stage 2,0.88,1
-7101_4106,Stage 3,20.11,6
-7101_4107,Stage 1,0,0
-7101_4107,Stage 2,0,0
-7101_4107,Stage 3,26.54,10
-7101_4108,Stage 1,0,0
-7101_4108,Stage 2,1.2999999999999998,2
-7101_4108,Stage 3,28.02,10
-7101_4109,Stage 1,0,0
-7101_4109,Stage 2,0,0
-7101_4109,Stage 3,78.41,14
-7101_4110,Stage 1,0.1,1
-7101_4110,Stage 2,2.62,1
-7101_4110,Stage 3,61.95,11
-7101_4111,Stage 1,0,0
-7101_4111,Stage 2,1.01,1
-7101_4111,Stage 3,80.12,12
-7101_4112,Stage 1,0,0
-7101_4112,Stage 2,1.67,2
-7101_4112,Stage 3,91.76,14
-7101_4113,Stage 1,0,0
-7101_4113,Stage 2,2.07,1
-7101_4113,Stage 3,176.08,14
-7101_4114,Stage 1,0,0
-7101_4114,Stage 2,3.39,1
-7101_4114,Stage 3,121.88,16
-7101_4115,Stage 1,0,0
-7101_4115,Stage 2,4.75,1
-7101_4115,Stage 3,78.99,15
-7101_4116,Stage 1,0,0
-7101_4116,Stage 2,3.64,1
-7101_4116,Stage 3,49.08,16
-7101_4117,Stage 1,0,0
-7101_4117,Stage 2,1.81,1
-7101_4117,Stage 3,40.05,13
-7101_4118,Stage 1,0,0
-7101_4118,Stage 2,0,0
-7101_4118,Stage 3,65.04,14
-7101_4119,Stage 1,0,0
-7101_4119,Stage 2,7.5,2
-7101_4119,Stage 3,26.330000000000002,10
-7101_4120,Stage 1,0,0
-7101_4120,Stage 2,1.59,2
-7101_4120,Stage 3,37.31,14
-7101_4121,Stage 1,0.64,1
-7101_4121,Stage 2,2.19,2
-7101_4121,Stage 3,24.98,12
-7101_4122,Stage 1,2.18,1
-7101_4122,Stage 2,3.04,1
-7101_4122,Stage 3,15.86,8
-7101_4123,Stage 1,0,0
-7101_4123,Stage 2,1.13,1
-7101_4123,Stage 3,25.04,9
-7101_4124,Stage 1,0,0
-7101_4124,Stage 2,8.02,3
-7101_4124,Stage 3,17.93,7
-7101_4125,Stage 1,0,0
-7101_4125,Stage 2,7.09,6
-7101_4125,Stage 3,34.980000000000004,7
-7101_4126,Stage 1,0.63,1
-7101_4126,Stage 2,2.04,1
-7101_4126,Stage 3,16.18,11
-7101_4127,Stage 1,0,0
-7101_4127,Stage 2,3.15,2
-7101_4127,Stage 3,7.51,7
-7101_4128,Stage 1,0,0
-7101_4128,Stage 2,8.55,2
-7101_4128,Stage 3,7.99,3
-7101_4129,Stage 1,0,0
-7101_4129,Stage 2,2.46,2
-7101_4129,Stage 3,12.14,5
-7101_4130,Stage 1,0,0
-7101_4130,Stage 2,1.65,1
-7101_4130,Stage 3,18.95,2
-7101_4131,Stage 1,7.64,3
-7101_4131,Stage 2,2.44,2
-7101_4131,Stage 3,4.74,3
-7101_4132,Stage 1,4.99,2
-7101_4132,Stage 2,2.7800000000000002,4
-7101_4132,Stage 3,3.76,2
-7101_4133,Stage 1,0,0
-7101_4133,Stage 2,0,0
-7101_4133,Stage 3,5.470000000000001,1
-7101_4134,Stage 1,0,0
-7101_4134,Stage 2,0,0
-7101_4134,Stage 3,0.52,1
-7102_4078,Stage 1,0,0
-7102_4078,Stage 2,0,0
-7102_4078,Stage 3,0.99,1
-7102_4079,Stage 1,0,0
-7102_4079,Stage 2,0,0
-7102_4079,Stage 3,0.98,1
-7102_4080,Stage 1,0,0
-7102_4080,Stage 2,0,0
-7102_4080,Stage 3,0,0
-7102_4081,Stage 1,0.93,1
-7102_4081,Stage 2,0,0
-7102_4081,Stage 3,1.01,1
-7102_4082,Stage 1,0,0
-7102_4082,Stage 2,0,0
-7102_4082,Stage 3,0,0
-7102_4083,Stage 1,0,0
-7102_4083,Stage 2,0,0
-7102_4083,Stage 3,0.78,1
-7102_4084,Stage 1,0.99,1
-7102_4084,Stage 2,0,0
-7102_4084,Stage 3,0,0
-7102_4085,Stage 1,0,0
-7102_4085,Stage 2,6.23,1
-7102_4085,Stage 3,0,0
-7102_4086,Stage 1,0,0
-7102_4086,Stage 2,2.05,1
-7102_4086,Stage 3,1.02,1
-7102_4087,Stage 1,0,0
-7102_4087,Stage 2,1.42,1
-7102_4087,Stage 3,0,0
-7102_4088,Stage 1,3.19,1
-7102_4088,Stage 2,0,0
-7102_4088,Stage 3,2.1399999999999997,2
-7102_4089,Stage 1,0,0
-7102_4089,Stage 2,0,0
-7102_4089,Stage 3,2.05,2
-7102_4090,Stage 1,0,0
-7102_4090,Stage 2,0,0
-7102_4090,Stage 3,0,0
-7102_4091,Stage 1,1.8900000000000001,2
-7102_4091,Stage 2,0,0
-7102_4091,Stage 3,1.12,1
-7102_4092,Stage 1,0,0
-7102_4092,Stage 2,4.23,1
-7102_4092,Stage 3,2.01,2
-7102_4093,Stage 1,0,0
-7102_4093,Stage 2,0,0
-7102_4093,Stage 3,10.739999999999998,1
-7102_4094,Stage 1,0,0
-7102_4094,Stage 2,0,0
-7102_4094,Stage 3,3.44,3
-7102_4095,Stage 1,0,0
-7102_4095,Stage 2,1.1,1
-7102_4095,Stage 3,12.15,8
-7102_4096,Stage 1,25.15,2
-7102_4096,Stage 2,0.66,1
-7102_4096,Stage 3,17.9,7
-7102_4097,Stage 1,6.45,2
-7102_4097,Stage 2,2.21,1
-7102_4097,Stage 3,20.51,9
-7102_4098,Stage 1,0.78,1
-7102_4098,Stage 2,0.82,1
-7102_4098,Stage 3,22.08,8
-7102_4099,Stage 1,0.81,1
-7102_4099,Stage 2,0,0
-7102_4099,Stage 3,20.43,11
-7102_4100,Stage 1,2.89,1
-7102_4100,Stage 2,2.88,1
-7102_4100,Stage 3,37.07,10
-7102_4101,Stage 1,0,0
-7102_4101,Stage 2,14.23,2
-7102_4101,Stage 3,60.37,11
-7102_4102,Stage 1,7,1
-7102_4102,Stage 2,9.95,1
-7102_4102,Stage 3,62.99,11
-7102_4103,Stage 1,10.83,1
-7102_4103,Stage 2,2.18,1
-7102_4103,Stage 3,27.990000000000002,8
-7102_4104,Stage 1,4.17,1
-7102_4104,Stage 2,4.59,2
-7102_4104,Stage 3,41.28,11
-7102_4105,Stage 1,4.24,2
-7102_4105,Stage 2,1.57,1
-7102_4105,Stage 3,21,9
-7102_4106,Stage 1,0,0
-7102_4106,Stage 2,2.4,1
-7102_4106,Stage 3,19.48,7
-7102_4107,Stage 1,0,0
-7102_4107,Stage 2,1.25,1
-7102_4107,Stage 3,28.22,8
-7102_4108,Stage 1,0,0
-7102_4108,Stage 2,2.07,2
-7102_4108,Stage 3,38.76,11
-7102_4109,Stage 1,0,0
-7102_4109,Stage 2,2.13,1
-7102_4109,Stage 3,71.53,14
-7102_4110,Stage 1,0,0
-7102_4110,Stage 2,0.63,1
-7102_4110,Stage 3,60.39,11
-7102_4111,Stage 1,0,0
-7102_4111,Stage 2,1.15,1
-7102_4111,Stage 3,72.43,13
-7102_4112,Stage 1,0,0
-7102_4112,Stage 2,2.25,1
-7102_4112,Stage 3,103.47,11
-7102_4113,Stage 1,0,0
-7102_4113,Stage 2,1.7999999999999998,1
-7102_4113,Stage 3,131.58,17
-7102_4114,Stage 1,0,0
-7102_4114,Stage 2,6.8100000000000005,2
-7102_4114,Stage 3,121.28,17
-7102_4115,Stage 1,0,0
-7102_4115,Stage 2,1.26,1
-7102_4115,Stage 3,67.42,15
-7102_4116,Stage 1,0,0
-7102_4116,Stage 2,4.75,1
-7102_4116,Stage 3,36.48,9
-7102_4117,Stage 1,0,0
-7102_4117,Stage 2,0,0
-7102_4117,Stage 3,38.93,13
-7102_4118,Stage 1,0,0
-7102_4118,Stage 2,0.71,1
-7102_4118,Stage 3,38.61,9
-7102_4119,Stage 1,0,0
-7102_4119,Stage 2,5.47,2
-7102_4119,Stage 3,52.49,10
-7102_4120,Stage 1,0,1
-7102_4120,Stage 2,4.6899999999999995,3
-7102_4120,Stage 3,27.47,11
-7102_4121,Stage 1,0,0
-7102_4121,Stage 2,4.07,1
-7102_4121,Stage 3,27.46,12
-7102_4122,Stage 1,0,0
-7102_4122,Stage 2,1.2,1
-7102_4122,Stage 3,39.07,12
-7102_4123,Stage 1,0,0
-7102_4123,Stage 2,13.12,2
-7102_4123,Stage 3,24.64,11
-7102_4124,Stage 1,0.88,1
-7102_4124,Stage 2,8.16,3
-7102_4124,Stage 3,9.03,8
-7102_4125,Stage 1,0,0
-7102_4125,Stage 2,14.13,6
-7102_4125,Stage 3,14.93,7
-7102_4126,Stage 1,0,0
-7102_4126,Stage 2,1.65,2
-7102_4126,Stage 3,16,8
-7102_4127,Stage 1,0,0
-7102_4127,Stage 2,1.1300000000000001,2
-7102_4127,Stage 3,8.06,5
-7102_4128,Stage 1,0,0
-7102_4128,Stage 2,4.79,3
-7102_4128,Stage 3,3.28,2
-7102_4129,Stage 1,0,0
-7102_4129,Stage 2,2.51,2
-7102_4129,Stage 3,9.540000000000001,7
-7102_4130,Stage 1,1.4500000000000002,1
-7102_4130,Stage 2,0.98,1
-7102_4130,Stage 3,1.45,3
-7102_4131,Stage 1,0,0
-7102_4131,Stage 2,2.16,1
-7102_4131,Stage 3,11.809999999999999,2
-7102_4132,Stage 1,0,0
-7102_4132,Stage 2,8.78,3
-7102_4132,Stage 3,15.489999999999998,4
-7102_4133,Stage 1,16.71,1
-7102_4133,Stage 2,0.74,1
-7102_4133,Stage 3,1.68,3
-7102_4134,Stage 1,0.34,1
-7102_4134,Stage 2,0,0
-7102_4134,Stage 3,0.26,1
-7103_4078,Stage 1,0,0
-7103_4078,Stage 2,0,0
-7103_4078,Stage 3,0,0
-7103_4079,Stage 1,0,0
-7103_4079,Stage 2,0,0
-7103_4079,Stage 3,0.94,1
-7103_4080,Stage 1,0.9,1
-7103_4080,Stage 2,0,0
-7103_4080,Stage 3,2,1
-7103_4081,Stage 1,0,0
-7103_4081,Stage 2,0,0
-7103_4081,Stage 3,0.86,1
-7103_4082,Stage 1,0,0
-7103_4082,Stage 2,1.15,1
-7103_4082,Stage 3,0,0
-7103_4083,Stage 1,0.26,1
-7103_4083,Stage 2,0,0
-7103_4083,Stage 3,0,0
-7103_4084,Stage 1,0,0
-7103_4084,Stage 2,0,0
-7103_4084,Stage 3,0,0
-7103_4085,Stage 1,0,0
-7103_4085,Stage 2,0,0
-7103_4085,Stage 3,0,0
-7103_4086,Stage 1,0,0
-7103_4086,Stage 2,0.97,1
-7103_4086,Stage 3,1.05,1
-7103_4087,Stage 1,0,0
-7103_4087,Stage 2,0,0
-7103_4087,Stage 3,0,0
-7103_4088,Stage 1,0,0
-7103_4088,Stage 2,0,0
-7103_4088,Stage 3,0,0
-7103_4089,Stage 1,0,0
-7103_4089,Stage 2,0,0
-7103_4089,Stage 3,0,0
-7103_4090,Stage 1,0,0
-7103_4090,Stage 2,0.84,1
-7103_4090,Stage 3,0.82,1
-7103_4091,Stage 1,0.69,1
-7103_4091,Stage 2,0,0
-7103_4091,Stage 3,0.42,1
-7103_4092,Stage 1,0,0
-7103_4092,Stage 2,6.62,1
-7103_4092,Stage 3,12.31,7
-7103_4093,Stage 1,0,0
-7103_4093,Stage 2,2.02,1
-7103_4093,Stage 3,9.22,3
-7103_4094,Stage 1,1.52,1
-7103_4094,Stage 2,1.02,1
-7103_4094,Stage 3,7.94,3
-7103_4095,Stage 1,0,0
-7103_4095,Stage 2,1.9699999999999998,2
-7103_4095,Stage 3,28,9
-7103_4096,Stage 1,5.99,3
-7103_4096,Stage 2,14.05,2
-7103_4096,Stage 3,9.42,9
-7103_4097,Stage 1,9.63,2
-7103_4097,Stage 2,1.06,1
-7103_4097,Stage 3,30.78,10
-7103_4098,Stage 1,8.25,2
-7103_4098,Stage 2,0,0
-7103_4098,Stage 3,33.34,9
-7103_4099,Stage 1,1.75,1
-7103_4099,Stage 2,0.96,1
-7103_4099,Stage 3,13.53,7
-7103_4100,Stage 1,0,0
-7103_4100,Stage 2,1.44,2
-7103_4100,Stage 3,57.8,11
-7103_4101,Stage 1,0,0
-7103_4101,Stage 2,1.33,2
-7103_4101,Stage 3,57.99,11
-7103_4102,Stage 1,7.38,1
-7103_4102,Stage 2,6.17,2
-7103_4102,Stage 3,38.49,12
-7103_4103,Stage 1,6.3500000000000005,1
-7103_4103,Stage 2,3.56,2
-7103_4103,Stage 3,30.849999999999998,9
-7103_4104,Stage 1,0.29,1
-7103_4104,Stage 2,0,0
-7103_4104,Stage 3,37.51,9
-7103_4105,Stage 1,0,0
-7103_4105,Stage 2,1.03,1
-7103_4105,Stage 3,26.66,11
-7103_4106,Stage 1,0,0
-7103_4106,Stage 2,0.93,1
-7103_4106,Stage 3,16.77,7
-7103_4107,Stage 1,0,0
-7103_4107,Stage 2,0.86,1
-7103_4107,Stage 3,33.57,10
-7103_4108,Stage 1,0,0
-7103_4108,Stage 2,1.06,1
-7103_4108,Stage 3,68.28,13
-7103_4109,Stage 1,0,0
-7103_4109,Stage 2,6.45,2
-7103_4109,Stage 3,87.3,13
-7103_4110,Stage 1,0,0
-7103_4110,Stage 2,7.9,1
-7103_4110,Stage 3,72.92,13
-7103_4111,Stage 1,0,0
-7103_4111,Stage 2,4.45,2
-7103_4111,Stage 3,49.839999999999996,11
-7103_4112,Stage 1,0,0
-7103_4112,Stage 2,5.69,1
-7103_4112,Stage 3,63.58,13
-7103_4113,Stage 1,0,0
-7103_4113,Stage 2,8.46,1
-7103_4113,Stage 3,54.85,13
-7103_4114,Stage 1,0,0
-7103_4114,Stage 2,2.8600000000000003,1
-7103_4114,Stage 3,58.46,14
-7103_4115,Stage 1,4.83,1
-7103_4115,Stage 2,1.58,1
-7103_4115,Stage 3,37.95,11
-7103_4116,Stage 1,0,0
-7103_4116,Stage 2,3.26,1
-7103_4116,Stage 3,54.7,10
-7103_4117,Stage 1,0,0
-7103_4117,Stage 2,2.34,1
-7103_4117,Stage 3,58.74,15
-7103_4118,Stage 1,0,0
-7103_4118,Stage 2,1.3900000000000001,1
-7103_4118,Stage 3,62.22,11
-7103_4119,Stage 1,0.69,1
-7103_4119,Stage 2,3.42,2
-7103_4119,Stage 3,45.18,14
-7103_4120,Stage 1,0.78,1
-7103_4120,Stage 2,7.94,2
-7103_4120,Stage 3,44.56,13
-7103_4121,Stage 1,0,0
-7103_4121,Stage 2,12.46,2
-7103_4121,Stage 3,40.63,13
-7103_4122,Stage 1,0.91,1
-7103_4122,Stage 2,0.89,1
-7103_4122,Stage 3,50.43,11
-7103_4123,Stage 1,0,0
-7103_4123,Stage 2,7.33,2
-7103_4123,Stage 3,24.64,11
-7103_4124,Stage 1,0.8,1
-7103_4124,Stage 2,6.72,5
-7103_4124,Stage 3,14.05,4
-7103_4125,Stage 1,0,0
-7103_4125,Stage 2,2,2
-7103_4125,Stage 3,10.02,6
-7103_4126,Stage 1,0.77,1
-7103_4126,Stage 2,15.62,5
-7103_4126,Stage 3,54.54,11
-7103_4127,Stage 1,0,0
-7103_4127,Stage 2,3.79,4
-7103_4127,Stage 3,12.42,6
-7103_4128,Stage 1,0,0
-7103_4128,Stage 2,3.3600000000000003,2
-7103_4128,Stage 3,7.02,5
-7103_4129,Stage 1,0.29,1
-7103_4129,Stage 2,0.16,1
-7103_4129,Stage 3,1.17,2
-7103_4130,Stage 1,0,0
-7103_4130,Stage 2,3.41,2
-7103_4130,Stage 3,1.23,1
-7103_4131,Stage 1,2.77,2
-7103_4131,Stage 2,1.93,2
-7103_4131,Stage 3,7.41,4
-7103_4132,Stage 1,1.07,2
-7103_4132,Stage 2,13.02,4
-7103_4132,Stage 3,17.45,5
-7103_4133,Stage 1,0,0
-7103_4133,Stage 2,0,0
-7103_4133,Stage 3,6.5200000000000005,2
-7103_4134,Stage 1,0,0
-7103_4134,Stage 2,0,0
-7103_4134,Stage 3,6.72,1
-7103_4135,Stage 1,0,0
-7103_4135,Stage 2,0,0
-7103_4135,Stage 3,0,0
-7104_4078,Stage 1,0,0
-7104_4078,Stage 2,0,0
-7104_4078,Stage 3,0,0
-7104_4079,Stage 1,0,0
-7104_4079,Stage 2,0,0
-7104_4079,Stage 3,0.99,1
-7104_4080,Stage 1,0,0
-7104_4080,Stage 2,4.18,1
-7104_4080,Stage 3,0.99,1
-7104_4081,Stage 1,1.58,1
-7104_4081,Stage 2,0,0
-7104_4081,Stage 3,0.47,1
-7104_4082,Stage 1,0,0
-7104_4082,Stage 2,0,0
-7104_4082,Stage 3,1.12,1
-7104_4083,Stage 1,0,0
-7104_4083,Stage 2,0,0
-7104_4083,Stage 3,1,1
-7104_4084,Stage 1,0,0
-7104_4084,Stage 2,0,0
-7104_4084,Stage 3,0.33,1
-7104_4085,Stage 1,0,0
-7104_4085,Stage 2,0,0
-7104_4085,Stage 3,0.42,1
-7104_4086,Stage 1,0,0
-7104_4086,Stage 2,4.62,1
-7104_4086,Stage 3,1.18,1
-7104_4087,Stage 1,0,0
-7104_4087,Stage 2,0,0
-7104_4087,Stage 3,1.03,1
-7104_4088,Stage 1,0,0
-7104_4088,Stage 2,0,0
-7104_4088,Stage 3,1.11,1
-7104_4089,Stage 1,0,0
-7104_4089,Stage 2,0,0
-7104_4089,Stage 3,0,0
-7104_4090,Stage 1,0,0
-7104_4090,Stage 2,0,0
-7104_4090,Stage 3,2.06,2
-7104_4091,Stage 1,9.23,1
-7104_4091,Stage 2,1.34,2
-7104_4091,Stage 3,4.47,3
-7104_4092,Stage 1,0,0
-7104_4092,Stage 2,0,0
-7104_4092,Stage 3,8.82,3
-7104_4093,Stage 1,0,0
-7104_4093,Stage 2,0,0
-7104_4093,Stage 3,6.22,5
-7104_4094,Stage 1,7.82,1
-7104_4094,Stage 2,4.02,1
-7104_4094,Stage 3,12.46,4
-7104_4095,Stage 1,0,0
-7104_4095,Stage 2,3.76,2
-7104_4095,Stage 3,16.94,6
-7104_4096,Stage 1,2.7,1
-7104_4096,Stage 2,3.81,1
-7104_4096,Stage 3,8.7,5
-7104_4097,Stage 1,3.17,2
-7104_4097,Stage 2,1,1
-7104_4097,Stage 3,29.38,9
-7104_4098,Stage 1,0,0
-7104_4098,Stage 2,0.69,1
-7104_4098,Stage 3,27.37,8
-7104_4099,Stage 1,0,0
-7104_4099,Stage 2,0.26,1
-7104_4099,Stage 3,12.98,5
-7104_4100,Stage 1,0,0
-7104_4100,Stage 2,1.96,2
-7104_4100,Stage 3,39.53,12
-7104_4101,Stage 1,0,0
-7104_4101,Stage 2,8.13,2
-7104_4101,Stage 3,57.86,11
-7104_4102,Stage 1,9.65,1
-7104_4102,Stage 2,3.21,1
-7104_4102,Stage 3,45.28,11
-7104_4103,Stage 1,14.45,1
-7104_4103,Stage 2,2.02,1
-7104_4103,Stage 3,39.9,9
-7104_4104,Stage 1,0.74,1
-7104_4104,Stage 2,2.27,1
-7104_4104,Stage 3,56.9,9
-7104_4105,Stage 1,0,0
-7104_4105,Stage 2,1.18,1
-7104_4105,Stage 3,34.839999999999996,12
-7104_4106,Stage 1,0,0
-7104_4106,Stage 2,0,0
-7104_4106,Stage 3,10.39,6
-7104_4107,Stage 1,0,0
-7104_4107,Stage 2,0.96,1
-7104_4107,Stage 3,41.44,10
-7104_4108,Stage 1,0,0
-7104_4108,Stage 2,0.91,1
-7104_4108,Stage 3,81.38,13
-7104_4109,Stage 1,0,0
-7104_4109,Stage 2,0,0
-7104_4109,Stage 3,123.57,13
-7104_4110,Stage 1,0,0
-7104_4110,Stage 2,3.59,2
-7104_4110,Stage 3,99.17,11
-7104_4111,Stage 1,0,0
-7104_4111,Stage 2,2,1
-7104_4111,Stage 3,20.9,10
-7104_4112,Stage 1,0,0
-7104_4112,Stage 2,5.909999999999999,2
-7104_4112,Stage 3,67.16,16
-7104_4113,Stage 1,0,0
-7104_4113,Stage 2,7.7299999999999995,1
-7104_4113,Stage 3,68.55,14
-7104_4114,Stage 1,0,0
-7104_4114,Stage 2,6.14,1
-7104_4114,Stage 3,81.18,14
-7104_4115,Stage 1,0,0
-7104_4115,Stage 2,2,1
-7104_4115,Stage 3,65.07,14
-7104_4116,Stage 1,3.68,1
-7104_4116,Stage 2,4.51,1
-7104_4116,Stage 3,41.02,13
-7104_4117,Stage 1,0,0
-7104_4117,Stage 2,4.45,1
-7104_4117,Stage 3,65.38,13
-7104_4118,Stage 1,0,0
-7104_4118,Stage 2,5.97,2
-7104_4118,Stage 3,51.2,10
-7104_4119,Stage 1,0,0
-7104_4119,Stage 2,11,2
-7104_4119,Stage 3,48.84,14
-7104_4120,Stage 1,0,0
-7104_4120,Stage 2,6.14,3
-7104_4120,Stage 3,52.86,16
-7104_4121,Stage 1,0,0
-7104_4121,Stage 2,12.95,1
-7104_4121,Stage 3,57.73,14
-7104_4122,Stage 1,0,0
-7104_4122,Stage 2,11.26,3
-7104_4122,Stage 3,94.41,13
-7104_4123,Stage 1,2.37,1
-7104_4123,Stage 2,3.74,2
-7104_4123,Stage 3,41.64,13
-7104_4124,Stage 1,5.5,1
-7104_4124,Stage 2,5.33,2
-7104_4124,Stage 3,23.81,7
-7104_4125,Stage 1,0.34,1
-7104_4125,Stage 2,9.03,7
-7104_4125,Stage 3,32.22,12
-7104_4126,Stage 1,0,0
-7104_4126,Stage 2,2.9000000000000004,3
-7104_4126,Stage 3,17.88,10
-7104_4127,Stage 1,0,0
-7104_4127,Stage 2,2.73,2
-7104_4127,Stage 3,12.9,6
-7104_4128,Stage 1,0,0
-7104_4128,Stage 2,6.02,2
-7104_4128,Stage 3,4.38,4
-7104_4129,Stage 1,0.6,1
-7104_4129,Stage 2,2.6,3
-7104_4129,Stage 3,6.22,3
-7104_4130,Stage 1,0,0
-7104_4130,Stage 2,0,0
-7104_4130,Stage 3,5.34,4
-7104_4131,Stage 1,0,0
-7104_4131,Stage 2,0.1,1
-7104_4131,Stage 3,6.35,4
-7104_4132,Stage 1,0.97,1
-7104_4132,Stage 2,7.83,3
-7104_4132,Stage 3,12.81,3
-7104_4133,Stage 1,0.85,1
-7104_4133,Stage 2,0,0
-7104_4133,Stage 3,1.92,2
-7104_4134,Stage 1,0,0
-7104_4134,Stage 2,0.34,1
-7104_4134,Stage 3,0.8,2
-7104_4135,Stage 1,0,0
-7104_4135,Stage 2,0,0
-7104_4135,Stage 3,0,0
-7105_4078,Stage 1,0,0
-7105_4078,Stage 2,0,0
-7105_4078,Stage 3,4.21,1
-7105_4079,Stage 1,0,0
-7105_4079,Stage 2,0,0
-7105_4079,Stage 3,0.12,1
-7105_4080,Stage 1,0,0
-7105_4080,Stage 2,0,0
-7105_4080,Stage 3,0.3,1
-7105_4081,Stage 1,0,0
-7105_4081,Stage 2,0,0
-7105_4081,Stage 3,0.8,1
-7105_4082,Stage 1,0,0
-7105_4082,Stage 2,0.73,1
-7105_4082,Stage 3,0,0
-7105_4083,Stage 1,0.92,1
-7105_4083,Stage 2,0,0
-7105_4083,Stage 3,0,0
-7105_4084,Stage 1,0.29,1
-7105_4084,Stage 2,0,0
-7105_4084,Stage 3,0,0
-7105_4085,Stage 1,0,0
-7105_4085,Stage 2,1.15,1
-7105_4085,Stage 3,1.1800000000000002,2
-7105_4086,Stage 1,0,0
-7105_4086,Stage 2,0,0
-7105_4086,Stage 3,0,0
-7105_4087,Stage 1,0,0
-7105_4087,Stage 2,0,0
-7105_4087,Stage 3,10.41,5
-7105_4088,Stage 1,0,0
-7105_4088,Stage 2,1.59,1
-7105_4088,Stage 3,0.99,1
-7105_4089,Stage 1,0,0
-7105_4089,Stage 2,0,0
-7105_4089,Stage 3,2.7800000000000002,3
-7105_4090,Stage 1,0,0
-7105_4090,Stage 2,1.99,1
-7105_4090,Stage 3,5.89,3
-7105_4091,Stage 1,2.42,2
-7105_4091,Stage 2,0.56,1
-7105_4091,Stage 3,12.299999999999999,3
-7105_4092,Stage 1,0,0
-7105_4092,Stage 2,0,0
-7105_4092,Stage 3,1.97,1
-7105_4093,Stage 1,1.65,2
-7105_4093,Stage 2,0,0
-7105_4093,Stage 3,2.5500000000000003,2
-7105_4094,Stage 1,0.16,1
-7105_4094,Stage 2,13.93,1
-7105_4094,Stage 3,12.38,4
-7105_4095,Stage 1,0.68,1
-7105_4095,Stage 2,5.33,2
-7105_4095,Stage 3,20.63,8
-7105_4096,Stage 1,2.8600000000000003,2
-7105_4096,Stage 2,3.84,1
-7105_4096,Stage 3,13.16,7
-7105_4097,Stage 1,1.12,1
-7105_4097,Stage 2,0.76,1
-7105_4097,Stage 3,28.759999999999998,9
-7105_4098,Stage 1,1.46,2
-7105_4098,Stage 2,0,0
-7105_4098,Stage 3,32.47,9
-7105_4099,Stage 1,0,0
-7105_4099,Stage 2,0.78,1
-7105_4099,Stage 3,27.77,9
-7105_4100,Stage 1,2.27,1
-7105_4100,Stage 2,0,0
-7105_4100,Stage 3,30.91,7
-7105_4101,Stage 1,0,0
-7105_4101,Stage 2,0,0
-7105_4101,Stage 3,37.02,9
-7105_4102,Stage 1,7.49,1
-7105_4102,Stage 2,1.8,1
-7105_4102,Stage 3,50.8,9
-7105_4103,Stage 1,1.25,1
-7105_4103,Stage 2,0,0
-7105_4103,Stage 3,49.019999999999996,12
-7105_4104,Stage 1,0,0
-7105_4104,Stage 2,1.02,1
-7105_4104,Stage 3,76.04,11
-7105_4105,Stage 1,0,0
-7105_4105,Stage 2,0,0
-7105_4105,Stage 3,35.08,9
-7105_4106,Stage 1,0,0
-7105_4106,Stage 2,0,0
-7105_4106,Stage 3,18.54,6
-7105_4107,Stage 1,0,0
-7105_4107,Stage 2,2.7800000000000002,1
-7105_4107,Stage 3,22.18,9
-7105_4108,Stage 1,0,0
-7105_4108,Stage 2,1.61,1
-7105_4108,Stage 3,81.11,10
-7105_4109,Stage 1,0,0
-7105_4109,Stage 2,3.37,1
-7105_4109,Stage 3,88.51,13
-7105_4110,Stage 1,0.28,1
-7105_4110,Stage 2,6.11,1
-7105_4110,Stage 3,76.01,12
-7105_4111,Stage 1,0,0
-7105_4111,Stage 2,1.8299999999999998,1
-7105_4111,Stage 3,61.23,9
-7105_4112,Stage 1,0,0
-7105_4112,Stage 2,4.3,1
-7105_4112,Stage 3,120.56,13
-7105_4113,Stage 1,0,0
-7105_4113,Stage 2,6.77,1
-7105_4113,Stage 3,254.24,15
-7105_4114,Stage 1,0,0
-7105_4114,Stage 2,4.95,1
-7105_4114,Stage 3,265.56,13
-7105_4115,Stage 1,0,0
-7105_4115,Stage 2,6.0200000000000005,1
-7105_4115,Stage 3,204,16
-7105_4116,Stage 1,0,0
-7105_4116,Stage 2,7.130000000000001,1
-7105_4116,Stage 3,64.4,13
-7105_4117,Stage 1,0,0
-7105_4117,Stage 2,3.05,1
-7105_4117,Stage 3,58.2,15
-7105_4118,Stage 1,0,0
-7105_4118,Stage 2,3.17,1
-7105_4118,Stage 3,91.33,13
-7105_4119,Stage 1,0,0
-7105_4119,Stage 2,3.46,1
-7105_4119,Stage 3,85.94,14
-7105_4120,Stage 1,0,0
-7105_4120,Stage 2,0,0
-7105_4120,Stage 3,49.89,15
-7105_4121,Stage 1,0,0
-7105_4121,Stage 2,9.68,1
-7105_4121,Stage 3,54.089999999999996,13
-7105_4122,Stage 1,1.08,1
-7105_4122,Stage 2,5.59,2
-7105_4122,Stage 3,108.94,14
-7105_4123,Stage 1,0.86,1
-7105_4123,Stage 2,2.9000000000000004,2
-7105_4123,Stage 3,73.2,13
-7105_4124,Stage 1,0,0
-7105_4124,Stage 2,12.040000000000001,5
-7105_4124,Stage 3,63.379999999999995,11
-7105_4125,Stage 1,0,0
-7105_4125,Stage 2,10.79,6
-7105_4125,Stage 3,37.04,16
-7105_4126,Stage 1,0.61,1
-7105_4126,Stage 2,2.66,3
-7105_4126,Stage 3,9.86,6
-7105_4127,Stage 1,0,0
-7105_4127,Stage 2,5.86,3
-7105_4127,Stage 3,8.24,3
-7105_4128,Stage 1,0,0
-7105_4128,Stage 2,1.36,2
-7105_4128,Stage 3,10.95,4
-7105_4129,Stage 1,0,0
-7105_4129,Stage 2,2.81,3
-7105_4129,Stage 3,2.91,3
-7105_4130,Stage 1,0,0
-7105_4130,Stage 2,1.35,1
-7105_4130,Stage 3,5.67,6
-7105_4131,Stage 1,1.88,1
-7105_4131,Stage 2,6.640000000000001,5
-7105_4131,Stage 3,6.03,4
-7105_4132,Stage 1,0.32,1
-7105_4132,Stage 2,2.46,2
-7105_4132,Stage 3,11.46,5
-7105_4133,Stage 1,1.19,1
-7105_4133,Stage 2,0,0
-7105_4133,Stage 3,1.9,2
-7105_4134,Stage 1,0,0
-7105_4134,Stage 2,0,0
-7105_4134,Stage 3,4.09,1
-7105_4135,Stage 1,0,0
-7105_4135,Stage 2,0,0
-7105_4135,Stage 3,11.67,1
-7106_4078,Stage 1,0,0
-7106_4078,Stage 2,0,0
-7106_4078,Stage 3,1,1
-7106_4079,Stage 1,0,0
-7106_4079,Stage 2,0,0
-7106_4079,Stage 3,0,0
-7106_4080,Stage 1,1.07,1
-7106_4080,Stage 2,0,0
-7106_4080,Stage 3,0.29,1
-7106_4081,Stage 1,0.27,1
-7106_4081,Stage 2,0,0
-7106_4081,Stage 3,0.21,1
-7106_4082,Stage 1,0,0
-7106_4082,Stage 2,0,0
-7106_4082,Stage 3,0,0
-7106_4083,Stage 1,0,0
-7106_4083,Stage 2,0,0
-7106_4083,Stage 3,0,0
-7106_4084,Stage 1,0,0
-7106_4084,Stage 2,9.75,1
-7106_4084,Stage 3,1.9100000000000001,2
-7106_4085,Stage 1,0,0
-7106_4085,Stage 2,2.68,1
-7106_4085,Stage 3,1.33,1
-7106_4086,Stage 1,0,0
-7106_4086,Stage 2,0,0
-7106_4086,Stage 3,1.7999999999999998,2
-7106_4087,Stage 1,0,0
-7106_4087,Stage 2,0.95,1
-7106_4087,Stage 3,1.7000000000000002,2
-7106_4088,Stage 1,0,0
-7106_4088,Stage 2,0,0
-7106_4088,Stage 3,1.15,1
-7106_4089,Stage 1,0,0
-7106_4089,Stage 2,1.01,1
-7106_4089,Stage 3,0,0
-7106_4090,Stage 1,1.62,1
-7106_4090,Stage 2,1.5499999999999998,2
-7106_4090,Stage 3,8.39,5
-7106_4091,Stage 1,0,0
-7106_4091,Stage 2,0.96,1
-7106_4091,Stage 3,11.97,2
-7106_4092,Stage 1,17.39,1
-7106_4092,Stage 2,0.31,1
-7106_4092,Stage 3,2.65,2
-7106_4093,Stage 1,0,0
-7106_4093,Stage 2,2.86,1
-7106_4093,Stage 3,6.32,5
-7106_4094,Stage 1,8.06,3
-7106_4094,Stage 2,11.27,1
-7106_4094,Stage 3,4.23,6
-7106_4095,Stage 1,1.5,1
-7106_4095,Stage 2,6.02,2
-7106_4095,Stage 3,24.48,7
-7106_4096,Stage 1,0,0
-7106_4096,Stage 2,8.6,2
-7106_4096,Stage 3,15.07,8
-7106_4097,Stage 1,1.06,1
-7106_4097,Stage 2,4.5,3
-7106_4097,Stage 3,39.52,6
-7106_4098,Stage 1,0,0
-7106_4098,Stage 2,4.6,2
-7106_4098,Stage 3,16.2,6
-7106_4099,Stage 1,0,0
-7106_4099,Stage 2,2.71,1
-7106_4099,Stage 3,30.55,9
-7106_4100,Stage 1,0.69,2
-7106_4100,Stage 2,1.12,1
-7106_4100,Stage 3,59.92,11
-7106_4101,Stage 1,0,0
-7106_4101,Stage 2,0,0
-7106_4101,Stage 3,43.21,13
-7106_4102,Stage 1,1.15,1
-7106_4102,Stage 2,5.8999999999999995,2
-7106_4102,Stage 3,45.92,9
-7106_4103,Stage 1,4.41,1
-7106_4103,Stage 2,0,0
-7106_4103,Stage 3,42.23,8
-7106_4104,Stage 1,1.48,2
-7106_4104,Stage 2,0,0
-7106_4104,Stage 3,62.2,9
-7106_4105,Stage 1,0.74,1
-7106_4105,Stage 2,0.69,1
-7106_4105,Stage 3,28.310000000000002,13
-7106_4106,Stage 1,0,0
-7106_4106,Stage 2,0,0
-7106_4106,Stage 3,24.73,8
-7106_4107,Stage 1,0,0
-7106_4107,Stage 2,0.81,1
-7106_4107,Stage 3,19.93,8
-7106_4108,Stage 1,1.82,1
-7106_4108,Stage 2,2.95,1
-7106_4108,Stage 3,57.35,12
-7106_4109,Stage 1,0,0
-7106_4109,Stage 2,0.94,1
-7106_4109,Stage 3,56.52,12
-7106_4110,Stage 1,0,0
-7106_4110,Stage 2,0.98,1
-7106_4110,Stage 3,60.8,10
-7106_4111,Stage 1,0,0
-7106_4111,Stage 2,4.97,1
-7106_4111,Stage 3,25.59,6
-7106_4112,Stage 1,0,0
-7106_4112,Stage 2,11.450000000000001,1
-7106_4112,Stage 3,110.53,14
-7106_4113,Stage 1,0,0
-7106_4113,Stage 2,10.99,1
-7106_4113,Stage 3,615.7,15
-7106_4114,Stage 1,0,0
-7106_4114,Stage 2,10.48,1
-7106_4114,Stage 3,385,15
-7106_4115,Stage 1,0,0
-7106_4115,Stage 2,2.88,1
-7106_4115,Stage 3,240.39,17
-7106_4116,Stage 1,0,0
-7106_4116,Stage 2,2.03,1
-7106_4116,Stage 3,43.76,12
-7106_4117,Stage 1,0,0
-7106_4117,Stage 2,0.61,1
-7106_4117,Stage 3,45.82,11
-7106_4118,Stage 1,0,0
-7106_4118,Stage 2,2.14,1
-7106_4118,Stage 3,122.1,13
-7106_4119,Stage 1,0,0
-7106_4119,Stage 2,3.9400000000000004,2
-7106_4119,Stage 3,68.72,13
-7106_4120,Stage 1,0,0
-7106_4120,Stage 2,3.16,1
-7106_4120,Stage 3,47.87,15
-7106_4121,Stage 1,0,0
-7106_4121,Stage 2,11.88,1
-7106_4121,Stage 3,35.16,7
-7106_4122,Stage 1,0,0
-7106_4122,Stage 2,1.8199999999999998,1
-7106_4122,Stage 3,133.64,9
-7106_4123,Stage 1,0.28,1
-7106_4123,Stage 2,6.96,1
-7106_4123,Stage 3,62.5,12
-7106_4124,Stage 1,4.43,2
-7106_4124,Stage 2,14.94,4
-7106_4124,Stage 3,53.07,12
-7106_4125,Stage 1,2.29,1
-7106_4125,Stage 2,4.25,3
-7106_4125,Stage 3,52.45,16
-7106_4126,Stage 1,0,0
-7106_4126,Stage 2,2.55,2
-7106_4126,Stage 3,18.66,6
-7106_4127,Stage 1,2.52,2
-7106_4127,Stage 2,11.610000000000001,2
-7106_4127,Stage 3,19.04,4
-7106_4128,Stage 1,11.22,1
-7106_4128,Stage 2,3.56,2
-7106_4128,Stage 3,6.1,5
-7106_4129,Stage 1,0,0
-7106_4129,Stage 2,1.72,2
-7106_4129,Stage 3,11.53,3
-7106_4130,Stage 1,0,0
-7106_4130,Stage 2,1.13,1
-7106_4130,Stage 3,3.2800000000000002,4
-7106_4131,Stage 1,1.74,2
-7106_4131,Stage 2,5.71,3
-7106_4131,Stage 3,12.889999999999999,4
-7106_4132,Stage 1,3.15,2
-7106_4132,Stage 2,4.32,4
-7106_4132,Stage 3,10.27,3
-7106_4133,Stage 1,0,0
-7106_4133,Stage 2,0.92,1
-7106_4133,Stage 3,1.7,2
-7106_4134,Stage 1,0,0
-7106_4134,Stage 2,0,0
-7106_4134,Stage 3,11.93,6
-7106_4135,Stage 1,0,0
-7106_4135,Stage 2,11.22,1
-7106_4135,Stage 3,12.62,2
-7106_4136,Stage 1,0,0
-7106_4136,Stage 2,0,0
-7106_4136,Stage 3,3.01,3
-7107_4078,Stage 1,0,0
-7107_4078,Stage 2,0,0
-7107_4078,Stage 3,0.35,1
-7107_4079,Stage 1,1.1,1
-7107_4079,Stage 2,4.25,2
-7107_4079,Stage 3,0,0
-7107_4080,Stage 1,2.07,1
-7107_4080,Stage 2,0,0
-7107_4080,Stage 3,0,0
-7107_4081,Stage 1,0,0
-7107_4081,Stage 2,1.03,1
-7107_4081,Stage 3,0.84,1
-7107_4082,Stage 1,1.23,1
-7107_4082,Stage 2,0,0
-7107_4082,Stage 3,0,0
-7107_4083,Stage 1,0,0
-7107_4083,Stage 2,0,0
-7107_4083,Stage 3,5.66,1
-7107_4084,Stage 1,0,0
-7107_4084,Stage 2,0,0
-7107_4084,Stage 3,0,0
-7107_4085,Stage 1,0.87,1
-7107_4085,Stage 2,0,0
-7107_4085,Stage 3,1.45,1
-7107_4086,Stage 1,0,0
-7107_4086,Stage 2,0,0
-7107_4086,Stage 3,0.5,1
-7107_4087,Stage 1,0,0
-7107_4087,Stage 2,0,0
-7107_4087,Stage 3,1.83,2
-7107_4088,Stage 1,0,0
-7107_4088,Stage 2,0,0
-7107_4088,Stage 3,1.46,2
-7107_4089,Stage 1,2.15,1
-7107_4089,Stage 2,2.2,2
-7107_4089,Stage 3,0,0
-7107_4090,Stage 1,0,0
-7107_4090,Stage 2,0,0
-7107_4090,Stage 3,6.04,2
-7107_4091,Stage 1,0,0
-7107_4091,Stage 2,0,0
-7107_4091,Stage 3,10.33,3
-7107_4092,Stage 1,0,0
-7107_4092,Stage 2,0.56,1
-7107_4092,Stage 3,14.23,3
-7107_4093,Stage 1,0,0
-7107_4093,Stage 2,0,0
-7107_4093,Stage 3,7.9,6
-7107_4094,Stage 1,1.9500000000000002,2
-7107_4094,Stage 2,6.93,2
-7107_4094,Stage 3,9.17,6
-7107_4095,Stage 1,0,0
-7107_4095,Stage 2,6.88,2
-7107_4095,Stage 3,19.85,5
-7107_4096,Stage 1,4.85,2
-7107_4096,Stage 2,8.7,4
-7107_4096,Stage 3,41.9,10
-7107_4097,Stage 1,0,0
-7107_4097,Stage 2,18.75,3
-7107_4097,Stage 3,43.56,8
-7107_4098,Stage 1,2.27,2
-7107_4098,Stage 2,11.49,5
-7107_4098,Stage 3,27.37,9
-7107_4099,Stage 1,2.54,1
-7107_4099,Stage 2,2.73,2
-7107_4099,Stage 3,44.13,9
-7107_4100,Stage 1,0,0
-7107_4100,Stage 2,0,0
-7107_4100,Stage 3,48.99,11
-7107_4101,Stage 1,0,0
-7107_4101,Stage 2,0,0
-7107_4101,Stage 3,42.97,11
-7107_4102,Stage 1,1.02,1
-7107_4102,Stage 2,3.46,1
-7107_4102,Stage 3,61.76,11
-7107_4103,Stage 1,2.61,1
-7107_4103,Stage 2,0.96,1
-7107_4103,Stage 3,56.38,8
-7107_4104,Stage 1,3.95,1
-7107_4104,Stage 2,0.69,1
-7107_4104,Stage 3,53.89,13
-7107_4105,Stage 1,0.85,1
-7107_4105,Stage 2,5.33,3
-7107_4105,Stage 3,51.27,10
-7107_4106,Stage 1,0,0
-7107_4106,Stage 2,3.69,1
-7107_4106,Stage 3,34.48,7
-7107_4107,Stage 1,0.52,1
-7107_4107,Stage 2,3.4499999999999997,2
-7107_4107,Stage 3,28,8
-7107_4108,Stage 1,0,0
-7107_4108,Stage 2,4.59,2
-7107_4108,Stage 3,58.29,12
-7107_4109,Stage 1,0,0
-7107_4109,Stage 2,5.07,2
-7107_4109,Stage 3,60.62,10
-7107_4110,Stage 1,1.15,1
-7107_4110,Stage 2,1.28,1
-7107_4110,Stage 3,67.44,8
-7107_4111,Stage 1,0,0
-7107_4111,Stage 2,4.7,2
-7107_4111,Stage 3,68.81,11
-7107_4112,Stage 1,0,0
-7107_4112,Stage 2,4.78,2
-7107_4112,Stage 3,110.23,14
-7107_4113,Stage 1,0,0
-7107_4113,Stage 2,12.229999999999999,2
-7107_4113,Stage 3,189.28,14
-7107_4114,Stage 1,0,0
-7107_4114,Stage 2,7.37,1
-7107_4114,Stage 3,278.49,15
-7107_4115,Stage 1,0,0
-7107_4115,Stage 2,6.74,1
-7107_4115,Stage 3,182.31,17
-7107_4116,Stage 1,0,0
-7107_4116,Stage 2,2.7199999999999998,1
-7107_4116,Stage 3,49.17,11
-7107_4117,Stage 1,0,0
-7107_4117,Stage 2,2.16,1
-7107_4117,Stage 3,66.97,15
-7107_4118,Stage 1,14.16,1
-7107_4118,Stage 2,6.41,2
-7107_4118,Stage 3,118.94,12
-7107_4119,Stage 1,0,0
-7107_4119,Stage 2,7.59,2
-7107_4119,Stage 3,122.65,15
-7107_4120,Stage 1,0,0
-7107_4120,Stage 2,1.9899999999999998,1
-7107_4120,Stage 3,40.24,10
-7107_4121,Stage 1,0.96,1
-7107_4121,Stage 2,3.9200000000000004,2
-7107_4121,Stage 3,66.16,10
-7107_4122,Stage 1,0,0
-7107_4122,Stage 2,1.44,1
-7107_4122,Stage 3,277.87,15
-7107_4123,Stage 1,0,0
-7107_4123,Stage 2,0.8,1
-7107_4123,Stage 3,119.11,17
-7107_4124,Stage 1,3.05,1
-7107_4124,Stage 2,12.08,3
-7107_4124,Stage 3,47.87,16
-7107_4125,Stage 1,1.65,1
-7107_4125,Stage 2,13.75,5
-7107_4125,Stage 3,57.13,16
-7107_4126,Stage 1,0,0
-7107_4126,Stage 2,3.79,2
-7107_4126,Stage 3,16.98,7
-7107_4127,Stage 1,1.14,1
-7107_4127,Stage 2,7.19,2
-7107_4127,Stage 3,12.16,7
-7107_4128,Stage 1,0,0
-7107_4128,Stage 2,4.96,1
-7107_4128,Stage 3,9.76,4
-7107_4129,Stage 1,0,0
-7107_4129,Stage 2,11.1,2
-7107_4129,Stage 3,2.48,2
-7107_4130,Stage 1,2.23,1
-7107_4130,Stage 2,6.05,4
-7107_4130,Stage 3,7.18,6
-7107_4131,Stage 1,0.45,1
-7107_4131,Stage 2,5.01,2
-7107_4131,Stage 3,13.27,4
-7107_4132,Stage 1,0.67,1
-7107_4132,Stage 2,0.39,2
-7107_4132,Stage 3,12.61,4
-7107_4133,Stage 1,0,0
-7107_4133,Stage 2,2.84,2
-7107_4133,Stage 3,17.48,2
-7107_4134,Stage 1,0.84,1
-7107_4134,Stage 2,1,1
-7107_4134,Stage 3,8.77,3
-7107_4135,Stage 1,1.43,1
-7107_4135,Stage 2,2.96,1
-7107_4135,Stage 3,4.08,4
-7107_4136,Stage 1,1.07,1
-7107_4136,Stage 2,0.6,1
-7107_4136,Stage 3,1.01,1
-7108_4078,Stage 1,0,0
-7108_4078,Stage 2,0,0
-7108_4078,Stage 3,0,0
-7108_4079,Stage 1,0.88,1
-7108_4079,Stage 2,0,0
-7108_4079,Stage 3,5.18,1
-7108_4080,Stage 1,0,0
-7108_4080,Stage 2,0,0
-7108_4080,Stage 3,0,0
-7108_4081,Stage 1,0,0
-7108_4081,Stage 2,0,0
-7108_4081,Stage 3,1.02,1
-7108_4082,Stage 1,0,0
-7108_4082,Stage 2,0,0
-7108_4082,Stage 3,0,0
-7108_4083,Stage 1,0,0
-7108_4083,Stage 2,0,0
-7108_4083,Stage 3,0,0
-7108_4084,Stage 1,0,0
-7108_4084,Stage 2,5.15,1
-7108_4084,Stage 3,0,0
-7108_4085,Stage 1,0,0
-7108_4085,Stage 2,0.96,1
-7108_4085,Stage 3,1.8000000000000003,2
-7108_4086,Stage 1,0,0
-7108_4086,Stage 2,0.94,1
-7108_4086,Stage 3,0.93,1
-7108_4087,Stage 1,0,0
-7108_4087,Stage 2,0.25,1
-7108_4087,Stage 3,0.93,1
-7108_4088,Stage 1,0,0
-7108_4088,Stage 2,0,0
-7108_4088,Stage 3,1.3,2
-7108_4089,Stage 1,0,0
-7108_4089,Stage 2,1,1
-7108_4089,Stage 3,6.65,6
-7108_4090,Stage 1,6.4,2
-7108_4090,Stage 2,0,0
-7108_4090,Stage 3,6.93,5
-7108_4091,Stage 1,3.02,1
-7108_4091,Stage 2,3,1
-7108_4091,Stage 3,2.5,1
-7108_4092,Stage 1,1.28,2
-7108_4092,Stage 2,0,0
-7108_4092,Stage 3,1.7000000000000002,2
-7108_4093,Stage 1,0,0
-7108_4093,Stage 2,6.199999999999999,2
-7108_4093,Stage 3,2.76,3
-7108_4094,Stage 1,16.63,2
-7108_4094,Stage 2,8.14,2
-7108_4094,Stage 3,10.9,8
-7108_4095,Stage 1,2.23,2
-7108_4095,Stage 2,18.95,3
-7108_4095,Stage 3,21.05,6
-7108_4096,Stage 1,0.86,1
-7108_4096,Stage 2,9.73,3
-7108_4096,Stage 3,33.48,6
-7108_4097,Stage 1,0,0
-7108_4097,Stage 2,14.25,3
-7108_4097,Stage 3,68.15,7
-7108_4098,Stage 1,0,0
-7108_4098,Stage 2,1.01,1
-7108_4098,Stage 3,45.59,9
-7108_4099,Stage 1,0,0
-7108_4099,Stage 2,0.96,1
-7108_4099,Stage 3,54.65,10
-7108_4100,Stage 1,0,0
-7108_4100,Stage 2,1.99,1
-7108_4100,Stage 3,51.32,12
-7108_4101,Stage 1,0,0
-7108_4101,Stage 2,0,0
-7108_4101,Stage 3,43.95,12
-7108_4102,Stage 1,0,0
-7108_4102,Stage 2,2.27,1
-7108_4102,Stage 3,54.31,10
-7108_4103,Stage 1,0,0
-7108_4103,Stage 2,0,0
-7108_4103,Stage 3,43.96,11
-7108_4104,Stage 1,0.78,1
-7108_4104,Stage 2,0,0
-7108_4104,Stage 3,49.89,12
-7108_4105,Stage 1,0,0
-7108_4105,Stage 2,1.27,1
-7108_4105,Stage 3,22.46,11
-7108_4106,Stage 1,5.35,1
-7108_4106,Stage 2,0,0
-7108_4106,Stage 3,46.17,5
-7108_4107,Stage 1,0,0
-7108_4107,Stage 2,0,0
-7108_4107,Stage 3,52.31,6
-7108_4108,Stage 1,0,0
-7108_4108,Stage 2,0,0
-7108_4108,Stage 3,47.74,10
-7108_4109,Stage 1,0,0
-7108_4109,Stage 2,7.84,2
-7108_4109,Stage 3,60.58,12
-7108_4110,Stage 1,0,0
-7108_4110,Stage 2,3.23,1
-7108_4110,Stage 3,80.67,9
-7108_4111,Stage 1,0,0
-7108_4111,Stage 2,8.64,1
-7108_4111,Stage 3,137.75,11
-7108_4112,Stage 1,0,0
-7108_4112,Stage 2,13.37,2
-7108_4112,Stage 3,77.09,10
-7108_4113,Stage 1,0,0
-7108_4113,Stage 2,13.46,1
-7108_4113,Stage 3,47.83,9
-7108_4114,Stage 1,0,0
-7108_4114,Stage 2,20.01,2
-7108_4114,Stage 3,73.41,12
-7108_4115,Stage 1,0.27,1
-7108_4115,Stage 2,12.23,1
-7108_4115,Stage 3,68.83,12
-7108_4116,Stage 1,0,0
-7108_4116,Stage 2,6.1,1
-7108_4116,Stage 3,16.7,9
-7108_4117,Stage 1,4.89,1
-7108_4117,Stage 2,6.73,1
-7108_4117,Stage 3,80.87,12
-7108_4118,Stage 1,0,0
-7108_4118,Stage 2,2.9699999999999998,1
-7108_4118,Stage 3,130.04,12
-7108_4119,Stage 1,0,0
-7108_4119,Stage 2,4.85,1
-7108_4119,Stage 3,139.67,12
-7108_4120,Stage 1,0.93,1
-7108_4120,Stage 2,6.18,2
-7108_4120,Stage 3,75.01,14
-7108_4121,Stage 1,0,0
-7108_4121,Stage 2,4.24,1
-7108_4121,Stage 3,52.57,10
-7108_4122,Stage 1,1.21,2
-7108_4122,Stage 2,1.16,1
-7108_4122,Stage 3,194.74,14
-7108_4123,Stage 1,0,0
-7108_4123,Stage 2,13.65,2
-7108_4123,Stage 3,94.27,13
-7108_4124,Stage 1,4.44,2
-7108_4124,Stage 2,18.7,5
-7108_4124,Stage 3,102.29,20
-7108_4125,Stage 1,0,0
-7108_4125,Stage 2,15.3,5
-7108_4125,Stage 3,45.5,17
-7108_4126,Stage 1,0.62,1
-7108_4126,Stage 2,8,2
-7108_4126,Stage 3,33.38,7
-7108_4127,Stage 1,0,0
-7108_4127,Stage 2,0,0
-7108_4127,Stage 3,14.62,6
-7108_4128,Stage 1,0,0
-7108_4128,Stage 2,3.3400000000000003,2
-7108_4128,Stage 3,20.16,5
-7108_4129,Stage 1,0,0
-7108_4129,Stage 2,15.62,4
-7108_4129,Stage 3,4.97,4
-7108_4130,Stage 1,0.99,1
-7108_4130,Stage 2,3.52,2
-7108_4130,Stage 3,7.04,4
-7108_4131,Stage 1,2.51,1
-7108_4131,Stage 2,7.05,4
-7108_4131,Stage 3,7.28,5
-7108_4132,Stage 1,2.34,2
-7108_4132,Stage 2,2.1,2
-7108_4132,Stage 3,15.85,8
-7108_4133,Stage 1,0,0
-7108_4133,Stage 2,5.48,1
-7108_4133,Stage 3,11.41,4
-7108_4134,Stage 1,0,0
-7108_4134,Stage 2,3.69,1
-7108_4134,Stage 3,16.34,7
-7108_4135,Stage 1,0,0
-7108_4135,Stage 2,0,0
-7108_4135,Stage 3,3.51,4
-7108_4136,Stage 1,0,0
-7108_4136,Stage 2,0.86,1
-7108_4136,Stage 3,0.11,1
-7108_4137,Stage 1,0,0
-7108_4137,Stage 2,0,0
-7108_4137,Stage 3,0,0
-7109_4079,Stage 1,0.35,1
-7109_4079,Stage 2,0,0
-7109_4079,Stage 3,0.27,1
-7109_4080,Stage 1,0,0
-7109_4080,Stage 2,0,0
-7109_4080,Stage 3,0,0
-7109_4081,Stage 1,0,0
-7109_4081,Stage 2,1.8,1
-7109_4081,Stage 3,0,0
-7109_4082,Stage 1,0,0
-7109_4082,Stage 2,0,0
-7109_4082,Stage 3,0,0
-7109_4083,Stage 1,0,0
-7109_4083,Stage 2,0,0
-7109_4083,Stage 3,0,0
-7109_4084,Stage 1,1.13,1
-7109_4084,Stage 2,0,0
-7109_4084,Stage 3,3.6,1
-7109_4085,Stage 1,0,0
-7109_4085,Stage 2,0,0
-7109_4085,Stage 3,0.92,1
-7109_4086,Stage 1,0,0
-7109_4086,Stage 2,0,0
-7109_4086,Stage 3,0,0
-7109_4087,Stage 1,0,0
-7109_4087,Stage 2,6.12,1
-7109_4087,Stage 3,1.93,1
-7109_4088,Stage 1,0,0
-7109_4088,Stage 2,0,0
-7109_4088,Stage 3,4,2
-7109_4089,Stage 1,0,0
-7109_4089,Stage 2,0,0
-7109_4089,Stage 3,4.3,3
-7109_4090,Stage 1,13.67,1
-7109_4090,Stage 2,0.83,1
-7109_4090,Stage 3,4.27,3
-7109_4091,Stage 1,2.66,1
-7109_4091,Stage 2,4.6899999999999995,2
-7109_4091,Stage 3,1.34,2
-7109_4092,Stage 1,1.62,1
-7109_4092,Stage 2,0.89,1
-7109_4092,Stage 3,4.82,4
-7109_4093,Stage 1,1.53,1
-7109_4093,Stage 2,1.97,1
-7109_4093,Stage 3,4.98,4
-7109_4094,Stage 1,2.08,2
-7109_4094,Stage 2,14.11,3
-7109_4094,Stage 3,13.36,7
-7109_4095,Stage 1,0.82,2
-7109_4095,Stage 2,16.92,3
-7109_4095,Stage 3,19.97,9
-7109_4096,Stage 1,0.85,1
-7109_4096,Stage 2,7.6000000000000005,2
-7109_4096,Stage 3,46.9,8
-7109_4097,Stage 1,6.99,1
-7109_4097,Stage 2,10.42,2
-7109_4097,Stage 3,163.52,9
-7109_4098,Stage 1,7.220000000000001,1
-7109_4098,Stage 2,9.18,3
-7109_4098,Stage 3,56.37,10
-7109_4099,Stage 1,1.74,1
-7109_4099,Stage 2,0,0
-7109_4099,Stage 3,57.24,10
-7109_4100,Stage 1,0,0
-7109_4100,Stage 2,3.45,2
-7109_4100,Stage 3,58.3,12
-7109_4101,Stage 1,0,0
-7109_4101,Stage 2,0,0
-7109_4101,Stage 3,59.89,12
-7109_4102,Stage 1,0,0
-7109_4102,Stage 2,1.18,1
-7109_4102,Stage 3,78.33,11
-7109_4103,Stage 1,0,0
-7109_4103,Stage 2,0,0
-7109_4103,Stage 3,62.77,11
-7109_4104,Stage 1,0.79,1
-7109_4104,Stage 2,1.25,1
-7109_4104,Stage 3,49.96,12
-7109_4105,Stage 1,5.489999999999999,2
-7109_4105,Stage 2,8.57,1
-7109_4105,Stage 3,26.33,10
-7109_4106,Stage 1,0,0
-7109_4106,Stage 2,0,0
-7109_4106,Stage 3,25.03,8
-7109_4107,Stage 1,0,0
-7109_4107,Stage 2,9.14,2
-7109_4107,Stage 3,43.22,7
-7109_4108,Stage 1,0,0
-7109_4108,Stage 2,6.03,3
-7109_4108,Stage 3,45.85,11
-7109_4109,Stage 1,0,0
-7109_4109,Stage 2,0.53,1
-7109_4109,Stage 3,47.87,6
-7109_4110,Stage 1,0,0
-7109_4110,Stage 2,14.06,3
-7109_4110,Stage 3,73.82,12
-7109_4111,Stage 1,0,0
-7109_4111,Stage 2,6.34,2
-7109_4111,Stage 3,87.91,10
-7109_4112,Stage 1,8.87,2
-7109_4112,Stage 2,12.65,3
-7109_4112,Stage 3,67.57,8
-7109_4113,Stage 1,0,0
-7109_4113,Stage 2,10.3,1
-7109_4113,Stage 3,43.35,10
-7109_4114,Stage 1,0,0
-7109_4114,Stage 2,11.35,1
-7109_4114,Stage 3,48.23,11
-7109_4115,Stage 1,0,0
-7109_4115,Stage 2,3.87,2
-7109_4115,Stage 3,64.39,14
-7109_4116,Stage 1,0.33,1
-7109_4116,Stage 2,8.63,1
-7109_4116,Stage 3,42.64,12
-7109_4117,Stage 1,0,0
-7109_4117,Stage 2,5.45,1
-7109_4117,Stage 3,65.97,12
-7109_4118,Stage 1,0,0
-7109_4118,Stage 2,4.87,1
-7109_4118,Stage 3,73.67,12
-7109_4119,Stage 1,0,0
-7109_4119,Stage 2,8.73,2
-7109_4119,Stage 3,84.34,12
-7109_4120,Stage 1,0,0
-7109_4120,Stage 2,4.66,2
-7109_4120,Stage 3,86.03999999999999,14
-7109_4121,Stage 1,0,0
-7109_4121,Stage 2,11.790000000000001,2
-7109_4121,Stage 3,46.85,12
-7109_4122,Stage 1,0.64,1
-7109_4122,Stage 2,9.39,2
-7109_4122,Stage 3,143.31,17
-7109_4123,Stage 1,3.11,1
-7109_4123,Stage 2,23.52,2
-7109_4123,Stage 3,70.62,15
-7109_4124,Stage 1,0,0
-7109_4124,Stage 2,18.33,5
-7109_4124,Stage 3,89.83,20
-7109_4125,Stage 1,4.71,1
-7109_4125,Stage 2,16.84,3
-7109_4125,Stage 3,31.73,14
-7109_4126,Stage 1,0,0
-7109_4126,Stage 2,6.3,2
-7109_4126,Stage 3,10.59,7
-7109_4127,Stage 1,1.98,1
-7109_4127,Stage 2,10.76,3
-7109_4127,Stage 3,14.37,9
-7109_4128,Stage 1,0.95,1
-7109_4128,Stage 2,2.32,3
-7109_4128,Stage 3,5.67,6
-7109_4129,Stage 1,0,0
-7109_4129,Stage 2,5.51,2
-7109_4129,Stage 3,4.27,4
-7109_4130,Stage 1,1.3,2
-7109_4130,Stage 2,6.6499999999999995,1
-7109_4130,Stage 3,4.94,3
-7109_4131,Stage 1,5.76,2
-7109_4131,Stage 2,6.09,3
-7109_4131,Stage 3,16.24,6
-7109_4132,Stage 1,5.83,2
-7109_4132,Stage 2,5.51,3
-7109_4132,Stage 3,28.33,6
-7109_4133,Stage 1,3.0500000000000003,1
-7109_4133,Stage 2,5.83,2
-7109_4133,Stage 3,17.3,5
-7109_4134,Stage 1,2.78,1
-7109_4134,Stage 2,0.95,1
-7109_4134,Stage 3,6.66,1
-7109_4135,Stage 1,1.61,1
-7109_4135,Stage 2,2.99,1
-7109_4135,Stage 3,5.82,5
-7109_4136,Stage 1,0.33,1
-7109_4136,Stage 2,0.36,1
-7109_4136,Stage 3,0.24,1
-7109_4137,Stage 1,0,0
-7109_4137,Stage 2,0,0
-7109_4137,Stage 3,0,0
-7110_4079,Stage 1,0,0
-7110_4079,Stage 2,0,0
-7110_4079,Stage 3,0,0
-7110_4080,Stage 1,0,0
-7110_4080,Stage 2,0,0
-7110_4080,Stage 3,0,0
-7110_4081,Stage 1,0,0
-7110_4081,Stage 2,0,0
-7110_4081,Stage 3,1.01,1
-7110_4082,Stage 1,0,0
-7110_4082,Stage 2,0,0
-7110_4082,Stage 3,0,0
-7110_4083,Stage 1,0,0
-7110_4083,Stage 2,0,0
-7110_4083,Stage 3,2.6,3
-7110_4084,Stage 1,0,0
-7110_4084,Stage 2,0,0
-7110_4084,Stage 3,0.72,2
-7110_4085,Stage 1,0,0
-7110_4085,Stage 2,0,0
-7110_4085,Stage 3,0,0
-7110_4086,Stage 1,0,0
-7110_4086,Stage 2,0,0
-7110_4086,Stage 3,6.69,3
-7110_4087,Stage 1,0,0
-7110_4087,Stage 2,0,0
-7110_4087,Stage 3,3.31,3
-7110_4088,Stage 1,0,0
-7110_4088,Stage 2,2.87,2
-7110_4088,Stage 3,5.8500000000000005,2
-7110_4089,Stage 1,0,0
-7110_4089,Stage 2,0,0
-7110_4089,Stage 3,9.12,5
-7110_4090,Stage 1,4.31,2
-7110_4090,Stage 2,12.059999999999999,1
-7110_4090,Stage 3,0.6,1
-7110_4091,Stage 1,5.109999999999999,2
-7110_4091,Stage 2,9.87,3
-7110_4091,Stage 3,0,0
-7110_4092,Stage 1,2.8400000000000003,2
-7110_4092,Stage 2,1.17,1
-7110_4092,Stage 3,5.84,4
-7110_4093,Stage 1,6.3,2
-7110_4093,Stage 2,4.1,1
-7110_4093,Stage 3,4.63,4
-7110_4094,Stage 1,3.71,3
-7110_4094,Stage 2,22.68,3
-7110_4094,Stage 3,22.04,7
-7110_4095,Stage 1,0.41,1
-7110_4095,Stage 2,16.15,2
-7110_4095,Stage 3,22.37,5
-7110_4096,Stage 1,0,0
-7110_4096,Stage 2,9.57,3
-7110_4096,Stage 3,32.78,11
-7110_4097,Stage 1,1.83,1
-7110_4097,Stage 2,4.1899999999999995,2
-7110_4097,Stage 3,88.26,10
-7110_4098,Stage 1,7.85,1
-7110_4098,Stage 2,6.12,2
-7110_4098,Stage 3,71.27,12
-7110_4099,Stage 1,1.78,1
-7110_4099,Stage 2,1.12,1
-7110_4099,Stage 3,61.76,13
-7110_4100,Stage 1,8.84,2
-7110_4100,Stage 2,3.35,2
-7110_4100,Stage 3,92.98,11
-7110_4101,Stage 1,0,0
-7110_4101,Stage 2,18.66,2
-7110_4101,Stage 3,61.06,11
-7110_4102,Stage 1,0,0
-7110_4102,Stage 2,0,0
-7110_4102,Stage 3,72.97,12
-7110_4103,Stage 1,2.38,1
-7110_4103,Stage 2,1.96,2
-7110_4103,Stage 3,52.87,14
-7110_4104,Stage 1,0,0
-7110_4104,Stage 2,1.5899999999999999,2
-7110_4104,Stage 3,45.02,9
-7110_4105,Stage 1,0,0
-7110_4105,Stage 2,1.4000000000000001,2
-7110_4105,Stage 3,30.91,8
-7110_4106,Stage 1,0.8,1
-7110_4106,Stage 2,1.95,1
-7110_4106,Stage 3,25.16,6
-7110_4107,Stage 1,4.37,1
-7110_4107,Stage 2,29.42,6
-7110_4107,Stage 3,32.78,10
-7110_4108,Stage 1,0,0
-7110_4108,Stage 2,16.77,4
-7110_4108,Stage 3,32.67,11
-7110_4109,Stage 1,0,0
-7110_4109,Stage 2,7.07,4
-7110_4109,Stage 3,28.28,7
-7110_4110,Stage 1,0,0
-7110_4110,Stage 2,15.35,3
-7110_4110,Stage 3,78.73,6
-7110_4111,Stage 1,0,0
-7110_4111,Stage 2,5.96,3
-7110_4111,Stage 3,56.51,10
-7110_4112,Stage 1,0,0
-7110_4112,Stage 2,6.88,3
-7110_4112,Stage 3,56.54,4
-7110_4113,Stage 1,3.3,2
-7110_4113,Stage 2,8.79,2
-7110_4113,Stage 3,54.82,10
-7110_4114,Stage 1,3,1
-7110_4114,Stage 2,4.140000000000001,2
-7110_4114,Stage 3,75.86,15
-7110_4115,Stage 1,0,0
-7110_4115,Stage 2,9.16,3
-7110_4115,Stage 3,59.51,11
-7110_4116,Stage 1,0,0
-7110_4116,Stage 2,10.53,1
-7110_4116,Stage 3,54.7,10
-7110_4117,Stage 1,12.71,1
-7110_4117,Stage 2,7.01,1
-7110_4117,Stage 3,63.95,11
-7110_4118,Stage 1,0,0
-7110_4118,Stage 2,11.41,1
-7110_4118,Stage 3,40.55,11
-7110_4119,Stage 1,0,0
-7110_4119,Stage 2,14.200000000000001,2
-7110_4119,Stage 3,65.13,13
-7110_4120,Stage 1,0.53,1
-7110_4120,Stage 2,7.72,1
-7110_4120,Stage 3,70.08,10
-7110_4121,Stage 1,0.57,1
-7110_4121,Stage 2,22.05,2
-7110_4121,Stage 3,130.71,16
-7110_4122,Stage 1,15.44,2
-7110_4122,Stage 2,13.44,3
-7110_4122,Stage 3,154.56,17
-7110_4123,Stage 1,0,0
-7110_4123,Stage 2,15.49,3
-7110_4123,Stage 3,89.57,15
-7110_4124,Stage 1,1.13,1
-7110_4124,Stage 2,21.57,7
-7110_4124,Stage 3,142.59,21
-7110_4125,Stage 1,5.48,2
-7110_4125,Stage 2,4.93,2
-7110_4125,Stage 3,55.5,14
-7110_4126,Stage 1,0.28,1
-7110_4126,Stage 2,9.3,2
-7110_4126,Stage 3,25.25,11
-7110_4127,Stage 1,1.03,1
-7110_4127,Stage 2,6.109999999999999,4
-7110_4127,Stage 3,11.26,6
-7110_4128,Stage 1,8.08,1
-7110_4128,Stage 2,1.38,1
-7110_4128,Stage 3,6.57,4
-7110_4129,Stage 1,17.87,1
-7110_4129,Stage 2,8.07,2
-7110_4129,Stage 3,4.18,3
-7110_4130,Stage 1,6.38,1
-7110_4130,Stage 2,24.15,1
-7110_4130,Stage 3,8.41,9
-7110_4131,Stage 1,5.76,2
-7110_4131,Stage 2,9.57,1
-7110_4131,Stage 3,25.59,7
-7110_4132,Stage 1,5,4
-7110_4132,Stage 2,21.46,3
-7110_4132,Stage 3,19.7,7
-7110_4133,Stage 1,5.92,1
-7110_4133,Stage 2,1.49,1
-7110_4133,Stage 3,12.78,4
-7110_4134,Stage 1,0,0
-7110_4134,Stage 2,0,0
-7110_4134,Stage 3,14.85,6
-7110_4135,Stage 1,0,0
-7110_4135,Stage 2,0,0
-7110_4135,Stage 3,2.31,3
-7110_4136,Stage 1,1.75,2
-7110_4136,Stage 2,2.3600000000000003,2
-7110_4136,Stage 3,2.45,2
-7110_4137,Stage 1,0.38,1
-7110_4137,Stage 2,0.33,1
-7110_4137,Stage 3,0,0
-7111_4079,Stage 1,0,0
-7111_4079,Stage 2,0,0
-7111_4079,Stage 3,0,0
-7111_4080,Stage 1,0,0
-7111_4080,Stage 2,0,0
-7111_4080,Stage 3,0,0
-7111_4081,Stage 1,0,0
-7111_4081,Stage 2,0,0
-7111_4081,Stage 3,0,0
-7111_4082,Stage 1,0,0
-7111_4082,Stage 2,0,0
-7111_4082,Stage 3,0,0
-7111_4083,Stage 1,1.34,1
-7111_4083,Stage 2,0.86,1
-7111_4083,Stage 3,0,0
-7111_4084,Stage 1,0,0
-7111_4084,Stage 2,0,0
-7111_4084,Stage 3,0.9,1
-7111_4085,Stage 1,0,0
-7111_4085,Stage 2,1.86,2
-7111_4085,Stage 3,0,0
-7111_4086,Stage 1,0,0
-7111_4086,Stage 2,0.93,1
-7111_4086,Stage 3,0.51,1
-7111_4087,Stage 1,0,0
-7111_4087,Stage 2,0,0
-7111_4087,Stage 3,1.52,2
-7111_4088,Stage 1,14.55,1
-7111_4088,Stage 2,1.12,1
-7111_4088,Stage 3,6.26,5
-7111_4089,Stage 1,8.16,1
-7111_4089,Stage 2,7.93,1
-7111_4089,Stage 3,6.3500000000000005,7
-7111_4090,Stage 1,4.05,1
-7111_4090,Stage 2,5.22,2
-7111_4090,Stage 3,1.02,1
-7111_4091,Stage 1,0,0
-7111_4091,Stage 2,8.39,2
-7111_4091,Stage 3,7.87,4
-7111_4092,Stage 1,0,0
-7111_4092,Stage 2,0.98,1
-7111_4092,Stage 3,27.93,4
-7111_4093,Stage 1,2.5700000000000003,2
-7111_4093,Stage 2,3.23,2
-7111_4093,Stage 3,2.64,3
-7111_4094,Stage 1,0.81,2
-7111_4094,Stage 2,13.27,2
-7111_4094,Stage 3,14.27,6
-7111_4095,Stage 1,0.85,1
-7111_4095,Stage 2,4.24,1
-7111_4095,Stage 3,14.48,7
-7111_4096,Stage 1,0.27,1
-7111_4096,Stage 2,8.54,2
-7111_4096,Stage 3,36.41,12
-7111_4097,Stage 1,0,0
-7111_4097,Stage 2,6.69,3
-7111_4097,Stage 3,38.47,8
-7111_4098,Stage 1,2.14,1
-7111_4098,Stage 2,2.8600000000000003,1
-7111_4098,Stage 3,152.16,14
-7111_4099,Stage 1,16.52,1
-7111_4099,Stage 2,7.840000000000001,2
-7111_4099,Stage 3,187.08,14
-7111_4100,Stage 1,0,0
-7111_4100,Stage 2,1.27,2
-7111_4100,Stage 3,208.62,16
-7111_4101,Stage 1,0,0
-7111_4101,Stage 2,0.86,1
-7111_4101,Stage 3,138.03,14
-7111_4102,Stage 1,0,0
-7111_4102,Stage 2,1.51,2
-7111_4102,Stage 3,108.77,12
-7111_4103,Stage 1,0.34,1
-7111_4103,Stage 2,1.06,1
-7111_4103,Stage 3,64.76,9
-7111_4104,Stage 1,0,0
-7111_4104,Stage 2,0.62,1
-7111_4104,Stage 3,39.74,8
-7111_4105,Stage 1,0,0
-7111_4105,Stage 2,0,0
-7111_4105,Stage 3,22.42,6
-7111_4106,Stage 1,1.38,1
-7111_4106,Stage 2,2.41,2
-7111_4106,Stage 3,25.21,9
-7111_4107,Stage 1,0,0
-7111_4107,Stage 2,7.640000000000001,6
-7111_4107,Stage 3,36.39,11
-7111_4108,Stage 1,0,0
-7111_4108,Stage 2,5.77,5
-7111_4108,Stage 3,43.17,10
-7111_4109,Stage 1,0.87,1
-7111_4109,Stage 2,8.3,3
-7111_4109,Stage 3,43.74,10
-7111_4110,Stage 1,0,0
-7111_4110,Stage 2,14.209999999999999,3
-7111_4110,Stage 3,53.94,8
-7111_4111,Stage 1,0,0
-7111_4111,Stage 2,9.16,2
-7111_4111,Stage 3,53.45,8
-7111_4112,Stage 1,2.32,2
-7111_4112,Stage 2,5.34,2
-7111_4112,Stage 3,32.94,6
-7111_4113,Stage 1,0,0
-7111_4113,Stage 2,11.65,1
-7111_4113,Stage 3,59.24,9
-7111_4114,Stage 1,0.94,1
-7111_4114,Stage 2,9.36,2
-7111_4114,Stage 3,90.78,14
-7111_4115,Stage 1,0.82,1
-7111_4115,Stage 2,7.609999999999999,1
-7111_4115,Stage 3,84.92,11
-7111_4116,Stage 1,0,0
-7111_4116,Stage 2,5.95,1
-7111_4116,Stage 3,49.82,12
-7111_4117,Stage 1,0,0
-7111_4117,Stage 2,9.62,2
-7111_4117,Stage 3,70.57,15
-7111_4118,Stage 1,0.29,1
-7111_4118,Stage 2,15.14,1
-7111_4118,Stage 3,66.8,11
-7111_4119,Stage 1,0,0
-7111_4119,Stage 2,12.06,1
-7111_4119,Stage 3,96.73,14
-7111_4120,Stage 1,0,0
-7111_4120,Stage 2,20.39,2
-7111_4120,Stage 3,86.68,16
-7111_4121,Stage 1,0,0
-7111_4121,Stage 2,26.4,4
-7111_4121,Stage 3,196.28,21
-7111_4122,Stage 1,1.83,2
-7111_4122,Stage 2,15.75,2
-7111_4122,Stage 3,206.23,16
-7111_4123,Stage 1,0.6,1
-7111_4123,Stage 2,15.89,1
-7111_4123,Stage 3,108.66,18
-7111_4124,Stage 1,7.81,2
-7111_4124,Stage 2,29.83,7
-7111_4124,Stage 3,133.79,18
-7111_4125,Stage 1,0,0
-7111_4125,Stage 2,9.33,2
-7111_4125,Stage 3,62.64,15
-7111_4126,Stage 1,0,0
-7111_4126,Stage 2,8.91,1
-7111_4126,Stage 3,23.92,10
-7111_4127,Stage 1,0,0
-7111_4127,Stage 2,6.93,2
-7111_4127,Stage 3,9.18,5
-7111_4128,Stage 1,0,0
-7111_4128,Stage 2,5.79,2
-7111_4128,Stage 3,5.97,3
-7111_4129,Stage 1,3.51,1
-7111_4129,Stage 2,5.48,2
-7111_4129,Stage 3,3.81,5
-7111_4130,Stage 1,10.549999999999999,1
-7111_4130,Stage 2,7.3,1
-7111_4130,Stage 3,7.029999999999999,5
-7111_4131,Stage 1,6.78,1
-7111_4131,Stage 2,8.45,2
-7111_4131,Stage 3,8.7,4
-7111_4132,Stage 1,0.99,2
-7111_4132,Stage 2,11.29,2
-7111_4132,Stage 3,16,8
-7111_4133,Stage 1,2.6900000000000004,1
-7111_4133,Stage 2,2.08,1
-7111_4133,Stage 3,18.04,4
-7111_4134,Stage 1,2.19,1
-7111_4134,Stage 2,6.39,1
-7111_4134,Stage 3,4.04,4
-7111_4135,Stage 1,0.87,1
-7111_4135,Stage 2,0.88,1
-7111_4135,Stage 3,2.73,2
-7111_4136,Stage 1,1.85,1
-7111_4136,Stage 2,0,0
-7111_4136,Stage 3,0,0
-7111_4137,Stage 1,0,0
-7111_4137,Stage 2,2.52,3
-7111_4137,Stage 3,9.6,4
-7112_4080,Stage 1,0,0
-7112_4080,Stage 2,0,0
-7112_4080,Stage 3,0,0
-7112_4081,Stage 1,0,0
-7112_4081,Stage 2,0,0
-7112_4081,Stage 3,0.42,1
-7112_4082,Stage 1,0,0
-7112_4082,Stage 2,0.79,1
-7112_4082,Stage 3,0,0
-7112_4083,Stage 1,0,0
-7112_4083,Stage 2,0,0
-7112_4083,Stage 3,6.14,2
-7112_4084,Stage 1,0,0
-7112_4084,Stage 2,0,0
-7112_4084,Stage 3,0,0
-7112_4085,Stage 1,0,0
-7112_4085,Stage 2,1.35,1
-7112_4085,Stage 3,1.43,1
-7112_4086,Stage 1,0,0
-7112_4086,Stage 2,0,0
-7112_4086,Stage 3,6.02,2
-7112_4087,Stage 1,0,0
-7112_4087,Stage 2,0.94,1
-7112_4087,Stage 3,3.56,2
-7112_4088,Stage 1,0,0
-7112_4088,Stage 2,0,0
-7112_4088,Stage 3,4.48,5
-7112_4089,Stage 1,3.37,1
-7112_4089,Stage 2,0,0
-7112_4089,Stage 3,3.37,2
-7112_4090,Stage 1,0,0
-7112_4090,Stage 2,0.82,1
-7112_4090,Stage 3,1.0699999999999998,2
-7112_4091,Stage 1,3.33,3
-7112_4091,Stage 2,12.69,4
-7112_4091,Stage 3,5.39,2
-7112_4092,Stage 1,0,0
-7112_4092,Stage 2,5.470000000000001,3
-7112_4092,Stage 3,5.03,4
-7112_4093,Stage 1,5.23,1
-7112_4093,Stage 2,1.23,2
-7112_4093,Stage 3,2.71,2
-7112_4094,Stage 1,7.02,4
-7112_4094,Stage 2,5.36,2
-7112_4094,Stage 3,10.26,3
-7112_4095,Stage 1,0,0
-7112_4095,Stage 2,14.15,1
-7112_4095,Stage 3,23.7,7
-7112_4096,Stage 1,0,0
-7112_4096,Stage 2,10.19,2
-7112_4096,Stage 3,18.5,11
-7112_4097,Stage 1,0,0
-7112_4097,Stage 2,10.74,4
-7112_4097,Stage 3,45.7,11
-7112_4098,Stage 1,3.2800000000000002,2
-7112_4098,Stage 2,11.05,2
-7112_4098,Stage 3,214.65,13
-7112_4099,Stage 1,0,0
-7112_4099,Stage 2,10.8,2
-7112_4099,Stage 3,595.61,12
-7112_4100,Stage 1,0,0
-7112_4100,Stage 2,0.85,1
-7112_4100,Stage 3,360.25,13
-7112_4101,Stage 1,0,0
-7112_4101,Stage 2,1.29,1
-7112_4101,Stage 3,130.01,13
-7112_4102,Stage 1,0,0
-7112_4102,Stage 2,1.9,1
-7112_4102,Stage 3,137.45,14
-7112_4103,Stage 1,0,0
-7112_4103,Stage 2,0.62,1
-7112_4103,Stage 3,61.43,9
-7112_4104,Stage 1,0,0
-7112_4104,Stage 2,0.68,1
-7112_4104,Stage 3,68.61,9
-7112_4105,Stage 1,0,0
-7112_4105,Stage 2,0,0
-7112_4105,Stage 3,22.59,11
-7112_4106,Stage 1,0,0
-7112_4106,Stage 2,4.26,3
-7112_4106,Stage 3,36.72,11
-7112_4107,Stage 1,0,0
-7112_4107,Stage 2,18.91,4
-7112_4107,Stage 3,38.52,10
-7112_4108,Stage 1,0,0
-7112_4108,Stage 2,7.53,5
-7112_4108,Stage 3,67.54,11
-7112_4109,Stage 1,0,0
-7112_4109,Stage 2,10.92,4
-7112_4109,Stage 3,37.54,8
-7112_4110,Stage 1,0,0
-7112_4110,Stage 2,22.15,5
-7112_4110,Stage 3,73.34,10
-7112_4111,Stage 1,0,0
-7112_4111,Stage 2,10.08,3
-7112_4111,Stage 3,46.91,12
-7112_4112,Stage 1,3.29,1
-7112_4112,Stage 2,20.67,3
-7112_4112,Stage 3,36.49,8
-7112_4113,Stage 1,1.74,2
-7112_4113,Stage 2,6.46,2
-7112_4113,Stage 3,49.11,7
-7112_4114,Stage 1,0.13,1
-7112_4114,Stage 2,8.73,1
-7112_4114,Stage 3,87.27,10
-7112_4115,Stage 1,3.21,2
-7112_4115,Stage 2,7.12,1
-7112_4115,Stage 3,73.05,13
-7112_4116,Stage 1,0,0
-7112_4116,Stage 2,9.68,1
-7112_4116,Stage 3,31.99,13
-7112_4117,Stage 1,0,0
-7112_4117,Stage 2,3.88,1
-7112_4117,Stage 3,64.21,12
-7112_4118,Stage 1,0.57,1
-7112_4118,Stage 2,11.07,2
-7112_4118,Stage 3,106.01,12
-7112_4119,Stage 1,1.02,1
-7112_4119,Stage 2,7.61,1
-7112_4119,Stage 3,206.09,16
-7112_4120,Stage 1,0,0
-7112_4120,Stage 2,12.530000000000001,1
-7112_4120,Stage 3,161.39,19
-7112_4121,Stage 1,1.91,1
-7112_4121,Stage 2,17.56,1
-7112_4121,Stage 3,223.3,15
-7112_4122,Stage 1,0.28,1
-7112_4122,Stage 2,7.33,2
-7112_4122,Stage 3,238.75,17
-7112_4123,Stage 1,0,0
-7112_4123,Stage 2,8.2,2
-7112_4123,Stage 3,151.03,16
-7112_4124,Stage 1,8.91,3
-7112_4124,Stage 2,39.519999999999996,7
-7112_4124,Stage 3,173.56,17
-7112_4125,Stage 1,4.11,2
-7112_4125,Stage 2,5.41,1
-7112_4125,Stage 3,48.71,14
-7112_4126,Stage 1,3.17,1
-7112_4126,Stage 2,3.3600000000000003,1
-7112_4126,Stage 3,25.14,10
-7112_4127,Stage 1,0,0
-7112_4127,Stage 2,2.38,2
-7112_4127,Stage 3,12.549999999999999,9
-7112_4128,Stage 1,2.04,2
-7112_4128,Stage 2,6.34,2
-7112_4128,Stage 3,12.75,8
-7112_4129,Stage 1,0.59,1
-7112_4129,Stage 2,11.86,2
-7112_4129,Stage 3,4.3100000000000005,4
-7112_4130,Stage 1,14.13,1
-7112_4130,Stage 2,7.96,2
-7112_4130,Stage 3,7.47,7
-7112_4131,Stage 1,3.11,1
-7112_4131,Stage 2,6.51,1
-7112_4131,Stage 3,4.72,4
-7112_4132,Stage 1,3.16,1
-7112_4132,Stage 2,6.96,3
-7112_4132,Stage 3,18.09,7
-7112_4133,Stage 1,2.69,1
-7112_4133,Stage 2,9.02,2
-7112_4133,Stage 3,6.55,5
-7112_4134,Stage 1,0,0
-7112_4134,Stage 2,0,0
-7112_4134,Stage 3,6.71,4
-7112_4135,Stage 1,0,0
-7112_4135,Stage 2,0,0
-7112_4135,Stage 3,6.09,4
-7112_4136,Stage 1,0,0
-7112_4136,Stage 2,1.67,2
-7112_4136,Stage 3,3.0900000000000003,4
-7112_4137,Stage 1,3.92,3
-7112_4137,Stage 2,0.64,1
-7112_4137,Stage 3,10.56,5
-7113_4080,Stage 1,0,0
-7113_4080,Stage 2,0,0
-7113_4080,Stage 3,0,0
-7113_4081,Stage 1,0,0
-7113_4081,Stage 2,0,0
-7113_4081,Stage 3,0,0
-7113_4082,Stage 1,0,0
-7113_4082,Stage 2,0,0
-7113_4082,Stage 3,0,0
-7113_4083,Stage 1,0,0
-7113_4083,Stage 2,0.28,1
-7113_4083,Stage 3,0,0
-7113_4084,Stage 1,0,0
-7113_4084,Stage 2,1.05,1
-7113_4084,Stage 3,2.06,2
-7113_4085,Stage 1,0,0
-7113_4085,Stage 2,0,0
-7113_4085,Stage 3,1.2,1
-7113_4086,Stage 1,2.54,2
-7113_4086,Stage 2,0,0
-7113_4086,Stage 3,0,0
-7113_4087,Stage 1,8.79,3
-7113_4087,Stage 2,1.02,1
-7113_4087,Stage 3,6.2299999999999995,4
-7113_4088,Stage 1,7.550000000000001,2
-7113_4088,Stage 2,0.61,1
-7113_4088,Stage 3,5.08,2
-7113_4089,Stage 1,7.2,2
-7113_4089,Stage 2,3.37,4
-7113_4089,Stage 3,3.56,1
-7113_4090,Stage 1,9.7,2
-7113_4090,Stage 2,5.79,4
-7113_4090,Stage 3,2.45,2
-7113_4091,Stage 1,3.33,2
-7113_4091,Stage 2,8.3,3
-7113_4091,Stage 3,2.71,2
-7113_4092,Stage 1,0.81,1
-7113_4092,Stage 2,8.4,3
-7113_4092,Stage 3,13.24,2
-7113_4093,Stage 1,11.71,2
-7113_4093,Stage 2,2.15,1
-7113_4093,Stage 3,9.76,6
-7113_4094,Stage 1,3.63,1
-7113_4094,Stage 2,3.7700000000000005,1
-7113_4094,Stage 3,26.06,7
-7113_4095,Stage 1,0,0
-7113_4095,Stage 2,11.57,1
-7113_4095,Stage 3,48.56,6
-7113_4096,Stage 1,0.95,1
-7113_4096,Stage 2,8.4,2
-7113_4096,Stage 3,31.8,13
-7113_4097,Stage 1,0,0
-7113_4097,Stage 2,0,0
-7113_4097,Stage 3,42.95,11
-7113_4098,Stage 1,0,0
-7113_4098,Stage 2,6.32,2
-7113_4098,Stage 3,130.7,12
-7113_4099,Stage 1,0,0
-7113_4099,Stage 2,9.33,2
-7113_4099,Stage 3,149.68,16
-7113_4100,Stage 1,0,0
-7113_4100,Stage 2,0,0
-7113_4100,Stage 3,251.78,12
-7113_4101,Stage 1,0,0
-7113_4101,Stage 2,0,0
-7113_4101,Stage 3,100.12,15
-7113_4102,Stage 1,0,0
-7113_4102,Stage 2,2.2,1
-7113_4102,Stage 3,94.48,11
-7113_4103,Stage 1,0,0
-7113_4103,Stage 2,1.01,2
-7113_4103,Stage 3,77.88,12
-7113_4104,Stage 1,0,0
-7113_4104,Stage 2,1.02,1
-7113_4104,Stage 3,59.93,10
-7113_4105,Stage 1,0,0
-7113_4105,Stage 2,0,0
-7113_4105,Stage 3,14.91,8
-7113_4106,Stage 1,0,0
-7113_4106,Stage 2,0,0
-7113_4106,Stage 3,27.46,11
-7113_4107,Stage 1,0,0
-7113_4107,Stage 2,9.22,4
-7113_4107,Stage 3,43.03,11
-7113_4108,Stage 1,0.11,1
-7113_4108,Stage 2,11.91,3
-7113_4108,Stage 3,58.16,10
-7113_4109,Stage 1,0,0
-7113_4109,Stage 2,4.69,3
-7113_4109,Stage 3,95.11,9
-7113_4110,Stage 1,0.09,1
-7113_4110,Stage 2,14.63,3
-7113_4110,Stage 3,137.68,9
-7113_4111,Stage 1,0,0
-7113_4111,Stage 2,22.32,6
-7113_4111,Stage 3,54.25,11
-7113_4112,Stage 1,16.12,3
-7113_4112,Stage 2,28.97,4
-7113_4112,Stage 3,30.26,9
-7113_4113,Stage 1,1.93,2
-7113_4113,Stage 2,18.61,2
-7113_4113,Stage 3,27.37,5
-7113_4114,Stage 1,0,0
-7113_4114,Stage 2,20.09,3
-7113_4114,Stage 3,86.75,7
-7113_4115,Stage 1,0,0
-7113_4115,Stage 2,14.32,1
-7113_4115,Stage 3,52.36,10
-7113_4116,Stage 1,0,0
-7113_4116,Stage 2,11.5,1
-7113_4116,Stage 3,37.08,12
-7113_4117,Stage 1,0.92,1
-7113_4117,Stage 2,6.2299999999999995,1
-7113_4117,Stage 3,70.43,14
-7113_4118,Stage 1,0,0
-7113_4118,Stage 2,19.330000000000002,1
-7113_4118,Stage 3,110.65,13
-7113_4119,Stage 1,0,0
-7113_4119,Stage 2,7.93,1
-7113_4119,Stage 3,156.46,16
-7113_4120,Stage 1,0,0
-7113_4120,Stage 2,3.13,2
-7113_4120,Stage 3,136.32999999999998,17
-7113_4121,Stage 1,0,0
-7113_4121,Stage 2,13.89,1
-7113_4121,Stage 3,394.88,16
-7113_4122,Stage 1,0,0
-7113_4122,Stage 2,4.22,4
-7113_4122,Stage 3,191.66,16
-7113_4123,Stage 1,0.82,1
-7113_4123,Stage 2,14.44,3
-7113_4123,Stage 3,76.88,16
-7113_4124,Stage 1,6.390000000000001,1
-7113_4124,Stage 2,24.27,7
-7113_4124,Stage 3,179.37,24
-7113_4125,Stage 1,12.34,2
-7113_4125,Stage 2,15.370000000000001,2
-7113_4125,Stage 3,69.02,12
-7113_4126,Stage 1,0,0
-7113_4126,Stage 2,9.68,2
-7113_4126,Stage 3,10.99,7
-7113_4127,Stage 1,0,0
-7113_4127,Stage 2,4.47,2
-7113_4127,Stage 3,5.890000000000001,3
-7113_4128,Stage 1,2.9,1
-7113_4128,Stage 2,10.620000000000001,3
-7113_4128,Stage 3,6.41,7
-7113_4129,Stage 1,1.78,1
-7113_4129,Stage 2,2.1,2
-7113_4129,Stage 3,2.89,1
-7113_4130,Stage 1,3.1399999999999997,1
-7113_4130,Stage 2,7.97,2
-7113_4130,Stage 3,4.390000000000001,3
-7113_4131,Stage 1,0.28,1
-7113_4131,Stage 2,2.17,1
-7113_4131,Stage 3,6.62,5
-7113_4132,Stage 1,1.18,2
-7113_4132,Stage 2,8.14,3
-7113_4132,Stage 3,2.58,2
-7113_4133,Stage 1,0,0
-7113_4133,Stage 2,5.72,3
-7113_4133,Stage 3,7.1,5
-7113_4134,Stage 1,0,0
-7113_4134,Stage 2,0,0
-7113_4134,Stage 3,3.83,2
-7113_4135,Stage 1,0,0
-7113_4135,Stage 2,0.97,1
-7113_4135,Stage 3,8.79,4
-7113_4136,Stage 1,4.13,5
-7113_4136,Stage 2,3.63,3
-7113_4136,Stage 3,14.13,9
-7113_4137,Stage 1,0,0
-7113_4137,Stage 2,3.45,3
-7113_4137,Stage 3,1.54,2
-7114_4081,Stage 1,0,0
-7114_4081,Stage 2,0,0
-7114_4081,Stage 3,0,0
-7114_4082,Stage 1,0,0
-7114_4082,Stage 2,1.22,1
-7114_4082,Stage 3,0.98,1
-7114_4083,Stage 1,0,0
-7114_4083,Stage 2,0,0
-7114_4083,Stage 3,0,0
-7114_4084,Stage 1,0,0
-7114_4084,Stage 2,0,0
-7114_4084,Stage 3,1,1
-7114_4085,Stage 1,0.35,1
-7114_4085,Stage 2,1.11,1
-7114_4085,Stage 3,17.09,1
-7114_4086,Stage 1,0,0
-7114_4086,Stage 2,4.28,1
-7114_4086,Stage 3,24.169999999999998,5
-7114_4087,Stage 1,1.37,2
-7114_4087,Stage 2,0.83,1
-7114_4087,Stage 3,3.9899999999999998,4
-7114_4088,Stage 1,25.14,2
-7114_4088,Stage 2,2,2
-7114_4088,Stage 3,0.6900000000000001,2
-7114_4089,Stage 1,34.519999999999996,2
-7114_4089,Stage 2,1.25,1
-7114_4089,Stage 3,6.26,4
-7114_4090,Stage 1,4.78,2
-7114_4090,Stage 2,13.799999999999999,2
-7114_4090,Stage 3,6.75,4
-7114_4091,Stage 1,13.799999999999999,1
-7114_4091,Stage 2,0.9,1
-7114_4091,Stage 3,1.99,2
-7114_4092,Stage 1,9.52,1
-7114_4092,Stage 2,5.59,1
-7114_4092,Stage 3,6.01,4
-7114_4093,Stage 1,22.9,2
-7114_4093,Stage 2,0,0
-7114_4093,Stage 3,4,3
-7114_4094,Stage 1,6.42,2
-7114_4094,Stage 2,3.44,1
-7114_4094,Stage 3,19.52,6
-7114_4095,Stage 1,0,0
-7114_4095,Stage 2,2.99,1
-7114_4095,Stage 3,49.08,10
-7114_4096,Stage 1,0,0
-7114_4096,Stage 2,2.0700000000000003,2
-7114_4096,Stage 3,31.2,12
-7114_4097,Stage 1,0,0
-7114_4097,Stage 2,0,0
-7114_4097,Stage 3,53.22,14
-7114_4098,Stage 1,0,0
-7114_4098,Stage 2,1.42,1
-7114_4098,Stage 3,89.69,17
-7114_4099,Stage 1,0,0
-7114_4099,Stage 2,0,0
-7114_4099,Stage 3,93.18,13
-7114_4100,Stage 1,2.07,1
-7114_4100,Stage 2,0.75,1
-7114_4100,Stage 3,85.57,12
-7114_4101,Stage 1,0,0
-7114_4101,Stage 2,5.16,1
-7114_4101,Stage 3,82.24,14
-7114_4102,Stage 1,0,0
-7114_4102,Stage 2,1.33,1
-7114_4102,Stage 3,76.95,10
-7114_4103,Stage 1,0,0
-7114_4103,Stage 2,0,0
-7114_4103,Stage 3,87.76,12
-7114_4104,Stage 1,0,0
-7114_4104,Stage 2,0,0
-7114_4104,Stage 3,71.08,10
-7114_4105,Stage 1,0,0
-7114_4105,Stage 2,1.12,1
-7114_4105,Stage 3,32.52,7
-7114_4106,Stage 1,0.89,1
-7114_4106,Stage 2,3.72,4
-7114_4106,Stage 3,53.29,10
-7114_4107,Stage 1,2.12,1
-7114_4107,Stage 2,21.16,4
-7114_4107,Stage 3,44.37,10
-7114_4108,Stage 1,0,0
-7114_4108,Stage 2,8.32,5
-7114_4108,Stage 3,82.19,12
-7114_4109,Stage 1,1.07,1
-7114_4109,Stage 2,11.959999999999999,5
-7114_4109,Stage 3,183.94,13
-7114_4110,Stage 1,0,0
-7114_4110,Stage 2,7.3999999999999995,5
-7114_4110,Stage 3,143.11,10
-7114_4111,Stage 1,0,0
-7114_4111,Stage 2,14.43,4
-7114_4111,Stage 3,64.63,11
-7114_4112,Stage 1,15.9,1
-7114_4112,Stage 2,7.82,4
-7114_4112,Stage 3,49.04,6
-7114_4113,Stage 1,0,0
-7114_4113,Stage 2,11.7,1
-7114_4113,Stage 3,23.42,9
-7114_4114,Stage 1,0,0
-7114_4114,Stage 2,4.23,1
-7114_4114,Stage 3,51.65,8
-7114_4115,Stage 1,0,0
-7114_4115,Stage 2,6.8999999999999995,2
-7114_4115,Stage 3,44.87,9
-7114_4116,Stage 1,0.27,1
-7114_4116,Stage 2,8.18,1
-7114_4116,Stage 3,42.36,14
-7114_4117,Stage 1,0,0
-7114_4117,Stage 2,3.9299999999999997,1
-7114_4117,Stage 3,117.8,16
-7114_4118,Stage 1,0,0
-7114_4118,Stage 2,12.3,1
-7114_4118,Stage 3,172.18,16
-7114_4119,Stage 1,0,0
-7114_4119,Stage 2,5.35,1
-7114_4119,Stage 3,184.54,14
-7114_4120,Stage 1,0,0
-7114_4120,Stage 2,3.2800000000000002,1
-7114_4120,Stage 3,152.1,18
-7114_4121,Stage 1,10.47,1
-7114_4121,Stage 2,8.15,1
-7114_4121,Stage 3,267.46999999999997,19
-7114_4122,Stage 1,0,0
-7114_4122,Stage 2,3.56,1
-7114_4122,Stage 3,240.95,17
-7114_4123,Stage 1,28.04,3
-7114_4123,Stage 2,37.480000000000004,8
-7114_4123,Stage 3,136.10999999999999,20
-7114_4124,Stage 1,5.42,3
-7114_4124,Stage 2,11.49,5
-7114_4124,Stage 3,140.72,21
-7114_4125,Stage 1,0,0
-7114_4125,Stage 2,6.71,2
-7114_4125,Stage 3,24,10
-7114_4126,Stage 1,0,0
-7114_4126,Stage 2,3.3200000000000003,3
-7114_4126,Stage 3,13.22,7
-7114_4127,Stage 1,0,0
-7114_4127,Stage 2,0.82,1
-7114_4127,Stage 3,27.91,6
-7114_4128,Stage 1,1.91,1
-7114_4128,Stage 2,4.75,2
-7114_4128,Stage 3,7.15,6
-7114_4129,Stage 1,11.39,3
-7114_4129,Stage 2,13.09,1
-7114_4129,Stage 3,1.32,2
-7114_4130,Stage 1,1.23,1
-7114_4130,Stage 2,2.55,3
-7114_4130,Stage 3,2.64,4
-7114_4131,Stage 1,1.93,1
-7114_4131,Stage 2,0,0
-7114_4131,Stage 3,1.99,1
-7114_4132,Stage 1,1.9,2
-7114_4132,Stage 2,3.2600000000000002,4
-7114_4132,Stage 3,2.31,5
-7114_4133,Stage 1,0.33,1
-7114_4133,Stage 2,1.17,2
-7114_4133,Stage 3,2.32,2
-7114_4134,Stage 1,0,0
-7114_4134,Stage 2,0,0
-7114_4134,Stage 3,3.16,3
-7114_4135,Stage 1,1.6999999999999997,2
-7114_4135,Stage 2,1.59,3
-7114_4135,Stage 3,8.29,5
-7114_4136,Stage 1,8,5
-7114_4136,Stage 2,8.54,5
-7114_4136,Stage 3,6.7,5
-7114_4137,Stage 1,1.63,2
-7114_4137,Stage 2,0.91,1
-7114_4137,Stage 3,0,0
-7115_4082,Stage 1,0,0
-7115_4082,Stage 2,0,0
-7115_4082,Stage 3,1,1
-7115_4083,Stage 1,0,0
-7115_4083,Stage 2,0,0
-7115_4083,Stage 3,4.2299999999999995,2
-7115_4084,Stage 1,0,0
-7115_4084,Stage 2,5.38,2
-7115_4084,Stage 3,1.32,2
-7115_4085,Stage 1,0,0
-7115_4085,Stage 2,0,0
-7115_4085,Stage 3,1.34,1
-7115_4086,Stage 1,0,0
-7115_4086,Stage 2,0,0
-7115_4086,Stage 3,6.930000000000001,6
-7115_4087,Stage 1,0,0
-7115_4087,Stage 2,0,0
-7115_4087,Stage 3,7.3500000000000005,2
-7115_4088,Stage 1,16.76,2
-7115_4088,Stage 2,0,0
-7115_4088,Stage 3,4.3500000000000005,4
-7115_4089,Stage 1,11.35,2
-7115_4089,Stage 2,0,0
-7115_4089,Stage 3,0.35,1
-7115_4090,Stage 1,20.69,2
-7115_4090,Stage 2,3.09,2
-7115_4090,Stage 3,5.68,2
-7115_4091,Stage 1,9.72,2
-7115_4091,Stage 2,1.36,1
-7115_4091,Stage 3,3.5300000000000002,3
-7115_4092,Stage 1,1.25,1
-7115_4092,Stage 2,0,0
-7115_4092,Stage 3,1.1800000000000002,2
-7115_4093,Stage 1,2.88,1
-7115_4093,Stage 2,1.98,2
-7115_4093,Stage 3,5.93,4
-7115_4094,Stage 1,0,0
-7115_4094,Stage 2,7.51,3
-7115_4094,Stage 3,21.83,8
-7115_4095,Stage 1,2.02,1
-7115_4095,Stage 2,3.6300000000000003,1
-7115_4095,Stage 3,28.23,7
-7115_4096,Stage 1,0,0
-7115_4096,Stage 2,2.95,2
-7115_4096,Stage 3,29.53,14
-7115_4097,Stage 1,0,0
-7115_4097,Stage 2,3.84,3
-7115_4097,Stage 3,34.98,12
-7115_4098,Stage 1,0,0
-7115_4098,Stage 2,1.04,1
-7115_4098,Stage 3,83,13
-7115_4099,Stage 1,0,0
-7115_4099,Stage 2,1.01,1
-7115_4099,Stage 3,85.89999999999999,11
-7115_4100,Stage 1,0.93,1
-7115_4100,Stage 2,5.51,2
-7115_4100,Stage 3,67.31,12
-7115_4101,Stage 1,7.51,2
-7115_4101,Stage 2,1.87,2
-7115_4101,Stage 3,45.74,11
-7115_4102,Stage 1,0,0
-7115_4102,Stage 2,0.8,1
-7115_4102,Stage 3,50.12,9
-7115_4103,Stage 1,0,0
-7115_4103,Stage 2,2.41,2
-7115_4103,Stage 3,54.05,10
-7115_4104,Stage 1,0,0
-7115_4104,Stage 2,2.29,2
-7115_4104,Stage 3,54.5,12
-7115_4105,Stage 1,0,0
-7115_4105,Stage 2,3.5,2
-7115_4105,Stage 3,32.79,9
-7115_4106,Stage 1,0,0
-7115_4106,Stage 2,3.71,3
-7115_4106,Stage 3,46.9,8
-7115_4107,Stage 1,0,0
-7115_4107,Stage 2,6.22,5
-7115_4107,Stage 3,44.53,8
-7115_4108,Stage 1,0,0
-7115_4108,Stage 2,10.92,4
-7115_4108,Stage 3,85.16,11
-7115_4109,Stage 1,0,0
-7115_4109,Stage 2,12.43,3
-7115_4109,Stage 3,161.66,15
-7115_4110,Stage 1,0.79,1
-7115_4110,Stage 2,9.59,4
-7115_4110,Stage 3,94.4,10
-7115_4111,Stage 1,0,0
-7115_4111,Stage 2,15.69,4
-7115_4111,Stage 3,35.32,8
-7115_4112,Stage 1,0,0
-7115_4112,Stage 2,6.8,3
-7115_4112,Stage 3,43.57,6
-7115_4113,Stage 1,0,0
-7115_4113,Stage 2,4.13,2
-7115_4113,Stage 3,41.04,7
-7115_4114,Stage 1,0,0
-7115_4114,Stage 2,4.79,2
-7115_4114,Stage 3,35.55,9
-7115_4115,Stage 1,0.82,1
-7115_4115,Stage 2,3.74,1
-7115_4115,Stage 3,35.63,11
-7115_4116,Stage 1,0,0
-7115_4116,Stage 2,14.59,1
-7115_4116,Stage 3,24.85,13
-7115_4117,Stage 1,0,0
-7115_4117,Stage 2,7.08,1
-7115_4117,Stage 3,73.08,16
-7115_4118,Stage 1,3.17,1
-7115_4118,Stage 2,14.85,1
-7115_4118,Stage 3,93.76,18
-7115_4119,Stage 1,0,0
-7115_4119,Stage 2,4.61,1
-7115_4119,Stage 3,73.15,17
-7115_4120,Stage 1,1.2,1
-7115_4120,Stage 2,2.88,1
-7115_4120,Stage 3,164.82999999999998,18
-7115_4121,Stage 1,0,0
-7115_4121,Stage 2,15.78,2
-7115_4121,Stage 3,336.53,18
-7115_4122,Stage 1,0.28,1
-7115_4122,Stage 2,7.98,1
-7115_4122,Stage 3,203.05,18
-7115_4123,Stage 1,9.95,2
-7115_4123,Stage 2,32.95,6
-7115_4123,Stage 3,73.01,19
-7115_4124,Stage 1,2.12,2
-7115_4124,Stage 2,14.399999999999999,4
-7115_4124,Stage 3,76.73,17
-7115_4125,Stage 1,0,0
-7115_4125,Stage 2,7.79,2
-7115_4125,Stage 3,21.41,9
-7115_4126,Stage 1,0.89,1
-7115_4126,Stage 2,6.26,2
-7115_4126,Stage 3,14.79,8
-7115_4127,Stage 1,2.8,2
-7115_4127,Stage 2,5.62,2
-7115_4127,Stage 3,10.35,5
-7115_4128,Stage 1,0,0
-7115_4128,Stage 2,4.59,2
-7115_4128,Stage 3,3.59,4
-7115_4129,Stage 1,0.8,1
-7115_4129,Stage 2,5.62,1
-7115_4129,Stage 3,0.94,1
-7115_4130,Stage 1,0.65,1
-7115_4130,Stage 2,1.24,1
-7115_4130,Stage 3,2.53,2
-7115_4131,Stage 1,0,0
-7115_4131,Stage 2,2.14,2
-7115_4131,Stage 3,3.51,3
-7115_4132,Stage 1,0.55,1
-7115_4132,Stage 2,2.86,2
-7115_4132,Stage 3,10.82,6
-7115_4133,Stage 1,0,0
-7115_4133,Stage 2,1.4100000000000001,2
-7115_4133,Stage 3,13.92,3
-7115_4134,Stage 1,0.29,1
-7115_4134,Stage 2,0,0
-7115_4134,Stage 3,8.69,4
-7115_4135,Stage 1,1.95,2
-7115_4135,Stage 2,0,0
-7115_4135,Stage 3,2.97,3
-7115_4136,Stage 1,12.950000000000001,3
-7115_4136,Stage 2,1.55,2
-7115_4136,Stage 3,14.64,9
-7115_4137,Stage 1,0,0
-7115_4137,Stage 2,0,0
-7115_4137,Stage 3,1.49,2
-7116_4083,Stage 1,0,0
-7116_4083,Stage 2,0,0
-7116_4083,Stage 3,0,0
-7116_4084,Stage 1,0,0
-7116_4084,Stage 2,0,0
-7116_4084,Stage 3,0,0
-7116_4085,Stage 1,2.89,2
-7116_4085,Stage 2,0,0
-7116_4085,Stage 3,3.42,2
-7116_4086,Stage 1,0.27,1
-7116_4086,Stage 2,0,0
-7116_4086,Stage 3,5.4799999999999995,4
-7116_4087,Stage 1,1.5299999999999998,2
-7116_4087,Stage 2,1.14,1
-7116_4087,Stage 3,3.44,3
-7116_4088,Stage 1,5.16,1
-7116_4088,Stage 2,2.47,1
-7116_4088,Stage 3,4.87,1
-7116_4089,Stage 1,8.08,2
-7116_4089,Stage 2,1.07,1
-7116_4089,Stage 3,2.27,2
-7116_4090,Stage 1,20.759999999999998,3
-7116_4090,Stage 2,0,0
-7116_4090,Stage 3,0,0
-7116_4091,Stage 1,19.89,2
-7116_4091,Stage 2,4.56,4
-7116_4091,Stage 3,2.49,3
-7116_4092,Stage 1,6.32,2
-7116_4092,Stage 2,1.16,1
-7116_4092,Stage 3,2,1
-7116_4093,Stage 1,0,0
-7116_4093,Stage 2,1.99,1
-7116_4093,Stage 3,2.86,3
-7116_4094,Stage 1,1.04,1
-7116_4094,Stage 2,1.98,3
-7116_4094,Stage 3,20.34,5
-7116_4095,Stage 1,0.28,1
-7116_4095,Stage 2,0,0
-7116_4095,Stage 3,29.41,8
-7116_4096,Stage 1,0.7,1
-7116_4096,Stage 2,0.88,1
-7116_4096,Stage 3,25.78,13
-7116_4097,Stage 1,0,0
-7116_4097,Stage 2,0.81,1
-7116_4097,Stage 3,34.29,12
-7116_4098,Stage 1,0,0
-7116_4098,Stage 2,0,0
-7116_4098,Stage 3,95.46,18
-7116_4099,Stage 1,0,0
-7116_4099,Stage 2,0,0
-7116_4099,Stage 3,54.67,13
-7116_4100,Stage 1,0.32,1
-7116_4100,Stage 2,7.09,1
-7116_4100,Stage 3,59.44,9
-7116_4101,Stage 1,1.04,1
-7116_4101,Stage 2,0,0
-7116_4101,Stage 3,46.19,12
-7116_4102,Stage 1,0,0
-7116_4102,Stage 2,0.38,1
-7116_4102,Stage 3,47.07,9
-7116_4103,Stage 1,0.79,1
-7116_4103,Stage 2,2.22,2
-7116_4103,Stage 3,42.84,11
-7116_4104,Stage 1,2.2,1
-7116_4104,Stage 2,4.05,4
-7116_4104,Stage 3,56.77,10
-7116_4105,Stage 1,2.71,2
-7116_4105,Stage 2,2.52,2
-7116_4105,Stage 3,28.17,7
-7116_4106,Stage 1,0.32,1
-7116_4106,Stage 2,1.97,1
-7116_4106,Stage 3,54.12,8
-7116_4107,Stage 1,0,0
-7116_4107,Stage 2,5.21,4
-7116_4107,Stage 3,47.94,7
-7116_4108,Stage 1,0,0
-7116_4108,Stage 2,6.14,3
-7116_4108,Stage 3,106.44,10
-7116_4109,Stage 1,0.57,1
-7116_4109,Stage 2,6.28,4
-7116_4109,Stage 3,89.48,8
-7116_4110,Stage 1,12.16,1
-7116_4110,Stage 2,11.54,3
-7116_4110,Stage 3,79.75,10
-7116_4111,Stage 1,0,0
-7116_4111,Stage 2,15.02,3
-7116_4111,Stage 3,41.18,6
-7116_4112,Stage 1,0,0
-7116_4112,Stage 2,8.54,2
-7116_4112,Stage 3,39.97,6
-7116_4113,Stage 1,0,0
-7116_4113,Stage 2,5.5200000000000005,2
-7116_4113,Stage 3,16.04,6
-7116_4114,Stage 1,2.04,1
-7116_4114,Stage 2,2.9,2
-7116_4114,Stage 3,48.51,8
-7116_4115,Stage 1,0.28,1
-7116_4115,Stage 2,1.24,1
-7116_4115,Stage 3,38.4,12
-7116_4116,Stage 1,5.34,1
-7116_4116,Stage 2,9.94,1
-7116_4116,Stage 3,49.89,13
-7116_4117,Stage 1,10.620000000000001,1
-7116_4117,Stage 2,5.15,1
-7116_4117,Stage 3,81.45,13
-7116_4118,Stage 1,5.26,1
-7116_4118,Stage 2,11.219999999999999,1
-7116_4118,Stage 3,91.03,15
-7116_4119,Stage 1,8.290000000000001,2
-7116_4119,Stage 2,9.35,3
-7116_4119,Stage 3,104.19,16
-7116_4120,Stage 1,2.67,1
-7116_4120,Stage 2,8.35,1
-7116_4120,Stage 3,180.35,17
-7116_4121,Stage 1,1.88,1
-7116_4121,Stage 2,9.08,3
-7116_4121,Stage 3,269.38,16
-7116_4122,Stage 1,0,0
-7116_4122,Stage 2,8.35,2
-7116_4122,Stage 3,187.07999999999998,19
-7116_4123,Stage 1,8.14,2
-7116_4123,Stage 2,18.58,5
-7116_4123,Stage 3,144.89,21
-7116_4124,Stage 1,0.8400000000000001,2
-7116_4124,Stage 2,7.07,1
-7116_4124,Stage 3,55.22,12
-7116_4125,Stage 1,0,0
-7116_4125,Stage 2,13.870000000000001,4
-7116_4125,Stage 3,14.29,3
-7116_4126,Stage 1,2.24,3
-7116_4126,Stage 2,4.06,2
-7116_4126,Stage 3,10.4,6
-7116_4127,Stage 1,2.07,1
-7116_4127,Stage 2,1.29,1
-7116_4127,Stage 3,8.14,4
-7116_4128,Stage 1,0,0
-7116_4128,Stage 2,2.06,2
-7116_4128,Stage 3,12.19,5
-7116_4129,Stage 1,11.73,2
-7116_4129,Stage 2,0.88,1
-7116_4129,Stage 3,0.58,1
-7116_4130,Stage 1,0,0
-7116_4130,Stage 2,2.75,2
-7116_4130,Stage 3,0,0
-7116_4131,Stage 1,0,0
-7116_4131,Stage 2,1.07,1
-7116_4131,Stage 3,1.5,1
-7116_4132,Stage 1,5.51,2
-7116_4132,Stage 2,5.59,5
-7116_4132,Stage 3,6.69,1
-7116_4133,Stage 1,0.88,1
-7116_4133,Stage 2,1.51,2
-7116_4133,Stage 3,4.01,4
-7116_4134,Stage 1,0,0
-7116_4134,Stage 2,0,0
-7116_4134,Stage 3,3.12,2
-7116_4135,Stage 1,10.610000000000001,2
-7116_4135,Stage 2,0,0
-7116_4135,Stage 3,10.45,3
-7116_4136,Stage 1,8.7,2
-7116_4136,Stage 2,0.38,1
-7116_4136,Stage 3,21.34,7
-7116_4137,Stage 1,0,0
-7116_4137,Stage 2,0,0
-7116_4137,Stage 3,2.41,2
-7117_4085,Stage 1,0,0
-7117_4085,Stage 2,0,0
-7117_4085,Stage 3,0,0
-7117_4086,Stage 1,0.82,1
-7117_4086,Stage 2,0,0
-7117_4086,Stage 3,2.59,1
-7117_4087,Stage 1,0,0
-7117_4087,Stage 2,1.64,1
-7117_4087,Stage 3,8.18,4
-7117_4088,Stage 1,0.52,1
-7117_4088,Stage 2,3.21,1
-7117_4088,Stage 3,5.77,3
-7117_4089,Stage 1,19.65,1
-7117_4089,Stage 2,0,0
-7117_4089,Stage 3,1.8900000000000001,2
-7117_4090,Stage 1,24.98,2
-7117_4090,Stage 2,1.33,2
-7117_4090,Stage 3,0,0
-7117_4091,Stage 1,13.43,2
-7117_4091,Stage 2,2.46,1
-7117_4091,Stage 3,4.08,2
-7117_4092,Stage 1,4.55,1
-7117_4092,Stage 2,3.69,1
-7117_4092,Stage 3,4.53,3
-7117_4093,Stage 1,0.39,1
-7117_4093,Stage 2,0,0
-7117_4093,Stage 3,41.36,1
-7117_4094,Stage 1,0,0
-7117_4094,Stage 2,1.12,1
-7117_4094,Stage 3,7.87,6
-7117_4095,Stage 1,2.05,1
-7117_4095,Stage 2,0,0
-7117_4095,Stage 3,15.1,9
-7117_4096,Stage 1,1.92,1
-7117_4096,Stage 2,3.92,1
-7117_4096,Stage 3,29.14,15
-7117_4097,Stage 1,0,0
-7117_4097,Stage 2,6.03,3
-7117_4097,Stage 3,64.53,17
-7117_4098,Stage 1,0,0
-7117_4098,Stage 2,0.38,1
-7117_4098,Stage 3,89.59,20
-7117_4099,Stage 1,2.95,1
-7117_4099,Stage 2,2.23,2
-7117_4099,Stage 3,49,14
-7117_4100,Stage 1,0.92,1
-7117_4100,Stage 2,6.92,1
-7117_4100,Stage 3,61.839999999999996,10
-7117_4101,Stage 1,2.61,1
-7117_4101,Stage 2,0,0
-7117_4101,Stage 3,45.87,11
-7117_4102,Stage 1,4.7,3
-7117_4102,Stage 2,5.75,3
-7117_4102,Stage 3,41.89,12
-7117_4103,Stage 1,31.61,3
-7117_4103,Stage 2,47.72,4
-7117_4103,Stage 3,96.28,16
-7117_4104,Stage 1,1.67,1
-7117_4104,Stage 2,9.41,4
-7117_4104,Stage 3,44.42,13
-7117_4105,Stage 1,12.93,3
-7117_4105,Stage 2,10.01,2
-7117_4105,Stage 3,36.21,11
-7117_4106,Stage 1,0,0
-7117_4106,Stage 2,2.5,2
-7117_4106,Stage 3,31.13,8
-7117_4107,Stage 1,0,0
-7117_4107,Stage 2,8.11,2
-7117_4107,Stage 3,57.46,10
-7117_4108,Stage 1,0,0
-7117_4108,Stage 2,24.48,3
-7117_4108,Stage 3,121.8,13
-7117_4109,Stage 1,2.3,2
-7117_4109,Stage 2,26.05,4
-7117_4109,Stage 3,51.39,9
-7117_4110,Stage 1,0,0
-7117_4110,Stage 2,15.26,4
-7117_4110,Stage 3,71.61,9
-7117_4111,Stage 1,0,0
-7117_4111,Stage 2,22.49,4
-7117_4111,Stage 3,40.62,9
-7117_4112,Stage 1,0,0
-7117_4112,Stage 2,12.44,5
-7117_4112,Stage 3,39.57,9
-7117_4113,Stage 1,1.38,1
-7117_4113,Stage 2,4.82,4
-7117_4113,Stage 3,35.64,8
-7117_4114,Stage 1,2.62,1
-7117_4114,Stage 2,6.45,4
-7117_4114,Stage 3,39.36,7
-7117_4115,Stage 1,10.25,1
-7117_4115,Stage 2,6.4,2
-7117_4115,Stage 3,24.73,10
-7117_4116,Stage 1,0,0
-7117_4116,Stage 2,13.69,2
-7117_4116,Stage 3,27.78,8
-7117_4117,Stage 1,13.82,1
-7117_4117,Stage 2,8.56,1
-7117_4117,Stage 3,55.7,15
-7117_4118,Stage 1,4.54,2
-7117_4118,Stage 2,10.9,1
-7117_4118,Stage 3,40.82,13
-7117_4119,Stage 1,6.59,3
-7117_4119,Stage 2,5.4,1
-7117_4119,Stage 3,31.57,13
-7117_4120,Stage 1,0,0
-7117_4120,Stage 2,2.8,1
-7117_4120,Stage 3,88.28,17
-7117_4121,Stage 1,2.87,1
-7117_4121,Stage 2,14.46,2
-7117_4121,Stage 3,101.07000000000001,16
-7117_4122,Stage 1,0,0
-7117_4122,Stage 2,11.870000000000001,3
-7117_4122,Stage 3,116.78,17
-7117_4123,Stage 1,10.51,4
-7117_4123,Stage 2,14.64,3
-7117_4123,Stage 3,99.91,20
-7117_4124,Stage 1,0,0
-7117_4124,Stage 2,5.37,3
-7117_4124,Stage 3,64.7,11
-7117_4125,Stage 1,0,0
-7117_4125,Stage 2,4.3,5
-7117_4125,Stage 3,21.28,9
-7117_4126,Stage 1,0.54,1
-7117_4126,Stage 2,4.22,2
-7117_4126,Stage 3,11.86,7
-7117_4127,Stage 1,6.56,1
-7117_4127,Stage 2,2.6799999999999997,2
-7117_4127,Stage 3,7.66,5
-7117_4128,Stage 1,1.9500000000000002,1
-7117_4128,Stage 2,16.55,3
-7117_4128,Stage 3,4.26,4
-7117_4129,Stage 1,7.51,1
-7117_4129,Stage 2,0.99,1
-7117_4129,Stage 3,1.06,1
-7117_4130,Stage 1,1.08,1
-7117_4130,Stage 2,1.6700000000000002,1
-7117_4130,Stage 3,1.5299999999999998,1
-7117_4131,Stage 1,1.24,1
-7117_4131,Stage 2,1.05,1
-7117_4131,Stage 3,3.5,3
-7117_4132,Stage 1,0,0
-7117_4132,Stage 2,0.36,1
-7117_4132,Stage 3,1.27,2
-7117_4133,Stage 1,0,0
-7117_4133,Stage 2,0.15,1
-7117_4133,Stage 3,2.51,2
-7117_4134,Stage 1,0,0
-7117_4134,Stage 2,0,0
-7117_4134,Stage 3,2.2399999999999998,3
-7117_4135,Stage 1,0.54,1
-7117_4135,Stage 2,1.16,1
-7117_4135,Stage 3,13.55,6
-7117_4136,Stage 1,3.7399999999999998,2
-7117_4136,Stage 2,0,0
-7117_4136,Stage 3,15.58,6
-7117_4137,Stage 1,0,0
-7117_4137,Stage 2,0,0
-7117_4137,Stage 3,0,0
-7118_4086,Stage 1,0,0
-7118_4086,Stage 2,0,0
-7118_4086,Stage 3,0,0
-7118_4087,Stage 1,0.89,1
-7118_4087,Stage 2,0.98,1
-7118_4087,Stage 3,2.94,2
-7118_4088,Stage 1,2.1,3
-7118_4088,Stage 2,0,0
-7118_4088,Stage 3,3.2199999999999998,2
-7118_4089,Stage 1,10.030000000000001,2
-7118_4089,Stage 2,0.93,1
-7118_4089,Stage 3,2.05,2
-7118_4090,Stage 1,20.2,2
-7118_4090,Stage 2,3.35,1
-7118_4090,Stage 3,2.71,2
-7118_4091,Stage 1,19,2
-7118_4091,Stage 2,0.91,1
-7118_4091,Stage 3,0.33,1
-7118_4092,Stage 1,6.17,2
-7118_4092,Stage 2,4.43,3
-7118_4092,Stage 3,6.33,3
-7118_4093,Stage 1,0.66,1
-7118_4093,Stage 2,0,0
-7118_4093,Stage 3,14.39,6
-7118_4094,Stage 1,0,0
-7118_4094,Stage 2,0,0
-7118_4094,Stage 3,26.169999999999998,9
-7118_4095,Stage 1,0,0
-7118_4095,Stage 2,1.95,1
-7118_4095,Stage 3,23.25,11
-7118_4096,Stage 1,2.35,1
-7118_4096,Stage 2,11.76,2
-7118_4096,Stage 3,43.83,13
-7118_4097,Stage 1,0,0
-7118_4097,Stage 2,1.7,1
-7118_4097,Stage 3,80.56,17
-7118_4098,Stage 1,0,0
-7118_4098,Stage 2,0,0
-7118_4098,Stage 3,55.91,19
-7118_4099,Stage 1,2.48,2
-7118_4099,Stage 2,0,0
-7118_4099,Stage 3,38.25,11
-7118_4100,Stage 1,1.8399999999999999,2
-7118_4100,Stage 2,0,0
-7118_4100,Stage 3,75.99,12
-7118_4101,Stage 1,1.94,1
-7118_4101,Stage 2,0,0
-7118_4101,Stage 3,64.94,14
-7118_4102,Stage 1,1.37,2
-7118_4102,Stage 2,9.629999999999999,5
-7118_4102,Stage 3,48.519999999999996,12
-7118_4103,Stage 1,71.23,3
-7118_4103,Stage 2,77.76,6
-7118_4103,Stage 3,77.99,15
-7118_4104,Stage 1,0,0
-7118_4104,Stage 2,1.73,3
-7118_4104,Stage 3,41.56,12
-7118_4105,Stage 1,0,0
-7118_4105,Stage 2,1.41,2
-7118_4105,Stage 3,17.330000000000002,5
-7118_4106,Stage 1,0,0
-7118_4106,Stage 2,1.78,1
-7118_4106,Stage 3,59.12,10
-7118_4107,Stage 1,0,0
-7118_4107,Stage 2,4.09,5
-7118_4107,Stage 3,54.98,12
-7118_4108,Stage 1,0,0
-7118_4108,Stage 2,17.68,7
-7118_4108,Stage 3,69.87,13
-7118_4109,Stage 1,3.67,1
-7118_4109,Stage 2,9,4
-7118_4109,Stage 3,51.96,13
-7118_4110,Stage 1,0,0
-7118_4110,Stage 2,4.59,2
-7118_4110,Stage 3,56.97,11
-7118_4111,Stage 1,0,0
-7118_4111,Stage 2,8.61,5
-7118_4111,Stage 3,32.3,8
-7118_4112,Stage 1,0,0
-7118_4112,Stage 2,2.19,2
-7118_4112,Stage 3,40.88,8
-7118_4113,Stage 1,0.57,1
-7118_4113,Stage 2,9.030000000000001,1
-7118_4113,Stage 3,22.34,7
-7118_4114,Stage 1,1.92,1
-7118_4114,Stage 2,5.43,1
-7118_4114,Stage 3,21.46,9
-7118_4115,Stage 1,0.28,1
-7118_4115,Stage 2,7.04,1
-7118_4115,Stage 3,14.86,7
-7118_4116,Stage 1,3.8,1
-7118_4116,Stage 2,11.46,2
-7118_4116,Stage 3,38.01,15
-7118_4117,Stage 1,7.220000000000001,1
-7118_4117,Stage 2,5.92,3
-7118_4117,Stage 3,54.86,15
-7118_4118,Stage 1,2.08,1
-7118_4118,Stage 2,14.6,1
-7118_4118,Stage 3,78.37,15
-7118_4119,Stage 1,2.83,2
-7118_4119,Stage 2,3.64,1
-7118_4119,Stage 3,63.339999999999996,13
-7118_4120,Stage 1,1.97,1
-7118_4120,Stage 2,12.55,1
-7118_4120,Stage 3,120.94,17
-7118_4121,Stage 1,4.26,2
-7118_4121,Stage 2,8.79,2
-7118_4121,Stage 3,89.91,16
-7118_4122,Stage 1,0.81,1
-7118_4122,Stage 2,9.68,4
-7118_4122,Stage 3,136.17,18
-7118_4123,Stage 1,22.45,3
-7118_4123,Stage 2,16.09,4
-7118_4123,Stage 3,92.35000000000001,20
-7118_4124,Stage 1,2.1,1
-7118_4124,Stage 2,1.7999999999999998,2
-7118_4124,Stage 3,45.44,9
-7118_4125,Stage 1,0,0
-7118_4125,Stage 2,4.21,2
-7118_4125,Stage 3,15.709999999999999,8
-7118_4126,Stage 1,0.89,1
-7118_4126,Stage 2,0.65,1
-7118_4126,Stage 3,9.85,6
-7118_4127,Stage 1,0,0
-7118_4127,Stage 2,1.5499999999999998,2
-7118_4127,Stage 3,2.82,3
-7118_4128,Stage 1,6.07,2
-7118_4128,Stage 2,15.56,3
-7118_4128,Stage 3,3.1399999999999997,2
-7118_4129,Stage 1,1.59,2
-7118_4129,Stage 2,25.41,5
-7118_4129,Stage 3,1.46,1
-7118_4130,Stage 1,1.17,1
-7118_4130,Stage 2,1.53,1
-7118_4130,Stage 3,5.53,1
-7118_4131,Stage 1,0,0
-7118_4131,Stage 2,0,0
-7118_4131,Stage 3,2.13,2
-7118_4132,Stage 1,0,0
-7118_4132,Stage 2,2.39,1
-7118_4132,Stage 3,0.99,1
-7118_4133,Stage 1,0,1
-7118_4133,Stage 2,0,0
-7118_4133,Stage 3,5.57,3
-7118_4134,Stage 1,0,0
-7118_4134,Stage 2,0,0
-7118_4134,Stage 3,1.95,1
-7118_4135,Stage 1,1.59,1
-7118_4135,Stage 2,0,0
-7118_4135,Stage 3,13.06,8
-7118_4136,Stage 1,0,0
-7118_4136,Stage 2,0.56,1
-7118_4136,Stage 3,6.6,3
-7118_4137,Stage 1,0,0
-7118_4137,Stage 2,0,0
-7118_4137,Stage 3,0,0
-7119_4086,Stage 1,0,0
-7119_4086,Stage 2,0,0
-7119_4086,Stage 3,0,0
-7119_4087,Stage 1,1.18,1
-7119_4087,Stage 2,0,0
-7119_4087,Stage 3,1.75,2
-7119_4088,Stage 1,1.1,1
-7119_4088,Stage 2,0,0
-7119_4088,Stage 3,1.08,1
-7119_4089,Stage 1,2.09,1
-7119_4089,Stage 2,1.61,2
-7119_4089,Stage 3,8.63,3
-7119_4090,Stage 1,0,0
-7119_4090,Stage 2,2.07,2
-7119_4090,Stage 3,3.1,2
-7119_4091,Stage 1,3.3899999999999997,2
-7119_4091,Stage 2,1.75,2
-7119_4091,Stage 3,4.27,2
-7119_4092,Stage 1,1.92,3
-7119_4092,Stage 2,2.1799999999999997,2
-7119_4092,Stage 3,30.64,9
-7119_4093,Stage 1,2.42,1
-7119_4093,Stage 2,2.83,1
-7119_4093,Stage 3,4.17,5
-7119_4094,Stage 1,0,0
-7119_4094,Stage 2,0,0
-7119_4094,Stage 3,15.5,7
-7119_4095,Stage 1,0,0
-7119_4095,Stage 2,0,0
-7119_4095,Stage 3,24.71,11
-7119_4096,Stage 1,2.99,1
-7119_4096,Stage 2,13.8,1
-7119_4096,Stage 3,41.35,17
-7119_4097,Stage 1,2.55,2
-7119_4097,Stage 2,36.05,4
-7119_4097,Stage 3,71.39,17
-7119_4098,Stage 1,0.98,1
-7119_4098,Stage 2,1.01,1
-7119_4098,Stage 3,40.03,13
-7119_4099,Stage 1,15.5,1
-7119_4099,Stage 2,1.6,1
-7119_4099,Stage 3,31.29,8
-7119_4100,Stage 1,4.87,1
-7119_4100,Stage 2,15.9,2
-7119_4100,Stage 3,63.95,9
-7119_4101,Stage 1,2.83,2
-7119_4101,Stage 2,3.99,1
-7119_4101,Stage 3,44.84,11
-7119_4102,Stage 1,0,0
-7119_4102,Stage 2,2.21,2
-7119_4102,Stage 3,41.43,12
-7119_4103,Stage 1,0,0
-7119_4103,Stage 2,1.55,2
-7119_4103,Stage 3,37.84,12
-7119_4104,Stage 1,0,0
-7119_4104,Stage 2,1.6,1
-7119_4104,Stage 3,27.62,8
-7119_4105,Stage 1,1.11,1
-7119_4105,Stage 2,0,0
-7119_4105,Stage 3,14.07,8
-7119_4106,Stage 1,0,0
-7119_4106,Stage 2,4.8100000000000005,2
-7119_4106,Stage 3,30.53,9
-7119_4107,Stage 1,0.55,1
-7119_4107,Stage 2,14.41,2
-7119_4107,Stage 3,77.38,11
-7119_4108,Stage 1,0,0
-7119_4108,Stage 2,5.78,3
-7119_4108,Stage 3,58.24,8
-7119_4109,Stage 1,0,0
-7119_4109,Stage 2,23.89,3
-7119_4109,Stage 3,32.96,8
-7119_4110,Stage 1,14.43,1
-7119_4110,Stage 2,11.219999999999999,6
-7119_4110,Stage 3,59.08,11
-7119_4111,Stage 1,1.04,2
-7119_4111,Stage 2,16.44,4
-7119_4111,Stage 3,36.93,7
-7119_4112,Stage 1,0.48,1
-7119_4112,Stage 2,7.42,2
-7119_4112,Stage 3,34.54,7
-7119_4113,Stage 1,0,0
-7119_4113,Stage 2,10.27,2
-7119_4113,Stage 3,34.23,11
-7119_4114,Stage 1,0,0
-7119_4114,Stage 2,4.140000000000001,1
-7119_4114,Stage 3,10.26,8
-7119_4115,Stage 1,0,0
-7119_4115,Stage 2,5.07,1
-7119_4115,Stage 3,13.7,6
-7119_4116,Stage 1,2.86,1
-7119_4116,Stage 2,4.890000000000001,1
-7119_4116,Stage 3,22.73,9
-7119_4117,Stage 1,12.309999999999999,2
-7119_4117,Stage 2,1.46,1
-7119_4117,Stage 3,60.839999999999996,11
-7119_4118,Stage 1,0.89,1
-7119_4118,Stage 2,6.41,1
-7119_4118,Stage 3,38.34,16
-7119_4119,Stage 1,1.15,2
-7119_4119,Stage 2,6.43,1
-7119_4119,Stage 3,32.25,10
-7119_4120,Stage 1,4.9,2
-7119_4120,Stage 2,2.05,1
-7119_4120,Stage 3,74.55,15
-7119_4121,Stage 1,1.46,1
-7119_4121,Stage 2,14.63,4
-7119_4121,Stage 3,59.29,15
-7119_4122,Stage 1,4.15,2
-7119_4122,Stage 2,25.25,7
-7119_4122,Stage 3,132.60999999999999,20
-7119_4123,Stage 1,25.43,2
-7119_4123,Stage 2,4.79,4
-7119_4123,Stage 3,68.86,15
-7119_4124,Stage 1,0,0
-7119_4124,Stage 2,0.84,1
-7119_4124,Stage 3,28.48,10
-7119_4125,Stage 1,2.52,2
-7119_4125,Stage 2,0.8400000000000001,2
-7119_4125,Stage 3,20.14,6
-7119_4126,Stage 1,7.58,1
-7119_4126,Stage 2,1.98,2
-7119_4126,Stage 3,4.24,5
-7119_4127,Stage 1,0,0
-7119_4127,Stage 2,0.87,1
-7119_4127,Stage 3,3.87,4
-7119_4128,Stage 1,0,1
-7119_4128,Stage 2,1.75,2
-7119_4128,Stage 3,4.96,7
-7119_4129,Stage 1,0,0
-7119_4129,Stage 2,4.64,2
-7119_4129,Stage 3,4.57,4
-7119_4130,Stage 1,1.8,1
-7119_4130,Stage 2,12.1,3
-7119_4130,Stage 3,29.790000000000003,5
-7119_4131,Stage 1,0,0
-7119_4131,Stage 2,1.4,1
-7119_4131,Stage 3,1.92,3
-7119_4132,Stage 1,0,0
-7119_4132,Stage 2,0,0
-7119_4132,Stage 3,1.82,2
-7119_4133,Stage 1,1.49,1
-7119_4133,Stage 2,1.1,1
-7119_4133,Stage 3,6.59,3
-7119_4134,Stage 1,4.99,1
-7119_4134,Stage 2,0,0
-7119_4134,Stage 3,20.009999999999998,4
-7119_4135,Stage 1,0,0
-7119_4135,Stage 2,0.34,1
-7119_4135,Stage 3,7.25,3
-7119_4136,Stage 1,0.89,1
-7119_4136,Stage 2,18.37,1
-7119_4136,Stage 3,9.26,4
-7119_4137,Stage 1,0,0
-7119_4137,Stage 2,0,0
-7119_4137,Stage 3,14.9,4
-7120_4086,Stage 1,0,0
-7120_4086,Stage 2,0,0
-7120_4086,Stage 3,0,0
-7120_4087,Stage 1,4.66,1
-7120_4087,Stage 2,7.58,1
-7120_4087,Stage 3,6.52,5
-7120_4088,Stage 1,0,0
-7120_4088,Stage 2,1.36,1
-7120_4088,Stage 3,5.3100000000000005,2
-7120_4089,Stage 1,1.88,1
-7120_4089,Stage 2,1.76,2
-7120_4089,Stage 3,21.13,4
-7120_4090,Stage 1,0.92,1
-7120_4090,Stage 2,0,0
-7120_4090,Stage 3,8.38,3
-7120_4091,Stage 1,6.57,1
-7120_4091,Stage 2,0.71,2
-7120_4091,Stage 3,2.75,3
-7120_4092,Stage 1,21.23,3
-7120_4092,Stage 2,12.75,3
-7120_4092,Stage 3,9.75,6
-7120_4093,Stage 1,0.48,1
-7120_4093,Stage 2,0,0
-7120_4093,Stage 3,6.2,6
-7120_4094,Stage 1,0,0
-7120_4094,Stage 2,0,0
-7120_4094,Stage 3,18.5,12
-7120_4095,Stage 1,0,0
-7120_4095,Stage 2,0,0
-7120_4095,Stage 3,71.54,15
-7120_4096,Stage 1,0.42,1
-7120_4096,Stage 2,2.5300000000000002,1
-7120_4096,Stage 3,107.38,18
-7120_4097,Stage 1,0,0
-7120_4097,Stage 2,6.43,4
-7120_4097,Stage 3,68.48,17
-7120_4098,Stage 1,0,0
-7120_4098,Stage 2,3.56,2
-7120_4098,Stage 3,50.53,10
-7120_4099,Stage 1,0.72,1
-7120_4099,Stage 2,1.69,1
-7120_4099,Stage 3,61.33,7
-7120_4100,Stage 1,0,0
-7120_4100,Stage 2,0,0
-7120_4100,Stage 3,58.449999999999996,12
-7120_4101,Stage 1,0,0
-7120_4101,Stage 2,0,0
-7120_4101,Stage 3,35,13
-7120_4102,Stage 1,5.02,3
-7120_4102,Stage 2,0,0
-7120_4102,Stage 3,40.32,12
-7120_4103,Stage 1,5.74,2
-7120_4103,Stage 2,3.19,2
-7120_4103,Stage 3,52.76,11
-7120_4104,Stage 1,0.33,1
-7120_4104,Stage 2,9.049999999999999,4
-7120_4104,Stage 3,35.44,11
-7120_4105,Stage 1,0,0
-7120_4105,Stage 2,1.14,1
-7120_4105,Stage 3,15.57,8
-7120_4106,Stage 1,0.28,1
-7120_4106,Stage 2,3.6500000000000004,1
-7120_4106,Stage 3,40.32,8
-7120_4107,Stage 1,0,0
-7120_4107,Stage 2,0.84,1
-7120_4107,Stage 3,49.14,7
-7120_4108,Stage 1,0,0
-7120_4108,Stage 2,2.48,1
-7120_4108,Stage 3,37.81,9
-7120_4109,Stage 1,0,0
-7120_4109,Stage 2,5.38,2
-7120_4109,Stage 3,41.43,8
-7120_4110,Stage 1,0,0
-7120_4110,Stage 2,8.29,5
-7120_4110,Stage 3,56.89,8
-7120_4111,Stage 1,0,0
-7120_4111,Stage 2,8.88,2
-7120_4111,Stage 3,38.57,5
-7120_4112,Stage 1,0,0
-7120_4112,Stage 2,5.819999999999999,3
-7120_4112,Stage 3,21.12,7
-7120_4113,Stage 1,0,0
-7120_4113,Stage 2,1.09,1
-7120_4113,Stage 3,17.65,8
-7120_4114,Stage 1,0,0
-7120_4114,Stage 2,3.74,2
-7120_4114,Stage 3,18.95,10
-7120_4115,Stage 1,0,0
-7120_4115,Stage 2,3.74,1
-7120_4115,Stage 3,22.919999999999998,11
-7120_4116,Stage 1,0,0
-7120_4116,Stage 2,12.13,1
-7120_4116,Stage 3,60.269999999999996,14
-7120_4117,Stage 1,14.73,1
-7120_4117,Stage 2,7.23,1
-7120_4117,Stage 3,72.66,15
-7120_4118,Stage 1,4.51,1
-7120_4118,Stage 2,3.06,1
-7120_4118,Stage 3,47.47,15
-7120_4119,Stage 1,2.5,1
-7120_4119,Stage 2,2.52,1
-7120_4119,Stage 3,52.95,14
-7120_4120,Stage 1,1.62,2
-7120_4120,Stage 2,1,1
-7120_4120,Stage 3,69.67,15
-7120_4121,Stage 1,2.98,2
-7120_4121,Stage 2,6.14,5
-7120_4121,Stage 3,42.92,9
-7120_4122,Stage 1,7.6899999999999995,2
-7120_4122,Stage 2,50.04,5
-7120_4122,Stage 3,148.13,21
-7120_4123,Stage 1,0,0
-7120_4123,Stage 2,24.75,2
-7120_4123,Stage 3,100.06,11
-7120_4124,Stage 1,9.05,2
-7120_4124,Stage 2,6.79,3
-7120_4124,Stage 3,45.78,6
-7120_4125,Stage 1,8.01,1
-7120_4125,Stage 2,5.67,2
-7120_4125,Stage 3,35.55,10
-7120_4126,Stage 1,0.97,1
-7120_4126,Stage 2,2.55,2
-7120_4126,Stage 3,3.88,4
-7120_4127,Stage 1,0,0
-7120_4127,Stage 2,0.07,1
-7120_4127,Stage 3,6.5,7
-7120_4128,Stage 1,0,0
-7120_4128,Stage 2,4.06,2
-7120_4128,Stage 3,6.24,4
-7120_4129,Stage 1,0,0
-7120_4129,Stage 2,2.71,1
-7120_4129,Stage 3,2.8,3
-7120_4130,Stage 1,0.4,1
-7120_4130,Stage 2,3.95,2
-7120_4130,Stage 3,19,6
-7120_4131,Stage 1,16.29,2
-7120_4131,Stage 2,0,0
-7120_4131,Stage 3,6.09,5
-7120_4132,Stage 1,0,0
-7120_4132,Stage 2,0,0
-7120_4132,Stage 3,9.32,6
-7120_4133,Stage 1,0,0
-7120_4133,Stage 2,1.15,1
-7120_4133,Stage 3,9.42,4
-7120_4134,Stage 1,0,0
-7120_4134,Stage 2,0,0
-7120_4134,Stage 3,8.77,5
-7120_4135,Stage 1,2.99,1
-7120_4135,Stage 2,0,0
-7120_4135,Stage 3,38.67,5
-7120_4136,Stage 1,0,0
-7120_4136,Stage 2,0,0
-7120_4136,Stage 3,7.45,7
-7120_4137,Stage 1,0,0
-7120_4137,Stage 2,0,0
-7120_4137,Stage 3,15.95,6
-7120_4138,Stage 1,0,0
-7120_4138,Stage 2,0,0
-7120_4138,Stage 3,1.63,2
-7121_4086,Stage 1,0,0
-7121_4086,Stage 2,0,0
-7121_4086,Stage 3,0,0
-7121_4087,Stage 1,9.97,1
-7121_4087,Stage 2,0,0
-7121_4087,Stage 3,17.82,5
-7121_4088,Stage 1,0,0
-7121_4088,Stage 2,1.06,1
-7121_4088,Stage 3,18.96,8
-7121_4089,Stage 1,1.1,1
-7121_4089,Stage 2,5.87,4
-7121_4089,Stage 3,7.54,5
-7121_4090,Stage 1,3.93,1
-7121_4090,Stage 2,1.44,2
-7121_4090,Stage 3,7.98,3
-7121_4091,Stage 1,7.13,3
-7121_4091,Stage 2,0.76,1
-7121_4091,Stage 3,4.63,4
-7121_4092,Stage 1,2.79,3
-7121_4092,Stage 2,1.08,1
-7121_4092,Stage 3,7.04,4
-7121_4093,Stage 1,3.7600000000000002,3
-7121_4093,Stage 2,0,0
-7121_4093,Stage 3,21.62,9
-7121_4094,Stage 1,1.4100000000000001,2
-7121_4094,Stage 2,0,0
-7121_4094,Stage 3,43.02,11
-7121_4095,Stage 1,0.57,1
-7121_4095,Stage 2,0,0
-7121_4095,Stage 3,101.34,16
-7121_4096,Stage 1,0.98,1
-7121_4096,Stage 2,0,0
-7121_4096,Stage 3,133.16,20
-7121_4097,Stage 1,0,0
-7121_4097,Stage 2,11.399999999999999,3
-7121_4097,Stage 3,57.25,13
-7121_4098,Stage 1,0,0
-7121_4098,Stage 2,3.12,2
-7121_4098,Stage 3,51.839999999999996,13
-7121_4099,Stage 1,4.140000000000001,1
-7121_4099,Stage 2,0,0
-7121_4099,Stage 3,45.22,8
-7121_4100,Stage 1,2.46,2
-7121_4100,Stage 2,1.96,1
-7121_4100,Stage 3,48.17,9
-7121_4101,Stage 1,12.309999999999999,1
-7121_4101,Stage 2,2.33,1
-7121_4101,Stage 3,29.66,10
-7121_4102,Stage 1,0.43,1
-7121_4102,Stage 2,2.35,1
-7121_4102,Stage 3,26.3,9
-7121_4103,Stage 1,4.37,1
-7121_4103,Stage 2,0.94,1
-7121_4103,Stage 3,46.38,11
-7121_4104,Stage 1,0,0
-7121_4104,Stage 2,0.7,1
-7121_4104,Stage 3,27.17,10
-7121_4105,Stage 1,0,0
-7121_4105,Stage 2,1.55,2
-7121_4105,Stage 3,7.43,6
-7121_4106,Stage 1,0,0
-7121_4106,Stage 2,0.64,1
-7121_4106,Stage 3,42.68,10
-7121_4107,Stage 1,0,0
-7121_4107,Stage 2,1.5,1
-7121_4107,Stage 3,58.199999999999996,12
-7121_4108,Stage 1,0,0
-7121_4108,Stage 2,0.07,1
-7121_4108,Stage 3,90.47,8
-7121_4109,Stage 1,0,0
-7121_4109,Stage 2,1.56,2
-7121_4109,Stage 3,56.28,8
-7121_4110,Stage 1,0,0
-7121_4110,Stage 2,2.3600000000000003,2
-7121_4110,Stage 3,39.15,8
-7121_4111,Stage 1,0,0
-7121_4111,Stage 2,5.7,2
-7121_4111,Stage 3,43.71,11
-7121_4112,Stage 1,0,0
-7121_4112,Stage 2,22.21,4
-7121_4112,Stage 3,24.71,6
-7121_4113,Stage 1,0,0
-7121_4113,Stage 2,4.03,2
-7121_4113,Stage 3,18.77,8
-7121_4114,Stage 1,0,0
-7121_4114,Stage 2,9.61,2
-7121_4114,Stage 3,21.7,15
-7121_4115,Stage 1,0,0
-7121_4115,Stage 2,10.46,1
-7121_4115,Stage 3,35.11,14
-7121_4116,Stage 1,3.76,1
-7121_4116,Stage 2,0.87,1
-7121_4116,Stage 3,61.54,15
-7121_4117,Stage 1,10.01,1
-7121_4117,Stage 2,5.74,1
-7121_4117,Stage 3,79.57000000000001,16
-7121_4118,Stage 1,1.94,2
-7121_4118,Stage 2,1.09,1
-7121_4118,Stage 3,50.05,15
-7121_4119,Stage 1,5.53,2
-7121_4119,Stage 2,9.32,1
-7121_4119,Stage 3,52.83,13
-7121_4120,Stage 1,3.06,1
-7121_4120,Stage 2,9.23,4
-7121_4120,Stage 3,90.13,17
-7121_4121,Stage 1,8.88,3
-7121_4121,Stage 2,19.47,6
-7121_4121,Stage 3,128.82,18
-7121_4122,Stage 1,3.84,3
-7121_4122,Stage 2,8.34,3
-7121_4122,Stage 3,158.56,19
-7121_4123,Stage 1,7.5600000000000005,1
-7121_4123,Stage 2,1.93,1
-7121_4123,Stage 3,104.94,13
-7121_4124,Stage 1,0,0
-7121_4124,Stage 2,11.16,2
-7121_4124,Stage 3,55.04,13
-7121_4125,Stage 1,1.6,2
-7121_4125,Stage 2,2.32,3
-7121_4125,Stage 3,9.27,10
-7121_4126,Stage 1,0.62,1
-7121_4126,Stage 2,2.8000000000000003,2
-7121_4126,Stage 3,9.91,7
-7121_4127,Stage 1,12.71,2
-7121_4127,Stage 2,0.8,1
-7121_4127,Stage 3,7.29,5
-7121_4128,Stage 1,3.01,1
-7121_4128,Stage 2,4.54,2
-7121_4128,Stage 3,9.02,5
-7121_4129,Stage 1,0,0
-7121_4129,Stage 2,11.46,2
-7121_4129,Stage 3,8.07,7
-7121_4130,Stage 1,1.75,1
-7121_4130,Stage 2,0,0
-7121_4130,Stage 3,15.88,7
-7121_4131,Stage 1,11.52,1
-7121_4131,Stage 2,0.96,1
-7121_4131,Stage 3,14.58,6
-7121_4132,Stage 1,0,0
-7121_4132,Stage 2,1.6300000000000001,1
-7121_4132,Stage 3,25.02,9
-7121_4133,Stage 1,1.51,2
-7121_4133,Stage 2,3.48,3
-7121_4133,Stage 3,13.12,5
-7121_4134,Stage 1,0,0
-7121_4134,Stage 2,0,0
-7121_4134,Stage 3,10.12,6
-7121_4135,Stage 1,0,0
-7121_4135,Stage 2,0,0
-7121_4135,Stage 3,6.61,4
-7121_4136,Stage 1,0,0
-7121_4136,Stage 2,0,0
-7121_4136,Stage 3,16.45,7
-7121_4137,Stage 1,0,0
-7121_4137,Stage 2,0,0
-7121_4137,Stage 3,16.13,8
-7121_4138,Stage 1,0,0
-7121_4138,Stage 2,0,0
-7121_4138,Stage 3,12.83,6
-7122_4086,Stage 1,0,0
-7122_4086,Stage 2,0,0
-7122_4086,Stage 3,0,0
-7122_4087,Stage 1,0,0
-7122_4087,Stage 2,0,0
-7122_4087,Stage 3,5,5
-7122_4088,Stage 1,5.41,2
-7122_4088,Stage 2,4.48,1
-7122_4088,Stage 3,36.6,7
-7122_4089,Stage 1,1.87,1
-7122_4089,Stage 2,0.33,1
-7122_4089,Stage 3,9.69,6
-7122_4090,Stage 1,3.11,2
-7122_4090,Stage 2,0,0
-7122_4090,Stage 3,5.87,3
-7122_4091,Stage 1,4.9,2
-7122_4091,Stage 2,1.54,3
-7122_4091,Stage 3,18.330000000000002,5
-7122_4092,Stage 1,9.3,3
-7122_4092,Stage 2,0.98,1
-7122_4092,Stage 3,30.16,7
-7122_4093,Stage 1,4.55,2
-7122_4093,Stage 2,0,0
-7122_4093,Stage 3,22.82,9
-7122_4094,Stage 1,11.47,1
-7122_4094,Stage 2,0,0
-7122_4094,Stage 3,56.63,17
-7122_4095,Stage 1,0,0
-7122_4095,Stage 2,0,0
-7122_4095,Stage 3,58.33,12
-7122_4096,Stage 1,1.09,1
-7122_4096,Stage 2,0,0
-7122_4096,Stage 3,82.79,21
-7122_4097,Stage 1,0,0
-7122_4097,Stage 2,0,0
-7122_4097,Stage 3,51.79,12
-7122_4098,Stage 1,7.47,3
-7122_4098,Stage 2,1.7,1
-7122_4098,Stage 3,43.14,11
-7122_4099,Stage 1,1.38,1
-7122_4099,Stage 2,0.7,1
-7122_4099,Stage 3,38.05,11
-7122_4100,Stage 1,2.34,1
-7122_4100,Stage 2,0,0
-7122_4100,Stage 3,50.39,12
-7122_4101,Stage 1,14.52,3
-7122_4101,Stage 2,1.13,1
-7122_4101,Stage 3,29.9,12
-7122_4102,Stage 1,3.2399999999999998,1
-7122_4102,Stage 2,0.57,1
-7122_4102,Stage 3,49.13,12
-7122_4103,Stage 1,3.16,3
-7122_4103,Stage 2,0,0
-7122_4103,Stage 3,27,12
-7122_4104,Stage 1,0,0
-7122_4104,Stage 2,7.57,3
-7122_4104,Stage 3,32.42,14
-7122_4105,Stage 1,0,0
-7122_4105,Stage 2,2.5,2
-7122_4105,Stage 3,32.910000000000004,10
-7122_4106,Stage 1,0,0
-7122_4106,Stage 2,1.3,1
-7122_4106,Stage 3,77.86,8
-7122_4107,Stage 1,2.54,2
-7122_4107,Stage 2,0,0
-7122_4107,Stage 3,70.35,8
-7122_4108,Stage 1,2.98,1
-7122_4108,Stage 2,0,0
-7122_4108,Stage 3,54.14,7
-7122_4109,Stage 1,0.91,1
-7122_4109,Stage 2,0,0
-7122_4109,Stage 3,22.88,5
-7122_4110,Stage 1,13.92,1
-7122_4110,Stage 2,1.98,1
-7122_4110,Stage 3,14.51,4
-7122_4111,Stage 1,0,0
-7122_4111,Stage 2,2.01,1
-7122_4111,Stage 3,12.85,5
-7122_4112,Stage 1,0,0
-7122_4112,Stage 2,0.72,1
-7122_4112,Stage 3,20.06,7
-7122_4113,Stage 1,0,0
-7122_4113,Stage 2,3.45,2
-7122_4113,Stage 3,10.34,6
-7122_4114,Stage 1,0,0
-7122_4114,Stage 2,4.61,3
-7122_4114,Stage 3,13.46,10
-7122_4115,Stage 1,12.760000000000002,1
-7122_4115,Stage 2,13.85,2
-7122_4115,Stage 3,44.26,11
-7122_4116,Stage 1,21.61,1
-7122_4116,Stage 2,5.93,2
-7122_4116,Stage 3,68.67,16
-7122_4117,Stage 1,5.99,1
-7122_4117,Stage 2,2.91,1
-7122_4117,Stage 3,72.72,14
-7122_4118,Stage 1,8.02,4
-7122_4118,Stage 2,7.09,2
-7122_4118,Stage 3,46.15,15
-7122_4119,Stage 1,7.24,1
-7122_4119,Stage 2,3.95,1
-7122_4119,Stage 3,42.68,12
-7122_4120,Stage 1,2.38,1
-7122_4120,Stage 2,9.67,4
-7122_4120,Stage 3,65.42,15
-7122_4121,Stage 1,6.97,3
-7122_4121,Stage 2,17.02,5
-7122_4121,Stage 3,102.37,18
-7122_4122,Stage 1,0,0
-7122_4122,Stage 2,3.08,2
-7122_4122,Stage 3,68.76,12
-7122_4123,Stage 1,0,0
-7122_4123,Stage 2,12.08,3
-7122_4123,Stage 3,68.34,13
-7122_4124,Stage 1,0,0
-7122_4124,Stage 2,1.7400000000000002,1
-7122_4124,Stage 3,28.619999999999997,8
-7122_4125,Stage 1,0,0
-7122_4125,Stage 2,4.109999999999999,2
-7122_4125,Stage 3,21.98,10
-7122_4126,Stage 1,6.77,1
-7122_4126,Stage 2,5.199999999999999,3
-7122_4126,Stage 3,20.11,7
-7122_4127,Stage 1,3.4800000000000004,2
-7122_4127,Stage 2,2.77,2
-7122_4127,Stage 3,21.38,11
-7122_4128,Stage 1,1.26,2
-7122_4128,Stage 2,9.43,2
-7122_4128,Stage 3,27.38,11
-7122_4129,Stage 1,0,0
-7122_4129,Stage 2,0.51,1
-7122_4129,Stage 3,39.61,11
-7122_4130,Stage 1,0.8,1
-7122_4130,Stage 2,0.29,1
-7122_4130,Stage 3,43.15,8
-7122_4131,Stage 1,0.57,1
-7122_4131,Stage 2,1.8399999999999999,3
-7122_4131,Stage 3,33.47,7
-7122_4132,Stage 1,1.1,1
-7122_4132,Stage 2,1.39,1
-7122_4132,Stage 3,29.38,7
-7122_4133,Stage 1,2.38,2
-7122_4133,Stage 2,0.93,1
-7122_4133,Stage 3,47.17,10
-7122_4134,Stage 1,0,0
-7122_4134,Stage 2,1.3900000000000001,2
-7122_4134,Stage 3,24.92,11
-7122_4135,Stage 1,0.93,1
-7122_4135,Stage 2,5.91,2
-7122_4135,Stage 3,14.05,8
-7122_4136,Stage 1,0.84,1
-7122_4136,Stage 2,0,0
-7122_4136,Stage 3,16.96,7
-7122_4137,Stage 1,0,0
-7122_4137,Stage 2,0,0
-7122_4137,Stage 3,29.21,10
-7122_4138,Stage 1,0,0
-7122_4138,Stage 2,0,0
-7122_4138,Stage 3,28.76,11
-7123_4086,Stage 1,0,0
-7123_4086,Stage 2,0,0
-7123_4086,Stage 3,0,0
-7123_4087,Stage 1,7.66,2
-7123_4087,Stage 2,0,0
-7123_4087,Stage 3,6.77,3
-7123_4088,Stage 1,0,0
-7123_4088,Stage 2,4.77,1
-7123_4088,Stage 3,15.73,7
-7123_4089,Stage 1,2.56,2
-7123_4089,Stage 2,0,0
-7123_4089,Stage 3,11.81,3
-7123_4090,Stage 1,0,0
-7123_4090,Stage 2,0,0
-7123_4090,Stage 3,13.07,4
-7123_4091,Stage 1,2.54,2
-7123_4091,Stage 2,0.9,1
-7123_4091,Stage 3,7.95,5
-7123_4092,Stage 1,12.97,2
-7123_4092,Stage 2,0,0
-7123_4092,Stage 3,11.06,5
-7123_4093,Stage 1,2.49,2
-7123_4093,Stage 2,0,0
-7123_4093,Stage 3,15.42,9
-7123_4094,Stage 1,5.0600000000000005,4
-7123_4094,Stage 2,0.63,1
-7123_4094,Stage 3,52.9,12
-7123_4095,Stage 1,2.54,1
-7123_4095,Stage 2,1.05,1
-7123_4095,Stage 3,45.8,12
-7123_4096,Stage 1,0,0
-7123_4096,Stage 2,0,0
-7123_4096,Stage 3,29.29,16
-7123_4097,Stage 1,1.65,2
-7123_4097,Stage 2,0.84,1
-7123_4097,Stage 3,36.75,12
-7123_4098,Stage 1,24.16,2
-7123_4098,Stage 2,0,0
-7123_4098,Stage 3,35.31,8
-7123_4099,Stage 1,3.76,3
-7123_4099,Stage 2,0,0
-7123_4099,Stage 3,46.37,9
-7123_4100,Stage 1,7.199999999999999,3
-7123_4100,Stage 2,2.44,2
-7123_4100,Stage 3,45.25,8
-7123_4101,Stage 1,8.66,4
-7123_4101,Stage 2,0.85,1
-7123_4101,Stage 3,82.69,13
-7123_4102,Stage 1,17.13,4
-7123_4102,Stage 2,2.34,1
-7123_4102,Stage 3,31.99,10
-7123_4103,Stage 1,13.4,1
-7123_4103,Stage 2,2.87,1
-7123_4103,Stage 3,25.04,9
-7123_4104,Stage 1,27.8,3
-7123_4104,Stage 2,53.03,4
-7123_4104,Stage 3,69.13,17
-7123_4105,Stage 1,1.6800000000000002,2
-7123_4105,Stage 2,1.53,1
-7123_4105,Stage 3,53.59,8
-7123_4106,Stage 1,0,0
-7123_4106,Stage 2,3.98,1
-7123_4106,Stage 3,71.06,8
-7123_4107,Stage 1,0,0
-7123_4107,Stage 2,0.93,1
-7123_4107,Stage 3,71.8,7
-7123_4108,Stage 1,0,0
-7123_4108,Stage 2,1.03,1
-7123_4108,Stage 3,37.1,7
-7123_4109,Stage 1,0,0
-7123_4109,Stage 2,1.23,2
-7123_4109,Stage 3,21.98,6
-7123_4110,Stage 1,0,0
-7123_4110,Stage 2,1.48,2
-7123_4110,Stage 3,13.860000000000001,8
-7123_4111,Stage 1,0,0
-7123_4111,Stage 2,1.13,1
-7123_4111,Stage 3,7.57,7
-7123_4112,Stage 1,0,0
-7123_4112,Stage 2,0.91,1
-7123_4112,Stage 3,14.27,6
-7123_4113,Stage 1,0,0
-7123_4113,Stage 2,2.24,1
-7123_4113,Stage 3,11.27,8
-7123_4114,Stage 1,0,0
-7123_4114,Stage 2,0.35,1
-7123_4114,Stage 3,25.28,7
-7123_4115,Stage 1,3.8600000000000003,1
-7123_4115,Stage 2,6.33,2
-7123_4115,Stage 3,36.89,10
-7123_4116,Stage 1,13.53,1
-7123_4116,Stage 2,9.82,3
-7123_4116,Stage 3,38.8,14
-7123_4117,Stage 1,7.79,1
-7123_4117,Stage 2,1.53,1
-7123_4117,Stage 3,71.72,19
-7123_4118,Stage 1,3.16,1
-7123_4118,Stage 2,1.45,2
-7123_4118,Stage 3,54.28,15
-7123_4119,Stage 1,0,0
-7123_4119,Stage 2,13.28,5
-7123_4119,Stage 3,43.98,14
-7123_4120,Stage 1,5.7,1
-7123_4120,Stage 2,20.32,6
-7123_4120,Stage 3,56.14,17
-7123_4121,Stage 1,1.51,2
-7123_4121,Stage 2,6.09,4
-7123_4121,Stage 3,43.67,14
-7123_4122,Stage 1,0,0
-7123_4122,Stage 2,8.76,2
-7123_4122,Stage 3,36.32,12
-7123_4123,Stage 1,0,0
-7123_4123,Stage 2,1.27,2
-7123_4123,Stage 3,61.38,13
-7123_4124,Stage 1,0,0
-7123_4124,Stage 2,1.19,2
-7123_4124,Stage 3,48.2,11
-7123_4125,Stage 1,0,0
-7123_4125,Stage 2,3.38,4
-7123_4125,Stage 3,31.17,10
-7123_4126,Stage 1,0,0
-7123_4126,Stage 2,2.94,2
-7123_4126,Stage 3,25.43,9
-7123_4127,Stage 1,2.2600000000000002,3
-7123_4127,Stage 2,3.04,2
-7123_4127,Stage 3,55.17,8
-7123_4128,Stage 1,0.87,1
-7123_4128,Stage 2,1.85,2
-7123_4128,Stage 3,46.41,11
-7123_4129,Stage 1,1.16,1
-7123_4129,Stage 2,0.91,1
-7123_4129,Stage 3,65.14,11
-7123_4130,Stage 1,0.95,1
-7123_4130,Stage 2,0.28,1
-7123_4130,Stage 3,90.74,10
-7123_4131,Stage 1,0,0
-7123_4131,Stage 2,3.85,3
-7123_4131,Stage 3,71.32,8
-7123_4132,Stage 1,4.17,2
-7123_4132,Stage 2,0.59,1
-7123_4132,Stage 3,81.55,11
-7123_4133,Stage 1,0,0
-7123_4133,Stage 2,2.11,2
-7123_4133,Stage 3,71.3,10
-7123_4134,Stage 1,0,0
-7123_4134,Stage 2,4.59,3
-7123_4134,Stage 3,40.98,8
-7123_4135,Stage 1,0.93,1
-7123_4135,Stage 2,0,0
-7123_4135,Stage 3,24.29,6
-7123_4136,Stage 1,0,1
-7123_4136,Stage 2,0,0
-7123_4136,Stage 3,39.2,11
-7123_4137,Stage 1,0.15,1
-7123_4137,Stage 2,1.18,1
-7123_4137,Stage 3,51.57,10
-7123_4138,Stage 1,0,0
-7123_4138,Stage 2,0,0
-7123_4138,Stage 3,67.39,9
-7123_4139,Stage 1,0,0
-7123_4139,Stage 2,0,0
-7123_4139,Stage 3,3.63,3
-7124_4086,Stage 1,0,0
-7124_4086,Stage 2,0,0
-7124_4086,Stage 3,0,0
-7124_4087,Stage 1,0,0
-7124_4087,Stage 2,2,1
-7124_4087,Stage 3,8.14,6
-7124_4088,Stage 1,0,0
-7124_4088,Stage 2,4.21,2
-7124_4088,Stage 3,42.56,7
-7124_4089,Stage 1,0.51,1
-7124_4089,Stage 2,2.37,2
-7124_4089,Stage 3,15.96,2
-7124_4090,Stage 1,3.86,2
-7124_4090,Stage 2,2.87,2
-7124_4090,Stage 3,16.26,10
-7124_4091,Stage 1,2.66,1
-7124_4091,Stage 2,6.62,2
-7124_4091,Stage 3,3.91,5
-7124_4092,Stage 1,9.86,4
-7124_4092,Stage 2,1.05,1
-7124_4092,Stage 3,7.41,6
-7124_4093,Stage 1,2.52,3
-7124_4093,Stage 2,7.42,2
-7124_4093,Stage 3,10.28,11
-7124_4094,Stage 1,4.33,2
-7124_4094,Stage 2,0,0
-7124_4094,Stage 3,19.26,10
-7124_4095,Stage 1,7.7700000000000005,2
-7124_4095,Stage 2,0,0
-7124_4095,Stage 3,39.05,11
-7124_4096,Stage 1,0.81,1
-7124_4096,Stage 2,3.88,1
-7124_4096,Stage 3,39.13,13
-7124_4097,Stage 1,1.45,1
-7124_4097,Stage 2,1.84,2
-7124_4097,Stage 3,44.57,10
-7124_4098,Stage 1,1.8,2
-7124_4098,Stage 2,3.63,1
-7124_4098,Stage 3,43.08,10
-7124_4099,Stage 1,2.73,3
-7124_4099,Stage 2,0,0
-7124_4099,Stage 3,36.06,9
-7124_4100,Stage 1,14.52,5
-7124_4100,Stage 2,0,0
-7124_4100,Stage 3,50.58,10
-7124_4101,Stage 1,43.22,6
-7124_4101,Stage 2,0,0
-7124_4101,Stage 3,67.81,14
-7124_4102,Stage 1,21.84,3
-7124_4102,Stage 2,0,0
-7124_4102,Stage 3,37.07,11
-7124_4103,Stage 1,15.83,3
-7124_4103,Stage 2,0,0
-7124_4103,Stage 3,26.12,9
-7124_4104,Stage 1,0.49,1
-7124_4104,Stage 2,2.07,1
-7124_4104,Stage 3,49.71,11
-7124_4105,Stage 1,0,0
-7124_4105,Stage 2,4.16,2
-7124_4105,Stage 3,36.7,12
-7124_4106,Stage 1,0,0
-7124_4106,Stage 2,3.38,1
-7124_4106,Stage 3,102.99,8
-7124_4107,Stage 1,0,0
-7124_4107,Stage 2,1.76,2
-7124_4107,Stage 3,62.95,8
-7124_4108,Stage 1,3.25,3
-7124_4108,Stage 2,3.87,3
-7124_4108,Stage 3,48.74,8
-7124_4109,Stage 1,0,0
-7124_4109,Stage 2,3.25,1
-7124_4109,Stage 3,29.86,8
-7124_4110,Stage 1,0,0
-7124_4110,Stage 2,0.62,1
-7124_4110,Stage 3,2.76,3
-7124_4111,Stage 1,0,0
-7124_4111,Stage 2,5.0200000000000005,1
-7124_4111,Stage 3,1.79,1
-7124_4112,Stage 1,0,0
-7124_4112,Stage 2,5.03,2
-7124_4112,Stage 3,3.4000000000000004,2
-7124_4113,Stage 1,0,0
-7124_4113,Stage 2,0,0
-7124_4113,Stage 3,3.57,3
-7124_4114,Stage 1,13.37,1
-7124_4114,Stage 2,1.08,1
-7124_4114,Stage 3,28.33,9
-7124_4115,Stage 1,14.469999999999999,1
-7124_4115,Stage 2,7.48,2
-7124_4115,Stage 3,34.12,13
-7124_4116,Stage 1,8.81,1
-7124_4116,Stage 2,4.89,2
-7124_4116,Stage 3,33.39,17
-7124_4117,Stage 1,12.02,1
-7124_4117,Stage 2,1.62,1
-7124_4117,Stage 3,67.83,15
-7124_4118,Stage 1,1.14,1
-7124_4118,Stage 2,2.41,1
-7124_4118,Stage 3,52.94,13
-7124_4119,Stage 1,10.1,1
-7124_4119,Stage 2,35.56,10
-7124_4119,Stage 3,47.6,19
-7124_4120,Stage 1,0,0
-7124_4120,Stage 2,7.46,5
-7124_4120,Stage 3,25.3,11
-7124_4121,Stage 1,0,0
-7124_4121,Stage 2,3.91,1
-7124_4121,Stage 3,26.28,13
-7124_4122,Stage 1,0,0
-7124_4122,Stage 2,1.85,2
-7124_4122,Stage 3,19.57,7
-7124_4123,Stage 1,0,0
-7124_4123,Stage 2,0,0
-7124_4123,Stage 3,26.91,10
-7124_4124,Stage 1,0,0
-7124_4124,Stage 2,4.14,3
-7124_4124,Stage 3,30.03,9
-7124_4125,Stage 1,0,0
-7124_4125,Stage 2,1.37,1
-7124_4125,Stage 3,15.53,9
-7124_4126,Stage 1,4.67,1
-7124_4126,Stage 2,1.7400000000000002,2
-7124_4126,Stage 3,21.34,7
-7124_4127,Stage 1,2.86,2
-7124_4127,Stage 2,1.71,1
-7124_4127,Stage 3,35.65,9
-7124_4128,Stage 1,0,0
-7124_4128,Stage 2,1.92,1
-7124_4128,Stage 3,33.339999999999996,10
-7124_4129,Stage 1,2.21,2
-7124_4129,Stage 2,0.1,1
-7124_4129,Stage 3,58.96,10
-7124_4130,Stage 1,6.51,1
-7124_4130,Stage 2,1.35,2
-7124_4130,Stage 3,56.31,9
-7124_4131,Stage 1,6.92,1
-7124_4131,Stage 2,7.37,3
-7124_4131,Stage 3,63.12,9
-7124_4132,Stage 1,3.71,2
-7124_4132,Stage 2,6.37,3
-7124_4132,Stage 3,42.7,11
-7124_4133,Stage 1,25.33,1
-7124_4133,Stage 2,37.53,2
-7124_4133,Stage 3,74.62,14
-7124_4134,Stage 1,8.81,2
-7124_4134,Stage 2,42.699999999999996,3
-7124_4134,Stage 3,32.34,12
-7124_4135,Stage 1,0,0
-7124_4135,Stage 2,8.58,2
-7124_4135,Stage 3,25.77,10
-7124_4136,Stage 1,2.1,1
-7124_4136,Stage 2,2.9,1
-7124_4136,Stage 3,38.519999999999996,9
-7124_4137,Stage 1,0.98,1
-7124_4137,Stage 2,0,0
-7124_4137,Stage 3,85.2,11
-7124_4138,Stage 1,2.34,2
-7124_4138,Stage 2,0.92,1
-7124_4138,Stage 3,98.07,9
-7124_4139,Stage 1,0,0
-7124_4139,Stage 2,0,0
-7124_4139,Stage 3,20.73,10
-7125_4086,Stage 1,0,0
-7125_4086,Stage 2,0,0
-7125_4086,Stage 3,0,0
-7125_4087,Stage 1,0,0
-7125_4087,Stage 2,0,0
-7125_4087,Stage 3,11.77,3
-7125_4088,Stage 1,0,0
-7125_4088,Stage 2,3.18,2
-7125_4088,Stage 3,26.91,5
-7125_4089,Stage 1,0,0
-7125_4089,Stage 2,1.81,2
-7125_4089,Stage 3,21.21,2
-7125_4090,Stage 1,1.28,2
-7125_4090,Stage 2,0,0
-7125_4090,Stage 3,16.8,3
-7125_4091,Stage 1,3.63,2
-7125_4091,Stage 2,0,0
-7125_4091,Stage 3,13.95,7
-7125_4092,Stage 1,5.56,3
-7125_4092,Stage 2,7.77,1
-7125_4092,Stage 3,9.12,7
-7125_4093,Stage 1,1.08,1
-7125_4093,Stage 2,3.94,3
-7125_4093,Stage 3,5.62,6
-7125_4094,Stage 1,1.98,2
-7125_4094,Stage 2,0,0
-7125_4094,Stage 3,20.39,10
-7125_4095,Stage 1,4.8,2
-7125_4095,Stage 2,1.07,1
-7125_4095,Stage 3,20.64,10
-7125_4096,Stage 1,0,0
-7125_4096,Stage 2,7.62,3
-7125_4096,Stage 3,59.95,15
-7125_4097,Stage 1,0.94,1
-7125_4097,Stage 2,2.29,2
-7125_4097,Stage 3,32.82,9
-7125_4098,Stage 1,7.17,2
-7125_4098,Stage 2,1.38,1
-7125_4098,Stage 3,40.63,11
-7125_4099,Stage 1,6.82,3
-7125_4099,Stage 2,2,2
-7125_4099,Stage 3,27.39,11
-7125_4100,Stage 1,11.83,2
-7125_4100,Stage 2,0.99,1
-7125_4100,Stage 3,54.43,8
-7125_4101,Stage 1,22.979999999999997,3
-7125_4101,Stage 2,3.02,2
-7125_4101,Stage 3,45.57,12
-7125_4102,Stage 1,38.36,5
-7125_4102,Stage 2,8.469999999999999,2
-7125_4102,Stage 3,35.43,9
-7125_4103,Stage 1,12.02,3
-7125_4103,Stage 2,3.24,2
-7125_4103,Stage 3,43.09,12
-7125_4104,Stage 1,0.93,1
-7125_4104,Stage 2,3.63,2
-7125_4104,Stage 3,40.73,12
-7125_4105,Stage 1,0,0
-7125_4105,Stage 2,4.25,2
-7125_4105,Stage 3,33.92,9
-7125_4106,Stage 1,0.77,1
-7125_4106,Stage 2,2.74,1
-7125_4106,Stage 3,84.89,8
-7125_4107,Stage 1,0,0
-7125_4107,Stage 2,2.1100000000000003,1
-7125_4107,Stage 3,38.55,7
-7125_4108,Stage 1,0,0
-7125_4108,Stage 2,1.8199999999999998,2
-7125_4108,Stage 3,29.03,11
-7125_4109,Stage 1,0,0
-7125_4109,Stage 2,0.97,1
-7125_4109,Stage 3,5.69,5
-7125_4110,Stage 1,2.55,2
-7125_4110,Stage 2,1.62,2
-7125_4110,Stage 3,4.4,3
-7125_4111,Stage 1,0,0
-7125_4111,Stage 2,0.96,1
-7125_4111,Stage 3,3.63,4
-7125_4112,Stage 1,0,0
-7125_4112,Stage 2,2.17,2
-7125_4112,Stage 3,0,0
-7125_4113,Stage 1,0,0
-7125_4113,Stage 2,0,0
-7125_4113,Stage 3,1,1
-7125_4114,Stage 1,0.55,1
-7125_4114,Stage 2,6.22,2
-7125_4114,Stage 3,10.94,6
-7125_4115,Stage 1,1.09,1
-7125_4115,Stage 2,2.2600000000000002,3
-7125_4115,Stage 3,32.3,13
-7125_4116,Stage 1,1.07,1
-7125_4116,Stage 2,4.77,3
-7125_4116,Stage 3,49.41,16
-7125_4117,Stage 1,1.59,1
-7125_4117,Stage 2,7.15,2
-7125_4117,Stage 3,65.86,14
-7125_4118,Stage 1,2.65,2
-7125_4118,Stage 2,14.72,8
-7125_4118,Stage 3,54.93,15
-7125_4119,Stage 1,9.81,3
-7125_4119,Stage 2,8.8,9
-7125_4119,Stage 3,36.47,14
-7125_4120,Stage 1,0,0
-7125_4120,Stage 2,7.51,6
-7125_4120,Stage 3,6.27,5
-7125_4121,Stage 1,0,0
-7125_4121,Stage 2,9.8,3
-7125_4121,Stage 3,5.62,5
-7125_4122,Stage 1,0.61,1
-7125_4122,Stage 2,2.87,2
-7125_4122,Stage 3,4.59,6
-7125_4123,Stage 1,0,0
-7125_4123,Stage 2,1.12,1
-7125_4123,Stage 3,7.27,7
-7125_4124,Stage 1,1.62,1
-7125_4124,Stage 2,3.84,3
-7125_4124,Stage 3,9.94,4
-7125_4125,Stage 1,0,0
-7125_4125,Stage 2,1.09,1
-7125_4125,Stage 3,13.59,7
-7125_4126,Stage 1,8.26,2
-7125_4126,Stage 2,1.54,1
-7125_4126,Stage 3,6.08,7
-7125_4127,Stage 1,0.9,1
-7125_4127,Stage 2,0.96,1
-7125_4127,Stage 3,8.52,7
-7125_4128,Stage 1,0.28,1
-7125_4128,Stage 2,6.54,3
-7125_4128,Stage 3,9.15,6
-7125_4129,Stage 1,0.76,1
-7125_4129,Stage 2,2.48,3
-7125_4129,Stage 3,17.33,9
-7125_4130,Stage 1,13.65,1
-7125_4130,Stage 2,2.91,3
-7125_4130,Stage 3,25.7,9
-7125_4131,Stage 1,2.15,2
-7125_4131,Stage 2,3.21,2
-7125_4131,Stage 3,24.24,7
-7125_4132,Stage 1,3.32,1
-7125_4132,Stage 2,18.79,1
-7125_4132,Stage 3,35.8,8
-7125_4133,Stage 1,0,0
-7125_4133,Stage 2,2.98,2
-7125_4133,Stage 3,16.02,10
-7125_4134,Stage 1,0.27,1
-7125_4134,Stage 2,2.13,2
-7125_4134,Stage 3,18.78,8
-7125_4135,Stage 1,4.61,4
-7125_4135,Stage 2,69.75,6
-7125_4135,Stage 3,13.120000000000001,6
-7125_4136,Stage 1,12.69,3
-7125_4136,Stage 2,71.75,1
-7125_4136,Stage 3,42.86,7
-7125_4137,Stage 1,1.83,2
-7125_4137,Stage 2,2.38,2
-7125_4137,Stage 3,70.12,11
-7125_4138,Stage 1,0,0
-7125_4138,Stage 2,2.01,3
-7125_4138,Stage 3,106.51,11
-7125_4139,Stage 1,0,0
-7125_4139,Stage 2,0,0
-7125_4139,Stage 3,36.63,9
-7126_4086,Stage 1,0,0
-7126_4086,Stage 2,0,0
-7126_4086,Stage 3,0.7,1
-7126_4087,Stage 1,0,0
-7126_4087,Stage 2,0.76,1
-7126_4087,Stage 3,6.03,2
-7126_4088,Stage 1,15.99,1
-7126_4088,Stage 2,0,0
-7126_4088,Stage 3,14.18,5
-7126_4089,Stage 1,1.78,2
-7126_4089,Stage 2,0,0
-7126_4089,Stage 3,36.61,4
-7126_4090,Stage 1,2.7199999999999998,2
-7126_4090,Stage 2,0,0
-7126_4090,Stage 3,17.33,3
-7126_4091,Stage 1,5.05,2
-7126_4091,Stage 2,0,0
-7126_4091,Stage 3,16.03,6
-7126_4092,Stage 1,6.59,3
-7126_4092,Stage 2,5.02,2
-7126_4092,Stage 3,6.2700000000000005,6
-7126_4093,Stage 1,5.34,3
-7126_4093,Stage 2,0,0
-7126_4093,Stage 3,8.28,4
-7126_4094,Stage 1,3.62,2
-7126_4094,Stage 2,0,0
-7126_4094,Stage 3,9,6
-7126_4095,Stage 1,3.59,1
-7126_4095,Stage 2,3.04,3
-7126_4095,Stage 3,15.25,7
-7126_4096,Stage 1,1.52,1
-7126_4096,Stage 2,12.48,1
-7126_4096,Stage 3,36.84,17
-7126_4097,Stage 1,1.12,1
-7126_4097,Stage 2,2.44,1
-7126_4097,Stage 3,27.5,11
-7126_4098,Stage 1,1.19,1
-7126_4098,Stage 2,1.34,1
-7126_4098,Stage 3,29.83,10
-7126_4099,Stage 1,4.72,2
-7126_4099,Stage 2,0,0
-7126_4099,Stage 3,19.43,7
-7126_4100,Stage 1,3.87,1
-7126_4100,Stage 2,0,0
-7126_4100,Stage 3,43.38,14
-7126_4101,Stage 1,2.58,1
-7126_4101,Stage 2,8.2,2
-7126_4101,Stage 3,43.15,13
-7126_4102,Stage 1,4.45,3
-7126_4102,Stage 2,1.02,1
-7126_4102,Stage 3,46.11,11
-7126_4103,Stage 1,2.62,2
-7126_4103,Stage 2,1.06,1
-7126_4103,Stage 3,36.18,7
-7126_4104,Stage 1,0,0
-7126_4104,Stage 2,1.53,1
-7126_4104,Stage 3,45.449999999999996,10
-7126_4105,Stage 1,0,0
-7126_4105,Stage 2,1.02,1
-7126_4105,Stage 3,44.02,12
-7126_4106,Stage 1,0,0
-7126_4106,Stage 2,3.5,1
-7126_4106,Stage 3,58.46,6
-7126_4107,Stage 1,0.26,1
-7126_4107,Stage 2,0.3,1
-7126_4107,Stage 3,92.31,8
-7126_4108,Stage 1,0,0
-7126_4108,Stage 2,2.59,1
-7126_4108,Stage 3,37.21,11
-7126_4109,Stage 1,0,0
-7126_4109,Stage 2,1.15,1
-7126_4109,Stage 3,13.75,8
-7126_4110,Stage 1,0,0
-7126_4110,Stage 2,1.92,2
-7126_4110,Stage 3,7.21,6
-7126_4111,Stage 1,0.56,1
-7126_4111,Stage 2,3.49,1
-7126_4111,Stage 3,1.7999999999999998,3
-7126_4112,Stage 1,0,0
-7126_4112,Stage 2,2.55,3
-7126_4112,Stage 3,1,1
-7126_4113,Stage 1,0,0
-7126_4113,Stage 2,3.2,2
-7126_4113,Stage 3,15.649999999999999,7
-7126_4114,Stage 1,0,0
-7126_4114,Stage 2,3.36,2
-7126_4114,Stage 3,5.17,3
-7126_4115,Stage 1,0,0
-7126_4115,Stage 2,3.94,4
-7126_4115,Stage 3,23.08,9
-7126_4116,Stage 1,0,0
-7126_4116,Stage 2,6.7,3
-7126_4116,Stage 3,16.93,8
-7126_4117,Stage 1,0,0
-7126_4117,Stage 2,11.75,4
-7126_4117,Stage 3,52.42,16
-7126_4118,Stage 1,15.9,5
-7126_4118,Stage 2,51.72,9
-7126_4118,Stage 3,53.57,18
-7126_4119,Stage 1,7.359999999999999,1
-7126_4119,Stage 2,8.78,7
-7126_4119,Stage 3,14.57,8
-7126_4120,Stage 1,0,0
-7126_4120,Stage 2,7.37,3
-7126_4120,Stage 3,11,9
-7126_4121,Stage 1,0,0
-7126_4121,Stage 2,2.01,2
-7126_4121,Stage 3,1,1
-7126_4122,Stage 1,0,0
-7126_4122,Stage 2,0,0
-7126_4122,Stage 3,1.94,3
-7126_4123,Stage 1,0,0
-7126_4123,Stage 2,1.5,4
-7126_4123,Stage 3,6.970000000000001,3
-7126_4124,Stage 1,0.29,1
-7126_4124,Stage 2,1.03,1
-7126_4124,Stage 3,7.65,8
-7126_4125,Stage 1,8.18,2
-7126_4125,Stage 2,0,0
-7126_4125,Stage 3,7.63,5
-7126_4126,Stage 1,0,0
-7126_4126,Stage 2,1.11,1
-7126_4126,Stage 3,7.09,4
-7126_4127,Stage 1,0,0
-7126_4127,Stage 2,3.47,2
-7126_4127,Stage 3,15.54,6
-7126_4128,Stage 1,1.18,2
-7126_4128,Stage 2,1.04,1
-7126_4128,Stage 3,12.1,5
-7126_4129,Stage 1,0,0
-7126_4129,Stage 2,9.190000000000001,2
-7126_4129,Stage 3,19.94,6
-7126_4130,Stage 1,0.72,1
-7126_4130,Stage 2,9.61,1
-7126_4130,Stage 3,10.86,7
-7126_4131,Stage 1,0.81,1
-7126_4131,Stage 2,6.72,2
-7126_4131,Stage 3,12.74,7
-7126_4132,Stage 1,6.58,1
-7126_4132,Stage 2,11.58,1
-7126_4132,Stage 3,18.669999999999998,8
-7126_4133,Stage 1,0,0
-7126_4133,Stage 2,1.2,1
-7126_4133,Stage 3,14.190000000000001,6
-7126_4134,Stage 1,2.14,2
-7126_4134,Stage 2,1.12,1
-7126_4134,Stage 3,6,3
-7126_4135,Stage 1,2.8200000000000003,3
-7126_4135,Stage 2,1.46,2
-7126_4135,Stage 3,9.14,7
-7126_4136,Stage 1,19.240000000000002,6
-7126_4136,Stage 2,15.120000000000001,5
-7126_4136,Stage 3,110.06,10
-7126_4137,Stage 1,10.040000000000001,2
-7126_4137,Stage 2,29.19,1
-7126_4137,Stage 3,63.96,11
-7126_4138,Stage 1,4.53,2
-7126_4138,Stage 2,4.67,3
-7126_4138,Stage 3,82.53999999999999,12
-7126_4139,Stage 1,0,0
-7126_4139,Stage 2,1.49,1
-7126_4139,Stage 3,36.06,11
-7127_4086,Stage 1,0,0
-7127_4086,Stage 2,0,0
-7127_4086,Stage 3,0,0
-7127_4087,Stage 1,0,0
-7127_4087,Stage 2,0,0
-7127_4087,Stage 3,23.72,5
-7127_4088,Stage 1,1.12,1
-7127_4088,Stage 2,2.87,2
-7127_4088,Stage 3,4.98,4
-7127_4089,Stage 1,1.9699999999999998,1
-7127_4089,Stage 2,0,0
-7127_4089,Stage 3,4.37,4
-7127_4090,Stage 1,1.17,1
-7127_4090,Stage 2,0.97,1
-7127_4090,Stage 3,13.219999999999999,4
-7127_4091,Stage 1,1.1,2
-7127_4091,Stage 2,0,0
-7127_4091,Stage 3,14.99,8
-7127_4092,Stage 1,8.23,4
-7127_4092,Stage 2,1.09,1
-7127_4092,Stage 3,4.47,5
-7127_4093,Stage 1,9.99,3
-7127_4093,Stage 2,6.25,3
-7127_4093,Stage 3,17.01,7
-7127_4094,Stage 1,11.24,2
-7127_4094,Stage 2,1.07,1
-7127_4094,Stage 3,16.21,11
-7127_4095,Stage 1,0,0
-7127_4095,Stage 2,1.2,1
-7127_4095,Stage 3,13.32,10
-7127_4096,Stage 1,1.1600000000000001,2
-7127_4096,Stage 2,10.41,6
-7127_4096,Stage 3,29.19,13
-7127_4097,Stage 1,6.78,2
-7127_4097,Stage 2,3.38,3
-7127_4097,Stage 3,28.53,13
-7127_4098,Stage 1,1.21,1
-7127_4098,Stage 2,4.12,3
-7127_4098,Stage 3,28.19,8
-7127_4099,Stage 1,0,0
-7127_4099,Stage 2,0.27,1
-7127_4099,Stage 3,18.75,7
-7127_4100,Stage 1,0.76,1
-7127_4100,Stage 2,1.29,1
-7127_4100,Stage 3,42.61,11
-7127_4101,Stage 1,0.99,1
-7127_4101,Stage 2,4.93,4
-7127_4101,Stage 3,72.42999999999999,13
-7127_4102,Stage 1,0,0
-7127_4102,Stage 2,4.98,2
-7127_4102,Stage 3,47.949999999999996,11
-7127_4103,Stage 1,0,0
-7127_4103,Stage 2,1.01,1
-7127_4103,Stage 3,27.16,9
-7127_4104,Stage 1,0,0
-7127_4104,Stage 2,1.64,1
-7127_4104,Stage 3,20.9,10
-7127_4105,Stage 1,0,0
-7127_4105,Stage 2,3.06,1
-7127_4105,Stage 3,57.65,9
-7127_4106,Stage 1,0,0
-7127_4106,Stage 2,3.0700000000000003,1
-7127_4106,Stage 3,51.68,9
-7127_4107,Stage 1,1.6,1
-7127_4107,Stage 2,3.3899999999999997,1
-7127_4107,Stage 3,34.52,8
-7127_4108,Stage 1,0.28,1
-7127_4108,Stage 2,1.08,1
-7127_4108,Stage 3,21.44,9
-7127_4109,Stage 1,3.6899999999999995,2
-7127_4109,Stage 2,0,0
-7127_4109,Stage 3,8.29,8
-7127_4110,Stage 1,0,0
-7127_4110,Stage 2,1.45,2
-7127_4110,Stage 3,17.79,2
-7127_4111,Stage 1,0,0
-7127_4111,Stage 2,0.26,1
-7127_4111,Stage 3,6.58,2
-7127_4112,Stage 1,1.22,1
-7127_4112,Stage 2,2.8,2
-7127_4112,Stage 3,0,0
-7127_4113,Stage 1,0.5,1
-7127_4113,Stage 2,0,0
-7127_4113,Stage 3,4.66,3
-7127_4114,Stage 1,2.46,2
-7127_4114,Stage 2,7.43,2
-7127_4114,Stage 3,18.65,4
-7127_4115,Stage 1,3.92,3
-7127_4115,Stage 2,4.72,3
-7127_4115,Stage 3,11.66,6
-7127_4116,Stage 1,0,0
-7127_4116,Stage 2,13.62,4
-7127_4116,Stage 3,20.919999999999998,13
-7127_4117,Stage 1,9.25,4
-7127_4117,Stage 2,16.64,7
-7127_4117,Stage 3,44.95,20
-7127_4118,Stage 1,15.6,2
-7127_4118,Stage 2,26.76,8
-7127_4118,Stage 3,29.82,12
-7127_4119,Stage 1,0,0
-7127_4119,Stage 2,2.39,3
-7127_4119,Stage 3,9.86,9
-7127_4120,Stage 1,0,0
-7127_4120,Stage 2,4.09,4
-7127_4120,Stage 3,2.04,3
-7127_4121,Stage 1,0,0
-7127_4121,Stage 2,5.33,4
-7127_4121,Stage 3,3.51,3
-7127_4122,Stage 1,1.13,1
-7127_4122,Stage 2,6.12,5
-7127_4122,Stage 3,4.86,4
-7127_4123,Stage 1,24.07,1
-7127_4123,Stage 2,2.87,3
-7127_4123,Stage 3,2.2,2
-7127_4124,Stage 1,0,0
-7127_4124,Stage 2,8.42,4
-7127_4124,Stage 3,7.71,8
-7127_4125,Stage 1,0,0
-7127_4125,Stage 2,4.69,4
-7127_4125,Stage 3,3.9899999999999998,4
-7127_4126,Stage 1,0,0
-7127_4126,Stage 2,2.04,2
-7127_4126,Stage 3,8.3,9
-7127_4127,Stage 1,0,0
-7127_4127,Stage 2,4.62,1
-7127_4127,Stage 3,5.55,4
-7127_4128,Stage 1,0.84,1
-7127_4128,Stage 2,0.49,2
-7127_4128,Stage 3,14.72,6
-7127_4129,Stage 1,0,0
-7127_4129,Stage 2,3.92,2
-7127_4129,Stage 3,8.98,6
-7127_4130,Stage 1,1.58,2
-7127_4130,Stage 2,0.98,2
-7127_4130,Stage 3,8.38,6
-7127_4131,Stage 1,2.07,1
-7127_4131,Stage 2,0,0
-7127_4131,Stage 3,9.15,6
-7127_4132,Stage 1,3.37,2
-7127_4132,Stage 2,6.42,2
-7127_4132,Stage 3,10.35,5
-7127_4133,Stage 1,0.56,1
-7127_4133,Stage 2,0,0
-7127_4133,Stage 3,0.96,1
-7127_4134,Stage 1,0,1
-7127_4134,Stage 2,2.37,2
-7127_4134,Stage 3,6.32,6
-7127_4135,Stage 1,0.35,1
-7127_4135,Stage 2,3.48,2
-7127_4135,Stage 3,4.15,4
-7127_4136,Stage 1,3.96,3
-7127_4136,Stage 2,0.56,1
-7127_4136,Stage 3,127.1,7
-7127_4137,Stage 1,1.53,1
-7127_4137,Stage 2,5.22,3
-7127_4137,Stage 3,68.75,8
-7127_4138,Stage 1,8.65,2
-7127_4138,Stage 2,30.759999999999998,6
-7127_4138,Stage 3,96.49,12
-7127_4139,Stage 1,3.57,1
-7127_4139,Stage 2,12.450000000000001,5
-7127_4139,Stage 3,28.44,8
-7128_4086,Stage 1,0.96,1
-7128_4086,Stage 2,0,0
-7128_4086,Stage 3,5.91,3
-7128_4087,Stage 1,0,0
-7128_4087,Stage 2,0.88,1
-7128_4087,Stage 3,0.55,2
-7128_4088,Stage 1,1.09,1
-7128_4088,Stage 2,2.3200000000000003,2
-7128_4088,Stage 3,4.66,3
-7128_4089,Stage 1,2.04,1
-7128_4089,Stage 2,0,0
-7128_4089,Stage 3,6.300000000000001,2
-7128_4090,Stage 1,0,0
-7128_4090,Stage 2,1.15,2
-7128_4090,Stage 3,1.12,2
-7128_4091,Stage 1,17.400000000000002,2
-7128_4091,Stage 2,1.55,1
-7128_4091,Stage 3,6.23,6
-7128_4092,Stage 1,5.66,4
-7128_4092,Stage 2,3.17,1
-7128_4092,Stage 3,9.84,6
-7128_4093,Stage 1,13.889999999999999,3
-7128_4093,Stage 2,0.6,1
-7128_4093,Stage 3,21.73,11
-7128_4094,Stage 1,0.41,1
-7128_4094,Stage 2,0.62,1
-7128_4094,Stage 3,15.58,10
-7128_4095,Stage 1,0,0
-7128_4095,Stage 2,0,0
-7128_4095,Stage 3,20.69,8
-7128_4096,Stage 1,6.15,1
-7128_4096,Stage 2,7.15,2
-7128_4096,Stage 3,44.69,15
-7128_4097,Stage 1,0,0
-7128_4097,Stage 2,0.99,1
-7128_4097,Stage 3,33.01,13
-7128_4098,Stage 1,1.07,1
-7128_4098,Stage 2,0,0
-7128_4098,Stage 3,18.94,8
-7128_4099,Stage 1,3.11,3
-7128_4099,Stage 2,1.05,1
-7128_4099,Stage 3,17.74,11
-7128_4100,Stage 1,3.64,1
-7128_4100,Stage 2,8.69,3
-7128_4100,Stage 3,12.37,7
-7128_4101,Stage 1,5.21,1
-7128_4101,Stage 2,1.5899999999999999,2
-7128_4101,Stage 3,32.89,13
-7128_4102,Stage 1,0,0
-7128_4102,Stage 2,7.24,3
-7128_4102,Stage 3,18.85,12
-7128_4103,Stage 1,0,0
-7128_4103,Stage 2,2.25,2
-7128_4103,Stage 3,39.35,11
-7128_4104,Stage 1,0.03,1
-7128_4104,Stage 2,6.18,3
-7128_4104,Stage 3,27.29,8
-7128_4105,Stage 1,0,0
-7128_4105,Stage 2,4.76,1
-7128_4105,Stage 3,53.29,9
-7128_4106,Stage 1,0,0
-7128_4106,Stage 2,0,0
-7128_4106,Stage 3,52.63,6
-7128_4107,Stage 1,0,0
-7128_4107,Stage 2,1.6600000000000001,2
-7128_4107,Stage 3,19.46,7
-7128_4108,Stage 1,1.19,2
-7128_4108,Stage 2,0.61,1
-7128_4108,Stage 3,20.56,5
-7128_4109,Stage 1,0,0
-7128_4109,Stage 2,2.8899999999999997,4
-7128_4109,Stage 3,5.88,4
-7128_4110,Stage 1,0.29,1
-7128_4110,Stage 2,0.65,1
-7128_4110,Stage 3,5.83,5
-7128_4111,Stage 1,0,0
-7128_4111,Stage 2,5.68,3
-7128_4111,Stage 3,3.1799999999999997,3
-7128_4112,Stage 1,0,0
-7128_4112,Stage 2,5.8100000000000005,2
-7128_4112,Stage 3,1.99,2
-7128_4113,Stage 1,2.3000000000000003,2
-7128_4113,Stage 2,8.57,2
-7128_4113,Stage 3,12.35,5
-7128_4114,Stage 1,0,0
-7128_4114,Stage 2,7.56,4
-7128_4114,Stage 3,10.89,8
-7128_4115,Stage 1,3.1,3
-7128_4115,Stage 2,10.25,3
-7128_4115,Stage 3,19.66,10
-7128_4116,Stage 1,1.08,2
-7128_4116,Stage 2,14.44,7
-7128_4116,Stage 3,34.6,18
-7128_4117,Stage 1,16.85,5
-7128_4117,Stage 2,10.45,5
-7128_4117,Stage 3,36.81,14
-7128_4118,Stage 1,1.81,1
-7128_4118,Stage 2,10.22,6
-7128_4118,Stage 3,11.37,7
-7128_4119,Stage 1,0,0
-7128_4119,Stage 2,1.23,3
-7128_4119,Stage 3,3.92,2
-7128_4120,Stage 1,0.85,1
-7128_4120,Stage 2,7.21,4
-7128_4120,Stage 3,3.04,4
-7128_4121,Stage 1,0,0
-7128_4121,Stage 2,1.51,3
-7128_4121,Stage 3,1.03,1
-7128_4122,Stage 1,3.57,1
-7128_4122,Stage 2,8.46,1
-7128_4122,Stage 3,2.04,1
-7128_4123,Stage 1,0,0
-7128_4123,Stage 2,1.1600000000000001,2
-7128_4123,Stage 3,0.72,2
-7128_4124,Stage 1,0,0
-7128_4124,Stage 2,4.26,4
-7128_4124,Stage 3,4.19,2
-7128_4125,Stage 1,0,0
-7128_4125,Stage 2,10.24,3
-7128_4125,Stage 3,2.09,3
-7128_4126,Stage 1,0,0
-7128_4126,Stage 2,0.6699999999999999,2
-7128_4126,Stage 3,7.06,4
-7128_4127,Stage 1,5.45,2
-7128_4127,Stage 2,23.330000000000002,3
-7128_4127,Stage 3,2.89,3
-7128_4128,Stage 1,1.49,2
-7128_4128,Stage 2,6.14,2
-7128_4128,Stage 3,7.13,4
-7128_4129,Stage 1,4.01,3
-7128_4129,Stage 2,15.28,3
-7128_4129,Stage 3,2.16,2
-7128_4130,Stage 1,15.81,1
-7128_4130,Stage 2,1.12,1
-7128_4130,Stage 3,4.84,4
-7128_4131,Stage 1,0.95,1
-7128_4131,Stage 2,2.4,1
-7128_4131,Stage 3,2.12,3
-7128_4132,Stage 1,4.5,3
-7128_4132,Stage 2,6.68,2
-7128_4132,Stage 3,1.13,2
-7128_4133,Stage 1,0,0
-7128_4133,Stage 2,1.07,1
-7128_4133,Stage 3,6.1,2
-7128_4134,Stage 1,0.78,1
-7128_4134,Stage 2,0,0
-7128_4134,Stage 3,2.98,2
-7128_4135,Stage 1,2.1,2
-7128_4135,Stage 2,0.59,1
-7128_4135,Stage 3,6.09,3
-7128_4136,Stage 1,22.96,3
-7128_4136,Stage 2,1,1
-7128_4136,Stage 3,17.49,6
-7128_4137,Stage 1,4.22,2
-7128_4137,Stage 2,0,0
-7128_4137,Stage 3,38.54,11
-7128_4138,Stage 1,3.67,3
-7128_4138,Stage 2,2.05,2
-7128_4138,Stage 3,73.43,9
-7128_4139,Stage 1,0,0
-7128_4139,Stage 2,2.21,2
-7128_4139,Stage 3,15.61,6
-7129_4086,Stage 1,0,0
-7129_4086,Stage 2,0,0
-7129_4086,Stage 3,1.37,1
-7129_4087,Stage 1,1.33,1
-7129_4087,Stage 2,1.2000000000000002,2
-7129_4087,Stage 3,5.03,3
-7129_4088,Stage 1,4.98,2
-7129_4088,Stage 2,0,0
-7129_4088,Stage 3,12.6,1
-7129_4089,Stage 1,0,0
-7129_4089,Stage 2,0,0
-7129_4089,Stage 3,1.58,1
-7129_4090,Stage 1,0.93,1
-7129_4090,Stage 2,4.95,1
-7129_4090,Stage 3,6.16,5
-7129_4091,Stage 1,4.8,3
-7129_4091,Stage 2,1.77,1
-7129_4091,Stage 3,6.33,7
-7129_4092,Stage 1,7.34,3
-7129_4092,Stage 2,16.12,3
-7129_4092,Stage 3,16.64,13
-7129_4093,Stage 1,0.93,2
-7129_4093,Stage 2,1.71,1
-7129_4093,Stage 3,11.95,7
-7129_4094,Stage 1,0.53,1
-7129_4094,Stage 2,0,0
-7129_4094,Stage 3,6.59,6
-7129_4095,Stage 1,0.86,1
-7129_4095,Stage 2,0,0
-7129_4095,Stage 3,19.18,10
-7129_4096,Stage 1,3.52,3
-7129_4096,Stage 2,5.77,3
-7129_4096,Stage 3,34.65,11
-7129_4097,Stage 1,1.65,1
-7129_4097,Stage 2,2.4299999999999997,2
-7129_4097,Stage 3,16.08,10
-7129_4098,Stage 1,0,0
-7129_4098,Stage 2,5.569999999999999,3
-7129_4098,Stage 3,24.6,10
-7129_4099,Stage 1,0,0
-7129_4099,Stage 2,4.95,2
-7129_4099,Stage 3,16.03,12
-7129_4100,Stage 1,3.6500000000000004,1
-7129_4100,Stage 2,16.18,1
-7129_4100,Stage 3,25.830000000000002,12
-7129_4101,Stage 1,0,0
-7129_4101,Stage 2,1.35,3
-7129_4101,Stage 3,25.52,12
-7129_4102,Stage 1,0,0
-7129_4102,Stage 2,0.53,1
-7129_4102,Stage 3,16.28,10
-7129_4103,Stage 1,21.91,3
-7129_4103,Stage 2,1.76,2
-7129_4103,Stage 3,43.79,11
-7129_4104,Stage 1,0,0
-7129_4104,Stage 2,8.78,1
-7129_4104,Stage 3,26.66,9
-7129_4105,Stage 1,1.39,1
-7129_4105,Stage 2,0,0
-7129_4105,Stage 3,40.9,10
-7129_4106,Stage 1,1.19,1
-7129_4106,Stage 2,2.04,2
-7129_4106,Stage 3,26.09,9
-7129_4107,Stage 1,0,0
-7129_4107,Stage 2,1.08,1
-7129_4107,Stage 3,28.369999999999997,5
-7129_4108,Stage 1,0,0
-7129_4108,Stage 2,1.25,1
-7129_4108,Stage 3,4.92,3
-7129_4109,Stage 1,0.05,1
-7129_4109,Stage 2,6.02,5
-7129_4109,Stage 3,7.73,6
-7129_4110,Stage 1,3.44,2
-7129_4110,Stage 2,19.77,8
-7129_4110,Stage 3,13.4,6
-7129_4111,Stage 1,2.08,2
-7129_4111,Stage 2,6.109999999999999,3
-7129_4111,Stage 3,6.09,5
-7129_4112,Stage 1,3.49,1
-7129_4112,Stage 2,9.01,5
-7129_4112,Stage 3,4.22,4
-7129_4113,Stage 1,0.57,1
-7129_4113,Stage 2,11.96,9
-7129_4113,Stage 3,12.23,7
-7129_4114,Stage 1,4.93,1
-7129_4114,Stage 2,33.43,12
-7129_4114,Stage 3,33.86,15
-7129_4115,Stage 1,10.8,4
-7129_4115,Stage 2,36.87,8
-7129_4115,Stage 3,60.52,15
-7129_4116,Stage 1,2.04,1
-7129_4116,Stage 2,14.56,6
-7129_4116,Stage 3,20.95,13
-7129_4117,Stage 1,2.13,1
-7129_4117,Stage 2,9.2,6
-7129_4117,Stage 3,12.23,9
-7129_4118,Stage 1,1.91,1
-7129_4118,Stage 2,1.27,2
-7129_4118,Stage 3,6.54,5
-7129_4119,Stage 1,0,0
-7129_4119,Stage 2,2.9299999999999997,4
-7129_4119,Stage 3,5.9399999999999995,4
-7129_4120,Stage 1,0,0
-7129_4120,Stage 2,12.22,4
-7129_4120,Stage 3,1,1
-7129_4121,Stage 1,0.69,1
-7129_4121,Stage 2,4.48,4
-7129_4121,Stage 3,3.63,3
-7129_4122,Stage 1,0,0
-7129_4122,Stage 2,8.809999999999999,3
-7129_4122,Stage 3,0.53,1
-7129_4123,Stage 1,0,0
-7129_4123,Stage 2,1.32,2
-7129_4123,Stage 3,0.78,2
-7129_4124,Stage 1,0,0
-7129_4124,Stage 2,2.22,2
-7129_4124,Stage 3,4.3,3
-7129_4125,Stage 1,0,0
-7129_4125,Stage 2,6.96,1
-7129_4125,Stage 3,1.81,1
-7129_4126,Stage 1,0,0
-7129_4126,Stage 2,19.9,3
-7129_4126,Stage 3,2.54,3
-7129_4127,Stage 1,0.88,1
-7129_4127,Stage 2,0,0
-7129_4127,Stage 3,3.63,4
-7129_4128,Stage 1,4.7,2
-7129_4128,Stage 2,0,0
-7129_4128,Stage 3,6.45,4
-7129_4129,Stage 1,1.31,2
-7129_4129,Stage 2,0,0
-7129_4129,Stage 3,4,3
-7129_4130,Stage 1,0,0
-7129_4130,Stage 2,1.12,1
-7129_4130,Stage 3,2.5199999999999996,2
-7129_4131,Stage 1,0,0
-7129_4131,Stage 2,0.53,1
-7129_4131,Stage 3,1.02,1
-7129_4132,Stage 1,0.72,1
-7129_4132,Stage 2,0.61,2
-7129_4132,Stage 3,1.56,2
-7129_4133,Stage 1,5.7,2
-7129_4133,Stage 2,2.12,3
-7129_4133,Stage 3,1.6400000000000001,2
-7129_4134,Stage 1,0.83,1
-7129_4134,Stage 2,3.08,1
-7129_4134,Stage 3,2.59,3
-7129_4135,Stage 1,15.780000000000001,3
-7129_4135,Stage 2,4.28,2
-7129_4135,Stage 3,1.3399999999999999,2
-7129_4136,Stage 1,2.52,2
-7129_4136,Stage 2,17.08,2
-7129_4136,Stage 3,10.29,5
-7129_4137,Stage 1,2.64,1
-7129_4137,Stage 2,3,1
-7129_4137,Stage 3,28.419999999999998,9
-7129_4138,Stage 1,0.97,1
-7129_4138,Stage 2,1.78,1
-7129_4138,Stage 3,90.94,14
-7129_4139,Stage 1,0.91,1
-7129_4139,Stage 2,0.91,1
-7129_4139,Stage 3,17.77,6
-7130_4086,Stage 1,0.9,1
-7130_4086,Stage 2,0,0
-7130_4086,Stage 3,0,0
-7130_4087,Stage 1,0,0
-7130_4087,Stage 2,0,0
-7130_4087,Stage 3,3.1100000000000003,2
-7130_4088,Stage 1,0.91,1
-7130_4088,Stage 2,0,0
-7130_4088,Stage 3,2.28,1
-7130_4089,Stage 1,1.89,1
-7130_4089,Stage 2,1.2,1
-7130_4089,Stage 3,5.16,5
-7130_4090,Stage 1,1.85,2
-7130_4090,Stage 2,0.53,1
-7130_4090,Stage 3,2.58,3
-7130_4091,Stage 1,4.57,3
-7130_4091,Stage 2,0.91,1
-7130_4091,Stage 3,14.07,9
-7130_4092,Stage 1,12.49,6
-7130_4092,Stage 2,10.02,2
-7130_4092,Stage 3,25.57,9
-7130_4093,Stage 1,8.03,5
-7130_4093,Stage 2,8.93,3
-7130_4093,Stage 3,8.77,6
-7130_4094,Stage 1,1.61,2
-7130_4094,Stage 2,5.069999999999999,2
-7130_4094,Stage 3,7.34,3
-7130_4095,Stage 1,2.48,1
-7130_4095,Stage 2,10.39,2
-7130_4095,Stage 3,26.56,8
-7130_4096,Stage 1,1.81,2
-7130_4096,Stage 2,2,1
-7130_4096,Stage 3,29.79,11
-7130_4097,Stage 1,1.46,1
-7130_4097,Stage 2,3.39,2
-7130_4097,Stage 3,9.09,8
-7130_4098,Stage 1,0.41,1
-7130_4098,Stage 2,9.16,2
-7130_4098,Stage 3,19.18,8
-7130_4099,Stage 1,0,0
-7130_4099,Stage 2,0.33,1
-7130_4099,Stage 3,5.76,5
-7130_4100,Stage 1,0,0
-7130_4100,Stage 2,7.91,3
-7130_4100,Stage 3,14.530000000000001,5
-7130_4101,Stage 1,1.42,2
-7130_4101,Stage 2,6.58,4
-7130_4101,Stage 3,26.08,9
-7130_4102,Stage 1,0,0
-7130_4102,Stage 2,0.89,1
-7130_4102,Stage 3,10.35,6
-7130_4103,Stage 1,2.55,1
-7130_4103,Stage 2,0.66,1
-7130_4103,Stage 3,23.06,10
-7130_4104,Stage 1,0,0
-7130_4104,Stage 2,1.8399999999999999,2
-7130_4104,Stage 3,31.71,8
-7130_4105,Stage 1,0.81,1
-7130_4105,Stage 2,0,0
-7130_4105,Stage 3,54.44,8
-7130_4106,Stage 1,1.69,1
-7130_4106,Stage 2,0,0
-7130_4106,Stage 3,13.94,8
-7130_4107,Stage 1,0,0
-7130_4107,Stage 2,2.85,3
-7130_4107,Stage 3,9.29,6
-7130_4108,Stage 1,0.64,1
-7130_4108,Stage 2,0.81,1
-7130_4108,Stage 3,10.08,7
-7130_4109,Stage 1,1.33,2
-7130_4109,Stage 2,4.04,3
-7130_4109,Stage 3,14.46,10
-7130_4110,Stage 1,6.859999999999999,3
-7130_4110,Stage 2,26.45,9
-7130_4110,Stage 3,23.33,10
-7130_4111,Stage 1,5.72,2
-7130_4111,Stage 2,32.65,11
-7130_4111,Stage 3,35.36,15
-7130_4112,Stage 1,13.07,4
-7130_4112,Stage 2,62.27,15
-7130_4112,Stage 3,54.51,16
-7130_4113,Stage 1,4.5,3
-7130_4113,Stage 2,79.22,13
-7130_4113,Stage 3,31.21,15
-7130_4114,Stage 1,8.76,3
-7130_4114,Stage 2,54.589999999999996,7
-7130_4114,Stage 3,41.57,12
-7130_4115,Stage 1,1.61,1
-7130_4115,Stage 2,9.63,7
-7130_4115,Stage 3,22.06,11
-7130_4116,Stage 1,8.16,2
-7130_4116,Stage 2,19.68,4
-7130_4116,Stage 3,25.1,7
-7130_4117,Stage 1,0,0
-7130_4117,Stage 2,3.35,2
-7130_4117,Stage 3,7.22,8
-7130_4118,Stage 1,0,0
-7130_4118,Stage 2,1.06,1
-7130_4118,Stage 3,3.39,2
-7130_4119,Stage 1,0,0
-7130_4119,Stage 2,1.2,1
-7130_4119,Stage 3,6.68,8
-7130_4120,Stage 1,0,0
-7130_4120,Stage 2,1.8599999999999999,4
-7130_4120,Stage 3,12.51,4
-7130_4121,Stage 1,0.33,1
-7130_4121,Stage 2,1.76,3
-7130_4121,Stage 3,2.62,4
-7130_4122,Stage 1,0,0
-7130_4122,Stage 2,3.01,1
-7130_4122,Stage 3,2.46,2
-7130_4123,Stage 1,0,0
-7130_4123,Stage 2,2.17,1
-7130_4123,Stage 3,1.89,1
-7130_4124,Stage 1,0.39,1
-7130_4124,Stage 2,6.39,3
-7130_4124,Stage 3,4.7299999999999995,3
-7130_4125,Stage 1,0,0
-7130_4125,Stage 2,1.05,1
-7130_4125,Stage 3,2.34,3
-7130_4126,Stage 1,0,0
-7130_4126,Stage 2,0,0
-7130_4126,Stage 3,3.9,4
-7130_4127,Stage 1,0.87,1
-7130_4127,Stage 2,0,0
-7130_4127,Stage 3,8.57,3
-7130_4128,Stage 1,1.1,1
-7130_4128,Stage 2,4.16,1
-7130_4128,Stage 3,4.97,4
-7130_4129,Stage 1,0.88,1
-7130_4129,Stage 2,2.17,2
-7130_4129,Stage 3,3.79,4
-7130_4130,Stage 1,0.31,1
-7130_4130,Stage 2,1,1
-7130_4130,Stage 3,3.06,2
-7130_4131,Stage 1,0,0
-7130_4131,Stage 2,4.89,2
-7130_4131,Stage 3,0,0
-7130_4132,Stage 1,1.22,1
-7130_4132,Stage 2,3.95,1
-7130_4132,Stage 3,0.11,1
-7130_4133,Stage 1,0,0
-7130_4133,Stage 2,8.91,4
-7130_4133,Stage 3,1.1800000000000002,2
-7130_4134,Stage 1,1.12,1
-7130_4134,Stage 2,105.03,3
-7130_4134,Stage 3,0.7,1
-7130_4135,Stage 1,2.12,1
-7130_4135,Stage 2,6.17,2
-7130_4135,Stage 3,32.26,5
-7130_4136,Stage 1,20.830000000000002,4
-7130_4136,Stage 2,3.02,1
-7130_4136,Stage 3,10.68,6
-7130_4137,Stage 1,0,0
-7130_4137,Stage 2,0.9,1
-7130_4137,Stage 3,24.23,9
-7130_4138,Stage 1,1.33,2
-7130_4138,Stage 2,3.0599999999999996,1
-7130_4138,Stage 3,47.66,11
-7130_4139,Stage 1,2.15,2
-7130_4139,Stage 2,1.22,1
-7130_4139,Stage 3,12.14,6
-7131_4086,Stage 1,0,0
-7131_4086,Stage 2,0,0
-7131_4086,Stage 3,0,0
-7131_4087,Stage 1,2.3200000000000003,2
-7131_4087,Stage 2,0,0
-7131_4087,Stage 3,2.73,1
-7131_4088,Stage 1,1.53,1
-7131_4088,Stage 2,0,0
-7131_4088,Stage 3,12.040000000000001,2
-7131_4089,Stage 1,1.75,1
-7131_4089,Stage 2,3.31,1
-7131_4089,Stage 3,4.12,5
-7131_4090,Stage 1,13.91,1
-7131_4090,Stage 2,11.26,1
-7131_4090,Stage 3,12.85,6
-7131_4091,Stage 1,2.2600000000000002,2
-7131_4091,Stage 2,1.23,1
-7131_4091,Stage 3,35.08,9
-7131_4092,Stage 1,9.84,4
-7131_4092,Stage 2,11.3,2
-7131_4092,Stage 3,45.67,10
-7131_4093,Stage 1,10.95,2
-7131_4093,Stage 2,25.79,2
-7131_4093,Stage 3,12.61,7
-7131_4094,Stage 1,0,0
-7131_4094,Stage 2,8.86,1
-7131_4094,Stage 3,8.51,7
-7131_4095,Stage 1,11.31,2
-7131_4095,Stage 2,11.2,5
-7131_4095,Stage 3,30.09,11
-7131_4096,Stage 1,2.6,2
-7131_4096,Stage 2,12.33,5
-7131_4096,Stage 3,21.87,10
-7131_4097,Stage 1,0.56,1
-7131_4097,Stage 2,11.26,4
-7131_4097,Stage 3,8.78,6
-7131_4098,Stage 1,0,0
-7131_4098,Stage 2,10.66,1
-7131_4098,Stage 3,5.12,6
-7131_4099,Stage 1,9.3,3
-7131_4099,Stage 2,0,0
-7131_4099,Stage 3,7.75,5
-7131_4100,Stage 1,1.04,1
-7131_4100,Stage 2,16.95,4
-7131_4100,Stage 3,16.86,12
-7131_4101,Stage 1,8.8,2
-7131_4101,Stage 2,0,0
-7131_4101,Stage 3,7.21,7
-7131_4102,Stage 1,0.29,1
-7131_4102,Stage 2,6.03,2
-7131_4102,Stage 3,7.76,5
-7131_4103,Stage 1,0,0
-7131_4103,Stage 2,1.29,1
-7131_4103,Stage 3,16.84,8
-7131_4104,Stage 1,0,0
-7131_4104,Stage 2,0,0
-7131_4104,Stage 3,9.89,5
-7131_4105,Stage 1,1.26,2
-7131_4105,Stage 2,0,0
-7131_4105,Stage 3,16.9,8
-7131_4106,Stage 1,1.19,1
-7131_4106,Stage 2,0.87,1
-7131_4106,Stage 3,11.58,8
-7131_4107,Stage 1,1.13,1
-7131_4107,Stage 2,0.3,1
-7131_4107,Stage 3,8.95,6
-7131_4108,Stage 1,0,0
-7131_4108,Stage 2,1.21,2
-7131_4108,Stage 3,5.13,4
-7131_4109,Stage 1,0,0
-7131_4109,Stage 2,0.87,1
-7131_4109,Stage 3,9.13,6
-7131_4110,Stage 1,0,0
-7131_4110,Stage 2,1.03,1
-7131_4110,Stage 3,20.509999999999998,6
-7131_4111,Stage 1,0,0
-7131_4111,Stage 2,6.8999999999999995,2
-7131_4111,Stage 3,4.4,4
-7131_4112,Stage 1,1.63,1
-7131_4112,Stage 2,33.83,5
-7131_4112,Stage 3,50.16,10
-7131_4113,Stage 1,3.11,1
-7131_4113,Stage 2,45.74,2
-7131_4113,Stage 3,51.19,7
-7131_4114,Stage 1,2.09,2
-7131_4114,Stage 2,49.54,6
-7131_4114,Stage 3,71.48,12
-7131_4115,Stage 1,3.26,1
-7131_4115,Stage 2,37.63,10
-7131_4115,Stage 3,31.830000000000002,14
-7131_4116,Stage 1,0,0
-7131_4116,Stage 2,2.27,2
-7131_4116,Stage 3,15.139999999999999,4
-7131_4117,Stage 1,0,0
-7131_4117,Stage 2,0.95,1
-7131_4117,Stage 3,8.22,2
-7131_4118,Stage 1,1.34,2
-7131_4118,Stage 2,1.66,1
-7131_4118,Stage 3,4.58,4
-7131_4119,Stage 1,0,0
-7131_4119,Stage 2,1.36,1
-7131_4119,Stage 3,1.41,1
-7131_4120,Stage 1,7.04,1
-7131_4120,Stage 2,11.86,5
-7131_4120,Stage 3,1.93,2
-7131_4121,Stage 1,0.72,1
-7131_4121,Stage 2,1.4100000000000001,3
-7131_4121,Stage 3,0.92,1
-7131_4122,Stage 1,2.99,2
-7131_4122,Stage 2,0.91,2
-7131_4122,Stage 3,1.8599999999999999,2
-7131_4123,Stage 1,0,0
-7131_4123,Stage 2,3.72,3
-7131_4123,Stage 3,1.54,2
-7131_4124,Stage 1,0,0
-7131_4124,Stage 2,0.32,1
-7131_4124,Stage 3,6.68,4
-7131_4125,Stage 1,0,0
-7131_4125,Stage 2,0,0
-7131_4125,Stage 3,9.67,4
-7131_4126,Stage 1,0,0
-7131_4126,Stage 2,3.02,3
-7131_4126,Stage 3,4.63,5
-7131_4127,Stage 1,2.64,3
-7131_4127,Stage 2,0.54,2
-7131_4127,Stage 3,5.57,5
-7131_4128,Stage 1,3.23,2
-7131_4128,Stage 2,0,0
-7131_4128,Stage 3,4.48,4
-7131_4129,Stage 1,2.5,2
-7131_4129,Stage 2,4.71,4
-7131_4129,Stage 3,1.9,2
-7131_4130,Stage 1,10.9,2
-7131_4130,Stage 2,0.13,1
-7131_4130,Stage 3,0.33999999999999997,1
-7131_4131,Stage 1,18.720000000000002,2
-7131_4131,Stage 2,0,0
-7131_4131,Stage 3,3.79,3
-7131_4132,Stage 1,0,0
-7131_4132,Stage 2,0.79,1
-7131_4132,Stage 3,2.0700000000000003,2
-7131_4133,Stage 1,1.11,1
-7131_4133,Stage 2,1,1
-7131_4133,Stage 3,1.19,1
-7131_4134,Stage 1,0.97,1
-7131_4134,Stage 2,3.33,2
-7131_4134,Stage 3,13.84,5
-7131_4135,Stage 1,0.81,1
-7131_4135,Stage 2,1.98,1
-7131_4135,Stage 3,8.47,5
-7131_4136,Stage 1,6.14,4
-7131_4136,Stage 2,2.9699999999999998,1
-7131_4136,Stage 3,3.8899999999999997,4
-7131_4137,Stage 1,3.51,2
-7131_4137,Stage 2,1.88,1
-7131_4137,Stage 3,19.74,7
-7131_4138,Stage 1,2.9,3
-7131_4138,Stage 2,3.74,2
-7131_4138,Stage 3,44.7,11
-7131_4139,Stage 1,0,0
-7131_4139,Stage 2,0,0
-7131_4139,Stage 3,5.63,4
-7132_4087,Stage 1,0.79,1
-7132_4087,Stage 2,0,0
-7132_4087,Stage 3,2.93,1
-7132_4088,Stage 1,1.6,2
-7132_4088,Stage 2,2.02,1
-7132_4088,Stage 3,3.54,4
-7132_4089,Stage 1,4.1,2
-7132_4089,Stage 2,5.56,2
-7132_4089,Stage 3,15.4,9
-7132_4090,Stage 1,7.43,3
-7132_4090,Stage 2,2.83,3
-7132_4090,Stage 3,33.69,9
-7132_4091,Stage 1,25.67,4
-7132_4091,Stage 2,18.16,3
-7132_4091,Stage 3,45.74,9
-7132_4092,Stage 1,13.14,4
-7132_4092,Stage 2,2.88,2
-7132_4092,Stage 3,28.87,6
-7132_4093,Stage 1,1.6,2
-7132_4093,Stage 2,3.48,3
-7132_4093,Stage 3,23.09,8
-7132_4094,Stage 1,6.18,3
-7132_4094,Stage 2,0,0
-7132_4094,Stage 3,8.959999999999999,5
-7132_4095,Stage 1,2.78,2
-7132_4095,Stage 2,23.490000000000002,3
-7132_4095,Stage 3,31.45,10
-7132_4096,Stage 1,4.35,2
-7132_4096,Stage 2,17.15,5
-7132_4096,Stage 3,22.57,9
-7132_4097,Stage 1,2.3600000000000003,1
-7132_4097,Stage 2,2.88,3
-7132_4097,Stage 3,17.75,7
-7132_4098,Stage 1,1.11,1
-7132_4098,Stage 2,2.75,2
-7132_4098,Stage 3,3.55,3
-7132_4099,Stage 1,0,0
-7132_4099,Stage 2,3.3899999999999997,1
-7132_4099,Stage 3,6.96,4
-7132_4100,Stage 1,0,0
-7132_4100,Stage 2,10.96,5
-7132_4100,Stage 3,19.08,9
-7132_4101,Stage 1,0,0
-7132_4101,Stage 2,6.069999999999999,3
-7132_4101,Stage 3,18.33,9
-7132_4102,Stage 1,0,0
-7132_4102,Stage 2,1.81,2
-7132_4102,Stage 3,13.63,6
-7132_4103,Stage 1,0,0
-7132_4103,Stage 2,4.25,1
-7132_4103,Stage 3,10.1,5
-7132_4104,Stage 1,0,0
-7132_4104,Stage 2,23.73,6
-7132_4104,Stage 3,50.67,8
-7132_4105,Stage 1,0,0
-7132_4105,Stage 2,0.83,1
-7132_4105,Stage 3,13.19,5
-7132_4106,Stage 1,2.63,1
-7132_4106,Stage 2,0,0
-7132_4106,Stage 3,8.55,7
-7132_4107,Stage 1,1.35,1
-7132_4107,Stage 2,0,0
-7132_4107,Stage 3,5.22,3
-7132_4108,Stage 1,0,0
-7132_4108,Stage 2,5.79,3
-7132_4108,Stage 3,12.38,7
-7132_4109,Stage 1,0,0
-7132_4109,Stage 2,0,0
-7132_4109,Stage 3,7.32,4
-7132_4110,Stage 1,0,0
-7132_4110,Stage 2,0.56,1
-7132_4110,Stage 3,7.55,5
-7132_4111,Stage 1,0,0
-7132_4111,Stage 2,22.72,4
-7132_4111,Stage 3,13.66,4
-7132_4112,Stage 1,0,0
-7132_4112,Stage 2,11.26,3
-7132_4112,Stage 3,19.53,6
-7132_4113,Stage 1,2.47,3
-7132_4113,Stage 2,50.43,10
-7132_4113,Stage 3,81.08,18
-7132_4114,Stage 1,1.8900000000000001,1
-7132_4114,Stage 2,30.87,12
-7132_4114,Stage 3,74.38,13
-7132_4115,Stage 1,0.85,1
-7132_4115,Stage 2,16.18,4
-7132_4115,Stage 3,11.58,8
-7132_4116,Stage 1,1.56,1
-7132_4116,Stage 2,7.11,4
-7132_4116,Stage 3,11.73,5
-7132_4117,Stage 1,0,0
-7132_4117,Stage 2,0,0
-7132_4117,Stage 3,3.83,4
-7132_4118,Stage 1,0,0
-7132_4118,Stage 2,0,0
-7132_4118,Stage 3,5.79,4
-7132_4119,Stage 1,0,0
-7132_4119,Stage 2,0.65,1
-7132_4119,Stage 3,2.67,4
-7132_4120,Stage 1,4.06,1
-7132_4120,Stage 2,0,0
-7132_4120,Stage 3,3.65,2
-7132_4121,Stage 1,0,0
-7132_4121,Stage 2,15.51,5
-7132_4121,Stage 3,1.1,3
-7132_4122,Stage 1,0,0
-7132_4122,Stage 2,3.37,2
-7132_4122,Stage 3,1.52,2
-7132_4123,Stage 1,0,0
-7132_4123,Stage 2,0.56,2
-7132_4123,Stage 3,3.1,2
-7132_4124,Stage 1,0,0
-7132_4124,Stage 2,8.58,2
-7132_4124,Stage 3,0.7,1
-7132_4125,Stage 1,0,0
-7132_4125,Stage 2,4.06,2
-7132_4125,Stage 3,0.87,1
-7132_4126,Stage 1,0,0
-7132_4126,Stage 2,1.23,1
-7132_4126,Stage 3,5.88,3
-7132_4127,Stage 1,0,0
-7132_4127,Stage 2,0,0
-7132_4127,Stage 3,2.71,2
-7132_4128,Stage 1,0.28,1
-7132_4128,Stage 2,0.33,1
-7132_4128,Stage 3,2.69,1
-7132_4129,Stage 1,0.26,1
-7132_4129,Stage 2,0,0
-7132_4129,Stage 3,2.98,4
-7132_4130,Stage 1,0,0
-7132_4130,Stage 2,1.06,1
-7132_4130,Stage 3,5.45,5
-7132_4131,Stage 1,0,0
-7132_4131,Stage 2,2.51,2
-7132_4131,Stage 3,0,0
-7132_4132,Stage 1,1.22,1
-7132_4132,Stage 2,4.25,4
-7132_4132,Stage 3,4.13,1
-7132_4133,Stage 1,0,0
-7132_4133,Stage 2,19.04,1
-7132_4133,Stage 3,0.48,1
-7132_4134,Stage 1,5.84,2
-7132_4134,Stage 2,1.46,2
-7132_4134,Stage 3,11.86,4
-7132_4135,Stage 1,2.0100000000000002,1
-7132_4135,Stage 2,0.28,1
-7132_4135,Stage 3,6.82,5
-7132_4136,Stage 1,1.31,2
-7132_4136,Stage 2,0.92,1
-7132_4136,Stage 3,3.8,6
-7132_4137,Stage 1,3.83,1
-7132_4137,Stage 2,0,0
-7132_4137,Stage 3,9.77,7
-7132_4138,Stage 1,1.9300000000000002,3
-7132_4138,Stage 2,2.95,1
-7132_4138,Stage 3,48.08,11
-7132_4139,Stage 1,0,0
-7132_4139,Stage 2,0,0
-7132_4139,Stage 3,4.18,2
-7133_4087,Stage 1,0,0
-7133_4087,Stage 2,18.22,2
-7133_4087,Stage 3,1.8,2
-7133_4088,Stage 1,0.77,1
-7133_4088,Stage 2,3.1,1
-7133_4088,Stage 3,1.9900000000000002,2
-7133_4089,Stage 1,0.81,1
-7133_4089,Stage 2,6.39,3
-7133_4089,Stage 3,24.23,9
-7133_4090,Stage 1,37,4
-7133_4090,Stage 2,22.35,3
-7133_4090,Stage 3,45.33,9
-7133_4091,Stage 1,15.44,4
-7133_4091,Stage 2,7.99,3
-7133_4091,Stage 3,79.06,14
-7133_4092,Stage 1,2.87,3
-7133_4092,Stage 2,17.79,2
-7133_4092,Stage 3,39.21,8
-7133_4093,Stage 1,23.240000000000002,5
-7133_4093,Stage 2,0.81,2
-7133_4093,Stage 3,18.74,8
-7133_4094,Stage 1,1.9100000000000001,2
-7133_4094,Stage 2,1.85,2
-7133_4094,Stage 3,10.15,7
-7133_4095,Stage 1,1.9500000000000002,2
-7133_4095,Stage 2,20.240000000000002,4
-7133_4095,Stage 3,24.66,8
-7133_4096,Stage 1,13.26,4
-7133_4096,Stage 2,13.629999999999999,3
-7133_4096,Stage 3,8.62,5
-7133_4097,Stage 1,1.77,1
-7133_4097,Stage 2,0,0
-7133_4097,Stage 3,10.91,9
-7133_4098,Stage 1,1.09,1
-7133_4098,Stage 2,0,0
-7133_4098,Stage 3,6.44,5
-7133_4099,Stage 1,0,0
-7133_4099,Stage 2,0.82,1
-7133_4099,Stage 3,0.8,1
-7133_4100,Stage 1,1.01,1
-7133_4100,Stage 2,19.41,4
-7133_4100,Stage 3,11.65,6
-7133_4101,Stage 1,1.38,1
-7133_4101,Stage 2,13.41,7
-7133_4101,Stage 3,14.29,6
-7133_4102,Stage 1,16.11,2
-7133_4102,Stage 2,5.51,1
-7133_4102,Stage 3,39.9,6
-7133_4103,Stage 1,0,0
-7133_4103,Stage 2,13.54,2
-7133_4103,Stage 3,13.28,5
-7133_4104,Stage 1,0,0
-7133_4104,Stage 2,0,0
-7133_4104,Stage 3,13.61,5
-7133_4105,Stage 1,0,0
-7133_4105,Stage 2,2.32,3
-7133_4105,Stage 3,23.07,5
-7133_4106,Stage 1,3.58,2
-7133_4106,Stage 2,1.06,1
-7133_4106,Stage 3,14.91,4
-7133_4107,Stage 1,0,0
-7133_4107,Stage 2,1.02,1
-7133_4107,Stage 3,14.65,7
-7133_4108,Stage 1,0,0
-7133_4108,Stage 2,3.2,1
-7133_4108,Stage 3,3.24,3
-7133_4109,Stage 1,0,0
-7133_4109,Stage 2,7.54,2
-7133_4109,Stage 3,4.53,3
-7133_4110,Stage 1,0,0
-7133_4110,Stage 2,0,0
-7133_4110,Stage 3,6.78,4
-7133_4111,Stage 1,1.66,2
-7133_4111,Stage 2,15.92,7
-7133_4111,Stage 3,30.23,10
-7133_4112,Stage 1,2.41,1
-7133_4112,Stage 2,91.43,13
-7133_4112,Stage 3,107.67,14
-7133_4113,Stage 1,2.44,2
-7133_4113,Stage 2,33.02,7
-7133_4113,Stage 3,26.96,10
-7133_4114,Stage 1,0,0
-7133_4114,Stage 2,3.27,2
-7133_4114,Stage 3,4.47,3
-7133_4115,Stage 1,0,0
-7133_4115,Stage 2,11.36,6
-7133_4115,Stage 3,3.0599999999999996,4
-7133_4116,Stage 1,0,0
-7133_4116,Stage 2,7.95,2
-7133_4116,Stage 3,8.31,5
-7133_4117,Stage 1,0.28,1
-7133_4117,Stage 2,1.05,1
-7133_4117,Stage 3,21.029999999999998,2
-7133_4118,Stage 1,0,0
-7133_4118,Stage 2,0,0
-7133_4118,Stage 3,0.38,1
-7133_4119,Stage 1,2.25,1
-7133_4119,Stage 2,0.8,1
-7133_4119,Stage 3,2.7800000000000002,3
-7133_4120,Stage 1,2.09,2
-7133_4120,Stage 2,1.09,1
-7133_4120,Stage 3,3.06,1
-7133_4121,Stage 1,0,0
-7133_4121,Stage 2,0,0
-7133_4121,Stage 3,0,0
-7133_4122,Stage 1,0,0
-7133_4122,Stage 2,3.86,4
-7133_4122,Stage 3,2.86,5
-7133_4123,Stage 1,1.02,1
-7133_4123,Stage 2,9.31,7
-7133_4123,Stage 3,1.3,2
-7133_4124,Stage 1,0,0
-7133_4124,Stage 2,15.37,5
-7133_4124,Stage 3,3.58,1
-7133_4125,Stage 1,0,0
-7133_4125,Stage 2,2.9299999999999997,2
-7133_4125,Stage 3,0.88,1
-7133_4126,Stage 1,0,0
-7133_4126,Stage 2,1.77,3
-7133_4126,Stage 3,1.6099999999999999,2
-7133_4127,Stage 1,1.44,2
-7133_4127,Stage 2,1.07,1
-7133_4127,Stage 3,3.59,4
-7133_4128,Stage 1,0,0
-7133_4128,Stage 2,3.64,3
-7133_4128,Stage 3,3.8899999999999997,3
-7133_4129,Stage 1,1.35,2
-7133_4129,Stage 2,1.09,1
-7133_4129,Stage 3,2.54,1
-7133_4130,Stage 1,2.07,1
-7133_4130,Stage 2,0,1
-7133_4130,Stage 3,2.15,1
-7133_4131,Stage 1,14.73,2
-7133_4131,Stage 2,4.029999999999999,1
-7133_4131,Stage 3,0.14,1
-7133_4132,Stage 1,21.1,2
-7133_4132,Stage 2,0,1
-7133_4132,Stage 3,0.55,1
-7133_4133,Stage 1,2.24,1
-7133_4133,Stage 2,0,0
-7133_4133,Stage 3,1.17,1
-7133_4134,Stage 1,0,0
-7133_4134,Stage 2,0,0
-7133_4134,Stage 3,4.6,2
-7133_4135,Stage 1,0.86,1
-7133_4135,Stage 2,0,0
-7133_4135,Stage 3,1,2
-7133_4136,Stage 1,1.78,2
-7133_4136,Stage 2,0,0
-7133_4136,Stage 3,6.13,4
-7133_4137,Stage 1,4.48,4
-7133_4137,Stage 2,3.29,3
-7133_4137,Stage 3,10.69,7
-7133_4138,Stage 1,24.23,1
-7133_4138,Stage 2,4.87,2
-7133_4138,Stage 3,45.26,10
-7134_4087,Stage 1,0.87,1
-7134_4087,Stage 2,0,0
-7134_4087,Stage 3,2.59,1
-7134_4088,Stage 1,1.8399999999999999,2
-7134_4088,Stage 2,0,0
-7134_4088,Stage 3,14.48,4
-7134_4089,Stage 1,1.7799999999999998,2
-7134_4089,Stage 2,0,0
-7134_4089,Stage 3,25.43,9
-7134_4090,Stage 1,1.96,1
-7134_4090,Stage 2,12.08,5
-7134_4090,Stage 3,87.92,10
-7134_4091,Stage 1,7.75,2
-7134_4091,Stage 2,6.01,3
-7134_4091,Stage 3,51.92,12
-7134_4092,Stage 1,2.66,2
-7134_4092,Stage 2,13.48,3
-7134_4092,Stage 3,20.97,8
-7134_4093,Stage 1,9.81,2
-7134_4093,Stage 2,5.37,3
-7134_4093,Stage 3,8.29,5
-7134_4094,Stage 1,0.83,1
-7134_4094,Stage 2,10.38,3
-7134_4094,Stage 3,6.88,7
-7134_4095,Stage 1,3.15,3
-7134_4095,Stage 2,9.84,4
-7134_4095,Stage 3,15.34,8
-7134_4096,Stage 1,2.39,1
-7134_4096,Stage 2,0.96,2
-7134_4096,Stage 3,31.02,10
-7134_4097,Stage 1,1.21,1
-7134_4097,Stage 2,2.6399999999999997,2
-7134_4097,Stage 3,10.39,8
-7134_4098,Stage 1,6.83,2
-7134_4098,Stage 2,15.92,1
-7134_4098,Stage 3,4.76,5
-7134_4099,Stage 1,0,0
-7134_4099,Stage 2,0.38,1
-7134_4099,Stage 3,8.3,7
-7134_4100,Stage 1,0,0
-7134_4100,Stage 2,0.16,1
-7134_4100,Stage 3,13.43,5
-7134_4101,Stage 1,0,0
-7134_4101,Stage 2,19.93,6
-7134_4101,Stage 3,29.18,6
-7134_4102,Stage 1,0.87,1
-7134_4102,Stage 2,2.06,2
-7134_4102,Stage 3,16.9,4
-7134_4103,Stage 1,1.47,2
-7134_4103,Stage 2,5.54,2
-7134_4103,Stage 3,19.45,5
-7134_4104,Stage 1,0,0
-7134_4104,Stage 2,0.77,1
-7134_4104,Stage 3,9.85,4
-7134_4105,Stage 1,0,0
-7134_4105,Stage 2,0,0
-7134_4105,Stage 3,12.5,4
-7134_4106,Stage 1,0,0
-7134_4106,Stage 2,0.56,1
-7134_4106,Stage 3,9.92,2
-7134_4107,Stage 1,0,0
-7134_4107,Stage 2,3.8600000000000003,1
-7134_4107,Stage 3,2.6,2
-7134_4108,Stage 1,10.94,1
-7134_4108,Stage 2,0,0
-7134_4108,Stage 3,2.81,2
-7134_4109,Stage 1,0.36,1
-7134_4109,Stage 2,1.65,2
-7134_4109,Stage 3,11.98,3
-7134_4110,Stage 1,0,0
-7134_4110,Stage 2,1.26,2
-7134_4110,Stage 3,5.2,3
-7134_4111,Stage 1,17.62,3
-7134_4111,Stage 2,94.04,15
-7134_4111,Stage 3,86.42,14
-7134_4112,Stage 1,6.29,3
-7134_4112,Stage 2,9.8,6
-7134_4112,Stage 3,2.91,3
-7134_4113,Stage 1,0,0
-7134_4113,Stage 2,2.06,2
-7134_4113,Stage 3,2.14,3
-7134_4114,Stage 1,0,0
-7134_4114,Stage 2,3.4000000000000004,2
-7134_4114,Stage 3,1.04,2
-7134_4115,Stage 1,0,0
-7134_4115,Stage 2,4.66,4
-7134_4115,Stage 3,13.74,4
-7134_4116,Stage 1,0,0
-7134_4116,Stage 2,11.24,7
-7134_4116,Stage 3,12.31,5
-7134_4117,Stage 1,0,0
-7134_4117,Stage 2,0.12,1
-7134_4117,Stage 3,1.1,2
-7134_4118,Stage 1,0,0
-7134_4118,Stage 2,4.75,2
-7134_4118,Stage 3,4.89,4
-7134_4119,Stage 1,0,0
-7134_4119,Stage 2,8.129999999999999,4
-7134_4119,Stage 3,3.07,3
-7134_4120,Stage 1,0,0
-7134_4120,Stage 2,6.51,3
-7134_4120,Stage 3,9.22,2
-7134_4121,Stage 1,0,0
-7134_4121,Stage 2,1.66,1
-7134_4121,Stage 3,8.37,1
-7134_4122,Stage 1,0,0
-7134_4122,Stage 2,2.62,3
-7134_4122,Stage 3,2.55,3
-7134_4123,Stage 1,1.52,2
-7134_4123,Stage 2,1.32,1
-7134_4123,Stage 3,1.78,4
-7134_4124,Stage 1,0.4,1
-7134_4124,Stage 2,8.46,4
-7134_4124,Stage 3,2.95,2
-7134_4125,Stage 1,5.72,1
-7134_4125,Stage 2,0.5800000000000001,2
-7134_4125,Stage 3,1.52,2
-7134_4126,Stage 1,0.74,1
-7134_4126,Stage 2,1.77,2
-7134_4126,Stage 3,0,0
-7134_4127,Stage 1,0,0
-7134_4127,Stage 2,9.77,3
-7134_4127,Stage 3,9.05,6
-7134_4128,Stage 1,4.54,3
-7134_4128,Stage 2,5.61,1
-7134_4128,Stage 3,7.28,3
-7134_4129,Stage 1,0,0
-7134_4129,Stage 2,0,0
-7134_4129,Stage 3,5.88,4
-7134_4130,Stage 1,0,0
-7134_4130,Stage 2,1.17,1
-7134_4130,Stage 3,0,0
-7134_4131,Stage 1,0,0
-7134_4131,Stage 2,3.52,3
-7134_4131,Stage 3,1.02,1
-7134_4132,Stage 1,2.7,1
-7134_4132,Stage 2,0,0
-7134_4132,Stage 3,0.58,1
-7134_4133,Stage 1,0,0
-7134_4133,Stage 2,2.02,1
-7134_4133,Stage 3,0.89,1
-7134_4134,Stage 1,0,0
-7134_4134,Stage 2,0,0
-7134_4134,Stage 3,0.25,1
-7134_4135,Stage 1,0.33,1
-7134_4135,Stage 2,0.28,1
-7134_4135,Stage 3,1,2
-7134_4136,Stage 1,0.93,1
-7134_4136,Stage 2,0,0
-7134_4136,Stage 3,8.17,5
-7134_4137,Stage 1,1.09,1
-7134_4137,Stage 2,3.63,2
-7134_4137,Stage 3,10.25,7
-7134_4138,Stage 1,0,0
-7134_4138,Stage 2,1.22,2
-7134_4138,Stage 3,18.48,8
-7135_4088,Stage 1,5.16,1
-7135_4088,Stage 2,1.51,1
-7135_4088,Stage 3,11.76,7
-7135_4089,Stage 1,14,5
-7135_4089,Stage 2,1.06,2
-7135_4089,Stage 3,39.96,8
-7135_4090,Stage 1,4.61,3
-7135_4090,Stage 2,1.88,2
-7135_4090,Stage 3,81.49,7
-7135_4091,Stage 1,7.58,4
-7135_4091,Stage 2,4.83,1
-7135_4091,Stage 3,44.9,6
-7135_4092,Stage 1,2.11,2
-7135_4092,Stage 2,5.03,3
-7135_4092,Stage 3,20.27,6
-7135_4093,Stage 1,3.26,2
-7135_4093,Stage 2,2.39,2
-7135_4093,Stage 3,5.79,5
-7135_4094,Stage 1,7.47,3
-7135_4094,Stage 2,0.91,1
-7135_4094,Stage 3,5.49,5
-7135_4095,Stage 1,3.6799999999999997,2
-7135_4095,Stage 2,41.7,4
-7135_4095,Stage 3,14.27,6
-7135_4096,Stage 1,2.69,1
-7135_4096,Stage 2,8.31,5
-7135_4096,Stage 3,16.54,6
-7135_4097,Stage 1,2.7800000000000002,3
-7135_4097,Stage 2,0.39,1
-7135_4097,Stage 3,5.44,5
-7135_4098,Stage 1,3.02,2
-7135_4098,Stage 2,0,0
-7135_4098,Stage 3,17.4,7
-7135_4099,Stage 1,1.5,2
-7135_4099,Stage 2,0,0
-7135_4099,Stage 3,2.75,4
-7135_4100,Stage 1,0,0
-7135_4100,Stage 2,7.22,4
-7135_4100,Stage 3,13.41,4
-7135_4101,Stage 1,0.82,1
-7135_4101,Stage 2,2.46,4
-7135_4101,Stage 3,18.13,8
-7135_4102,Stage 1,1.23,1
-7135_4102,Stage 2,2.01,1
-7135_4102,Stage 3,33.25,9
-7135_4103,Stage 1,0.86,1
-7135_4103,Stage 2,1.08,1
-7135_4103,Stage 3,7.19,4
-7135_4104,Stage 1,0.86,1
-7135_4104,Stage 2,2.52,1
-7135_4104,Stage 3,8.85,4
-7135_4105,Stage 1,3.41,2
-7135_4105,Stage 2,2.18,3
-7135_4105,Stage 3,16.23,5
-7135_4106,Stage 1,0,0
-7135_4106,Stage 2,1.52,2
-7135_4106,Stage 3,3.73,4
-7135_4107,Stage 1,0,0
-7135_4107,Stage 2,0,0
-7135_4107,Stage 3,10.81,5
-7135_4108,Stage 1,0,0
-7135_4108,Stage 2,0,0
-7135_4108,Stage 3,0.25,1
-7135_4109,Stage 1,0,0
-7135_4109,Stage 2,3.9899999999999998,4
-7135_4109,Stage 3,12.88,5
-7135_4110,Stage 1,13.2,5
-7135_4110,Stage 2,37.88,9
-7135_4110,Stage 3,61.58,19
-7135_4111,Stage 1,6.869999999999999,2
-7135_4111,Stage 2,19.12,7
-7135_4111,Stage 3,35,10
-7135_4112,Stage 1,2.09,1
-7135_4112,Stage 2,1.06,1
-7135_4112,Stage 3,0.9400000000000001,2
-7135_4113,Stage 1,3.22,1
-7135_4113,Stage 2,15.15,6
-7135_4113,Stage 3,8.290000000000001,6
-7135_4114,Stage 1,10.45,2
-7135_4114,Stage 2,40.87,5
-7135_4114,Stage 3,16.36,9
-7135_4115,Stage 1,0,0
-7135_4115,Stage 2,3.97,5
-7135_4115,Stage 3,8.379999999999999,5
-7135_4116,Stage 1,0,0
-7135_4116,Stage 2,3.59,3
-7135_4116,Stage 3,2.2,3
-7135_4117,Stage 1,0,0
-7135_4117,Stage 2,1.7599999999999998,2
-7135_4117,Stage 3,15.82,6
-7135_4118,Stage 1,0,0
-7135_4118,Stage 2,5.28,3
-7135_4118,Stage 3,10.06,5
-7135_4119,Stage 1,0,0
-7135_4119,Stage 2,4.21,1
-7135_4119,Stage 3,3.31,3
-7135_4120,Stage 1,0,0
-7135_4120,Stage 2,1.75,3
-7135_4120,Stage 3,4.08,3
-7135_4121,Stage 1,0.45,1
-7135_4121,Stage 2,6.03,5
-7135_4121,Stage 3,4.75,5
-7135_4122,Stage 1,0,1
-7135_4122,Stage 2,8.52,4
-7135_4122,Stage 3,3.77,4
-7135_4123,Stage 1,0.33,1
-7135_4123,Stage 2,1.88,2
-7135_4123,Stage 3,1.14,2
-7135_4124,Stage 1,0,0
-7135_4124,Stage 2,0,0
-7135_4124,Stage 3,2.4,3
-7135_4125,Stage 1,0,0
-7135_4125,Stage 2,3.71,3
-7135_4125,Stage 3,1.98,3
-7135_4126,Stage 1,0,0
-7135_4126,Stage 2,0.63,1
-7135_4126,Stage 3,4.17,1
-7135_4127,Stage 1,0.27,1
-7135_4127,Stage 2,8.120000000000001,3
-7135_4127,Stage 3,15.9,2
-7135_4128,Stage 1,0,0
-7135_4128,Stage 2,3.78,4
-7135_4128,Stage 3,5.26,3
-7135_4129,Stage 1,0,0
-7135_4129,Stage 2,0,0
-7135_4129,Stage 3,6.04,4
-7135_4130,Stage 1,0,0
-7135_4130,Stage 2,0.1,1
-7135_4130,Stage 3,4.42,5
-7135_4131,Stage 1,14.68,1
-7135_4131,Stage 2,0.8,1
-7135_4131,Stage 3,1.3900000000000001,3
-7135_4132,Stage 1,0,0
-7135_4132,Stage 2,0.11,1
-7135_4132,Stage 3,17.41,3
-7135_4133,Stage 1,0,0
-7135_4133,Stage 2,0.62,1
-7135_4133,Stage 3,0.23,1
-7135_4134,Stage 1,1.17,3
-7135_4134,Stage 2,0,0
-7135_4134,Stage 3,1.14,1
-7135_4135,Stage 1,0.83,1
-7135_4135,Stage 2,0,0
-7135_4135,Stage 3,1.21,1
-7135_4136,Stage 1,2.29,4
-7135_4136,Stage 2,0,0
-7135_4136,Stage 3,0.96,1
-7135_4137,Stage 1,1.9300000000000002,2
-7135_4137,Stage 2,1.07,1
-7135_4137,Stage 3,4.99,6
-7135_4138,Stage 1,0,0
-7135_4138,Stage 2,0,0
-7135_4138,Stage 3,2.01,2
-7136_4088,Stage 1,0,0
-7136_4088,Stage 2,0,0
-7136_4088,Stage 3,0,0
-7136_4089,Stage 1,5.09,4
-7136_4089,Stage 2,0,0
-7136_4089,Stage 3,46.45,11
-7136_4090,Stage 1,3.1399999999999997,3
-7136_4090,Stage 2,3.21,2
-7136_4090,Stage 3,76.81,8
-7136_4091,Stage 1,14.739999999999998,1
-7136_4091,Stage 2,3.5999999999999996,2
-7136_4091,Stage 3,36.38,6
-7136_4092,Stage 1,11.26,1
-7136_4092,Stage 2,4.61,3
-7136_4092,Stage 3,14.34,8
-7136_4093,Stage 1,1.82,1
-7136_4093,Stage 2,2.38,2
-7136_4093,Stage 3,13.34,7
-7136_4094,Stage 1,3.33,3
-7136_4094,Stage 2,11.55,6
-7136_4094,Stage 3,3.04,4
-7136_4095,Stage 1,6.54,4
-7136_4095,Stage 2,8.84,4
-7136_4095,Stage 3,11.74,5
-7136_4096,Stage 1,6.95,2
-7136_4096,Stage 2,2.2,2
-7136_4096,Stage 3,8.040000000000001,7
-7136_4097,Stage 1,3.5,2
-7136_4097,Stage 2,9.51,5
-7136_4097,Stage 3,5.2,3
-7136_4098,Stage 1,4.16,2
-7136_4098,Stage 2,1.43,1
-7136_4098,Stage 3,5.7,5
-7136_4099,Stage 1,1.58,2
-7136_4099,Stage 2,1.17,1
-7136_4099,Stage 3,4.81,5
-7136_4100,Stage 1,0.9,1
-7136_4100,Stage 2,6.32,5
-7136_4100,Stage 3,11.86,6
-7136_4101,Stage 1,0.94,1
-7136_4101,Stage 2,2.35,3
-7136_4101,Stage 3,5.48,5
-7136_4102,Stage 1,0.18,1
-7136_4102,Stage 2,3.52,5
-7136_4102,Stage 3,39.19,10
-7136_4103,Stage 1,0.5,1
-7136_4103,Stage 2,2.84,1
-7136_4103,Stage 3,5.82,4
-7136_4104,Stage 1,1.05,1
-7136_4104,Stage 2,1.07,2
-7136_4104,Stage 3,10.36,4
-7136_4105,Stage 1,0.8,1
-7136_4105,Stage 2,3.53,1
-7136_4105,Stage 3,10.540000000000001,5
-7136_4106,Stage 1,1.73,2
-7136_4106,Stage 2,4.86,2
-7136_4106,Stage 3,11.12,4
-7136_4107,Stage 1,1.87,2
-7136_4107,Stage 2,12.33,3
-7136_4107,Stage 3,10.85,3
-7136_4108,Stage 1,4.98,1
-7136_4108,Stage 2,3.29,2
-7136_4108,Stage 3,3.09,3
-7136_4109,Stage 1,8.1,2
-7136_4109,Stage 2,9.15,4
-7136_4109,Stage 3,41.27,16
-7136_4110,Stage 1,0.38,1
-7136_4110,Stage 2,12.01,6
-7136_4110,Stage 3,63.54,14
-7136_4111,Stage 1,0,0
-7136_4111,Stage 2,0.86,1
-7136_4111,Stage 3,6.74,3
-7136_4112,Stage 1,0,0
-7136_4112,Stage 2,5.7700000000000005,3
-7136_4112,Stage 3,2.43,3
-7136_4113,Stage 1,7.28,3
-7136_4113,Stage 2,4.24,4
-7136_4113,Stage 3,6.62,4
-7136_4114,Stage 1,0.91,1
-7136_4114,Stage 2,4.95,3
-7136_4114,Stage 3,17.48,5
-7136_4115,Stage 1,0,0
-7136_4115,Stage 2,0.39,2
-7136_4115,Stage 3,24.69,5
-7136_4116,Stage 1,3.3400000000000003,2
-7136_4116,Stage 2,1.18,1
-7136_4116,Stage 3,8.48,4
-7136_4117,Stage 1,0.97,1
-7136_4117,Stage 2,0.73,2
-7136_4117,Stage 3,7.59,4
-7136_4118,Stage 1,0,0
-7136_4118,Stage 2,3.54,5
-7136_4118,Stage 3,11.62,6
-7136_4119,Stage 1,0,0
-7136_4119,Stage 2,0,0
-7136_4119,Stage 3,6.2,3
-7136_4120,Stage 1,0,0
-7136_4120,Stage 2,2.28,3
-7136_4120,Stage 3,1.42,2
-7136_4121,Stage 1,0,0
-7136_4121,Stage 2,4,1
-7136_4121,Stage 3,9.69,5
-7136_4122,Stage 1,0,0
-7136_4122,Stage 2,0.8300000000000001,1
-7136_4122,Stage 3,2.99,3
-7136_4123,Stage 1,0,0
-7136_4123,Stage 2,1.65,2
-7136_4123,Stage 3,1.83,2
-7136_4124,Stage 1,0,0
-7136_4124,Stage 2,1.3299999999999998,3
-7136_4124,Stage 3,3.05,3
-7136_4125,Stage 1,0,0
-7136_4125,Stage 2,0.69,1
-7136_4125,Stage 3,1.31,1
-7136_4126,Stage 1,0,0
-7136_4126,Stage 2,1.19,1
-7136_4126,Stage 3,3.67,3
-7136_4127,Stage 1,0,0
-7136_4127,Stage 2,20.14,2
-7136_4127,Stage 3,13.07,4
-7136_4128,Stage 1,0,0
-7136_4128,Stage 2,2.08,1
-7136_4128,Stage 3,8.82,2
-7136_4129,Stage 1,0,0
-7136_4129,Stage 2,2.1799999999999997,1
-7136_4129,Stage 3,2.87,3
-7136_4130,Stage 1,1,2
-7136_4130,Stage 2,0.71,1
-7136_4130,Stage 3,6.45,5
-7136_4131,Stage 1,0,0
-7136_4131,Stage 2,3.47,1
-7136_4131,Stage 3,1.58,2
-7136_4132,Stage 1,7.17,1
-7136_4132,Stage 2,22.02,1
-7136_4132,Stage 3,6.430000000000001,4
-7136_4133,Stage 1,0.99,1
-7136_4133,Stage 2,1.32,1
-7136_4133,Stage 3,9.56,3
-7136_4134,Stage 1,2.52,2
-7136_4134,Stage 2,0,0
-7136_4134,Stage 3,1.56,2
-7136_4135,Stage 1,9.13,3
-7136_4135,Stage 2,0.25,1
-7136_4135,Stage 3,0,0
-7136_4136,Stage 1,1.25,1
-7136_4136,Stage 2,0.47,1
-7136_4136,Stage 3,3,2
-7136_4137,Stage 1,0,0
-7136_4137,Stage 2,0,0
-7136_4137,Stage 3,5.76,5
-7136_4138,Stage 1,0,0
-7136_4138,Stage 2,0,0
-7136_4138,Stage 3,0,0
-7137_4089,Stage 1,1.99,1
-7137_4089,Stage 2,0,0
-7137_4089,Stage 3,20.47,7
-7137_4090,Stage 1,3.1100000000000003,3
-7137_4090,Stage 2,2.0300000000000002,2
-7137_4090,Stage 3,37.85,8
-7137_4091,Stage 1,2.68,3
-7137_4091,Stage 2,2.5300000000000002,2
-7137_4091,Stage 3,15.99,7
-7137_4092,Stage 1,4.11,2
-7137_4092,Stage 2,7.17,3
-7137_4092,Stage 3,6.34,5
-7137_4093,Stage 1,0.84,1
-7137_4093,Stage 2,12.059999999999999,5
-7137_4093,Stage 3,4.03,4
-7137_4094,Stage 1,8.54,3
-7137_4094,Stage 2,42.980000000000004,5
-7137_4094,Stage 3,8.38,6
-7137_4095,Stage 1,15.44,4
-7137_4095,Stage 2,18.580000000000002,7
-7137_4095,Stage 3,44.53,8
-7137_4096,Stage 1,4.44,4
-7137_4096,Stage 2,4.75,3
-7137_4096,Stage 3,11.69,4
-7137_4097,Stage 1,0.98,1
-7137_4097,Stage 2,15.37,4
-7137_4097,Stage 3,13.32,10
-7137_4098,Stage 1,0,0
-7137_4098,Stage 2,0,0
-7137_4098,Stage 3,9.44,7
-7137_4099,Stage 1,13.44,3
-7137_4099,Stage 2,0,0
-7137_4099,Stage 3,1.37,2
-7137_4100,Stage 1,0,0
-7137_4100,Stage 2,8.18,4
-7137_4100,Stage 3,17.41,6
-7137_4101,Stage 1,6.37,1
-7137_4101,Stage 2,3.89,2
-7137_4101,Stage 3,10.37,8
-7137_4102,Stage 1,0,0
-7137_4102,Stage 2,1.24,2
-7137_4102,Stage 3,21.77,9
-7137_4103,Stage 1,0.82,1
-7137_4103,Stage 2,18.02,4
-7137_4103,Stage 3,29.81,10
-7137_4104,Stage 1,0,0
-7137_4104,Stage 2,2.1500000000000004,2
-7137_4104,Stage 3,16.15,9
-7137_4105,Stage 1,0,0
-7137_4105,Stage 2,2.31,4
-7137_4105,Stage 3,21.31,6
-7137_4106,Stage 1,0,0
-7137_4106,Stage 2,3.56,3
-7137_4106,Stage 3,13.57,8
-7137_4107,Stage 1,0,0
-7137_4107,Stage 2,8.42,4
-7137_4107,Stage 3,29,8
-7137_4108,Stage 1,12.81,2
-7137_4108,Stage 2,42.17,15
-7137_4108,Stage 3,47.27,12
-7137_4109,Stage 1,9.57,2
-7137_4109,Stage 2,55.61,13
-7137_4109,Stage 3,55.01,19
-7137_4110,Stage 1,0,0
-7137_4110,Stage 2,1.09,1
-7137_4110,Stage 3,1.55,2
-7137_4111,Stage 1,1.1,1
-7137_4111,Stage 2,0,0
-7137_4111,Stage 3,1.26,4
-7137_4112,Stage 1,0,0
-7137_4112,Stage 2,2.34,3
-7137_4112,Stage 3,9.92,5
-7137_4113,Stage 1,0,0
-7137_4113,Stage 2,10.09,3
-7137_4113,Stage 3,16.580000000000002,5
-7137_4114,Stage 1,0,0
-7137_4114,Stage 2,1.1400000000000001,2
-7137_4114,Stage 3,6.72,4
-7137_4115,Stage 1,0.85,1
-7137_4115,Stage 2,0.88,1
-7137_4115,Stage 3,18.1,3
-7137_4116,Stage 1,0,0
-7137_4116,Stage 2,3.75,2
-7137_4116,Stage 3,6.47,2
-7137_4117,Stage 1,0,0
-7137_4117,Stage 2,1.1600000000000001,1
-7137_4117,Stage 3,1.6600000000000001,2
-7137_4118,Stage 1,1.54,1
-7137_4118,Stage 2,1.4300000000000002,2
-7137_4118,Stage 3,14.81,2
-7137_4119,Stage 1,0,0
-7137_4119,Stage 2,0,0
-7137_4119,Stage 3,1.47,3
-7137_4120,Stage 1,0,0
-7137_4120,Stage 2,0,0
-7137_4120,Stage 3,0,0
-7137_4121,Stage 1,0,0
-7137_4121,Stage 2,2.37,3
-7137_4121,Stage 3,4,3
-7137_4122,Stage 1,0,0
-7137_4122,Stage 2,5.3100000000000005,2
-7137_4122,Stage 3,3.75,5
-7137_4123,Stage 1,0,0
-7137_4123,Stage 2,3.95,1
-7137_4123,Stage 3,2.49,3
-7137_4124,Stage 1,0,0
-7137_4124,Stage 2,0.33,1
-7137_4124,Stage 3,19.259999999999998,2
-7137_4125,Stage 1,0.27,1
-7137_4125,Stage 2,0,0
-7137_4125,Stage 3,2.2199999999999998,3
-7137_4126,Stage 1,0,0
-7137_4126,Stage 2,2.58,3
-7137_4126,Stage 3,8.48,5
-7137_4127,Stage 1,0.96,1
-7137_4127,Stage 2,27.6,4
-7137_4127,Stage 3,15.84,5
-7137_4128,Stage 1,0.34,1
-7137_4128,Stage 2,5.31,3
-7137_4128,Stage 3,14.41,6
-7137_4129,Stage 1,0,0
-7137_4129,Stage 2,20.11,2
-7137_4129,Stage 3,23.689999999999998,3
-7137_4130,Stage 1,2.25,3
-7137_4130,Stage 2,23.14,2
-7137_4130,Stage 3,18.580000000000002,5
-7137_4131,Stage 1,6.9799999999999995,3
-7137_4131,Stage 2,24.61,4
-7137_4131,Stage 3,13.44,4
-7137_4132,Stage 1,2.82,1
-7137_4132,Stage 2,0.35,2
-7137_4132,Stage 3,6.88,3
-7137_4133,Stage 1,0,0
-7137_4133,Stage 2,23.21,3
-7137_4133,Stage 3,23.26,2
-7137_4134,Stage 1,18.02,2
-7137_4134,Stage 2,0.78,1
-7137_4134,Stage 3,1.9,1
-7137_4135,Stage 1,1.95,2
-7137_4135,Stage 2,0,0
-7137_4135,Stage 3,0,0
-7137_4136,Stage 1,0.96,1
-7137_4136,Stage 2,0.79,2
-7137_4136,Stage 3,0,0
-7137_4137,Stage 1,0,0
-7137_4137,Stage 2,0,0
-7137_4137,Stage 3,0,0
-7138_4090,Stage 1,1.7,1
-7138_4090,Stage 2,0,0
-7138_4090,Stage 3,12.78,6
-7138_4091,Stage 1,4.14,2
-7138_4091,Stage 2,1.08,1
-7138_4091,Stage 3,10.51,7
-7138_4092,Stage 1,4.97,2
-7138_4092,Stage 2,1.23,2
-7138_4092,Stage 3,4.58,2
-7138_4093,Stage 1,1.09,1
-7138_4093,Stage 2,1.24,1
-7138_4093,Stage 3,0,0
-7138_4094,Stage 1,3.6399999999999997,2
-7138_4094,Stage 2,34,4
-7138_4094,Stage 3,14.84,7
-7138_4095,Stage 1,2.65,3
-7138_4095,Stage 2,10.79,4
-7138_4095,Stage 3,14.45,7
-7138_4096,Stage 1,2.52,3
-7138_4096,Stage 2,1.1,1
-7138_4096,Stage 3,10.23,7
-7138_4097,Stage 1,5.87,2
-7138_4097,Stage 2,5.2,3
-7138_4097,Stage 3,30.06,4
-7138_4098,Stage 1,1.65,2
-7138_4098,Stage 2,0.86,1
-7138_4098,Stage 3,2.7,4
-7138_4099,Stage 1,2.52,2
-7138_4099,Stage 2,6.4,3
-7138_4099,Stage 3,1.6,1
-7138_4100,Stage 1,0.34,1
-7138_4100,Stage 2,21.25,5
-7138_4100,Stage 3,16.59,7
-7138_4101,Stage 1,0.85,1
-7138_4101,Stage 2,6.28,4
-7138_4101,Stage 3,10.54,6
-7138_4102,Stage 1,3.47,1
-7138_4102,Stage 2,21.32,7
-7138_4102,Stage 3,56.49,13
-7138_4103,Stage 1,5.84,3
-7138_4103,Stage 2,23.24,9
-7138_4103,Stage 3,100.37,14
-7138_4104,Stage 1,1.73,1
-7138_4104,Stage 2,99.38,14
-7138_4104,Stage 3,59.83,20
-7138_4105,Stage 1,2.04,2
-7138_4105,Stage 2,129.92000000000002,15
-7138_4105,Stage 3,74.89,15
-7138_4106,Stage 1,4.96,4
-7138_4106,Stage 2,60.21,15
-7138_4106,Stage 3,53.52,15
-7138_4107,Stage 1,13.86,5
-7138_4107,Stage 2,114.12,16
-7138_4107,Stage 3,91.3,16
-7138_4108,Stage 1,5.43,2
-7138_4108,Stage 2,48.57,15
-7138_4108,Stage 3,69.39,18
-7138_4109,Stage 1,0,0
-7138_4109,Stage 2,0.03,1
-7138_4109,Stage 3,2.03,2
-7138_4110,Stage 1,0,0
-7138_4110,Stage 2,0,0
-7138_4110,Stage 3,1.6199999999999999,2
-7138_4111,Stage 1,0,0
-7138_4111,Stage 2,0.67,1
-7138_4111,Stage 3,1.02,1
-7138_4112,Stage 1,1.87,1
-7138_4112,Stage 2,1,1
-7138_4112,Stage 3,1.0899999999999999,2
-7138_4113,Stage 1,5.13,1
-7138_4113,Stage 2,0,0
-7138_4113,Stage 3,1.9100000000000001,2
-7138_4114,Stage 1,0,0
-7138_4114,Stage 2,0.91,1
-7138_4114,Stage 3,2.96,4
-7138_4115,Stage 1,0,0
-7138_4115,Stage 2,11.05,3
-7138_4115,Stage 3,5.4,4
-7138_4116,Stage 1,0,0
-7138_4116,Stage 2,0,0
-7138_4116,Stage 3,1.01,1
-7138_4117,Stage 1,0,0
-7138_4117,Stage 2,1.5,1
-7138_4117,Stage 3,0.62,1
-7138_4118,Stage 1,0,0
-7138_4118,Stage 2,0,0
-7138_4118,Stage 3,2,2
-7138_4121,Stage 1,0,0
-7138_4121,Stage 2,0,0
-7138_4121,Stage 3,0,0
-7138_4122,Stage 1,0,0
-7138_4122,Stage 2,4.58,3
-7138_4122,Stage 3,5.39,3
-7138_4123,Stage 1,0,0
-7138_4123,Stage 2,23.45,6
-7138_4123,Stage 3,1.97,1
-7138_4124,Stage 1,0,0
-7138_4124,Stage 2,1.47,3
-7138_4124,Stage 3,8.11,4
-7138_4125,Stage 1,2.36,1
-7138_4125,Stage 2,0,0
-7138_4125,Stage 3,3.77,3
-7138_4126,Stage 1,4.24,3
-7138_4126,Stage 2,2.08,2
-7138_4126,Stage 3,2.02,4
-7138_4127,Stage 1,0.5,1
-7138_4127,Stage 2,14.6,5
-7138_4127,Stage 3,10.7,3
-7138_4128,Stage 1,0.83,1
-7138_4128,Stage 2,7.01,2
-7138_4128,Stage 3,8.37,3
-7138_4129,Stage 1,9.950000000000001,2
-7138_4129,Stage 2,9.37,1
-7138_4129,Stage 3,31.9,9
-7138_4130,Stage 1,0.55,1
-7138_4130,Stage 2,27.02,2
-7138_4130,Stage 3,45.68,4
-7138_4131,Stage 1,18.19,5
-7138_4131,Stage 2,47.13,3
-7138_4131,Stage 3,29.37,3
-7138_4132,Stage 1,21.380000000000003,3
-7138_4132,Stage 2,30.9,5
-7138_4132,Stage 3,8.24,5
-7138_4133,Stage 1,3.24,3
-7138_4133,Stage 2,4.41,3
-7138_4133,Stage 3,8.72,2
-7138_4134,Stage 1,2.75,4
-7138_4134,Stage 2,0.37,1
-7138_4134,Stage 3,1.42,2
-7138_4135,Stage 1,6.109999999999999,2
-7138_4135,Stage 2,4.5,1
-7138_4135,Stage 3,1.86,3
-7138_4136,Stage 1,2.63,2
-7138_4136,Stage 2,1.85,2
-7138_4136,Stage 3,0.99,1
-7139_4091,Stage 1,0,0
-7139_4091,Stage 2,0,0
-7139_4091,Stage 3,2.49,2
-7139_4092,Stage 1,0.84,1
-7139_4092,Stage 2,11.86,2
-7139_4092,Stage 3,10.99,4
-7139_4093,Stage 1,0,0
-7139_4093,Stage 2,4.63,3
-7139_4093,Stage 3,4.55,4
-7139_4094,Stage 1,9.25,3
-7139_4094,Stage 2,17.28,7
-7139_4094,Stage 3,2.47,2
-7139_4095,Stage 1,11.989999999999998,4
-7139_4095,Stage 2,14.309999999999999,4
-7139_4095,Stage 3,16.8,6
-7139_4096,Stage 1,5.84,2
-7139_4096,Stage 2,7.86,3
-7139_4096,Stage 3,32.6,7
-7139_4097,Stage 1,12.68,4
-7139_4097,Stage 2,2.44,3
-7139_4097,Stage 3,10.98,7
-7139_4098,Stage 1,1.29,2
-7139_4098,Stage 2,7.16,2
-7139_4098,Stage 3,10.71,4
-7139_4099,Stage 1,1.73,1
-7139_4099,Stage 2,0.9,1
-7139_4099,Stage 3,5.85,3
-7139_4100,Stage 1,0,0
-7139_4100,Stage 2,4.86,2
-7139_4100,Stage 3,7.16,4
-7139_4101,Stage 1,0,0
-7139_4101,Stage 2,5.57,4
-7139_4101,Stage 3,20.17,8
-7139_4102,Stage 1,0,0
-7139_4102,Stage 2,7.5200000000000005,6
-7139_4102,Stage 3,22.29,9
-7139_4103,Stage 1,5.95,2
-7139_4103,Stage 2,16.56,9
-7139_4103,Stage 3,54.07,14
-7139_4104,Stage 1,0.62,1
-7139_4104,Stage 2,22.169999999999998,8
-7139_4104,Stage 3,28.29,12
-7139_4105,Stage 1,51.5,6
-7139_4105,Stage 2,217.07,17
-7139_4105,Stage 3,72.62,15
-7139_4106,Stage 1,0,0
-7139_4106,Stage 2,14.83,7
-7139_4106,Stage 3,14.08,4
-7139_4107,Stage 1,1.2,1
-7139_4107,Stage 2,12.040000000000001,5
-7139_4107,Stage 3,15.94,5
-7139_4108,Stage 1,0.9099999999999999,2
-7139_4108,Stage 2,4.7299999999999995,2
-7139_4108,Stage 3,2.97,3
-7139_4122,Stage 1,0,0
-7139_4122,Stage 2,0,0
-7139_4122,Stage 3,1.15,1
-7139_4123,Stage 1,22.59,4
-7139_4123,Stage 2,1.1,2
-7139_4123,Stage 3,9.12,8
-7139_4124,Stage 1,7.08,3
-7139_4124,Stage 2,0.54,1
-7139_4124,Stage 3,3.18,3
-7139_4125,Stage 1,7.06,2
-7139_4125,Stage 2,1.25,2
-7139_4125,Stage 3,4.45,3
-7139_4126,Stage 1,1.9,1
-7139_4126,Stage 2,6.71,4
-7139_4126,Stage 3,5,4
-7139_4127,Stage 1,0.95,1
-7139_4127,Stage 2,8.44,1
-7139_4127,Stage 3,19.77,3
-7139_4128,Stage 1,3.52,1
-7139_4128,Stage 2,11.53,8
-7139_4128,Stage 3,4.0600000000000005,4
-7139_4129,Stage 1,2.15,2
-7139_4129,Stage 2,17.150000000000002,3
-7139_4129,Stage 3,21.56,2
-7139_4130,Stage 1,2.34,1
-7139_4130,Stage 2,28.79,7
-7139_4130,Stage 3,39.5,6
-7139_4131,Stage 1,10.870000000000001,4
-7139_4131,Stage 2,18.97,6
-7139_4131,Stage 3,31.61,8
-7139_4132,Stage 1,1.69,2
-7139_4132,Stage 2,4.77,2
-7139_4132,Stage 3,13.09,8
-7139_4133,Stage 1,1.98,3
-7139_4133,Stage 2,0,1
-7139_4133,Stage 3,11.14,6
-7139_4134,Stage 1,24.459999999999997,3
-7139_4134,Stage 2,2.35,4
-7139_4134,Stage 3,1.26,2
-7139_4135,Stage 1,7.1899999999999995,3
-7139_4135,Stage 2,1.9100000000000001,1
-7139_4135,Stage 3,2.02,2
-7139_4136,Stage 1,0,0
-7139_4136,Stage 2,0,0
-7139_4136,Stage 3,0,0
-7140_4093,Stage 1,0,0
-7140_4093,Stage 2,0,0
-7140_4093,Stage 3,0,0
-7140_4094,Stage 1,2.52,3
-7140_4094,Stage 2,13.42,3
-7140_4094,Stage 3,6.93,4
-7140_4095,Stage 1,5.14,4
-7140_4095,Stage 2,3.8600000000000003,3
-7140_4095,Stage 3,10.67,4
-7140_4096,Stage 1,3.9699999999999998,1
-7140_4096,Stage 2,1.67,1
-7140_4096,Stage 3,22.04,5
-7140_4097,Stage 1,1.1,1
-7140_4097,Stage 2,0.75,1
-7140_4097,Stage 3,8.39,6
-7140_4098,Stage 1,15.98,4
-7140_4098,Stage 2,1.92,1
-7140_4098,Stage 3,14.77,5
-7140_4099,Stage 1,0,0
-7140_4099,Stage 2,2.98,2
-7140_4099,Stage 3,3.17,3
-7140_4100,Stage 1,0,0
-7140_4100,Stage 2,1.98,2
-7140_4100,Stage 3,7.56,6
-7140_4101,Stage 1,0,0
-7140_4101,Stage 2,6.73,3
-7140_4101,Stage 3,5.92,2
-7140_4102,Stage 1,0,0
-7140_4102,Stage 2,6.09,4
-7140_4102,Stage 3,28.740000000000002,9
-7140_4103,Stage 1,0,0
-7140_4103,Stage 2,13.790000000000001,4
-7140_4103,Stage 3,32.839999999999996,11
-7140_4104,Stage 1,16.24,2
-7140_4104,Stage 2,9.86,5
-7140_4104,Stage 3,9.76,5
-7140_4105,Stage 1,0.57,1
-7140_4105,Stage 2,9.1,4
-7140_4105,Stage 3,13.57,6
-7140_4106,Stage 1,0.95,1
-7140_4106,Stage 2,2.52,2
-7140_4106,Stage 3,8.97,5
-7140_4107,Stage 1,0,0
-7140_4107,Stage 2,1.23,1
-7140_4107,Stage 3,4.25,3
-7140_4123,Stage 1,0,0
-7140_4123,Stage 2,1.26,1
-7140_4123,Stage 3,0.1,1
-7140_4124,Stage 1,0.85,1
-7140_4124,Stage 2,2.84,3
-7140_4124,Stage 3,4.24,5
-7140_4125,Stage 1,1.14,1
-7140_4125,Stage 2,2.43,3
-7140_4125,Stage 3,9.4,5
-7140_4126,Stage 1,0.95,1
-7140_4126,Stage 2,1.8900000000000001,2
-7140_4126,Stage 3,13.92,5
-7140_4127,Stage 1,0.57,1
-7140_4127,Stage 2,3.66,3
-7140_4127,Stage 3,8.86,2
-7140_4128,Stage 1,9.96,6
-7140_4128,Stage 2,16.97,11
-7140_4128,Stage 3,37.88,11
-7140_4129,Stage 1,4.75,4
-7140_4129,Stage 2,15.32,6
-7140_4129,Stage 3,49.45,13
-7140_4130,Stage 1,21.69,7
-7140_4130,Stage 2,37.5,13
-7140_4130,Stage 3,70.44,14
-7140_4131,Stage 1,7.819999999999999,6
-7140_4131,Stage 2,19.64,6
-7140_4131,Stage 3,54.12,11
-7140_4132,Stage 1,22.58,10
-7140_4132,Stage 2,19.65,7
-7140_4132,Stage 3,28.85,12
-7140_4133,Stage 1,5.97,2
-7140_4133,Stage 2,7.47,4
-7140_4133,Stage 3,17.22,9
-7140_4134,Stage 1,5.74,2
-7140_4134,Stage 2,0,0
-7140_4134,Stage 3,1.6199999999999999,4
-7141_4125,Stage 1,0,0
-7141_4125,Stage 2,0,0
-7141_4125,Stage 3,0.75,1
-7141_4126,Stage 1,0,0
-7141_4126,Stage 2,0.56,1
-7141_4126,Stage 3,1.6099999999999999,2
-7141_4127,Stage 1,0,0
-7141_4127,Stage 2,3.99,5
-7141_4127,Stage 3,11.17,6
-7141_4128,Stage 1,20.21,5
-7141_4128,Stage 2,30.58,13
-7141_4128,Stage 3,27.67,8
-7141_4129,Stage 1,13.44,4
-7141_4129,Stage 2,6.56,5
-7141_4129,Stage 3,8.8,8
-7141_4130,Stage 1,20.76,4
-7141_4130,Stage 2,3.04,4
-7141_4130,Stage 3,2.53,3
-7141_4131,Stage 1,2.55,3
-7141_4131,Stage 2,17.88,2
-7141_4131,Stage 3,3.09,4
-7141_4132,Stage 1,20.09,4
-7141_4132,Stage 2,2.8,3
-7141_4132,Stage 3,7.25,8
-7141_4133,Stage 1,1.11,1
-7141_4133,Stage 2,4.73,4
-7141_4133,Stage 3,5.49,2
