cell_id,Development Stage,vp_hours,n_mmsi
-7071_4096,Stage 1,4,4
-7071_4096,Stage 2,3,2
-7071_4096,Stage 3,3,3
-7071_4097,Stage 1,7,4
-7071_4097,Stage 2,5,5
-7071_4097,Stage 3,8,4
-7071_4098,Stage 1,18,7
-7071_4098,Stage 2,2,2
-7071_4098,Stage 3,12,11
-7071_4099,Stage 1,8,3
-7071_4099,Stage 2,5,4
-7071_4099,Stage 3,15,7
-7071_4100,Stage 1,14,9
-7071_4100,Stage 2,7,7
-7071_4100,Stage 3,11,7
-7071_4101,Stage 1,15,8
-7071_4101,Stage 2,5,4
-7071_4101,Stage 3,18,7
-7071_4102,Stage 1,6,6
-7071_4102,Stage 2,5,5
-7071_4102,Stage 3,15,5
-7071_4103,Stage 1,6,5
-7071_4103,Stage 2,6,6
-7071_4103,Stage 3,15,10
-7071_4104,Stage 1,6,3
-7071_4104,Stage 2,3,3
-7071_4104,Stage 3,30,14
-7071_4105,Stage 1,53,10
-7071_4105,Stage 2,3,3
-7071_4105,Stage 3,15,13
-7071_4106,Stage 1,14,9
-7071_4106,Stage 2,2,2
-7071_4106,Stage 3,16,12
-7071_4107,Stage 1,29,8
-7071_4107,Stage 2,2,2
-7071_4107,Stage 3,12,10
-7071_4108,Stage 1,19,8
-7071_4108,Stage 2,1,1
-7071_4108,Stage 3,17,10
-7071_4109,Stage 1,15,7
-7071_4109,Stage 2,5,5
-7071_4109,Stage 3,24,15
-7071_4110,Stage 1,97,8
-7071_4110,Stage 2,3,3
-7071_4110,Stage 3,17,13
-7071_4111,Stage 1,8,5
-7071_4111,Stage 2,4,4
-7071_4111,Stage 3,18,10
-7071_4112,Stage 1,9,6
-7071_4112,Stage 2,5,5
-7071_4112,Stage 3,13,11
-7071_4113,Stage 1,8,7
-7071_4113,Stage 2,3,3
-7071_4113,Stage 3,9,8
-7071_4114,Stage 1,2,2
-7071_4114,Stage 2,4,4
-7071_4114,Stage 3,5,5
-7071_4115,Stage 1,1,1
-7071_4115,Stage 2,5,4
-7071_4115,Stage 3,6,6
-7071_4116,Stage 1,1,1
-7071_4116,Stage 2,0,0
-7071_4116,Stage 3,0,0
-7072_4094,Stage 1,0,0
-7072_4094,Stage 2,2,2
-7072_4094,Stage 3,1,1
-7072_4095,Stage 1,3,3
-7072_4095,Stage 2,135,8
-7072_4095,Stage 3,2,2
-7072_4096,Stage 1,14,9
-7072_4096,Stage 2,14,11
-7072_4096,Stage 3,17,11
-7072_4097,Stage 1,10,5
-7072_4097,Stage 2,6,4
-7072_4097,Stage 3,15,4
-7072_4098,Stage 1,31,7
-7072_4098,Stage 2,4,4
-7072_4098,Stage 3,16,7
-7072_4099,Stage 1,11,5
-7072_4099,Stage 2,6,6
-7072_4099,Stage 3,21,10
-7072_4100,Stage 1,24,7
-7072_4100,Stage 2,12,9
-7072_4100,Stage 3,19,8
-7072_4101,Stage 1,13,5
-7072_4101,Stage 2,8,6
-7072_4101,Stage 3,26,13
-7072_4102,Stage 1,41,11
-7072_4102,Stage 2,6,5
-7072_4102,Stage 3,27,14
-7072_4103,Stage 1,35,8
-7072_4103,Stage 2,5,5
-7072_4103,Stage 3,31,14
-7072_4104,Stage 1,76,8
-7072_4104,Stage 2,7,7
-7072_4104,Stage 3,28,12
-7072_4105,Stage 1,13,5
-7072_4105,Stage 2,9,8
-7072_4105,Stage 3,28,16
-7072_4106,Stage 1,19,10
-7072_4106,Stage 2,7,5
-7072_4106,Stage 3,32,16
-7072_4107,Stage 1,22,8
-7072_4107,Stage 2,8,8
-7072_4107,Stage 3,36,19
-7072_4108,Stage 1,59,13
-7072_4108,Stage 2,9,9
-7072_4108,Stage 3,30,19
-7072_4109,Stage 1,35,13
-7072_4109,Stage 2,3,3
-7072_4109,Stage 3,43,21
-7072_4110,Stage 1,41,12
-7072_4110,Stage 2,8,8
-7072_4110,Stage 3,33,19
-7072_4111,Stage 1,24,10
-7072_4111,Stage 2,14,14
-7072_4111,Stage 3,26,20
-7072_4112,Stage 1,10,8
-7072_4112,Stage 2,13,13
-7072_4112,Stage 3,13,11
-7072_4113,Stage 1,8,6
-7072_4113,Stage 2,17,14
-7072_4113,Stage 3,29,14
-7072_4114,Stage 1,7,6
-7072_4114,Stage 2,13,11
-7072_4114,Stage 3,33,14
-7072_4115,Stage 1,8,7
-7072_4115,Stage 2,30,15
-7072_4115,Stage 3,29,16
-7072_4116,Stage 1,1,1
-7072_4116,Stage 2,33,17
-7072_4116,Stage 3,31,19
-7072_4117,Stage 1,3,3
-7072_4117,Stage 2,6,6
-7072_4117,Stage 3,9,8
-7073_4093,Stage 1,5,4
-7073_4093,Stage 2,4,2
-7073_4093,Stage 3,0,0
-7073_4094,Stage 1,9,7
-7073_4094,Stage 2,19,12
-7073_4094,Stage 3,4,4
-7073_4095,Stage 1,37,8
-7073_4095,Stage 2,11,6
-7073_4095,Stage 3,4,4
-7073_4096,Stage 1,10,4
-7073_4096,Stage 2,9,7
-7073_4096,Stage 3,10,6
-7073_4097,Stage 1,27,9
-7073_4097,Stage 2,6,5
-7073_4097,Stage 3,22,13
-7073_4098,Stage 1,13,6
-7073_4098,Stage 2,6,6
-7073_4098,Stage 3,18,11
-7073_4099,Stage 1,7,4
-7073_4099,Stage 2,7,6
-7073_4099,Stage 3,17,12
-7073_4100,Stage 1,8,4
-7073_4100,Stage 2,10,7
-7073_4100,Stage 3,24,9
-7073_4101,Stage 1,12,6
-7073_4101,Stage 2,8,5
-7073_4101,Stage 3,23,9
-7073_4102,Stage 1,21,12
-7073_4102,Stage 2,4,4
-7073_4102,Stage 3,21,11
-7073_4103,Stage 1,23,7
-7073_4103,Stage 2,8,8
-7073_4103,Stage 3,27,11
-7073_4104,Stage 1,17,6
-7073_4104,Stage 2,10,8
-7073_4104,Stage 3,23,12
-7073_4105,Stage 1,28,9
-7073_4105,Stage 2,11,9
-7073_4105,Stage 3,31,17
-7073_4106,Stage 1,30,9
-7073_4106,Stage 2,4,4
-7073_4106,Stage 3,37,18
-7073_4107,Stage 1,56,15
-7073_4107,Stage 2,4,4
-7073_4107,Stage 3,28,14
-7073_4108,Stage 1,33,9
-7073_4108,Stage 2,7,7
-7073_4108,Stage 3,39,20
-7073_4109,Stage 1,26,7
-7073_4109,Stage 2,10,10
-7073_4109,Stage 3,44,24
-7073_4110,Stage 1,35,8
-7073_4110,Stage 2,12,12
-7073_4110,Stage 3,37,24
-7073_4111,Stage 1,15,11
-7073_4111,Stage 2,11,11
-7073_4111,Stage 3,30,21
-7073_4112,Stage 1,9,7
-7073_4112,Stage 2,8,8
-7073_4112,Stage 3,16,12
-7073_4113,Stage 1,6,6
-7073_4113,Stage 2,14,14
-7073_4113,Stage 3,19,16
-7073_4114,Stage 1,11,11
-7073_4114,Stage 2,7,7
-7073_4114,Stage 3,28,17
-7073_4115,Stage 1,3,3
-7073_4115,Stage 2,17,12
-7073_4115,Stage 3,10,8
-7073_4116,Stage 1,4,4
-7073_4116,Stage 2,36,14
-7073_4116,Stage 3,25,15
-7073_4117,Stage 1,9,9
-7073_4117,Stage 2,13,11
-7073_4117,Stage 3,21,17
-7073_4118,Stage 1,6,6
-7073_4118,Stage 2,20,15
-7073_4118,Stage 3,15,15
-7073_4119,Stage 1,1,1
-7073_4119,Stage 2,0,0
-7073_4119,Stage 3,0,0
-7074_4092,Stage 1,1,1
-7074_4092,Stage 2,1,1
-7074_4092,Stage 3,0,0
-7074_4093,Stage 1,4,4
-7074_4093,Stage 2,11,8
-7074_4093,Stage 3,4,4
-7074_4094,Stage 1,55,8
-7074_4094,Stage 2,8,5
-7074_4094,Stage 3,3,3
-7074_4095,Stage 1,16,9
-7074_4095,Stage 2,10,5
-7074_4095,Stage 3,8,8
-7074_4096,Stage 1,13,10
-7074_4096,Stage 2,7,5
-7074_4096,Stage 3,16,9
-7074_4097,Stage 1,34,8
-7074_4097,Stage 2,3,3
-7074_4097,Stage 3,26,11
-7074_4098,Stage 1,39,6
-7074_4098,Stage 2,9,8
-7074_4098,Stage 3,11,7
-7074_4099,Stage 1,8,4
-7074_4099,Stage 2,8,7
-7074_4099,Stage 3,21,10
-7074_4100,Stage 1,39,9
-7074_4100,Stage 2,9,8
-7074_4100,Stage 3,20,10
-7074_4101,Stage 1,10,5
-7074_4101,Stage 2,13,9
-7074_4101,Stage 3,29,13
-7074_4102,Stage 1,49,12
-7074_4102,Stage 2,6,4
-7074_4102,Stage 3,22,9
-7074_4103,Stage 1,35,12
-7074_4103,Stage 2,5,5
-7074_4103,Stage 3,25,13
-7074_4104,Stage 1,19,7
-7074_4104,Stage 2,7,7
-7074_4104,Stage 3,28,13
-7074_4105,Stage 1,25,7
-7074_4105,Stage 2,5,5
-7074_4105,Stage 3,24,12
-7074_4106,Stage 1,33,11
-7074_4106,Stage 2,6,6
-7074_4106,Stage 3,22,12
-7074_4107,Stage 1,243,12
-7074_4107,Stage 2,8,6
-7074_4107,Stage 3,31,17
-7074_4108,Stage 1,47,15
-7074_4108,Stage 2,7,7
-7074_4108,Stage 3,36,17
-7074_4109,Stage 1,38,9
-7074_4109,Stage 2,8,8
-7074_4109,Stage 3,53,27
-7074_4110,Stage 1,51,15
-7074_4110,Stage 2,10,10
-7074_4110,Stage 3,41,27
-7074_4111,Stage 1,10,8
-7074_4111,Stage 2,8,8
-7074_4111,Stage 3,22,17
-7074_4112,Stage 1,8,8
-7074_4112,Stage 2,14,12
-7074_4112,Stage 3,19,16
-7074_4113,Stage 1,10,8
-7074_4113,Stage 2,11,11
-7074_4113,Stage 3,19,11
-7074_4114,Stage 1,9,8
-7074_4114,Stage 2,9,8
-7074_4114,Stage 3,26,16
-7074_4115,Stage 1,5,5
-7074_4115,Stage 2,33,15
-7074_4115,Stage 3,22,15
-7074_4116,Stage 1,7,7
-7074_4116,Stage 2,25,10
-7074_4116,Stage 3,29,17
-7074_4117,Stage 1,13,11
-7074_4117,Stage 2,12,11
-7074_4117,Stage 3,28,17
-7074_4118,Stage 1,14,13
-7074_4118,Stage 2,18,15
-7074_4118,Stage 3,26,17
-7074_4119,Stage 1,4,2
-7074_4119,Stage 2,13,12
-7074_4119,Stage 3,15,11
-7074_4120,Stage 1,1,1
-7074_4120,Stage 2,1,1
-7074_4120,Stage 3,0,0
-7075_4092,Stage 1,10,7
-7075_4092,Stage 2,7,4
-7075_4092,Stage 3,3,2
-7075_4093,Stage 1,7,4
-7075_4093,Stage 2,21,12
-7075_4093,Stage 3,7,6
-7075_4094,Stage 1,16,8
-7075_4094,Stage 2,15,9
-7075_4094,Stage 3,4,4
-7075_4095,Stage 1,77,13
-7075_4095,Stage 2,3,3
-7075_4095,Stage 3,13,9
-7075_4096,Stage 1,12,6
-7075_4096,Stage 2,12,7
-7075_4096,Stage 3,21,14
-7075_4097,Stage 1,13,7
-7075_4097,Stage 2,9,9
-7075_4097,Stage 3,21,10
-7075_4098,Stage 1,21,10
-7075_4098,Stage 2,6,5
-7075_4098,Stage 3,21,8
-7075_4099,Stage 1,6,3
-7075_4099,Stage 2,8,8
-7075_4099,Stage 3,28,12
-7075_4100,Stage 1,13,7
-7075_4100,Stage 2,6,5
-7075_4100,Stage 3,23,15
-7075_4101,Stage 1,15,5
-7075_4101,Stage 2,12,10
-7075_4101,Stage 3,23,13
-7075_4102,Stage 1,34,10
-7075_4102,Stage 2,5,5
-7075_4102,Stage 3,23,11
-7075_4103,Stage 1,15,7
-7075_4103,Stage 2,10,10
-7075_4103,Stage 3,26,11
-7075_4104,Stage 1,21,11
-7075_4104,Stage 2,4,4
-7075_4104,Stage 3,25,12
-7075_4105,Stage 1,46,9
-7075_4105,Stage 2,8,8
-7075_4105,Stage 3,27,14
-7075_4106,Stage 1,21,9
-7075_4106,Stage 2,5,4
-7075_4106,Stage 3,23,13
-7075_4107,Stage 1,177,14
-7075_4107,Stage 2,9,9
-7075_4107,Stage 3,28,18
-7075_4108,Stage 1,75,15
-7075_4108,Stage 2,7,7
-7075_4108,Stage 3,40,18
-7075_4109,Stage 1,24,7
-7075_4109,Stage 2,7,6
-7075_4109,Stage 3,43,15
-7075_4110,Stage 1,46,11
-7075_4110,Stage 2,9,9
-7075_4110,Stage 3,35,20
-7075_4111,Stage 1,18,9
-7075_4111,Stage 2,19,16
-7075_4111,Stage 3,17,14
-7075_4112,Stage 1,18,15
-7075_4112,Stage 2,10,9
-7075_4112,Stage 3,27,20
-7075_4113,Stage 1,14,14
-7075_4113,Stage 2,13,12
-7075_4113,Stage 3,22,15
-7075_4114,Stage 1,10,10
-7075_4114,Stage 2,12,11
-7075_4114,Stage 3,24,17
-7075_4115,Stage 1,12,12
-7075_4115,Stage 2,23,15
-7075_4115,Stage 3,16,12
-7075_4116,Stage 1,11,10
-7075_4116,Stage 2,21,16
-7075_4116,Stage 3,31,14
-7075_4117,Stage 1,8,8
-7075_4117,Stage 2,10,8
-7075_4117,Stage 3,14,12
-7075_4118,Stage 1,7,6
-7075_4118,Stage 2,12,11
-7075_4118,Stage 3,23,13
-7075_4119,Stage 1,7,7
-7075_4119,Stage 2,10,8
-7075_4119,Stage 3,22,15
-7075_4120,Stage 1,5,5
-7075_4120,Stage 2,4,4
-7075_4120,Stage 3,12,9
-7076_4091,Stage 1,1,1
-7076_4091,Stage 2,3,2
-7076_4091,Stage 3,0,0
-7076_4092,Stage 1,5,3
-7076_4092,Stage 2,16,10
-7076_4092,Stage 3,6,6
-7076_4093,Stage 1,16,8
-7076_4093,Stage 2,11,8
-7076_4093,Stage 3,6,5
-7076_4094,Stage 1,18,10
-7076_4094,Stage 2,11,11
-7076_4094,Stage 3,4,4
-7076_4095,Stage 1,11,7
-7076_4095,Stage 2,7,6
-7076_4095,Stage 3,17,11
-7076_4096,Stage 1,8,6
-7076_4096,Stage 2,3,3
-7076_4096,Stage 3,16,7
-7076_4097,Stage 1,62,6
-7076_4097,Stage 2,4,3
-7076_4097,Stage 3,23,12
-7076_4098,Stage 1,49,4
-7076_4098,Stage 2,8,8
-7076_4098,Stage 3,14,8
-7076_4099,Stage 1,10,8
-7076_4099,Stage 2,7,7
-7076_4099,Stage 3,9,4
-7076_4100,Stage 1,25,9
-7076_4100,Stage 2,5,5
-7076_4100,Stage 3,27,12
-7076_4101,Stage 1,14,6
-7076_4101,Stage 2,9,9
-7076_4101,Stage 3,16,13
-7076_4102,Stage 1,19,9
-7076_4102,Stage 2,7,6
-7076_4102,Stage 3,25,17
-7076_4103,Stage 1,30,11
-7076_4103,Stage 2,3,3
-7076_4103,Stage 3,22,14
-7076_4104,Stage 1,19,6
-7076_4104,Stage 2,4,4
-7076_4104,Stage 3,26,17
-7076_4105,Stage 1,23,8
-7076_4105,Stage 2,5,5
-7076_4105,Stage 3,23,12
-7076_4106,Stage 1,20,9
-7076_4106,Stage 2,5,5
-7076_4106,Stage 3,24,16
-7076_4107,Stage 1,17,7
-7076_4107,Stage 2,1,1
-7076_4107,Stage 3,21,12
-7076_4108,Stage 1,25,12
-7076_4108,Stage 2,7,7
-7076_4108,Stage 3,38,21
-7076_4109,Stage 1,30,8
-7076_4109,Stage 2,8,8
-7076_4109,Stage 3,25,14
-7076_4110,Stage 1,46,15
-7076_4110,Stage 2,15,14
-7076_4110,Stage 3,35,23
-7076_4111,Stage 1,19,9
-7076_4111,Stage 2,6,6
-7076_4111,Stage 3,48,28
-7076_4112,Stage 1,7,7
-7076_4112,Stage 2,6,6
-7076_4112,Stage 3,23,16
-7076_4113,Stage 1,8,7
-7076_4113,Stage 2,13,9
-7076_4113,Stage 3,25,15
-7076_4114,Stage 1,11,10
-7076_4114,Stage 2,8,8
-7076_4114,Stage 3,23,15
-7076_4115,Stage 1,13,10
-7076_4115,Stage 2,29,16
-7076_4115,Stage 3,22,18
-7076_4116,Stage 1,10,8
-7076_4116,Stage 2,23,14
-7076_4116,Stage 3,19,14
-7076_4117,Stage 1,12,12
-7076_4117,Stage 2,8,8
-7076_4117,Stage 3,29,17
-7076_4118,Stage 1,4,3
-7076_4118,Stage 2,11,10
-7076_4118,Stage 3,13,12
-7076_4119,Stage 1,6,6
-7076_4119,Stage 2,15,13
-7076_4119,Stage 3,16,13
-7076_4120,Stage 1,6,5
-7076_4120,Stage 2,12,10
-7076_4120,Stage 3,15,12
-7076_4121,Stage 1,2,2
-7076_4121,Stage 2,2,2
-7076_4121,Stage 3,2,2
-7077_4091,Stage 1,9,5
-7077_4091,Stage 2,5,4
-7077_4091,Stage 3,4,4
-7077_4092,Stage 1,12,5
-7077_4092,Stage 2,53,8
-7077_4092,Stage 3,7,7
-7077_4093,Stage 1,9,5
-7077_4093,Stage 2,8,6
-7077_4093,Stage 3,7,6
-7077_4094,Stage 1,8,5
-7077_4094,Stage 2,7,6
-7077_4094,Stage 3,7,6
-7077_4095,Stage 1,9,6
-7077_4095,Stage 2,7,7
-7077_4095,Stage 3,11,8
-7077_4096,Stage 1,13,6
-7077_4096,Stage 2,8,7
-7077_4096,Stage 3,21,15
-7077_4097,Stage 1,8,5
-7077_4097,Stage 2,4,4
-7077_4097,Stage 3,11,6
-7077_4098,Stage 1,36,7
-7077_4098,Stage 2,8,7
-7077_4098,Stage 3,23,13
-7077_4099,Stage 1,9,6
-7077_4099,Stage 2,6,5
-7077_4099,Stage 3,21,10
-7077_4100,Stage 1,51,6
-7077_4100,Stage 2,3,3
-7077_4100,Stage 3,18,11
-7077_4101,Stage 1,59,9
-7077_4101,Stage 2,5,4
-7077_4101,Stage 3,19,12
-7077_4102,Stage 1,30,12
-7077_4102,Stage 2,5,5
-7077_4102,Stage 3,19,12
-7077_4103,Stage 1,15,6
-7077_4103,Stage 2,6,6
-7077_4103,Stage 3,27,14
-7077_4104,Stage 1,16,6
-7077_4104,Stage 2,2,2
-7077_4104,Stage 3,36,19
-7077_4105,Stage 1,31,11
-7077_4105,Stage 2,1,1
-7077_4105,Stage 3,24,16
-7077_4106,Stage 1,19,10
-7077_4106,Stage 2,4,4
-7077_4106,Stage 3,33,15
-7077_4107,Stage 1,28,8
-7077_4107,Stage 2,8,7
-7077_4107,Stage 3,30,17
-7077_4108,Stage 1,35,9
-7077_4108,Stage 2,4,4
-7077_4108,Stage 3,33,19
-7077_4109,Stage 1,23,11
-7077_4109,Stage 2,6,5
-7077_4109,Stage 3,39,16
-7077_4110,Stage 1,34,10
-7077_4110,Stage 2,8,8
-7077_4110,Stage 3,29,17
-7077_4111,Stage 1,33,9
-7077_4111,Stage 2,13,12
-7077_4111,Stage 3,36,25
-7077_4112,Stage 1,11,8
-7077_4112,Stage 2,15,15
-7077_4112,Stage 3,22,17
-7077_4113,Stage 1,6,5
-7077_4113,Stage 2,10,9
-7077_4113,Stage 3,19,13
-7077_4114,Stage 1,8,7
-7077_4114,Stage 2,8,8
-7077_4114,Stage 3,18,14
-7077_4115,Stage 1,5,5
-7077_4115,Stage 2,16,11
-7077_4115,Stage 3,32,24
-7077_4116,Stage 1,9,9
-7077_4116,Stage 2,16,14
-7077_4116,Stage 3,15,13
-7077_4117,Stage 1,8,8
-7077_4117,Stage 2,21,19
-7077_4117,Stage 3,25,15
-7077_4118,Stage 1,8,7
-7077_4118,Stage 2,13,13
-7077_4118,Stage 3,17,12
-7077_4119,Stage 1,8,8
-7077_4119,Stage 2,14,14
-7077_4119,Stage 3,17,16
-7077_4120,Stage 1,7,6
-7077_4120,Stage 2,20,17
-7077_4120,Stage 3,13,12
-7077_4121,Stage 1,4,4
-7077_4121,Stage 2,10,9
-7077_4121,Stage 3,11,10
-7078_4090,Stage 1,1,1
-7078_4090,Stage 2,0,0
-7078_4090,Stage 3,5,3
-7078_4091,Stage 1,18,11
-7078_4091,Stage 2,6,4
-7078_4091,Stage 3,23,9
-7078_4092,Stage 1,9,6
-7078_4092,Stage 2,9,7
-7078_4092,Stage 3,8,6
-7078_4093,Stage 1,8,4
-7078_4093,Stage 2,6,6
-7078_4093,Stage 3,4,4
-7078_4094,Stage 1,5,3
-7078_4094,Stage 2,11,9
-7078_4094,Stage 3,6,6
-7078_4095,Stage 1,8,7
-7078_4095,Stage 2,10,9
-7078_4095,Stage 3,8,6
-7078_4096,Stage 1,12,8
-7078_4096,Stage 2,6,6
-7078_4096,Stage 3,14,6
-7078_4097,Stage 1,6,4
-7078_4097,Stage 2,11,10
-7078_4097,Stage 3,16,11
-7078_4098,Stage 1,28,14
-7078_4098,Stage 2,9,8
-7078_4098,Stage 3,20,11
-7078_4099,Stage 1,8,3
-7078_4099,Stage 2,4,4
-7078_4099,Stage 3,19,12
-7078_4100,Stage 1,12,6
-7078_4100,Stage 2,5,4
-7078_4100,Stage 3,23,13
-7078_4101,Stage 1,11,7
-7078_4101,Stage 2,5,5
-7078_4101,Stage 3,25,14
-7078_4102,Stage 1,16,8
-7078_4102,Stage 2,7,7
-7078_4102,Stage 3,21,10
-7078_4103,Stage 1,26,7
-7078_4103,Stage 2,6,5
-7078_4103,Stage 3,18,11
-7078_4104,Stage 1,12,10
-7078_4104,Stage 2,1,1
-7078_4104,Stage 3,27,16
-7078_4105,Stage 1,29,9
-7078_4105,Stage 2,6,5
-7078_4105,Stage 3,23,15
-7078_4106,Stage 1,13,9
-7078_4106,Stage 2,8,8
-7078_4106,Stage 3,22,13
-7078_4107,Stage 1,39,13
-7078_4107,Stage 2,6,6
-7078_4107,Stage 3,33,24
-7078_4108,Stage 1,24,8
-7078_4108,Stage 2,6,6
-7078_4108,Stage 3,25,16
-7078_4109,Stage 1,16,6
-7078_4109,Stage 2,5,5
-7078_4109,Stage 3,39,20
-7078_4110,Stage 1,12,9
-7078_4110,Stage 2,7,7
-7078_4110,Stage 3,19,15
-7078_4111,Stage 1,13,9
-7078_4111,Stage 2,8,8
-7078_4111,Stage 3,26,22
-7078_4112,Stage 1,29,9
-7078_4112,Stage 2,6,6
-7078_4112,Stage 3,48,27
-7078_4113,Stage 1,13,11
-7078_4113,Stage 2,9,8
-7078_4113,Stage 3,27,21
-7078_4114,Stage 1,4,4
-7078_4114,Stage 2,13,13
-7078_4114,Stage 3,26,18
-7078_4115,Stage 1,9,7
-7078_4115,Stage 2,33,16
-7078_4115,Stage 3,19,11
-7078_4116,Stage 1,10,10
-7078_4116,Stage 2,17,13
-7078_4116,Stage 3,20,14
-7078_4117,Stage 1,7,7
-7078_4117,Stage 2,24,16
-7078_4117,Stage 3,29,24
-7078_4118,Stage 1,10,7
-7078_4118,Stage 2,14,12
-7078_4118,Stage 3,24,17
-7078_4119,Stage 1,8,7
-7078_4119,Stage 2,22,21
-7078_4119,Stage 3,15,11
-7078_4120,Stage 1,6,6
-7078_4120,Stage 2,12,11
-7078_4120,Stage 3,12,11
-7078_4121,Stage 1,5,5
-7078_4121,Stage 2,9,9
-7078_4121,Stage 3,17,12
-7079_4090,Stage 1,6,4
-7079_4090,Stage 2,2,2
-7079_4090,Stage 3,35,5
-7079_4091,Stage 1,16,11
-7079_4091,Stage 2,6,5
-7079_4091,Stage 3,149,9
-7079_4092,Stage 1,14,6
-7079_4092,Stage 2,8,6
-7079_4092,Stage 3,9,7
-7079_4093,Stage 1,149,5
-7079_4093,Stage 2,4,4
-7079_4093,Stage 3,7,7
-7079_4094,Stage 1,5,4
-7079_4094,Stage 2,5,5
-7079_4094,Stage 3,10,10
-7079_4095,Stage 1,20,12
-7079_4095,Stage 2,3,3
-7079_4095,Stage 3,9,8
-7079_4096,Stage 1,7,7
-7079_4096,Stage 2,4,4
-7079_4096,Stage 3,14,11
-7079_4097,Stage 1,13,6
-7079_4097,Stage 2,9,9
-7079_4097,Stage 3,23,15
-7079_4098,Stage 1,39,8
-7079_4098,Stage 2,5,5
-7079_4098,Stage 3,18,10
-7079_4099,Stage 1,12,7
-7079_4099,Stage 2,10,9
-7079_4099,Stage 3,18,10
-7079_4100,Stage 1,39,9
-7079_4100,Stage 2,4,4
-7079_4100,Stage 3,46,19
-7079_4101,Stage 1,13,6
-7079_4101,Stage 2,10,8
-7079_4101,Stage 3,40,22
-7079_4102,Stage 1,33,9
-7079_4102,Stage 2,12,12
-7079_4102,Stage 3,17,13
-7079_4103,Stage 1,20,11
-7079_4103,Stage 2,8,7
-7079_4103,Stage 3,49,20
-7079_4104,Stage 1,16,5
-7079_4104,Stage 2,7,7
-7079_4104,Stage 3,46,28
-7079_4105,Stage 1,12,9
-7079_4105,Stage 2,5,5
-7079_4105,Stage 3,23,18
-7079_4106,Stage 1,109,6
-7079_4106,Stage 2,13,13
-7079_4106,Stage 3,22,12
-7079_4107,Stage 1,19,9
-7079_4107,Stage 2,3,3
-7079_4107,Stage 3,20,11
-7079_4108,Stage 1,21,14
-7079_4108,Stage 2,6,5
-7079_4108,Stage 3,29,20
-7079_4109,Stage 1,6,5
-7079_4109,Stage 2,8,8
-7079_4109,Stage 3,31,16
-7079_4110,Stage 1,14,9
-7079_4110,Stage 2,5,5
-7079_4110,Stage 3,22,21
-7079_4111,Stage 1,9,6
-7079_4111,Stage 2,8,8
-7079_4111,Stage 3,24,21
-7079_4112,Stage 1,32,8
-7079_4112,Stage 2,15,15
-7079_4112,Stage 3,36,27
-7079_4113,Stage 1,12,9
-7079_4113,Stage 2,10,10
-7079_4113,Stage 3,41,26
-7079_4114,Stage 1,10,8
-7079_4114,Stage 2,5,4
-7079_4114,Stage 3,28,18
-7079_4115,Stage 1,10,8
-7079_4115,Stage 2,31,15
-7079_4115,Stage 3,30,15
-7079_4116,Stage 1,11,10
-7079_4116,Stage 2,18,18
-7079_4116,Stage 3,30,20
-7079_4117,Stage 1,10,8
-7079_4117,Stage 2,25,16
-7079_4117,Stage 3,12,10
-7079_4118,Stage 1,7,7
-7079_4118,Stage 2,14,12
-7079_4118,Stage 3,26,16
-7079_4119,Stage 1,10,10
-7079_4119,Stage 2,16,15
-7079_4119,Stage 3,18,16
-7079_4120,Stage 1,7,6
-7079_4120,Stage 2,16,15
-7079_4120,Stage 3,12,12
-7079_4121,Stage 1,8,7
-7079_4121,Stage 2,18,17
-7079_4121,Stage 3,18,15
-7079_4122,Stage 1,1,1
-7079_4122,Stage 2,1,1
-7079_4122,Stage 3,5,5
-7080_4088,Stage 1,0,0
-7080_4088,Stage 2,1,1
-7080_4088,Stage 3,3,2
-7080_4089,Stage 1,6,5
-7080_4089,Stage 2,6,6
-7080_4089,Stage 3,12,6
-7080_4090,Stage 1,17,8
-7080_4090,Stage 2,6,6
-7080_4090,Stage 3,7,4
-7080_4091,Stage 1,7,6
-7080_4091,Stage 2,10,8
-7080_4091,Stage 3,10,9
-7080_4092,Stage 1,12,7
-7080_4092,Stage 2,5,5
-7080_4092,Stage 3,9,8
-7080_4093,Stage 1,7,5
-7080_4093,Stage 2,4,4
-7080_4093,Stage 3,12,9
-7080_4094,Stage 1,5,4
-7080_4094,Stage 2,7,7
-7080_4094,Stage 3,9,8
-7080_4095,Stage 1,12,6
-7080_4095,Stage 2,7,7
-7080_4095,Stage 3,20,13
-7080_4096,Stage 1,11,7
-7080_4096,Stage 2,8,6
-7080_4096,Stage 3,18,12
-7080_4097,Stage 1,15,12
-7080_4097,Stage 2,9,8
-7080_4097,Stage 3,27,13
-7080_4098,Stage 1,31,8
-7080_4098,Stage 2,3,2
-7080_4098,Stage 3,23,13
-7080_4099,Stage 1,14,4
-7080_4099,Stage 2,6,6
-7080_4099,Stage 3,29,17
-7080_4100,Stage 1,11,7
-7080_4100,Stage 2,11,8
-7080_4100,Stage 3,27,14
-7080_4101,Stage 1,15,11
-7080_4101,Stage 2,7,7
-7080_4101,Stage 3,42,25
-7080_4102,Stage 1,32,7
-7080_4102,Stage 2,9,8
-7080_4102,Stage 3,29,14
-7080_4103,Stage 1,69,11
-7080_4103,Stage 2,13,9
-7080_4103,Stage 3,38,19
-7080_4104,Stage 1,11,7
-7080_4104,Stage 2,5,4
-7080_4104,Stage 3,36,18
-7080_4105,Stage 1,28,11
-7080_4105,Stage 2,8,7
-7080_4105,Stage 3,23,17
-7080_4106,Stage 1,16,7
-7080_4106,Stage 2,5,5
-7080_4106,Stage 3,29,18
-7080_4107,Stage 1,28,10
-7080_4107,Stage 2,6,6
-7080_4107,Stage 3,23,18
-7080_4108,Stage 1,17,13
-7080_4108,Stage 2,9,8
-7080_4108,Stage 3,29,18
-7080_4109,Stage 1,12,7
-7080_4109,Stage 2,6,6
-7080_4109,Stage 3,29,20
-7080_4110,Stage 1,6,5
-7080_4110,Stage 2,7,7
-7080_4110,Stage 3,23,20
-7080_4111,Stage 1,11,7
-7080_4111,Stage 2,11,9
-7080_4111,Stage 3,24,18
-7080_4112,Stage 1,9,6
-7080_4112,Stage 2,11,10
-7080_4112,Stage 3,37,30
-7080_4113,Stage 1,39,8
-7080_4113,Stage 2,18,16
-7080_4113,Stage 3,49,30
-7080_4114,Stage 1,10,7
-7080_4114,Stage 2,16,15
-7080_4114,Stage 3,28,22
-7080_4115,Stage 1,17,8
-7080_4115,Stage 2,38,15
-7080_4115,Stage 3,28,20
-7080_4116,Stage 1,8,8
-7080_4116,Stage 2,17,15
-7080_4116,Stage 3,26,17
-7080_4117,Stage 1,9,9
-7080_4117,Stage 2,23,15
-7080_4117,Stage 3,28,19
-7080_4118,Stage 1,12,12
-7080_4118,Stage 2,18,17
-7080_4118,Stage 3,34,18
-7080_4119,Stage 1,10,10
-7080_4119,Stage 2,7,6
-7080_4119,Stage 3,13,10
-7080_4120,Stage 1,4,4
-7080_4120,Stage 2,14,12
-7080_4120,Stage 3,17,17
-7080_4121,Stage 1,2,2
-7080_4121,Stage 2,6,6
-7080_4121,Stage 3,18,17
-7080_4122,Stage 1,1,1
-7080_4122,Stage 2,5,5
-7080_4122,Stage 3,11,9
-7081_4087,Stage 1,4,3
-7081_4087,Stage 2,2,2
-7081_4087,Stage 3,3,3
-7081_4088,Stage 1,11,9
-7081_4088,Stage 2,10,9
-7081_4088,Stage 3,12,9
-7081_4089,Stage 1,10,8
-7081_4089,Stage 2,8,7
-7081_4089,Stage 3,6,5
-7081_4090,Stage 1,7,6
-7081_4090,Stage 2,3,3
-7081_4090,Stage 3,11,10
-7081_4091,Stage 1,4,4
-7081_4091,Stage 2,6,6
-7081_4091,Stage 3,13,10
-7081_4092,Stage 1,5,4
-7081_4092,Stage 2,9,9
-7081_4092,Stage 3,5,5
-7081_4093,Stage 1,7,6
-7081_4093,Stage 2,3,3
-7081_4093,Stage 3,6,5
-7081_4094,Stage 1,6,5
-7081_4094,Stage 2,7,7
-7081_4094,Stage 3,11,9
-7081_4095,Stage 1,7,6
-7081_4095,Stage 2,3,3
-7081_4095,Stage 3,8,8
-7081_4096,Stage 1,11,6
-7081_4096,Stage 2,6,5
-7081_4096,Stage 3,20,12
-7081_4097,Stage 1,26,6
-7081_4097,Stage 2,9,7
-7081_4097,Stage 3,37,14
-7081_4098,Stage 1,11,7
-7081_4098,Stage 2,7,7
-7081_4098,Stage 3,30,16
-7081_4099,Stage 1,12,9
-7081_4099,Stage 2,10,9
-7081_4099,Stage 3,23,15
-7081_4100,Stage 1,31,9
-7081_4100,Stage 2,13,10
-7081_4100,Stage 3,31,18
-7081_4101,Stage 1,14,9
-7081_4101,Stage 2,7,7
-7081_4101,Stage 3,50,20
-7081_4102,Stage 1,17,9
-7081_4102,Stage 2,11,7
-7081_4102,Stage 3,53,20
-7081_4103,Stage 1,12,6
-7081_4103,Stage 2,7,6
-7081_4103,Stage 3,22,17
-7081_4104,Stage 1,15,7
-7081_4104,Stage 2,10,10
-7081_4104,Stage 3,29,17
-7081_4105,Stage 1,36,10
-7081_4105,Stage 2,6,6
-7081_4105,Stage 3,33,22
-7081_4106,Stage 1,19,10
-7081_4106,Stage 2,10,10
-7081_4106,Stage 3,28,17
-7081_4107,Stage 1,11,7
-7081_4107,Stage 2,5,5
-7081_4107,Stage 3,23,20
-7081_4108,Stage 1,2,1
-7081_4108,Stage 2,4,4
-7081_4108,Stage 3,39,28
-7081_4109,Stage 1,6,6
-7081_4109,Stage 2,5,4
-7081_4109,Stage 3,29,18
-7081_4110,Stage 1,12,10
-7081_4110,Stage 2,8,6
-7081_4110,Stage 3,42,25
-7081_4111,Stage 1,13,9
-7081_4111,Stage 2,7,7
-7081_4111,Stage 3,30,23
-7081_4112,Stage 1,12,8
-7081_4112,Stage 2,9,9
-7081_4112,Stage 3,35,23
-7081_4113,Stage 1,29,8
-7081_4113,Stage 2,2,2
-7081_4113,Stage 3,66,35
-7081_4114,Stage 1,13,7
-7081_4114,Stage 2,17,10
-7081_4114,Stage 3,48,29
-7081_4115,Stage 1,20,11
-7081_4115,Stage 2,29,15
-7081_4115,Stage 3,29,20
-7081_4116,Stage 1,13,13
-7081_4116,Stage 2,20,18
-7081_4116,Stage 3,25,16
-7081_4117,Stage 1,6,6
-7081_4117,Stage 2,20,13
-7081_4117,Stage 3,23,17
-7081_4118,Stage 1,15,14
-7081_4118,Stage 2,25,21
-7081_4118,Stage 3,28,20
-7081_4119,Stage 1,10,9
-7081_4119,Stage 2,16,16
-7081_4119,Stage 3,39,21
-7081_4120,Stage 1,7,7
-7081_4120,Stage 2,17,16
-7081_4120,Stage 3,23,22
-7081_4121,Stage 1,2,2
-7081_4121,Stage 2,6,6
-7081_4121,Stage 3,37,30
-7081_4122,Stage 1,6,5
-7081_4122,Stage 2,6,6
-7081_4122,Stage 3,13,11
-7082_4086,Stage 1,0,0
-7082_4086,Stage 2,6,3
-7082_4086,Stage 3,3,3
-7082_4087,Stage 1,7,5
-7082_4087,Stage 2,10,9
-7082_4087,Stage 3,6,3
-7082_4088,Stage 1,15,11
-7082_4088,Stage 2,6,6
-7082_4088,Stage 3,7,7
-7082_4089,Stage 1,11,7
-7082_4089,Stage 2,6,5
-7082_4089,Stage 3,6,5
-7082_4090,Stage 1,4,4
-7082_4090,Stage 2,3,3
-7082_4090,Stage 3,2,2
-7082_4091,Stage 1,6,5
-7082_4091,Stage 2,11,10
-7082_4091,Stage 3,8,8
-7082_4092,Stage 1,7,6
-7082_4092,Stage 2,5,5
-7082_4092,Stage 3,4,4
-7082_4093,Stage 1,5,4
-7082_4093,Stage 2,5,5
-7082_4093,Stage 3,8,8
-7082_4094,Stage 1,8,5
-7082_4094,Stage 2,4,4
-7082_4094,Stage 3,12,9
-7082_4095,Stage 1,4,4
-7082_4095,Stage 2,5,5
-7082_4095,Stage 3,14,11
-7082_4096,Stage 1,11,9
-7082_4096,Stage 2,8,8
-7082_4096,Stage 3,19,15
-7082_4097,Stage 1,11,8
-7082_4097,Stage 2,5,5
-7082_4097,Stage 3,31,18
-7082_4098,Stage 1,17,8
-7082_4098,Stage 2,12,9
-7082_4098,Stage 3,27,19
-7082_4099,Stage 1,16,8
-7082_4099,Stage 2,9,9
-7082_4099,Stage 3,41,24
-7082_4100,Stage 1,31,9
-7082_4100,Stage 2,5,4
-7082_4100,Stage 3,49,28
-7082_4101,Stage 1,17,7
-7082_4101,Stage 2,8,7
-7082_4101,Stage 3,46,22
-7082_4102,Stage 1,16,7
-7082_4102,Stage 2,13,12
-7082_4102,Stage 3,43,23
-7082_4103,Stage 1,20,7
-7082_4103,Stage 2,13,12
-7082_4103,Stage 3,44,22
-7082_4104,Stage 1,22,6
-7082_4104,Stage 2,6,6
-7082_4104,Stage 3,42,22
-7082_4105,Stage 1,13,9
-7082_4105,Stage 2,6,5
-7082_4105,Stage 3,19,12
-7082_4106,Stage 1,8,7
-7082_4106,Stage 2,5,5
-7082_4106,Stage 3,39,24
-7082_4107,Stage 1,8,5
-7082_4107,Stage 2,10,10
-7082_4107,Stage 3,15,13
-7082_4108,Stage 1,5,4
-7082_4108,Stage 2,8,8
-7082_4108,Stage 3,39,32
-7082_4109,Stage 1,10,10
-7082_4109,Stage 2,5,5
-7082_4109,Stage 3,44,23
-7082_4110,Stage 1,7,7
-7082_4110,Stage 2,11,11
-7082_4110,Stage 3,31,19
-7082_4111,Stage 1,4,3
-7082_4111,Stage 2,12,11
-7082_4111,Stage 3,59,38
-7082_4112,Stage 1,10,8
-7082_4112,Stage 2,8,6
-7082_4112,Stage 3,49,22
-7082_4113,Stage 1,9,6
-7082_4113,Stage 2,15,8
-7082_4113,Stage 3,55,36
-7082_4114,Stage 1,32,9
-7082_4114,Stage 2,10,8
-7082_4114,Stage 3,66,38
-7082_4115,Stage 1,13,7
-7082_4115,Stage 2,25,11
-7082_4115,Stage 3,31,24
-7082_4116,Stage 1,11,10
-7082_4116,Stage 2,17,14
-7082_4116,Stage 3,30,22
-7082_4117,Stage 1,10,7
-7082_4117,Stage 2,16,12
-7082_4117,Stage 3,29,18
-7082_4118,Stage 1,9,9
-7082_4118,Stage 2,32,18
-7082_4118,Stage 3,31,20
-7082_4119,Stage 1,9,9
-7082_4119,Stage 2,17,15
-7082_4119,Stage 3,44,31
-7082_4120,Stage 1,12,11
-7082_4120,Stage 2,21,19
-7082_4120,Stage 3,32,22
-7082_4121,Stage 1,4,4
-7082_4121,Stage 2,9,7
-7082_4121,Stage 3,22,20
-7082_4122,Stage 1,7,7
-7082_4122,Stage 2,9,8
-7082_4122,Stage 3,19,19
-7083_4085,Stage 1,0,0
-7083_4085,Stage 2,0,0
-7083_4085,Stage 3,1,1
-7083_4086,Stage 1,7,6
-7083_4086,Stage 2,8,5
-7083_4086,Stage 3,6,6
-7083_4087,Stage 1,13,9
-7083_4087,Stage 2,8,6
-7083_4087,Stage 3,8,7
-7083_4088,Stage 1,11,8
-7083_4088,Stage 2,10,9
-7083_4088,Stage 3,9,7
-7083_4089,Stage 1,11,8
-7083_4089,Stage 2,2,2
-7083_4089,Stage 3,12,11
-7083_4090,Stage 1,8,6
-7083_4090,Stage 2,6,6
-7083_4090,Stage 3,9,9
-7083_4091,Stage 1,11,8
-7083_4091,Stage 2,5,5
-7083_4091,Stage 3,6,5
-7083_4092,Stage 1,13,10
-7083_4092,Stage 2,9,7
-7083_4092,Stage 3,5,5
-7083_4093,Stage 1,7,5
-7083_4093,Stage 2,7,7
-7083_4093,Stage 3,6,6
-7083_4094,Stage 1,11,10
-7083_4094,Stage 2,8,7
-7083_4094,Stage 3,8,6
-7083_4095,Stage 1,6,4
-7083_4095,Stage 2,1,1
-7083_4095,Stage 3,7,6
-7083_4096,Stage 1,14,6
-7083_4096,Stage 2,5,5
-7083_4096,Stage 3,20,12
-7083_4097,Stage 1,11,7
-7083_4097,Stage 2,8,7
-7083_4097,Stage 3,37,20
-7083_4098,Stage 1,5,3
-7083_4098,Stage 2,5,5
-7083_4098,Stage 3,40,19
-7083_4099,Stage 1,14,6
-7083_4099,Stage 2,10,8
-7083_4099,Stage 3,74,26
-7083_4100,Stage 1,9,6
-7083_4100,Stage 2,19,10
-7083_4100,Stage 3,240,37
-7083_4101,Stage 1,9,6
-7083_4101,Stage 2,12,11
-7083_4101,Stage 3,58,27
-7083_4102,Stage 1,19,7
-7083_4102,Stage 2,14,11
-7083_4102,Stage 3,43,19
-7083_4103,Stage 1,9,4
-7083_4103,Stage 2,9,7
-7083_4103,Stage 3,53,22
-7083_4104,Stage 1,13,7
-7083_4104,Stage 2,6,6
-7083_4104,Stage 3,44,20
-7083_4105,Stage 1,15,9
-7083_4105,Stage 2,8,8
-7083_4105,Stage 3,33,23
-7083_4106,Stage 1,10,6
-7083_4106,Stage 2,17,13
-7083_4106,Stage 3,27,23
-7083_4107,Stage 1,10,8
-7083_4107,Stage 2,8,8
-7083_4107,Stage 3,22,15
-7083_4108,Stage 1,11,10
-7083_4108,Stage 2,8,8
-7083_4108,Stage 3,32,23
-7083_4109,Stage 1,5,5
-7083_4109,Stage 2,6,6
-7083_4109,Stage 3,30,19
-7083_4110,Stage 1,7,6
-7083_4110,Stage 2,7,7
-7083_4110,Stage 3,26,17
-7083_4111,Stage 1,12,10
-7083_4111,Stage 2,6,6
-7083_4111,Stage 3,51,24
-7083_4112,Stage 1,9,7
-7083_4112,Stage 2,24,14
-7083_4112,Stage 3,107,37
-7083_4113,Stage 1,19,13
-7083_4113,Stage 2,13,10
-7083_4113,Stage 3,120,44
-7083_4114,Stage 1,7,4
-7083_4114,Stage 2,9,8
-7083_4114,Stage 3,82,35
-7083_4115,Stage 1,31,9
-7083_4115,Stage 2,24,12
-7083_4115,Stage 3,57,36
-7083_4116,Stage 1,1,1
-7083_4116,Stage 2,22,15
-7083_4116,Stage 3,47,36
-7083_4117,Stage 1,9,9
-7083_4117,Stage 2,15,14
-7083_4117,Stage 3,22,19
-7083_4118,Stage 1,15,12
-7083_4118,Stage 2,39,20
-7083_4118,Stage 3,27,22
-7083_4119,Stage 1,8,7
-7083_4119,Stage 2,11,11
-7083_4119,Stage 3,30,22
-7083_4120,Stage 1,3,3
-7083_4120,Stage 2,9,9
-7083_4120,Stage 3,35,32
-7083_4121,Stage 1,6,6
-7083_4121,Stage 2,10,10
-7083_4121,Stage 3,28,24
-7083_4122,Stage 1,6,6
-7083_4122,Stage 2,6,5
-7083_4122,Stage 3,23,20
-7084_4084,Stage 1,0,0
-7084_4084,Stage 2,1,1
-7084_4084,Stage 3,0,0
-7084_4085,Stage 1,6,6
-7084_4085,Stage 2,2,2
-7084_4085,Stage 3,3,3
-7084_4086,Stage 1,5,5
-7084_4086,Stage 2,6,5
-7084_4086,Stage 3,8,7
-7084_4087,Stage 1,9,8
-7084_4087,Stage 2,3,3
-7084_4087,Stage 3,10,8
-7084_4088,Stage 1,9,9
-7084_4088,Stage 2,8,8
-7084_4088,Stage 3,15,9
-7084_4089,Stage 1,5,4
-7084_4089,Stage 2,3,3
-7084_4089,Stage 3,9,7
-7084_4090,Stage 1,9,8
-7084_4090,Stage 2,12,9
-7084_4090,Stage 3,10,6
-7084_4091,Stage 1,4,4
-7084_4091,Stage 2,4,4
-7084_4091,Stage 3,11,11
-7084_4092,Stage 1,7,4
-7084_4092,Stage 2,13,10
-7084_4092,Stage 3,6,6
-7084_4093,Stage 1,7,6
-7084_4093,Stage 2,5,5
-7084_4093,Stage 3,4,4
-7084_4094,Stage 1,10,5
-7084_4094,Stage 2,7,7
-7084_4094,Stage 3,5,5
-7084_4095,Stage 1,11,8
-7084_4095,Stage 2,7,7
-7084_4095,Stage 3,10,8
-7084_4096,Stage 1,13,7
-7084_4096,Stage 2,8,7
-7084_4096,Stage 3,22,14
-7084_4097,Stage 1,9,7
-7084_4097,Stage 2,6,5
-7084_4097,Stage 3,30,12
-7084_4098,Stage 1,11,7
-7084_4098,Stage 2,10,8
-7084_4098,Stage 3,33,12
-7084_4099,Stage 1,9,5
-7084_4099,Stage 2,13,9
-7084_4099,Stage 3,51,26
-7084_4100,Stage 1,8,4
-7084_4100,Stage 2,47,5
-7084_4100,Stage 3,233,44
-7084_4101,Stage 1,14,6
-7084_4101,Stage 2,78,13
-7084_4101,Stage 3,85,30
-7084_4102,Stage 1,14,7
-7084_4102,Stage 2,5,5
-7084_4102,Stage 3,75,26
-7084_4103,Stage 1,17,10
-7084_4103,Stage 2,97,12
-7084_4103,Stage 3,60,23
-7084_4104,Stage 1,7,5
-7084_4104,Stage 2,6,6
-7084_4104,Stage 3,39,21
-7084_4105,Stage 1,18,13
-7084_4105,Stage 2,3,3
-7084_4105,Stage 3,35,21
-7084_4106,Stage 1,22,10
-7084_4106,Stage 2,10,9
-7084_4106,Stage 3,32,25
-7084_4107,Stage 1,9,6
-7084_4107,Stage 2,12,11
-7084_4107,Stage 3,25,23
-7084_4108,Stage 1,5,5
-7084_4108,Stage 2,11,10
-7084_4108,Stage 3,31,19
-7084_4109,Stage 1,7,7
-7084_4109,Stage 2,7,7
-7084_4109,Stage 3,51,25
-7084_4110,Stage 1,5,5
-7084_4110,Stage 2,10,9
-7084_4110,Stage 3,46,27
-7084_4111,Stage 1,8,8
-7084_4111,Stage 2,34,9
-7084_4111,Stage 3,277,33
-7084_4112,Stage 1,14,11
-7084_4112,Stage 2,17,12
-7084_4112,Stage 3,807,43
-7084_4113,Stage 1,13,8
-7084_4113,Stage 2,53,15
-7084_4113,Stage 3,890,49
-7084_4114,Stage 1,14,8
-7084_4114,Stage 2,11,10
-7084_4114,Stage 3,108,41
-7084_4115,Stage 1,45,9
-7084_4115,Stage 2,13,8
-7084_4115,Stage 3,63,35
-7084_4116,Stage 1,9,7
-7084_4116,Stage 2,18,13
-7084_4116,Stage 3,51,35
-7084_4117,Stage 1,10,10
-7084_4117,Stage 2,17,16
-7084_4117,Stage 3,47,40
-7084_4118,Stage 1,7,7
-7084_4118,Stage 2,27,17
-7084_4118,Stage 3,66,28
-7084_4119,Stage 1,6,6
-7084_4119,Stage 2,19,15
-7084_4119,Stage 3,36,26
-7084_4120,Stage 1,4,3
-7084_4120,Stage 2,3,3
-7084_4120,Stage 3,34,22
-7084_4121,Stage 1,1,1
-7084_4121,Stage 2,6,6
-7084_4121,Stage 3,36,28
-7084_4122,Stage 1,3,3
-7084_4122,Stage 2,5,3
-7084_4122,Stage 3,45,23
-7085_4084,Stage 1,6,4
-7085_4084,Stage 2,3,3
-7085_4084,Stage 3,2,2
-7085_4085,Stage 1,4,4
-7085_4085,Stage 2,10,9
-7085_4085,Stage 3,6,6
-7085_4086,Stage 1,5,5
-7085_4086,Stage 2,1,1
-7085_4086,Stage 3,11,11
-7085_4087,Stage 1,8,5
-7085_4087,Stage 2,4,4
-7085_4087,Stage 3,12,12
-7085_4088,Stage 1,8,6
-7085_4088,Stage 2,6,6
-7085_4088,Stage 3,10,8
-7085_4089,Stage 1,8,6
-7085_4089,Stage 2,4,3
-7085_4089,Stage 3,8,8
-7085_4090,Stage 1,8,6
-7085_4090,Stage 2,13,11
-7085_4090,Stage 3,2,2
-7085_4091,Stage 1,7,7
-7085_4091,Stage 2,11,11
-7085_4091,Stage 3,13,13
-7085_4092,Stage 1,8,8
-7085_4092,Stage 2,2,2
-7085_4092,Stage 3,10,8
-7085_4093,Stage 1,38,7
-7085_4093,Stage 2,7,6
-7085_4093,Stage 3,15,12
-7085_4094,Stage 1,14,9
-7085_4094,Stage 2,3,3
-7085_4094,Stage 3,7,6
-7085_4095,Stage 1,9,7
-7085_4095,Stage 2,7,6
-7085_4095,Stage 3,17,12
-7085_4096,Stage 1,5,5
-7085_4096,Stage 2,14,12
-7085_4096,Stage 3,20,12
-7085_4097,Stage 1,5,3
-7085_4097,Stage 2,9,8
-7085_4097,Stage 3,32,15
-7085_4098,Stage 1,5,4
-7085_4098,Stage 2,10,6
-7085_4098,Stage 3,27,15
-7085_4099,Stage 1,7,3
-7085_4099,Stage 2,8,8
-7085_4099,Stage 3,63,25
-7085_4100,Stage 1,10,8
-7085_4100,Stage 2,14,11
-7085_4100,Stage 3,101,36
-7085_4101,Stage 1,10,4
-7085_4101,Stage 2,14,12
-7085_4101,Stage 3,103,35
-7085_4102,Stage 1,14,11
-7085_4102,Stage 2,11,10
-7085_4102,Stage 3,138,33
-7085_4103,Stage 1,6,4
-7085_4103,Stage 2,24,15
-7085_4103,Stage 3,111,38
-7085_4104,Stage 1,6,4
-7085_4104,Stage 2,7,6
-7085_4104,Stage 3,53,28
-7085_4105,Stage 1,9,6
-7085_4105,Stage 2,15,13
-7085_4105,Stage 3,35,20
-7085_4106,Stage 1,7,7
-7085_4106,Stage 2,10,10
-7085_4106,Stage 3,39,28
-7085_4107,Stage 1,15,9
-7085_4107,Stage 2,12,10
-7085_4107,Stage 3,33,23
-7085_4108,Stage 1,5,4
-7085_4108,Stage 2,9,7
-7085_4108,Stage 3,24,14
-7085_4109,Stage 1,7,5
-7085_4109,Stage 2,23,15
-7085_4109,Stage 3,43,30
-7085_4110,Stage 1,4,4
-7085_4110,Stage 2,3,3
-7085_4110,Stage 3,52,29
-7085_4111,Stage 1,8,6
-7085_4111,Stage 2,9,8
-7085_4111,Stage 3,75,28
-7085_4112,Stage 1,6,4
-7085_4112,Stage 2,9,8
-7085_4112,Stage 3,179,37
-7085_4113,Stage 1,10,8
-7085_4113,Stage 2,13,8
-7085_4113,Stage 3,145,36
-7085_4114,Stage 1,10,7
-7085_4114,Stage 2,5,4
-7085_4114,Stage 3,126,37
-7085_4115,Stage 1,20,9
-7085_4115,Stage 2,3,3
-7085_4115,Stage 3,74,39
-7085_4116,Stage 1,27,11
-7085_4116,Stage 2,21,13
-7085_4116,Stage 3,46,28
-7085_4117,Stage 1,6,5
-7085_4117,Stage 2,18,16
-7085_4117,Stage 3,45,27
-7085_4118,Stage 1,11,10
-7085_4118,Stage 2,11,10
-7085_4118,Stage 3,38,29
-7085_4119,Stage 1,6,6
-7085_4119,Stage 2,22,16
-7085_4119,Stage 3,38,25
-7085_4120,Stage 1,11,11
-7085_4120,Stage 2,13,13
-7085_4120,Stage 3,71,28
-7085_4121,Stage 1,7,7
-7085_4121,Stage 2,4,3
-7085_4121,Stage 3,69,25
-7085_4122,Stage 1,10,9
-7085_4122,Stage 2,12,12
-7085_4122,Stage 3,67,29
-7085_4123,Stage 1,3,3
-7085_4123,Stage 2,4,4
-7085_4123,Stage 3,20,16
-7086_4083,Stage 1,3,3
-7086_4083,Stage 2,5,4
-7086_4083,Stage 3,6,3
-7086_4084,Stage 1,4,4
-7086_4084,Stage 2,8,8
-7086_4084,Stage 3,13,9
-7086_4085,Stage 1,4,4
-7086_4085,Stage 2,2,2
-7086_4085,Stage 3,12,9
-7086_4086,Stage 1,6,6
-7086_4086,Stage 2,6,6
-7086_4086,Stage 3,14,13
-7086_4087,Stage 1,5,4
-7086_4087,Stage 2,10,9
-7086_4087,Stage 3,12,7
-7086_4088,Stage 1,5,5
-7086_4088,Stage 2,4,4
-7086_4088,Stage 3,10,9
-7086_4089,Stage 1,11,9
-7086_4089,Stage 2,6,6
-7086_4089,Stage 3,10,10
-7086_4090,Stage 1,7,6
-7086_4090,Stage 2,3,3
-7086_4090,Stage 3,12,12
-7086_4091,Stage 1,3,3
-7086_4091,Stage 2,3,3
-7086_4091,Stage 3,9,8
-7086_4092,Stage 1,11,9
-7086_4092,Stage 2,9,8
-7086_4092,Stage 3,7,6
-7086_4093,Stage 1,10,10
-7086_4093,Stage 2,8,8
-7086_4093,Stage 3,14,12
-7086_4094,Stage 1,3,3
-7086_4094,Stage 2,10,9
-7086_4094,Stage 3,18,9
-7086_4095,Stage 1,14,9
-7086_4095,Stage 2,6,6
-7086_4095,Stage 3,19,14
-7086_4096,Stage 1,7,6
-7086_4096,Stage 2,14,11
-7086_4096,Stage 3,23,15
-7086_4097,Stage 1,8,5
-7086_4097,Stage 2,4,4
-7086_4097,Stage 3,32,18
-7086_4098,Stage 1,56,8
-7086_4098,Stage 2,10,6
-7086_4098,Stage 3,45,21
-7086_4099,Stage 1,5,4
-7086_4099,Stage 2,8,6
-7086_4099,Stage 3,47,20
-7086_4100,Stage 1,7,4
-7086_4100,Stage 2,36,8
-7086_4100,Stage 3,73,32
-7086_4101,Stage 1,6,5
-7086_4101,Stage 2,32,10
-7086_4101,Stage 3,201,51
-7086_4102,Stage 1,12,10
-7086_4102,Stage 2,11,9
-7086_4102,Stage 3,168,42
-7086_4103,Stage 1,7,7
-7086_4103,Stage 2,39,10
-7086_4103,Stage 3,733,49
-7086_4104,Stage 1,6,5
-7086_4104,Stage 2,14,11
-7086_4104,Stage 3,151,42
-7086_4105,Stage 1,5,4
-7086_4105,Stage 2,7,5
-7086_4105,Stage 3,50,19
-7086_4106,Stage 1,15,14
-7086_4106,Stage 2,14,11
-7086_4106,Stage 3,52,21
-7086_4107,Stage 1,3,3
-7086_4107,Stage 2,11,9
-7086_4107,Stage 3,22,16
-7086_4108,Stage 1,11,8
-7086_4108,Stage 2,10,5
-7086_4108,Stage 3,27,19
-7086_4109,Stage 1,12,9
-7086_4109,Stage 2,19,11
-7086_4109,Stage 3,52,25
-7086_4110,Stage 1,6,6
-7086_4110,Stage 2,10,10
-7086_4110,Stage 3,46,23
-7086_4111,Stage 1,4,4
-7086_4111,Stage 2,99,12
-7086_4111,Stage 3,609,49
-7086_4112,Stage 1,8,7
-7086_4112,Stage 2,19,11
-7086_4112,Stage 3,565,46
-7086_4113,Stage 1,9,7
-7086_4113,Stage 2,57,17
-7086_4113,Stage 3,901,38
-7086_4114,Stage 1,12,7
-7086_4114,Stage 2,11,11
-7086_4114,Stage 3,117,37
-7086_4115,Stage 1,16,9
-7086_4115,Stage 2,10,9
-7086_4115,Stage 3,43,28
-7086_4116,Stage 1,35,9
-7086_4116,Stage 2,21,15
-7086_4116,Stage 3,32,22
-7086_4117,Stage 1,8,7
-7086_4117,Stage 2,22,13
-7086_4117,Stage 3,50,28
-7086_4118,Stage 1,1,1
-7086_4118,Stage 2,10,7
-7086_4118,Stage 3,57,34
-7086_4119,Stage 1,8,8
-7086_4119,Stage 2,25,16
-7086_4119,Stage 3,51,30
-7086_4120,Stage 1,8,7
-7086_4120,Stage 2,21,13
-7086_4120,Stage 3,79,23
-7086_4121,Stage 1,10,9
-7086_4121,Stage 2,15,15
-7086_4121,Stage 3,80,40
-7086_4122,Stage 1,8,7
-7086_4122,Stage 2,18,17
-7086_4122,Stage 3,62,31
-7086_4123,Stage 1,9,8
-7086_4123,Stage 2,6,6
-7086_4123,Stage 3,42,34
-7086_4124,Stage 1,2,2
-7086_4124,Stage 2,5,5
-7086_4124,Stage 3,19,14
-7087_4082,Stage 1,0,0
-7087_4082,Stage 2,2,2
-7087_4082,Stage 3,1,1
-7087_4083,Stage 1,7,7
-7087_4083,Stage 2,6,6
-7087_4083,Stage 3,12,9
-7087_4084,Stage 1,6,5
-7087_4084,Stage 2,5,4
-7087_4084,Stage 3,4,4
-7087_4085,Stage 1,5,4
-7087_4085,Stage 2,5,5
-7087_4085,Stage 3,11,11
-7087_4086,Stage 1,7,7
-7087_4086,Stage 2,7,6
-7087_4086,Stage 3,11,10
-7087_4087,Stage 1,14,12
-7087_4087,Stage 2,7,7
-7087_4087,Stage 3,7,6
-7087_4088,Stage 1,11,11
-7087_4088,Stage 2,8,8
-7087_4088,Stage 3,16,13
-7087_4089,Stage 1,8,7
-7087_4089,Stage 2,8,8
-7087_4089,Stage 3,8,8
-7087_4090,Stage 1,3,3
-7087_4090,Stage 2,4,4
-7087_4090,Stage 3,8,8
-7087_4091,Stage 1,6,5
-7087_4091,Stage 2,7,6
-7087_4091,Stage 3,15,14
-7087_4092,Stage 1,2,2
-7087_4092,Stage 2,6,6
-7087_4092,Stage 3,9,9
-7087_4093,Stage 1,12,9
-7087_4093,Stage 2,7,5
-7087_4093,Stage 3,13,10
-7087_4094,Stage 1,7,5
-7087_4094,Stage 2,6,6
-7087_4094,Stage 3,13,11
-7087_4095,Stage 1,7,7
-7087_4095,Stage 2,6,5
-7087_4095,Stage 3,26,16
-7087_4096,Stage 1,14,13
-7087_4096,Stage 2,9,7
-7087_4096,Stage 3,27,21
-7087_4097,Stage 1,4,2
-7087_4097,Stage 2,7,4
-7087_4097,Stage 3,25,14
-7087_4098,Stage 1,6,2
-7087_4098,Stage 2,6,4
-7087_4098,Stage 3,40,23
-7087_4099,Stage 1,5,4
-7087_4099,Stage 2,5,5
-7087_4099,Stage 3,67,26
-7087_4100,Stage 1,7,5
-7087_4100,Stage 2,12,6
-7087_4100,Stage 3,90,33
-7087_4101,Stage 1,12,10
-7087_4101,Stage 2,17,8
-7087_4101,Stage 3,83,30
-7087_4102,Stage 1,13,10
-7087_4102,Stage 2,15,12
-7087_4102,Stage 3,93,34
-7087_4103,Stage 1,7,6
-7087_4103,Stage 2,14,10
-7087_4103,Stage 3,112,35
-7087_4104,Stage 1,10,10
-7087_4104,Stage 2,15,12
-7087_4104,Stage 3,76,33
-7087_4105,Stage 1,13,11
-7087_4105,Stage 2,25,19
-7087_4105,Stage 3,60,37
-7087_4106,Stage 1,8,5
-7087_4106,Stage 2,17,13
-7087_4106,Stage 3,47,28
-7087_4107,Stage 1,3,3
-7087_4107,Stage 2,12,10
-7087_4107,Stage 3,51,25
-7087_4108,Stage 1,9,6
-7087_4108,Stage 2,7,5
-7087_4108,Stage 3,58,29
-7087_4109,Stage 1,13,11
-7087_4109,Stage 2,16,16
-7087_4109,Stage 3,51,33
-7087_4110,Stage 1,7,6
-7087_4110,Stage 2,8,8
-7087_4110,Stage 3,65,34
-7087_4111,Stage 1,3,3
-7087_4111,Stage 2,18,14
-7087_4111,Stage 3,159,37
-7087_4112,Stage 1,6,3
-7087_4112,Stage 2,20,17
-7087_4112,Stage 3,243,43
-7087_4113,Stage 1,6,6
-7087_4113,Stage 2,22,16
-7087_4113,Stage 3,144,42
-7087_4114,Stage 1,9,5
-7087_4114,Stage 2,12,12
-7087_4114,Stage 3,99,34
-7087_4115,Stage 1,18,9
-7087_4115,Stage 2,7,6
-7087_4115,Stage 3,58,25
-7087_4116,Stage 1,35,15
-7087_4116,Stage 2,21,13
-7087_4116,Stage 3,52,32
-7087_4117,Stage 1,12,9
-7087_4117,Stage 2,25,17
-7087_4117,Stage 3,37,24
-7087_4118,Stage 1,15,13
-7087_4118,Stage 2,16,15
-7087_4118,Stage 3,33,19
-7087_4119,Stage 1,4,4
-7087_4119,Stage 2,7,7
-7087_4119,Stage 3,54,25
-7087_4120,Stage 1,9,9
-7087_4120,Stage 2,16,11
-7087_4120,Stage 3,78,41
-7087_4121,Stage 1,14,12
-7087_4121,Stage 2,10,10
-7087_4121,Stage 3,58,25
-7087_4122,Stage 1,6,6
-7087_4122,Stage 2,10,8
-7087_4122,Stage 3,38,24
-7087_4123,Stage 1,3,3
-7087_4123,Stage 2,5,5
-7087_4123,Stage 3,28,23
-7087_4124,Stage 1,5,5
-7087_4124,Stage 2,16,12
-7087_4124,Stage 3,32,21
-7087_4125,Stage 1,1,1
-7087_4125,Stage 2,1,1
-7087_4125,Stage 3,1,1
-7088_4081,Stage 1,0,0
-7088_4081,Stage 2,0,0
-7088_4081,Stage 3,1,1
-7088_4082,Stage 1,11,9
-7088_4082,Stage 2,6,5
-7088_4082,Stage 3,11,7
-7088_4083,Stage 1,9,9
-7088_4083,Stage 2,9,7
-7088_4083,Stage 3,21,12
-7088_4084,Stage 1,6,6
-7088_4084,Stage 2,9,3
-7088_4084,Stage 3,16,10
-7088_4085,Stage 1,4,4
-7088_4085,Stage 2,10,9
-7088_4085,Stage 3,17,12
-7088_4086,Stage 1,13,9
-7088_4086,Stage 2,28,5
-7088_4086,Stage 3,31,10
-7088_4087,Stage 1,8,6
-7088_4087,Stage 2,13,9
-7088_4087,Stage 3,15,9
-7088_4088,Stage 1,8,7
-7088_4088,Stage 2,14,11
-7088_4088,Stage 3,20,13
-7088_4089,Stage 1,7,5
-7088_4089,Stage 2,12,11
-7088_4089,Stage 3,6,6
-7088_4090,Stage 1,3,3
-7088_4090,Stage 2,16,11
-7088_4090,Stage 3,13,9
-7088_4091,Stage 1,7,7
-7088_4091,Stage 2,6,5
-7088_4091,Stage 3,11,10
-7088_4092,Stage 1,11,7
-7088_4092,Stage 2,9,7
-7088_4092,Stage 3,13,8
-7088_4093,Stage 1,13,4
-7088_4093,Stage 2,27,8
-7088_4093,Stage 3,62,21
-7088_4094,Stage 1,23,14
-7088_4094,Stage 2,7,7
-7088_4094,Stage 3,61,18
-7088_4095,Stage 1,16,12
-7088_4095,Stage 2,17,12
-7088_4095,Stage 3,12,10
-7088_4096,Stage 1,6,4
-7088_4096,Stage 2,18,11
-7088_4096,Stage 3,75,16
-7088_4097,Stage 1,12,8
-7088_4097,Stage 2,17,10
-7088_4097,Stage 3,31,21
-7088_4098,Stage 1,14,9
-7088_4098,Stage 2,18,11
-7088_4098,Stage 3,58,23
-7088_4099,Stage 1,9,8
-7088_4099,Stage 2,15,7
-7088_4099,Stage 3,88,34
-7088_4100,Stage 1,10,5
-7088_4100,Stage 2,66,12
-7088_4100,Stage 3,240,48
-7088_4101,Stage 1,11,5
-7088_4101,Stage 2,30,7
-7088_4101,Stage 3,403,47
-7088_4102,Stage 1,11,9
-7088_4102,Stage 2,19,11
-7088_4102,Stage 3,273,41
-7088_4103,Stage 1,17,9
-7088_4103,Stage 2,83,10
-7088_4103,Stage 3,659,54
-7088_4104,Stage 1,13,11
-7088_4104,Stage 2,20,10
-7088_4104,Stage 3,150,42
-7088_4105,Stage 1,5,5
-7088_4105,Stage 2,7,6
-7088_4105,Stage 3,90,35
-7088_4106,Stage 1,8,8
-7088_4106,Stage 2,23,15
-7088_4106,Stage 3,60,33
-7088_4107,Stage 1,7,6
-7088_4107,Stage 2,6,6
-7088_4107,Stage 3,95,35
-7088_4108,Stage 1,5,5
-7088_4108,Stage 2,23,14
-7088_4108,Stage 3,70,34
-7088_4109,Stage 1,6,5
-7088_4109,Stage 2,19,15
-7088_4109,Stage 3,84,30
-7088_4110,Stage 1,7,7
-7088_4110,Stage 2,13,12
-7088_4110,Stage 3,119,29
-7088_4111,Stage 1,12,9
-7088_4111,Stage 2,47,17
-7088_4111,Stage 3,602,49
-7088_4112,Stage 1,4,2
-7088_4112,Stage 2,24,12
-7088_4112,Stage 3,648,48
-7088_4113,Stage 1,17,11
-7088_4113,Stage 2,57,15
-7088_4113,Stage 3,908,53
-7088_4114,Stage 1,8,7
-7088_4114,Stage 2,7,7
-7088_4114,Stage 3,97,38
-7088_4115,Stage 1,14,7
-7088_4115,Stage 2,13,12
-7088_4115,Stage 3,50,31
-7088_4116,Stage 1,34,15
-7088_4116,Stage 2,28,18
-7088_4116,Stage 3,51,31
-7088_4117,Stage 1,8,7
-7088_4117,Stage 2,39,23
-7088_4117,Stage 3,49,32
-7088_4118,Stage 1,14,12
-7088_4118,Stage 2,23,20
-7088_4118,Stage 3,75,32
-7088_4119,Stage 1,16,10
-7088_4119,Stage 2,32,22
-7088_4119,Stage 3,76,34
-7088_4120,Stage 1,31,13
-7088_4120,Stage 2,55,29
-7088_4120,Stage 3,85,39
-7088_4121,Stage 1,8,8
-7088_4121,Stage 2,10,9
-7088_4121,Stage 3,66,31
-7088_4122,Stage 1,8,8
-7088_4122,Stage 2,14,13
-7088_4122,Stage 3,34,21
-7088_4123,Stage 1,6,5
-7088_4123,Stage 2,20,19
-7088_4123,Stage 3,39,29
-7088_4124,Stage 1,6,5
-7088_4124,Stage 2,12,11
-7088_4124,Stage 3,23,19
-7088_4125,Stage 1,2,2
-7088_4125,Stage 2,12,11
-7088_4125,Stage 3,17,14
-7089_4081,Stage 1,2,2
-7089_4081,Stage 2,2,2
-7089_4081,Stage 3,6,4
-7089_4082,Stage 1,7,7
-7089_4082,Stage 2,3,3
-7089_4082,Stage 3,14,12
-7089_4083,Stage 1,28,12
-7089_4083,Stage 2,7,7
-7089_4083,Stage 3,13,10
-7089_4084,Stage 1,16,9
-7089_4084,Stage 2,6,6
-7089_4084,Stage 3,11,6
-7089_4085,Stage 1,7,7
-7089_4085,Stage 2,8,6
-7089_4085,Stage 3,11,9
-7089_4086,Stage 1,7,6
-7089_4086,Stage 2,5,3
-7089_4086,Stage 3,13,11
-7089_4087,Stage 1,8,8
-7089_4087,Stage 2,16,12
-7089_4087,Stage 3,10,9
-7089_4088,Stage 1,8,7
-7089_4088,Stage 2,11,8
-7089_4088,Stage 3,12,11
-7089_4089,Stage 1,5,4
-7089_4089,Stage 2,12,10
-7089_4089,Stage 3,17,14
-7089_4090,Stage 1,7,5
-7089_4090,Stage 2,6,5
-7089_4090,Stage 3,15,9
-7089_4091,Stage 1,4,4
-7089_4091,Stage 2,10,9
-7089_4091,Stage 3,10,8
-7089_4092,Stage 1,5,5
-7089_4092,Stage 2,7,7
-7089_4092,Stage 3,20,15
-7089_4093,Stage 1,25,10
-7089_4093,Stage 2,9,8
-7089_4093,Stage 3,15,15
-7089_4094,Stage 1,42,7
-7089_4094,Stage 2,6,5
-7089_4094,Stage 3,32,14
-7089_4095,Stage 1,7,5
-7089_4095,Stage 2,12,7
-7089_4095,Stage 3,32,18
-7089_4096,Stage 1,3,3
-7089_4096,Stage 2,12,9
-7089_4096,Stage 3,33,20
-7089_4097,Stage 1,8,8
-7089_4097,Stage 2,6,6
-7089_4097,Stage 3,49,24
-7089_4098,Stage 1,11,6
-7089_4098,Stage 2,15,9
-7089_4098,Stage 3,100,26
-7089_4099,Stage 1,11,8
-7089_4099,Stage 2,10,4
-7089_4099,Stage 3,79,30
-7089_4100,Stage 1,12,9
-7089_4100,Stage 2,25,11
-7089_4100,Stage 3,109,31
-7089_4101,Stage 1,10,7
-7089_4101,Stage 2,18,8
-7089_4101,Stage 3,110,38
-7089_4102,Stage 1,15,12
-7089_4102,Stage 2,12,6
-7089_4102,Stage 3,90,35
-7089_4103,Stage 1,10,9
-7089_4103,Stage 2,30,15
-7089_4103,Stage 3,146,46
-7089_4104,Stage 1,9,8
-7089_4104,Stage 2,8,5
-7089_4104,Stage 3,110,38
-7089_4105,Stage 1,9,8
-7089_4105,Stage 2,12,11
-7089_4105,Stage 3,80,31
-7089_4106,Stage 1,5,5
-7089_4106,Stage 2,14,8
-7089_4106,Stage 3,49,29
-7089_4107,Stage 1,6,6
-7089_4107,Stage 2,13,11
-7089_4107,Stage 3,54,26
-7089_4108,Stage 1,5,4
-7089_4108,Stage 2,22,15
-7089_4108,Stage 3,91,31
-7089_4109,Stage 1,8,6
-7089_4109,Stage 2,7,7
-7089_4109,Stage 3,58,29
-7089_4110,Stage 1,6,6
-7089_4110,Stage 2,14,11
-7089_4110,Stage 3,113,33
-7089_4111,Stage 1,4,3
-7089_4111,Stage 2,25,17
-7089_4111,Stage 3,166,38
-7089_4112,Stage 1,10,7
-7089_4112,Stage 2,21,15
-7089_4112,Stage 3,250,40
-7089_4113,Stage 1,8,6
-7089_4113,Stage 2,25,16
-7089_4113,Stage 3,217,39
-7089_4114,Stage 1,12,9
-7089_4114,Stage 2,10,10
-7089_4114,Stage 3,172,38
-7089_4115,Stage 1,13,7
-7089_4115,Stage 2,14,12
-7089_4115,Stage 3,55,31
-7089_4116,Stage 1,33,16
-7089_4116,Stage 2,8,7
-7089_4116,Stage 3,60,28
-7089_4117,Stage 1,20,11
-7089_4117,Stage 2,35,15
-7089_4117,Stage 3,69,38
-7089_4118,Stage 1,7,6
-7089_4118,Stage 2,38,18
-7089_4118,Stage 3,68,32
-7089_4119,Stage 1,9,9
-7089_4119,Stage 2,12,11
-7089_4119,Stage 3,70,31
-7089_4120,Stage 1,14,12
-7089_4120,Stage 2,14,11
-7089_4120,Stage 3,49,29
-7089_4121,Stage 1,6,6
-7089_4121,Stage 2,32,7
-7089_4121,Stage 3,36,27
-7089_4122,Stage 1,13,10
-7089_4122,Stage 2,46,21
-7089_4122,Stage 3,44,27
-7089_4123,Stage 1,12,12
-7089_4123,Stage 2,24,17
-7089_4123,Stage 3,38,24
-7089_4124,Stage 1,11,11
-7089_4124,Stage 2,20,17
-7089_4124,Stage 3,32,23
-7089_4125,Stage 1,13,13
-7089_4125,Stage 2,23,18
-7089_4125,Stage 3,19,18
-7089_4126,Stage 1,0,0
-7089_4126,Stage 2,3,3
-7089_4126,Stage 3,1,1
-7090_4081,Stage 1,2,2
-7090_4081,Stage 2,2,2
-7090_4081,Stage 3,11,5
-7090_4082,Stage 1,3,3
-7090_4082,Stage 2,8,8
-7090_4082,Stage 3,7,6
-7090_4083,Stage 1,15,10
-7090_4083,Stage 2,5,5
-7090_4083,Stage 3,15,10
-7090_4084,Stage 1,24,11
-7090_4084,Stage 2,6,6
-7090_4084,Stage 3,8,8
-7090_4085,Stage 1,9,5
-7090_4085,Stage 2,8,6
-7090_4085,Stage 3,10,10
-7090_4086,Stage 1,5,5
-7090_4086,Stage 2,8,8
-7090_4086,Stage 3,8,8
-7090_4087,Stage 1,6,5
-7090_4087,Stage 2,4,3
-7090_4087,Stage 3,6,6
-7090_4088,Stage 1,9,7
-7090_4088,Stage 2,3,3
-7090_4088,Stage 3,13,11
-7090_4089,Stage 1,6,6
-7090_4089,Stage 2,7,7
-7090_4089,Stage 3,9,9
-7090_4090,Stage 1,5,5
-7090_4090,Stage 2,10,9
-7090_4090,Stage 3,11,7
-7090_4091,Stage 1,6,5
-7090_4091,Stage 2,5,5
-7090_4091,Stage 3,14,10
-7090_4092,Stage 1,5,4
-7090_4092,Stage 2,5,4
-7090_4092,Stage 3,15,15
-7090_4093,Stage 1,14,11
-7090_4093,Stage 2,9,5
-7090_4093,Stage 3,25,13
-7090_4094,Stage 1,15,7
-7090_4094,Stage 2,6,5
-7090_4094,Stage 3,28,14
-7090_4095,Stage 1,17,6
-7090_4095,Stage 2,11,10
-7090_4095,Stage 3,27,19
-7090_4096,Stage 1,15,12
-7090_4096,Stage 2,11,10
-7090_4096,Stage 3,42,20
-7090_4097,Stage 1,8,6
-7090_4097,Stage 2,8,7
-7090_4097,Stage 3,36,20
-7090_4098,Stage 1,14,10
-7090_4098,Stage 2,41,10
-7090_4098,Stage 3,61,26
-7090_4099,Stage 1,6,4
-7090_4099,Stage 2,19,9
-7090_4099,Stage 3,96,31
-7090_4100,Stage 1,8,7
-7090_4100,Stage 2,38,9
-7090_4100,Stage 3,185,38
-7090_4101,Stage 1,8,6
-7090_4101,Stage 2,34,11
-7090_4101,Stage 3,273,46
-7090_4102,Stage 1,11,9
-7090_4102,Stage 2,12,7
-7090_4102,Stage 3,168,44
-7090_4103,Stage 1,10,8
-7090_4103,Stage 2,33,13
-7090_4103,Stage 3,616,56
-7090_4104,Stage 1,9,9
-7090_4104,Stage 2,23,10
-7090_4104,Stage 3,107,38
-7090_4105,Stage 1,8,7
-7090_4105,Stage 2,16,11
-7090_4105,Stage 3,86,30
-7090_4106,Stage 1,6,6
-7090_4106,Stage 2,11,10
-7090_4106,Stage 3,80,43
-7090_4107,Stage 1,6,6
-7090_4107,Stage 2,11,10
-7090_4107,Stage 3,58,26
-7090_4108,Stage 1,4,3
-7090_4108,Stage 2,17,13
-7090_4108,Stage 3,49,27
-7090_4109,Stage 1,9,8
-7090_4109,Stage 2,9,9
-7090_4109,Stage 3,64,32
-7090_4110,Stage 1,8,8
-7090_4110,Stage 2,18,13
-7090_4110,Stage 3,136,39
-7090_4111,Stage 1,9,8
-7090_4111,Stage 2,58,14
-7090_4111,Stage 3,633,50
-7090_4112,Stage 1,8,8
-7090_4112,Stage 2,10,8
-7090_4112,Stage 3,392,53
-7090_4113,Stage 1,15,12
-7090_4113,Stage 2,52,17
-7090_4113,Stage 3,777,56
-7090_4114,Stage 1,6,4
-7090_4114,Stage 2,11,10
-7090_4114,Stage 3,123,35
-7090_4115,Stage 1,16,8
-7090_4115,Stage 2,15,12
-7090_4115,Stage 3,75,31
-7090_4116,Stage 1,24,10
-7090_4116,Stage 2,11,8
-7090_4116,Stage 3,54,28
-7090_4117,Stage 1,29,9
-7090_4117,Stage 2,15,12
-7090_4117,Stage 3,44,27
-7090_4118,Stage 1,5,5
-7090_4118,Stage 2,39,16
-7090_4118,Stage 3,67,39
-7090_4119,Stage 1,7,7
-7090_4119,Stage 2,12,10
-7090_4119,Stage 3,49,26
-7090_4120,Stage 1,4,4
-7090_4120,Stage 2,19,12
-7090_4120,Stage 3,38,25
-7090_4121,Stage 1,16,13
-7090_4121,Stage 2,15,12
-7090_4121,Stage 3,44,32
-7090_4122,Stage 1,14,12
-7090_4122,Stage 2,37,21
-7090_4122,Stage 3,44,33
-7090_4123,Stage 1,17,17
-7090_4123,Stage 2,39,20
-7090_4123,Stage 3,40,31
-7090_4124,Stage 1,30,22
-7090_4124,Stage 2,50,27
-7090_4124,Stage 3,58,30
-7090_4125,Stage 1,15,14
-7090_4125,Stage 2,20,17
-7090_4125,Stage 3,21,18
-7090_4126,Stage 1,5,5
-7090_4126,Stage 2,3,3
-7090_4126,Stage 3,8,5
-7091_4081,Stage 1,4,4
-7091_4081,Stage 2,8,8
-7091_4081,Stage 3,12,9
-7091_4082,Stage 1,7,6
-7091_4082,Stage 2,5,4
-7091_4082,Stage 3,11,5
-7091_4083,Stage 1,13,6
-7091_4083,Stage 2,5,5
-7091_4083,Stage 3,16,12
-7091_4084,Stage 1,7,6
-7091_4084,Stage 2,8,7
-7091_4084,Stage 3,7,5
-7091_4085,Stage 1,17,10
-7091_4085,Stage 2,4,4
-7091_4085,Stage 3,11,9
-7091_4086,Stage 1,8,8
-7091_4086,Stage 2,6,6
-7091_4086,Stage 3,18,16
-7091_4087,Stage 1,9,7
-7091_4087,Stage 2,7,7
-7091_4087,Stage 3,16,8
-7091_4088,Stage 1,6,6
-7091_4088,Stage 2,7,7
-7091_4088,Stage 3,10,7
-7091_4089,Stage 1,13,12
-7091_4089,Stage 2,6,6
-7091_4089,Stage 3,13,13
-7091_4090,Stage 1,10,8
-7091_4090,Stage 2,9,9
-7091_4090,Stage 3,8,7
-7091_4091,Stage 1,5,5
-7091_4091,Stage 2,7,7
-7091_4091,Stage 3,18,16
-7091_4092,Stage 1,9,7
-7091_4092,Stage 2,12,12
-7091_4092,Stage 3,18,13
-7091_4093,Stage 1,11,9
-7091_4093,Stage 2,6,5
-7091_4093,Stage 3,20,16
-7091_4094,Stage 1,9,8
-7091_4094,Stage 2,9,9
-7091_4094,Stage 3,164,13
-7091_4095,Stage 1,4,4
-7091_4095,Stage 2,8,6
-7091_4095,Stage 3,43,19
-7091_4096,Stage 1,13,9
-7091_4096,Stage 2,10,6
-7091_4096,Stage 3,59,28
-7091_4097,Stage 1,11,6
-7091_4097,Stage 2,11,6
-7091_4097,Stage 3,49,21
-7091_4098,Stage 1,110,9
-7091_4098,Stage 2,10,6
-7091_4098,Stage 3,64,25
-7091_4099,Stage 1,15,6
-7091_4099,Stage 2,9,7
-7091_4099,Stage 3,83,33
-7091_4100,Stage 1,13,8
-7091_4100,Stage 2,13,7
-7091_4100,Stage 3,95,36
-7091_4101,Stage 1,6,4
-7091_4101,Stage 2,22,10
-7091_4101,Stage 3,119,43
-7091_4102,Stage 1,12,10
-7091_4102,Stage 2,12,6
-7091_4102,Stage 3,129,42
-7091_4103,Stage 1,8,8
-7091_4103,Stage 2,25,11
-7091_4103,Stage 3,128,45
-7091_4104,Stage 1,3,3
-7091_4104,Stage 2,8,8
-7091_4104,Stage 3,134,41
-7091_4105,Stage 1,14,13
-7091_4105,Stage 2,7,7
-7091_4105,Stage 3,98,33
-7091_4106,Stage 1,5,5
-7091_4106,Stage 2,11,9
-7091_4106,Stage 3,68,32
-7091_4107,Stage 1,6,6
-7091_4107,Stage 2,6,6
-7091_4107,Stage 3,44,27
-7091_4108,Stage 1,3,3
-7091_4108,Stage 2,12,10
-7091_4108,Stage 3,56,25
-7091_4109,Stage 1,5,5
-7091_4109,Stage 2,14,13
-7091_4109,Stage 3,70,33
-7091_4110,Stage 1,9,7
-7091_4110,Stage 2,7,5
-7091_4110,Stage 3,168,41
-7091_4111,Stage 1,9,9
-7091_4111,Stage 2,33,13
-7091_4111,Stage 3,198,42
-7091_4112,Stage 1,1,1
-7091_4112,Stage 2,17,13
-7091_4112,Stage 3,441,47
-7091_4113,Stage 1,8,6
-7091_4113,Stage 2,32,20
-7091_4113,Stage 3,437,49
-7091_4114,Stage 1,5,4
-7091_4114,Stage 2,15,10
-7091_4114,Stage 3,96,37
-7091_4115,Stage 1,8,5
-7091_4115,Stage 2,12,10
-7091_4115,Stage 3,83,36
-7091_4116,Stage 1,14,7
-7091_4116,Stage 2,11,10
-7091_4116,Stage 3,64,35
-7091_4117,Stage 1,14,6
-7091_4117,Stage 2,14,13
-7091_4117,Stage 3,56,32
-7091_4118,Stage 1,19,14
-7091_4118,Stage 2,19,15
-7091_4118,Stage 3,64,34
-7091_4119,Stage 1,15,15
-7091_4119,Stage 2,38,15
-7091_4119,Stage 3,60,38
-7091_4120,Stage 1,19,16
-7091_4120,Stage 2,17,15
-7091_4120,Stage 3,34,26
-7091_4121,Stage 1,17,15
-7091_4121,Stage 2,21,17
-7091_4121,Stage 3,36,26
-7091_4122,Stage 1,15,10
-7091_4122,Stage 2,21,18
-7091_4122,Stage 3,46,31
-7091_4123,Stage 1,36,9
-7091_4123,Stage 2,19,18
-7091_4123,Stage 3,44,34
-7091_4124,Stage 1,15,14
-7091_4124,Stage 2,21,17
-7091_4124,Stage 3,29,23
-7091_4125,Stage 1,14,13
-7091_4125,Stage 2,30,15
-7091_4125,Stage 3,28,21
-7091_4126,Stage 1,8,6
-7091_4126,Stage 2,8,8
-7091_4126,Stage 3,17,13
-7092_4080,Stage 1,0,0
-7092_4080,Stage 2,4,4
-7092_4080,Stage 3,8,6
-7092_4081,Stage 1,2,2
-7092_4081,Stage 2,2,2
-7092_4081,Stage 3,17,13
-7092_4082,Stage 1,7,5
-7092_4082,Stage 2,6,5
-7092_4082,Stage 3,13,7
-7092_4083,Stage 1,9,7
-7092_4083,Stage 2,9,8
-7092_4083,Stage 3,7,7
-7092_4084,Stage 1,8,8
-7092_4084,Stage 2,4,4
-7092_4084,Stage 3,11,9
-7092_4085,Stage 1,5,5
-7092_4085,Stage 2,5,5
-7092_4085,Stage 3,8,7
-7092_4086,Stage 1,5,5
-7092_4086,Stage 2,6,6
-7092_4086,Stage 3,13,11
-7092_4087,Stage 1,8,7
-7092_4087,Stage 2,11,8
-7092_4087,Stage 3,21,16
-7092_4088,Stage 1,8,7
-7092_4088,Stage 2,3,3
-7092_4088,Stage 3,12,10
-7092_4089,Stage 1,6,6
-7092_4089,Stage 2,7,7
-7092_4089,Stage 3,13,7
-7092_4090,Stage 1,5,5
-7092_4090,Stage 2,11,10
-7092_4090,Stage 3,16,11
-7092_4091,Stage 1,5,5
-7092_4091,Stage 2,7,7
-7092_4091,Stage 3,12,10
-7092_4092,Stage 1,5,5
-7092_4092,Stage 2,8,4
-7092_4092,Stage 3,13,11
-7092_4093,Stage 1,16,9
-7092_4093,Stage 2,8,6
-7092_4093,Stage 3,38,14
-7092_4094,Stage 1,5,3
-7092_4094,Stage 2,6,6
-7092_4094,Stage 3,71,23
-7092_4095,Stage 1,11,9
-7092_4095,Stage 2,12,8
-7092_4095,Stage 3,38,21
-7092_4096,Stage 1,5,4
-7092_4096,Stage 2,31,13
-7092_4096,Stage 3,43,23
-7092_4097,Stage 1,12,7
-7092_4097,Stage 2,14,9
-7092_4097,Stage 3,117,24
-7092_4098,Stage 1,12,9
-7092_4098,Stage 2,53,13
-7092_4098,Stage 3,246,31
-7092_4099,Stage 1,15,10
-7092_4099,Stage 2,12,5
-7092_4099,Stage 3,48,26
-7092_4100,Stage 1,9,5
-7092_4100,Stage 2,32,9
-7092_4100,Stage 3,155,36
-7092_4101,Stage 1,10,8
-7092_4101,Stage 2,29,16
-7092_4101,Stage 3,355,46
-7092_4102,Stage 1,7,6
-7092_4102,Stage 2,16,11
-7092_4102,Stage 3,169,43
-7092_4103,Stage 1,7,5
-7092_4103,Stage 2,48,12
-7092_4103,Stage 3,564,54
-7092_4104,Stage 1,6,5
-7092_4104,Stage 2,14,8
-7092_4104,Stage 3,92,35
-7092_4105,Stage 1,9,7
-7092_4105,Stage 2,21,16
-7092_4105,Stage 3,87,31
-7092_4106,Stage 1,10,10
-7092_4106,Stage 2,12,9
-7092_4106,Stage 3,103,30
-7092_4107,Stage 1,7,7
-7092_4107,Stage 2,10,9
-7092_4107,Stage 3,45,27
-7092_4108,Stage 1,6,6
-7092_4108,Stage 2,11,10
-7092_4108,Stage 3,82,35
-7092_4109,Stage 1,14,10
-7092_4109,Stage 2,11,8
-7092_4109,Stage 3,102,39
-7092_4110,Stage 1,12,10
-7092_4110,Stage 2,23,17
-7092_4110,Stage 3,143,42
-7092_4111,Stage 1,13,11
-7092_4111,Stage 2,20,7
-7092_4111,Stage 3,307,47
-7092_4112,Stage 1,10,10
-7092_4112,Stage 2,25,14
-7092_4112,Stage 3,234,41
-7092_4113,Stage 1,12,11
-7092_4113,Stage 2,23,16
-7092_4113,Stage 3,184,47
-7092_4114,Stage 1,7,5
-7092_4114,Stage 2,15,9
-7092_4114,Stage 3,85,30
-7092_4115,Stage 1,4,4
-7092_4115,Stage 2,19,16
-7092_4115,Stage 3,64,34
-7092_4116,Stage 1,10,8
-7092_4116,Stage 2,17,17
-7092_4116,Stage 3,38,23
-7092_4117,Stage 1,22,10
-7092_4117,Stage 2,14,14
-7092_4117,Stage 3,37,29
-7092_4118,Stage 1,23,13
-7092_4118,Stage 2,6,6
-7092_4118,Stage 3,29,16
-7092_4119,Stage 1,11,6
-7092_4119,Stage 2,17,10
-7092_4119,Stage 3,55,24
-7092_4120,Stage 1,14,12
-7092_4120,Stage 2,30,17
-7092_4120,Stage 3,38,27
-7092_4121,Stage 1,10,9
-7092_4121,Stage 2,16,16
-7092_4121,Stage 3,57,36
-7092_4122,Stage 1,18,17
-7092_4122,Stage 2,32,23
-7092_4122,Stage 3,45,26
-7092_4123,Stage 1,13,12
-7092_4123,Stage 2,21,18
-7092_4123,Stage 3,49,29
-7092_4124,Stage 1,8,7
-7092_4124,Stage 2,22,19
-7092_4124,Stage 3,34,28
-7092_4125,Stage 1,11,10
-7092_4125,Stage 2,29,22
-7092_4125,Stage 3,42,36
-7092_4126,Stage 1,5,5
-7092_4126,Stage 2,33,13
-7092_4126,Stage 3,27,16
-7093_4079,Stage 1,0,0
-7093_4079,Stage 2,0,0
-7093_4079,Stage 3,2,2
-7093_4080,Stage 1,7,7
-7093_4080,Stage 2,8,8
-7093_4080,Stage 3,15,12
-7093_4081,Stage 1,0,0
-7093_4081,Stage 2,9,9
-7093_4081,Stage 3,12,10
-7093_4082,Stage 1,8,5
-7093_4082,Stage 2,8,8
-7093_4082,Stage 3,12,8
-7093_4083,Stage 1,6,6
-7093_4083,Stage 2,4,4
-7093_4083,Stage 3,14,12
-7093_4084,Stage 1,9,7
-7093_4084,Stage 2,9,9
-7093_4084,Stage 3,14,12
-7093_4085,Stage 1,6,6
-7093_4085,Stage 2,4,4
-7093_4085,Stage 3,17,15
-7093_4086,Stage 1,9,9
-7093_4086,Stage 2,9,9
-7093_4086,Stage 3,21,12
-7093_4087,Stage 1,9,8
-7093_4087,Stage 2,5,5
-7093_4087,Stage 3,14,11
-7093_4088,Stage 1,2,2
-7093_4088,Stage 2,11,8
-7093_4088,Stage 3,17,13
-7093_4089,Stage 1,9,8
-7093_4089,Stage 2,7,7
-7093_4089,Stage 3,17,14
-7093_4090,Stage 1,6,5
-7093_4090,Stage 2,10,8
-7093_4090,Stage 3,15,13
-7093_4091,Stage 1,5,5
-7093_4091,Stage 2,10,7
-7093_4091,Stage 3,7,4
-7093_4092,Stage 1,30,8
-7093_4092,Stage 2,11,7
-7093_4092,Stage 3,15,12
-7093_4093,Stage 1,11,8
-7093_4093,Stage 2,16,7
-7093_4093,Stage 3,135,23
-7093_4094,Stage 1,7,7
-7093_4094,Stage 2,8,7
-7093_4094,Stage 3,69,22
-7093_4095,Stage 1,9,9
-7093_4095,Stage 2,21,9
-7093_4095,Stage 3,44,19
-7093_4096,Stage 1,7,7
-7093_4096,Stage 2,24,10
-7093_4096,Stage 3,53,28
-7093_4097,Stage 1,8,5
-7093_4097,Stage 2,8,5
-7093_4097,Stage 3,65,23
-7093_4098,Stage 1,11,8
-7093_4098,Stage 2,14,8
-7093_4098,Stage 3,105,30
-7093_4099,Stage 1,17,11
-7093_4099,Stage 2,18,9
-7093_4099,Stage 3,53,29
-7093_4100,Stage 1,13,8
-7093_4100,Stage 2,35,10
-7093_4100,Stage 3,123,43
-7093_4101,Stage 1,10,7
-7093_4101,Stage 2,24,10
-7093_4101,Stage 3,352,44
-7093_4102,Stage 1,8,8
-7093_4102,Stage 2,13,7
-7093_4102,Stage 3,132,43
-7093_4103,Stage 1,6,6
-7093_4103,Stage 2,35,16
-7093_4103,Stage 3,297,47
-7093_4104,Stage 1,16,12
-7093_4104,Stage 2,13,7
-7093_4104,Stage 3,108,39
-7093_4105,Stage 1,5,5
-7093_4105,Stage 2,9,7
-7093_4105,Stage 3,58,30
-7093_4106,Stage 1,6,6
-7093_4106,Stage 2,7,6
-7093_4106,Stage 3,67,35
-7093_4107,Stage 1,4,4
-7093_4107,Stage 2,8,8
-7093_4107,Stage 3,49,29
-7093_4108,Stage 1,6,6
-7093_4108,Stage 2,14,10
-7093_4108,Stage 3,104,38
-7093_4109,Stage 1,8,4
-7093_4109,Stage 2,13,9
-7093_4109,Stage 3,116,41
-7093_4110,Stage 1,97,14
-7093_4110,Stage 2,20,9
-7093_4110,Stage 3,148,39
-7093_4111,Stage 1,7,7
-7093_4111,Stage 2,77,10
-7093_4111,Stage 3,764,47
-7093_4112,Stage 1,11,10
-7093_4112,Stage 2,20,13
-7093_4112,Stage 3,295,48
-7093_4113,Stage 1,7,5
-7093_4113,Stage 2,73,15
-7093_4113,Stage 3,254,43
-7093_4114,Stage 1,9,8
-7093_4114,Stage 2,11,8
-7093_4114,Stage 3,112,31
-7093_4115,Stage 1,9,6
-7093_4115,Stage 2,8,7
-7093_4115,Stage 3,74,29
-7093_4116,Stage 1,15,10
-7093_4116,Stage 2,20,15
-7093_4116,Stage 3,61,31
-7093_4117,Stage 1,6,6
-7093_4117,Stage 2,12,11
-7093_4117,Stage 3,35,27
-7093_4118,Stage 1,12,7
-7093_4118,Stage 2,13,13
-7093_4118,Stage 3,48,31
-7093_4119,Stage 1,22,11
-7093_4119,Stage 2,15,12
-7093_4119,Stage 3,50,19
-7093_4120,Stage 1,24,17
-7093_4120,Stage 2,43,24
-7093_4120,Stage 3,57,36
-7093_4121,Stage 1,8,8
-7093_4121,Stage 2,28,17
-7093_4121,Stage 3,59,30
-7093_4122,Stage 1,9,7
-7093_4122,Stage 2,21,11
-7093_4122,Stage 3,47,25
-7093_4123,Stage 1,11,11
-7093_4123,Stage 2,17,13
-7093_4123,Stage 3,49,31
-7093_4124,Stage 1,16,14
-7093_4124,Stage 2,11,9
-7093_4124,Stage 3,35,23
-7093_4125,Stage 1,10,8
-7093_4125,Stage 2,31,27
-7093_4125,Stage 3,32,29
-7093_4126,Stage 1,5,5
-7093_4126,Stage 2,18,12
-7093_4126,Stage 3,12,7
-7094_4079,Stage 1,2,2
-7094_4079,Stage 2,1,1
-7094_4079,Stage 3,8,4
-7094_4080,Stage 1,4,4
-7094_4080,Stage 2,7,7
-7094_4080,Stage 3,18,13
-7094_4081,Stage 1,5,5
-7094_4081,Stage 2,5,5
-7094_4081,Stage 3,22,7
-7094_4082,Stage 1,5,5
-7094_4082,Stage 2,5,5
-7094_4082,Stage 3,16,8
-7094_4083,Stage 1,6,5
-7094_4083,Stage 2,7,7
-7094_4083,Stage 3,9,8
-7094_4084,Stage 1,6,6
-7094_4084,Stage 2,5,5
-7094_4084,Stage 3,7,4
-7094_4085,Stage 1,8,7
-7094_4085,Stage 2,6,6
-7094_4085,Stage 3,27,11
-7094_4086,Stage 1,2,2
-7094_4086,Stage 2,3,3
-7094_4086,Stage 3,13,10
-7094_4087,Stage 1,8,7
-7094_4087,Stage 2,5,4
-7094_4087,Stage 3,16,15
-7094_4088,Stage 1,2,2
-7094_4088,Stage 2,2,2
-7094_4088,Stage 3,8,7
-7094_4089,Stage 1,7,7
-7094_4089,Stage 2,8,5
-7094_4089,Stage 3,21,14
-7094_4090,Stage 1,4,4
-7094_4090,Stage 2,9,5
-7094_4090,Stage 3,26,12
-7094_4091,Stage 1,5,4
-7094_4091,Stage 2,12,8
-7094_4091,Stage 3,16,15
-7094_4092,Stage 1,4,3
-7094_4092,Stage 2,14,8
-7094_4092,Stage 3,10,10
-7094_4093,Stage 1,14,3
-7094_4093,Stage 2,45,8
-7094_4093,Stage 3,34,19
-7094_4094,Stage 1,10,5
-7094_4094,Stage 2,8,8
-7094_4094,Stage 3,21,12
-7094_4095,Stage 1,5,5
-7094_4095,Stage 2,69,9
-7094_4095,Stage 3,50,19
-7094_4096,Stage 1,9,8
-7094_4096,Stage 2,51,14
-7094_4096,Stage 3,45,21
-7094_4097,Stage 1,15,8
-7094_4097,Stage 2,12,6
-7094_4097,Stage 3,56,24
-7094_4098,Stage 1,11,7
-7094_4098,Stage 2,54,16
-7094_4098,Stage 3,61,25
-7094_4099,Stage 1,8,5
-7094_4099,Stage 2,25,14
-7094_4099,Stage 3,121,39
-7094_4100,Stage 1,12,6
-7094_4100,Stage 2,27,8
-7094_4100,Stage 3,259,46
-7094_4101,Stage 1,9,5
-7094_4101,Stage 2,20,8
-7094_4101,Stage 3,271,46
-7094_4102,Stage 1,8,8
-7094_4102,Stage 2,19,9
-7094_4102,Stage 3,146,42
-7094_4103,Stage 1,9,7
-7094_4103,Stage 2,31,12
-7094_4103,Stage 3,306,45
-7094_4104,Stage 1,12,10
-7094_4104,Stage 2,20,11
-7094_4104,Stage 3,118,39
-7094_4105,Stage 1,6,6
-7094_4105,Stage 2,18,12
-7094_4105,Stage 3,118,37
-7094_4106,Stage 1,6,6
-7094_4106,Stage 2,7,7
-7094_4106,Stage 3,77,33
-7094_4107,Stage 1,5,5
-7094_4107,Stage 2,7,6
-7094_4107,Stage 3,92,35
-7094_4108,Stage 1,14,10
-7094_4108,Stage 2,7,4
-7094_4108,Stage 3,170,38
-7094_4109,Stage 1,10,4
-7094_4109,Stage 2,14,12
-7094_4109,Stage 3,166,38
-7094_4110,Stage 1,9,7
-7094_4110,Stage 2,17,13
-7094_4110,Stage 3,289,51
-7094_4111,Stage 1,9,8
-7094_4111,Stage 2,25,15
-7094_4111,Stage 3,264,47
-7094_4112,Stage 1,13,10
-7094_4112,Stage 2,22,9
-7094_4112,Stage 3,258,43
-7094_4113,Stage 1,12,8
-7094_4113,Stage 2,34,17
-7094_4113,Stage 3,180,35
-7094_4114,Stage 1,7,6
-7094_4114,Stage 2,14,11
-7094_4114,Stage 3,129,38
-7094_4115,Stage 1,21,8
-7094_4115,Stage 2,8,7
-7094_4115,Stage 3,83,32
-7094_4116,Stage 1,11,10
-7094_4116,Stage 2,9,6
-7094_4116,Stage 3,46,26
-7094_4117,Stage 1,14,14
-7094_4117,Stage 2,17,12
-7094_4117,Stage 3,45,32
-7094_4118,Stage 1,17,10
-7094_4118,Stage 2,16,14
-7094_4118,Stage 3,39,30
-7094_4119,Stage 1,8,6
-7094_4119,Stage 2,8,6
-7094_4119,Stage 3,54,35
-7094_4120,Stage 1,35,13
-7094_4120,Stage 2,22,13
-7094_4120,Stage 3,56,37
-7094_4121,Stage 1,16,11
-7094_4121,Stage 2,49,16
-7094_4121,Stage 3,43,30
-7094_4122,Stage 1,8,8
-7094_4122,Stage 2,23,15
-7094_4122,Stage 3,44,24
-7094_4123,Stage 1,11,11
-7094_4123,Stage 2,29,16
-7094_4123,Stage 3,42,26
-7094_4124,Stage 1,7,6
-7094_4124,Stage 2,35,23
-7094_4124,Stage 3,72,36
-7094_4125,Stage 1,15,9
-7094_4125,Stage 2,30,23
-7094_4125,Stage 3,65,41
-7094_4126,Stage 1,14,11
-7094_4126,Stage 2,7,6
-7094_4126,Stage 3,29,21
-7094_4127,Stage 1,0,0
-7094_4127,Stage 2,0,0
-7094_4127,Stage 3,3,3
-7095_4079,Stage 1,3,3
-7095_4079,Stage 2,3,2
-7095_4079,Stage 3,9,6
-7095_4080,Stage 1,6,6
-7095_4080,Stage 2,8,8
-7095_4080,Stage 3,21,12
-7095_4081,Stage 1,3,3
-7095_4081,Stage 2,4,4
-7095_4081,Stage 3,19,11
-7095_4082,Stage 1,5,5
-7095_4082,Stage 2,6,6
-7095_4082,Stage 3,16,10
-7095_4083,Stage 1,3,3
-7095_4083,Stage 2,7,7
-7095_4083,Stage 3,23,13
-7095_4084,Stage 1,4,4
-7095_4084,Stage 2,5,5
-7095_4084,Stage 3,24,15
-7095_4085,Stage 1,4,3
-7095_4085,Stage 2,7,7
-7095_4085,Stage 3,18,15
-7095_4086,Stage 1,5,5
-7095_4086,Stage 2,9,8
-7095_4086,Stage 3,19,13
-7095_4087,Stage 1,12,8
-7095_4087,Stage 2,11,9
-7095_4087,Stage 3,15,12
-7095_4088,Stage 1,4,4
-7095_4088,Stage 2,13,7
-7095_4088,Stage 3,17,12
-7095_4089,Stage 1,4,3
-7095_4089,Stage 2,7,4
-7095_4089,Stage 3,14,10
-7095_4090,Stage 1,8,7
-7095_4090,Stage 2,5,5
-7095_4090,Stage 3,15,9
-7095_4091,Stage 1,4,3
-7095_4091,Stage 2,6,5
-7095_4091,Stage 3,26,17
-7095_4092,Stage 1,6,6
-7095_4092,Stage 2,8,6
-7095_4092,Stage 3,19,13
-7095_4093,Stage 1,11,5
-7095_4093,Stage 2,14,11
-7095_4093,Stage 3,18,13
-7095_4094,Stage 1,10,5
-7095_4094,Stage 2,5,5
-7095_4094,Stage 3,43,19
-7095_4095,Stage 1,7,6
-7095_4095,Stage 2,21,13
-7095_4095,Stage 3,39,19
-7095_4096,Stage 1,15,14
-7095_4096,Stage 2,9,4
-7095_4096,Stage 3,58,28
-7095_4097,Stage 1,14,8
-7095_4097,Stage 2,12,12
-7095_4097,Stage 3,81,32
-7095_4098,Stage 1,16,10
-7095_4098,Stage 2,20,10
-7095_4098,Stage 3,91,29
-7095_4099,Stage 1,17,9
-7095_4099,Stage 2,16,8
-7095_4099,Stage 3,101,37
-7095_4100,Stage 1,12,4
-7095_4100,Stage 2,20,7
-7095_4100,Stage 3,174,48
-7095_4101,Stage 1,12,11
-7095_4101,Stage 2,22,5
-7095_4101,Stage 3,367,51
-7095_4102,Stage 1,9,8
-7095_4102,Stage 2,20,12
-7095_4102,Stage 3,181,47
-7095_4103,Stage 1,9,8
-7095_4103,Stage 2,96,12
-7095_4103,Stage 3,593,54
-7095_4104,Stage 1,10,9
-7095_4104,Stage 2,19,9
-7095_4104,Stage 3,165,43
-7095_4105,Stage 1,6,2
-7095_4105,Stage 2,48,7
-7095_4105,Stage 3,170,45
-7095_4106,Stage 1,6,6
-7095_4106,Stage 2,7,6
-7095_4106,Stage 3,74,34
-7095_4107,Stage 1,6,5
-7095_4107,Stage 2,9,9
-7095_4107,Stage 3,114,33
-7095_4108,Stage 1,8,5
-7095_4108,Stage 2,56,15
-7095_4108,Stage 3,716,43
-7095_4109,Stage 1,19,9
-7095_4109,Stage 2,23,12
-7095_4109,Stage 3,251,46
-7095_4110,Stage 1,13,8
-7095_4110,Stage 2,93,13
-7095_4110,Stage 3,1239,53
-7095_4111,Stage 1,8,7
-7095_4111,Stage 2,28,15
-7095_4111,Stage 3,306,42
-7095_4112,Stage 1,5,5
-7095_4112,Stage 2,28,18
-7095_4112,Stage 3,143,34
-7095_4113,Stage 1,10,8
-7095_4113,Stage 2,123,18
-7095_4113,Stage 3,119,35
-7095_4114,Stage 1,7,7
-7095_4114,Stage 2,13,9
-7095_4114,Stage 3,105,36
-7095_4115,Stage 1,24,9
-7095_4115,Stage 2,29,12
-7095_4115,Stage 3,78,33
-7095_4116,Stage 1,8,5
-7095_4116,Stage 2,13,13
-7095_4116,Stage 3,78,33
-7095_4117,Stage 1,8,8
-7095_4117,Stage 2,19,14
-7095_4117,Stage 3,76,36
-7095_4118,Stage 1,9,8
-7095_4118,Stage 2,20,19
-7095_4118,Stage 3,53,30
-7095_4119,Stage 1,12,9
-7095_4119,Stage 2,9,9
-7095_4119,Stage 3,34,29
-7095_4120,Stage 1,14,11
-7095_4120,Stage 2,23,18
-7095_4120,Stage 3,39,28
-7095_4121,Stage 1,41,13
-7095_4121,Stage 2,35,17
-7095_4121,Stage 3,56,33
-7095_4122,Stage 1,15,14
-7095_4122,Stage 2,23,12
-7095_4122,Stage 3,45,31
-7095_4123,Stage 1,8,8
-7095_4123,Stage 2,42,17
-7095_4123,Stage 3,43,27
-7095_4124,Stage 1,4,4
-7095_4124,Stage 2,34,18
-7095_4124,Stage 3,44,29
-7095_4125,Stage 1,11,11
-7095_4125,Stage 2,25,20
-7095_4125,Stage 3,49,24
-7095_4126,Stage 1,6,6
-7095_4126,Stage 2,28,21
-7095_4126,Stage 3,38,24
-7095_4127,Stage 1,8,7
-7095_4127,Stage 2,16,15
-7095_4127,Stage 3,25,16
-7095_4128,Stage 1,5,5
-7095_4128,Stage 2,27,21
-7095_4128,Stage 3,16,13
-7095_4129,Stage 1,6,6
-7095_4129,Stage 2,18,8
-7095_4129,Stage 3,8,6
-7095_4130,Stage 1,0,0
-7095_4130,Stage 2,3,3
-7095_4130,Stage 3,0,0
-7096_4078,Stage 1,0,0
-7096_4078,Stage 2,1,1
-7096_4078,Stage 3,0,0
-7096_4079,Stage 1,2,2
-7096_4079,Stage 2,5,5
-7096_4079,Stage 3,6,5
-7096_4080,Stage 1,6,6
-7096_4080,Stage 2,8,7
-7096_4080,Stage 3,13,10
-7096_4081,Stage 1,3,3
-7096_4081,Stage 2,7,7
-7096_4081,Stage 3,17,10
-7096_4082,Stage 1,6,6
-7096_4082,Stage 2,4,4
-7096_4082,Stage 3,20,8
-7096_4083,Stage 1,5,5
-7096_4083,Stage 2,8,8
-7096_4083,Stage 3,17,13
-7096_4084,Stage 1,1,1
-7096_4084,Stage 2,6,5
-7096_4084,Stage 3,23,12
-7096_4085,Stage 1,5,5
-7096_4085,Stage 2,4,4
-7096_4085,Stage 3,13,11
-7096_4086,Stage 1,5,5
-7096_4086,Stage 2,4,4
-7096_4086,Stage 3,24,19
-7096_4087,Stage 1,5,5
-7096_4087,Stage 2,6,5
-7096_4087,Stage 3,14,13
-7096_4088,Stage 1,4,4
-7096_4088,Stage 2,11,10
-7096_4088,Stage 3,10,8
-7096_4089,Stage 1,6,5
-7096_4089,Stage 2,13,8
-7096_4089,Stage 3,18,11
-7096_4090,Stage 1,7,6
-7096_4090,Stage 2,14,8
-7096_4090,Stage 3,23,16
-7096_4091,Stage 1,9,8
-7096_4091,Stage 2,13,9
-7096_4091,Stage 3,20,12
-7096_4092,Stage 1,8,6
-7096_4092,Stage 2,11,7
-7096_4092,Stage 3,32,23
-7096_4093,Stage 1,11,7
-7096_4093,Stage 2,12,8
-7096_4093,Stage 3,34,18
-7096_4094,Stage 1,9,6
-7096_4094,Stage 2,7,6
-7096_4094,Stage 3,28,17
-7096_4095,Stage 1,13,10
-7096_4095,Stage 2,12,6
-7096_4095,Stage 3,38,17
-7096_4096,Stage 1,15,6
-7096_4096,Stage 2,20,8
-7096_4096,Stage 3,64,26
-7096_4097,Stage 1,12,10
-7096_4097,Stage 2,6,3
-7096_4097,Stage 3,137,26
-7096_4098,Stage 1,12,7
-7096_4098,Stage 2,15,9
-7096_4098,Stage 3,120,40
-7096_4099,Stage 1,13,8
-7096_4099,Stage 2,14,8
-7096_4099,Stage 3,82,38
-7096_4100,Stage 1,9,8
-7096_4100,Stage 2,16,11
-7096_4100,Stage 3,256,47
-7096_4101,Stage 1,8,8
-7096_4101,Stage 2,18,8
-7096_4101,Stage 3,159,42
-7096_4102,Stage 1,9,6
-7096_4102,Stage 2,14,10
-7096_4102,Stage 3,194,44
-7096_4103,Stage 1,10,6
-7096_4103,Stage 2,20,12
-7096_4103,Stage 3,126,48
-7096_4104,Stage 1,5,4
-7096_4104,Stage 2,13,9
-7096_4104,Stage 3,151,51
-7096_4105,Stage 1,7,7
-7096_4105,Stage 2,20,11
-7096_4105,Stage 3,95,32
-7096_4106,Stage 1,7,6
-7096_4106,Stage 2,12,10
-7096_4106,Stage 3,90,47
-7096_4107,Stage 1,4,4
-7096_4107,Stage 2,8,7
-7096_4107,Stage 3,216,42
-7096_4108,Stage 1,10,8
-7096_4108,Stage 2,23,11
-7096_4108,Stage 3,183,39
-7096_4109,Stage 1,16,9
-7096_4109,Stage 2,24,14
-7096_4109,Stage 3,211,42
-7096_4110,Stage 1,11,7
-7096_4110,Stage 2,17,12
-7096_4110,Stage 3,197,47
-7096_4111,Stage 1,14,12
-7096_4111,Stage 2,39,17
-7096_4111,Stage 3,186,41
-7096_4112,Stage 1,11,11
-7096_4112,Stage 2,27,18
-7096_4112,Stage 3,207,43
-7096_4113,Stage 1,11,8
-7096_4113,Stage 2,27,11
-7096_4113,Stage 3,147,42
-7096_4114,Stage 1,10,7
-7096_4114,Stage 2,21,14
-7096_4114,Stage 3,152,41
-7096_4115,Stage 1,7,7
-7096_4115,Stage 2,19,13
-7096_4115,Stage 3,115,40
-7096_4116,Stage 1,10,8
-7096_4116,Stage 2,17,12
-7096_4116,Stage 3,81,35
-7096_4117,Stage 1,9,9
-7096_4117,Stage 2,12,10
-7096_4117,Stage 3,105,35
-7096_4118,Stage 1,11,11
-7096_4118,Stage 2,11,9
-7096_4118,Stage 3,77,29
-7096_4119,Stage 1,12,10
-7096_4119,Stage 2,10,10
-7096_4119,Stage 3,39,26
-7096_4120,Stage 1,15,9
-7096_4120,Stage 2,16,12
-7096_4120,Stage 3,41,32
-7096_4121,Stage 1,16,9
-7096_4121,Stage 2,14,10
-7096_4121,Stage 3,42,31
-7096_4122,Stage 1,23,10
-7096_4122,Stage 2,22,14
-7096_4122,Stage 3,39,24
-7096_4123,Stage 1,10,10
-7096_4123,Stage 2,35,17
-7096_4123,Stage 3,38,31
-7096_4124,Stage 1,13,13
-7096_4124,Stage 2,36,13
-7096_4124,Stage 3,46,31
-7096_4125,Stage 1,5,5
-7096_4125,Stage 2,37,21
-7096_4125,Stage 3,38,29
-7096_4126,Stage 1,8,8
-7096_4126,Stage 2,27,19
-7096_4126,Stage 3,48,23
-7096_4127,Stage 1,7,7
-7096_4127,Stage 2,28,20
-7096_4127,Stage 3,38,25
-7096_4128,Stage 1,8,8
-7096_4128,Stage 2,20,14
-7096_4128,Stage 3,19,16
-7096_4129,Stage 1,12,12
-7096_4129,Stage 2,27,19
-7096_4129,Stage 3,30,22
-7096_4130,Stage 1,13,13
-7096_4130,Stage 2,26,15
-7096_4130,Stage 3,14,12
-7096_4131,Stage 1,6,6
-7096_4131,Stage 2,5,5
-7096_4131,Stage 3,2,2
-7097_4078,Stage 1,1,1
-7097_4078,Stage 2,0,0
-7097_4078,Stage 3,5,4
-7097_4079,Stage 1,1,1
-7097_4079,Stage 2,5,4
-7097_4079,Stage 3,20,15
-7097_4080,Stage 1,4,4
-7097_4080,Stage 2,7,7
-7097_4080,Stage 3,17,9
-7097_4081,Stage 1,3,3
-7097_4081,Stage 2,5,4
-7097_4081,Stage 3,22,13
-7097_4082,Stage 1,7,6
-7097_4082,Stage 2,7,6
-7097_4082,Stage 3,17,13
-7097_4083,Stage 1,6,6
-7097_4083,Stage 2,0,0
-7097_4083,Stage 3,20,12
-7097_4084,Stage 1,5,4
-7097_4084,Stage 2,4,4
-7097_4084,Stage 3,23,9
-7097_4085,Stage 1,5,5
-7097_4085,Stage 2,6,6
-7097_4085,Stage 3,31,12
-7097_4086,Stage 1,5,5
-7097_4086,Stage 2,7,7
-7097_4086,Stage 3,22,10
-7097_4087,Stage 1,8,7
-7097_4087,Stage 2,6,5
-7097_4087,Stage 3,19,13
-7097_4088,Stage 1,6,5
-7097_4088,Stage 2,8,6
-7097_4088,Stage 3,26,17
-7097_4089,Stage 1,9,7
-7097_4089,Stage 2,4,4
-7097_4089,Stage 3,21,17
-7097_4090,Stage 1,7,6
-7097_4090,Stage 2,13,8
-7097_4090,Stage 3,36,24
-7097_4091,Stage 1,5,4
-7097_4091,Stage 2,5,3
-7097_4091,Stage 3,28,14
-7097_4092,Stage 1,9,7
-7097_4092,Stage 2,16,12
-7097_4092,Stage 3,23,17
-7097_4093,Stage 1,12,7
-7097_4093,Stage 2,31,9
-7097_4093,Stage 3,32,18
-7097_4094,Stage 1,6,6
-7097_4094,Stage 2,9,8
-7097_4094,Stage 3,34,10
-7097_4095,Stage 1,8,4
-7097_4095,Stage 2,36,12
-7097_4095,Stage 3,40,23
-7097_4096,Stage 1,15,12
-7097_4096,Stage 2,33,8
-7097_4096,Stage 3,90,31
-7097_4097,Stage 1,12,9
-7097_4097,Stage 2,10,7
-7097_4097,Stage 3,101,32
-7097_4098,Stage 1,13,8
-7097_4098,Stage 2,38,9
-7097_4098,Stage 3,79,35
-7097_4099,Stage 1,11,8
-7097_4099,Stage 2,19,11
-7097_4099,Stage 3,73,37
-7097_4100,Stage 1,15,9
-7097_4100,Stage 2,34,11
-7097_4100,Stage 3,271,46
-7097_4101,Stage 1,13,8
-7097_4101,Stage 2,39,12
-7097_4101,Stage 3,471,53
-7097_4102,Stage 1,9,8
-7097_4102,Stage 2,12,7
-7097_4102,Stage 3,168,50
-7097_4103,Stage 1,13,7
-7097_4103,Stage 2,30,11
-7097_4103,Stage 3,241,45
-7097_4104,Stage 1,5,5
-7097_4104,Stage 2,14,11
-7097_4104,Stage 3,133,37
-7097_4105,Stage 1,8,6
-7097_4105,Stage 2,13,7
-7097_4105,Stage 3,160,40
-7097_4106,Stage 1,8,7
-7097_4106,Stage 2,23,10
-7097_4106,Stage 3,92,39
-7097_4107,Stage 1,6,4
-7097_4107,Stage 2,11,7
-7097_4107,Stage 3,91,33
-7097_4108,Stage 1,4,3
-7097_4108,Stage 2,45,16
-7097_4108,Stage 3,1162,56
-7097_4109,Stage 1,9,4
-7097_4109,Stage 2,17,9
-7097_4109,Stage 3,279,47
-7097_4110,Stage 1,8,6
-7097_4110,Stage 2,142,18
-7097_4110,Stage 3,714,50
-7097_4111,Stage 1,9,6
-7097_4111,Stage 2,56,13
-7097_4111,Stage 3,211,38
-7097_4112,Stage 1,9,8
-7097_4112,Stage 2,39,12
-7097_4112,Stage 3,145,42
-7097_4113,Stage 1,6,6
-7097_4113,Stage 2,44,12
-7097_4113,Stage 3,165,50
-7097_4114,Stage 1,10,8
-7097_4114,Stage 2,25,13
-7097_4114,Stage 3,165,45
-7097_4115,Stage 1,8,7
-7097_4115,Stage 2,20,13
-7097_4115,Stage 3,128,35
-7097_4116,Stage 1,11,9
-7097_4116,Stage 2,61,14
-7097_4116,Stage 3,1062,51
-7097_4117,Stage 1,6,6
-7097_4117,Stage 2,11,9
-7097_4117,Stage 3,144,40
-7097_4118,Stage 1,12,11
-7097_4118,Stage 2,5,5
-7097_4118,Stage 3,66,34
-7097_4119,Stage 1,6,6
-7097_4119,Stage 2,10,10
-7097_4119,Stage 3,59,33
-7097_4120,Stage 1,16,11
-7097_4120,Stage 2,17,14
-7097_4120,Stage 3,45,28
-7097_4121,Stage 1,12,11
-7097_4121,Stage 2,13,12
-7097_4121,Stage 3,45,36
-7097_4122,Stage 1,24,13
-7097_4122,Stage 2,27,18
-7097_4122,Stage 3,54,30
-7097_4123,Stage 1,21,15
-7097_4123,Stage 2,28,20
-7097_4123,Stage 3,36,25
-7097_4124,Stage 1,14,13
-7097_4124,Stage 2,23,16
-7097_4124,Stage 3,28,22
-7097_4125,Stage 1,10,10
-7097_4125,Stage 2,25,16
-7097_4125,Stage 3,46,25
-7097_4126,Stage 1,6,6
-7097_4126,Stage 2,27,16
-7097_4126,Stage 3,61,33
-7097_4127,Stage 1,6,5
-7097_4127,Stage 2,38,18
-7097_4127,Stage 3,32,24
-7097_4128,Stage 1,15,14
-7097_4128,Stage 2,35,20
-7097_4128,Stage 3,28,16
-7097_4129,Stage 1,6,6
-7097_4129,Stage 2,33,14
-7097_4129,Stage 3,35,21
-7097_4130,Stage 1,15,14
-7097_4130,Stage 2,38,22
-7097_4130,Stage 3,26,18
-7097_4131,Stage 1,25,19
-7097_4131,Stage 2,41,26
-7097_4131,Stage 3,29,21
-7097_4132,Stage 1,3,3
-7097_4132,Stage 2,12,11
-7097_4132,Stage 3,8,8
-7098_4078,Stage 1,2,2
-7098_4078,Stage 2,2,2
-7098_4078,Stage 3,5,4
-7098_4079,Stage 1,1,1
-7098_4079,Stage 2,9,9
-7098_4079,Stage 3,20,15
-7098_4080,Stage 1,1,1
-7098_4080,Stage 2,7,7
-7098_4080,Stage 3,19,8
-7098_4081,Stage 1,2,2
-7098_4081,Stage 2,2,2
-7098_4081,Stage 3,16,13
-7098_4082,Stage 1,6,6
-7098_4082,Stage 2,7,6
-7098_4082,Stage 3,26,15
-7098_4083,Stage 1,3,3
-7098_4083,Stage 2,7,7
-7098_4083,Stage 3,23,10
-7098_4084,Stage 1,5,5
-7098_4084,Stage 2,3,3
-7098_4084,Stage 3,22,13
-7098_4085,Stage 1,8,8
-7098_4085,Stage 2,6,5
-7098_4085,Stage 3,26,16
-7098_4086,Stage 1,5,5
-7098_4086,Stage 2,5,4
-7098_4086,Stage 3,13,10
-7098_4087,Stage 1,11,10
-7098_4087,Stage 2,9,8
-7098_4087,Stage 3,19,10
-7098_4088,Stage 1,6,4
-7098_4088,Stage 2,5,4
-7098_4088,Stage 3,17,14
-7098_4089,Stage 1,4,4
-7098_4089,Stage 2,7,4
-7098_4089,Stage 3,29,17
-7098_4090,Stage 1,12,8
-7098_4090,Stage 2,11,9
-7098_4090,Stage 3,19,16
-7098_4091,Stage 1,3,3
-7098_4091,Stage 2,18,6
-7098_4091,Stage 3,23,12
-7098_4092,Stage 1,8,7
-7098_4092,Stage 2,12,9
-7098_4092,Stage 3,33,21
-7098_4093,Stage 1,15,9
-7098_4093,Stage 2,17,9
-7098_4093,Stage 3,36,16
-7098_4094,Stage 1,9,3
-7098_4094,Stage 2,13,9
-7098_4094,Stage 3,43,22
-7098_4095,Stage 1,54,7
-7098_4095,Stage 2,16,6
-7098_4095,Stage 3,43,20
-7098_4096,Stage 1,22,12
-7098_4096,Stage 2,32,11
-7098_4096,Stage 3,61,26
-7098_4097,Stage 1,6,6
-7098_4097,Stage 2,9,6
-7098_4097,Stage 3,117,28
-7098_4098,Stage 1,16,12
-7098_4098,Stage 2,8,3
-7098_4098,Stage 3,112,30
-7098_4099,Stage 1,20,12
-7098_4099,Stage 2,15,5
-7098_4099,Stage 3,72,34
-7098_4100,Stage 1,16,11
-7098_4100,Stage 2,128,14
-7098_4100,Stage 3,119,42
-7098_4101,Stage 1,10,6
-7098_4101,Stage 2,13,7
-7098_4101,Stage 3,195,52
-7098_4102,Stage 1,9,7
-7098_4102,Stage 2,16,10
-7098_4102,Stage 3,160,41
-7098_4103,Stage 1,8,5
-7098_4103,Stage 2,24,15
-7098_4103,Stage 3,159,51
-7098_4104,Stage 1,17,13
-7098_4104,Stage 2,16,11
-7098_4104,Stage 3,182,41
-7098_4105,Stage 1,11,9
-7098_4105,Stage 2,12,10
-7098_4105,Stage 3,136,46
-7098_4106,Stage 1,7,7
-7098_4106,Stage 2,15,9
-7098_4106,Stage 3,88,37
-7098_4107,Stage 1,13,10
-7098_4107,Stage 2,11,9
-7098_4107,Stage 3,142,47
-7098_4108,Stage 1,13,7
-7098_4108,Stage 2,14,10
-7098_4108,Stage 3,206,48
-7098_4109,Stage 1,10,6
-7098_4109,Stage 2,11,7
-7098_4109,Stage 3,324,48
-7098_4110,Stage 1,9,7
-7098_4110,Stage 2,25,10
-7098_4110,Stage 3,277,47
-7098_4111,Stage 1,13,7
-7098_4111,Stage 2,21,12
-7098_4111,Stage 3,142,35
-7098_4112,Stage 1,14,10
-7098_4112,Stage 2,40,11
-7098_4112,Stage 3,150,39
-7098_4113,Stage 1,12,8
-7098_4113,Stage 2,38,11
-7098_4113,Stage 3,185,37
-7098_4114,Stage 1,6,6
-7098_4114,Stage 2,32,13
-7098_4114,Stage 3,165,41
-7098_4115,Stage 1,9,6
-7098_4115,Stage 2,15,12
-7098_4115,Stage 3,255,37
-7098_4116,Stage 1,14,10
-7098_4116,Stage 2,26,18
-7098_4116,Stage 3,255,49
-7098_4117,Stage 1,4,4
-7098_4117,Stage 2,11,7
-7098_4117,Stage 3,221,40
-7098_4118,Stage 1,5,4
-7098_4118,Stage 2,10,10
-7098_4118,Stage 3,103,37
-7098_4119,Stage 1,8,7
-7098_4119,Stage 2,8,8
-7098_4119,Stage 3,72,34
-7098_4120,Stage 1,14,13
-7098_4120,Stage 2,15,14
-7098_4120,Stage 3,54,39
-7098_4121,Stage 1,14,12
-7098_4121,Stage 2,20,19
-7098_4121,Stage 3,33,25
-7098_4122,Stage 1,10,7
-7098_4122,Stage 2,11,10
-7098_4122,Stage 3,45,31
-7098_4123,Stage 1,23,12
-7098_4123,Stage 2,12,11
-7098_4123,Stage 3,76,30
-7098_4124,Stage 1,13,10
-7098_4124,Stage 2,14,14
-7098_4124,Stage 3,70,42
-7098_4125,Stage 1,15,14
-7098_4125,Stage 2,19,13
-7098_4125,Stage 3,82,47
-7098_4126,Stage 1,8,7
-7098_4126,Stage 2,35,19
-7098_4126,Stage 3,48,38
-7098_4127,Stage 1,6,6
-7098_4127,Stage 2,14,12
-7098_4127,Stage 3,33,23
-7098_4128,Stage 1,12,10
-7098_4128,Stage 2,30,22
-7098_4128,Stage 3,29,15
-7098_4129,Stage 1,12,12
-7098_4129,Stage 2,34,15
-7098_4129,Stage 3,33,20
-7098_4130,Stage 1,13,12
-7098_4130,Stage 2,59,26
-7098_4130,Stage 3,30,23
-7098_4131,Stage 1,24,20
-7098_4131,Stage 2,47,28
-7098_4131,Stage 3,27,22
-7098_4132,Stage 1,19,14
-7098_4132,Stage 2,53,30
-7098_4132,Stage 3,18,14
-7098_4133,Stage 1,4,4
-7098_4133,Stage 2,2,1
-7098_4133,Stage 3,2,2
-7099_4078,Stage 1,2,2
-7099_4078,Stage 2,4,4
-7099_4078,Stage 3,12,8
-7099_4079,Stage 1,2,2
-7099_4079,Stage 2,6,6
-7099_4079,Stage 3,15,12
-7099_4080,Stage 1,2,2
-7099_4080,Stage 2,3,3
-7099_4080,Stage 3,15,12
-7099_4081,Stage 1,9,9
-7099_4081,Stage 2,8,7
-7099_4081,Stage 3,22,12
-7099_4082,Stage 1,6,4
-7099_4082,Stage 2,7,7
-7099_4082,Stage 3,29,16
-7099_4083,Stage 1,8,6
-7099_4083,Stage 2,5,5
-7099_4083,Stage 3,18,7
-7099_4084,Stage 1,9,9
-7099_4084,Stage 2,9,7
-7099_4084,Stage 3,19,16
-7099_4085,Stage 1,7,7
-7099_4085,Stage 2,10,9
-7099_4085,Stage 3,26,19
-7099_4086,Stage 1,6,6
-7099_4086,Stage 2,6,6
-7099_4086,Stage 3,17,10
-7099_4087,Stage 1,18,10
-7099_4087,Stage 2,6,6
-7099_4087,Stage 3,16,9
-7099_4088,Stage 1,4,4
-7099_4088,Stage 2,10,7
-7099_4088,Stage 3,20,13
-7099_4089,Stage 1,7,7
-7099_4089,Stage 2,18,16
-7099_4089,Stage 3,16,12
-7099_4090,Stage 1,12,10
-7099_4090,Stage 2,10,5
-7099_4090,Stage 3,32,20
-7099_4091,Stage 1,5,5
-7099_4091,Stage 2,34,13
-7099_4091,Stage 3,32,23
-7099_4092,Stage 1,4,4
-7099_4092,Stage 2,11,8
-7099_4092,Stage 3,29,21
-7099_4093,Stage 1,13,6
-7099_4093,Stage 2,52,11
-7099_4093,Stage 3,17,14
-7099_4094,Stage 1,6,4
-7099_4094,Stage 2,8,5
-7099_4094,Stage 3,40,21
-7099_4095,Stage 1,9,7
-7099_4095,Stage 2,74,10
-7099_4095,Stage 3,42,24
-7099_4096,Stage 1,10,6
-7099_4096,Stage 2,36,7
-7099_4096,Stage 3,59,28
-7099_4097,Stage 1,15,12
-7099_4097,Stage 2,20,13
-7099_4097,Stage 3,82,28
-7099_4098,Stage 1,19,10
-7099_4098,Stage 2,25,8
-7099_4098,Stage 3,196,28
-7099_4099,Stage 1,11,9
-7099_4099,Stage 2,16,9
-7099_4099,Stage 3,112,38
-7099_4100,Stage 1,13,8
-7099_4100,Stage 2,29,9
-7099_4100,Stage 3,148,48
-7099_4101,Stage 1,21,6
-7099_4101,Stage 2,51,17
-7099_4101,Stage 3,683,50
-7099_4102,Stage 1,5,5
-7099_4102,Stage 2,15,10
-7099_4102,Stage 3,130,46
-7099_4103,Stage 1,13,9
-7099_4103,Stage 2,38,16
-7099_4103,Stage 3,312,49
-7099_4104,Stage 1,6,4
-7099_4104,Stage 2,8,7
-7099_4104,Stage 3,175,44
-7099_4105,Stage 1,9,9
-7099_4105,Stage 2,5,5
-7099_4105,Stage 3,121,31
-7099_4106,Stage 1,6,6
-7099_4106,Stage 2,10,7
-7099_4106,Stage 3,133,35
-7099_4107,Stage 1,4,4
-7099_4107,Stage 2,7,7
-7099_4107,Stage 3,224,37
-7099_4108,Stage 1,12,8
-7099_4108,Stage 2,44,13
-7099_4108,Stage 3,1009,52
-7099_4109,Stage 1,16,9
-7099_4109,Stage 2,20,10
-7099_4109,Stage 3,300,49
-7099_4110,Stage 1,9,6
-7099_4110,Stage 2,49,8
-7099_4110,Stage 3,1071,53
-7099_4111,Stage 1,11,8
-7099_4111,Stage 2,47,13
-7099_4111,Stage 3,862,60
-7099_4112,Stage 1,9,8
-7099_4112,Stage 2,41,14
-7099_4112,Stage 3,168,42
-7099_4113,Stage 1,10,4
-7099_4113,Stage 2,32,12
-7099_4113,Stage 3,225,40
-7099_4114,Stage 1,7,6
-7099_4114,Stage 2,27,9
-7099_4114,Stage 3,220,42
-7099_4115,Stage 1,9,8
-7099_4115,Stage 2,66,16
-7099_4115,Stage 3,198,42
-7099_4116,Stage 1,8,6
-7099_4116,Stage 2,55,14
-7099_4116,Stage 3,783,49
-7099_4117,Stage 1,5,5
-7099_4117,Stage 2,12,9
-7099_4117,Stage 3,185,36
-7099_4118,Stage 1,8,6
-7099_4118,Stage 2,15,15
-7099_4118,Stage 3,141,40
-7099_4119,Stage 1,5,4
-7099_4119,Stage 2,10,9
-7099_4119,Stage 3,90,37
-7099_4120,Stage 1,7,6
-7099_4120,Stage 2,8,8
-7099_4120,Stage 3,66,33
-7099_4121,Stage 1,10,10
-7099_4121,Stage 2,9,9
-7099_4121,Stage 3,58,35
-7099_4122,Stage 1,8,7
-7099_4122,Stage 2,23,16
-7099_4122,Stage 3,40,26
-7099_4123,Stage 1,21,14
-7099_4123,Stage 2,16,12
-7099_4123,Stage 3,78,49
-7099_4124,Stage 1,19,9
-7099_4124,Stage 2,18,15
-7099_4124,Stage 3,72,42
-7099_4125,Stage 1,9,9
-7099_4125,Stage 2,26,22
-7099_4125,Stage 3,37,30
-7099_4126,Stage 1,9,8
-7099_4126,Stage 2,11,10
-7099_4126,Stage 3,54,30
-7099_4127,Stage 1,9,9
-7099_4127,Stage 2,17,15
-7099_4127,Stage 3,33,27
-7099_4128,Stage 1,12,10
-7099_4128,Stage 2,36,15
-7099_4128,Stage 3,23,16
-7099_4129,Stage 1,13,12
-7099_4129,Stage 2,22,15
-7099_4129,Stage 3,40,19
-7099_4130,Stage 1,17,13
-7099_4130,Stage 2,31,22
-7099_4130,Stage 3,40,15
-7099_4131,Stage 1,24,21
-7099_4131,Stage 2,36,23
-7099_4131,Stage 3,26,21
-7099_4132,Stage 1,21,20
-7099_4132,Stage 2,46,21
-7099_4132,Stage 3,38,28
-7099_4133,Stage 1,9,8
-7099_4133,Stage 2,26,11
-7099_4133,Stage 3,18,12
-7100_4078,Stage 1,0,0
-7100_4078,Stage 2,5,5
-7100_4078,Stage 3,5,4
-7100_4079,Stage 1,5,5
-7100_4079,Stage 2,2,2
-7100_4079,Stage 3,25,17
-7100_4080,Stage 1,1,1
-7100_4080,Stage 2,6,6
-7100_4080,Stage 3,20,17
-7100_4081,Stage 1,4,4
-7100_4081,Stage 2,4,4
-7100_4081,Stage 3,21,14
-7100_4082,Stage 1,3,3
-7100_4082,Stage 2,2,2
-7100_4082,Stage 3,24,12
-7100_4083,Stage 1,6,6
-7100_4083,Stage 2,7,7
-7100_4083,Stage 3,32,15
-7100_4084,Stage 1,8,8
-7100_4084,Stage 2,3,3
-7100_4084,Stage 3,23,13
-7100_4085,Stage 1,5,5
-7100_4085,Stage 2,14,11
-7100_4085,Stage 3,25,12
-7100_4086,Stage 1,8,7
-7100_4086,Stage 2,6,5
-7100_4086,Stage 3,15,11
-7100_4087,Stage 1,6,5
-7100_4087,Stage 2,7,6
-7100_4087,Stage 3,31,13
-7100_4088,Stage 1,9,9
-7100_4088,Stage 2,12,6
-7100_4088,Stage 3,21,12
-7100_4089,Stage 1,8,6
-7100_4089,Stage 2,11,10
-7100_4089,Stage 3,21,14
-7100_4090,Stage 1,5,5
-7100_4090,Stage 2,7,7
-7100_4090,Stage 3,23,19
-7100_4091,Stage 1,4,4
-7100_4091,Stage 2,7,6
-7100_4091,Stage 3,29,20
-7100_4092,Stage 1,6,5
-7100_4092,Stage 2,18,11
-7100_4092,Stage 3,18,12
-7100_4093,Stage 1,8,7
-7100_4093,Stage 2,19,16
-7100_4093,Stage 3,26,17
-7100_4094,Stage 1,13,7
-7100_4094,Stage 2,11,7
-7100_4094,Stage 3,42,19
-7100_4095,Stage 1,6,5
-7100_4095,Stage 2,24,16
-7100_4095,Stage 3,73,28
-7100_4096,Stage 1,15,10
-7100_4096,Stage 2,14,8
-7100_4096,Stage 3,82,28
-7100_4097,Stage 1,16,11
-7100_4097,Stage 2,14,9
-7100_4097,Stage 3,71,25
-7100_4098,Stage 1,25,14
-7100_4098,Stage 2,14,10
-7100_4098,Stage 3,78,30
-7100_4099,Stage 1,18,9
-7100_4099,Stage 2,12,7
-7100_4099,Stage 3,76,32
-7100_4100,Stage 1,22,9
-7100_4100,Stage 2,15,10
-7100_4100,Stage 3,119,41
-7100_4101,Stage 1,10,7
-7100_4101,Stage 2,22,12
-7100_4101,Stage 3,168,52
-7100_4102,Stage 1,10,10
-7100_4102,Stage 2,24,15
-7100_4102,Stage 3,176,49
-7100_4103,Stage 1,5,4
-7100_4103,Stage 2,25,13
-7100_4103,Stage 3,203,55
-7100_4104,Stage 1,7,7
-7100_4104,Stage 2,6,5
-7100_4104,Stage 3,170,40
-7100_4105,Stage 1,4,4
-7100_4105,Stage 2,11,10
-7100_4105,Stage 3,134,39
-7100_4106,Stage 1,6,6
-7100_4106,Stage 2,10,9
-7100_4106,Stage 3,97,36
-7100_4107,Stage 1,150,9
-7100_4107,Stage 2,13,10
-7100_4107,Stage 3,134,35
-7100_4108,Stage 1,17,8
-7100_4108,Stage 2,21,11
-7100_4108,Stage 3,281,48
-7100_4109,Stage 1,11,5
-7100_4109,Stage 2,17,7
-7100_4109,Stage 3,343,54
-7100_4110,Stage 1,6,3
-7100_4110,Stage 2,19,10
-7100_4110,Stage 3,252,52
-7100_4111,Stage 1,10,10
-7100_4111,Stage 2,26,11
-7100_4111,Stage 3,193,40
-7100_4112,Stage 1,5,3
-7100_4112,Stage 2,46,8
-7100_4112,Stage 3,184,47
-7100_4113,Stage 1,13,8
-7100_4113,Stage 2,25,10
-7100_4113,Stage 3,263,40
-7100_4114,Stage 1,13,9
-7100_4114,Stage 2,24,6
-7100_4114,Stage 3,248,42
-7100_4115,Stage 1,67,11
-7100_4115,Stage 2,13,11
-7100_4115,Stage 3,194,47
-7100_4116,Stage 1,19,8
-7100_4116,Stage 2,30,16
-7100_4116,Stage 3,354,58
-7100_4117,Stage 1,10,10
-7100_4117,Stage 2,13,11
-7100_4117,Stage 3,210,48
-7100_4118,Stage 1,4,4
-7100_4118,Stage 2,12,11
-7100_4118,Stage 3,134,45
-7100_4119,Stage 1,7,7
-7100_4119,Stage 2,15,13
-7100_4119,Stage 3,86,36
-7100_4120,Stage 1,4,4
-7100_4120,Stage 2,20,12
-7100_4120,Stage 3,60,28
-7100_4121,Stage 1,16,15
-7100_4121,Stage 2,19,16
-7100_4121,Stage 3,101,32
-7100_4122,Stage 1,14,13
-7100_4122,Stage 2,24,21
-7100_4122,Stage 3,69,41
-7100_4123,Stage 1,10,8
-7100_4123,Stage 2,23,19
-7100_4123,Stage 3,78,35
-7100_4124,Stage 1,25,16
-7100_4124,Stage 2,20,15
-7100_4124,Stage 3,55,42
-7100_4125,Stage 1,14,7
-7100_4125,Stage 2,23,17
-7100_4125,Stage 3,56,35
-7100_4126,Stage 1,12,12
-7100_4126,Stage 2,27,16
-7100_4126,Stage 3,66,30
-7100_4127,Stage 1,9,8
-7100_4127,Stage 2,17,16
-7100_4127,Stage 3,25,24
-7100_4128,Stage 1,8,8
-7100_4128,Stage 2,27,20
-7100_4128,Stage 3,52,22
-7100_4129,Stage 1,8,8
-7100_4129,Stage 2,25,19
-7100_4129,Stage 3,47,20
-7100_4130,Stage 1,10,10
-7100_4130,Stage 2,28,21
-7100_4130,Stage 3,31,20
-7100_4131,Stage 1,26,24
-7100_4131,Stage 2,32,26
-7100_4131,Stage 3,43,29
-7100_4132,Stage 1,18,18
-7100_4132,Stage 2,40,24
-7100_4132,Stage 3,53,29
-7100_4133,Stage 1,17,15
-7100_4133,Stage 2,41,24
-7100_4133,Stage 3,38,36
-7100_4134,Stage 1,6,6
-7100_4134,Stage 2,5,4
-7100_4134,Stage 3,3,3
-7101_4078,Stage 1,1,1
-7101_4078,Stage 2,4,4
-7101_4078,Stage 3,9,5
-7101_4079,Stage 1,4,4
-7101_4079,Stage 2,8,8
-7101_4079,Stage 3,17,9
-7101_4080,Stage 1,3,3
-7101_4080,Stage 2,6,6
-7101_4080,Stage 3,16,11
-7101_4081,Stage 1,2,2
-7101_4081,Stage 2,2,2
-7101_4081,Stage 3,15,12
-7101_4082,Stage 1,6,6
-7101_4082,Stage 2,2,2
-7101_4082,Stage 3,20,13
-7101_4083,Stage 1,5,5
-7101_4083,Stage 2,5,5
-7101_4083,Stage 3,23,10
-7101_4084,Stage 1,3,3
-7101_4084,Stage 2,8,8
-7101_4084,Stage 3,19,14
-7101_4085,Stage 1,5,5
-7101_4085,Stage 2,5,5
-7101_4085,Stage 3,15,12
-7101_4086,Stage 1,6,6
-7101_4086,Stage 2,8,8
-7101_4086,Stage 3,24,14
-7101_4087,Stage 1,6,6
-7101_4087,Stage 2,11,10
-7101_4087,Stage 3,21,12
-7101_4088,Stage 1,2,2
-7101_4088,Stage 2,15,9
-7101_4088,Stage 3,11,9
-7101_4089,Stage 1,5,5
-7101_4089,Stage 2,9,7
-7101_4089,Stage 3,28,19
-7101_4090,Stage 1,2,2
-7101_4090,Stage 2,15,9
-7101_4090,Stage 3,26,18
-7101_4091,Stage 1,11,8
-7101_4091,Stage 2,59,10
-7101_4091,Stage 3,21,18
-7101_4092,Stage 1,5,4
-7101_4092,Stage 2,11,6
-7101_4092,Stage 3,28,20
-7101_4093,Stage 1,5,4
-7101_4093,Stage 2,62,13
-7101_4093,Stage 3,18,13
-7101_4094,Stage 1,9,5
-7101_4094,Stage 2,11,5
-7101_4094,Stage 3,48,20
-7101_4095,Stage 1,14,8
-7101_4095,Stage 2,45,9
-7101_4095,Stage 3,83,27
-7101_4096,Stage 1,20,8
-7101_4096,Stage 2,50,11
-7101_4096,Stage 3,81,28
-7101_4097,Stage 1,11,8
-7101_4097,Stage 2,10,6
-7101_4097,Stage 3,68,28
-7101_4098,Stage 1,19,6
-7101_4098,Stage 2,43,15
-7101_4098,Stage 3,227,35
-7101_4099,Stage 1,22,12
-7101_4099,Stage 2,19,7
-7101_4099,Stage 3,140,35
-7101_4100,Stage 1,131,11
-7101_4100,Stage 2,42,12
-7101_4100,Stage 3,222,54
-7101_4101,Stage 1,9,6
-7101_4101,Stage 2,108,11
-7101_4101,Stage 3,774,52
-7101_4102,Stage 1,7,7
-7101_4102,Stage 2,19,12
-7101_4102,Stage 3,147,50
-7101_4103,Stage 1,4,4
-7101_4103,Stage 2,24,11
-7101_4103,Stage 3,344,54
-7101_4104,Stage 1,8,6
-7101_4104,Stage 2,12,11
-7101_4104,Stage 3,119,36
-7101_4105,Stage 1,6,6
-7101_4105,Stage 2,7,7
-7101_4105,Stage 3,104,45
-7101_4106,Stage 1,4,4
-7101_4106,Stage 2,12,12
-7101_4106,Stage 3,112,39
-7101_4107,Stage 1,7,6
-7101_4107,Stage 2,8,8
-7101_4107,Stage 3,144,40
-7101_4108,Stage 1,16,8
-7101_4108,Stage 2,35,12
-7101_4108,Stage 3,1135,58
-7101_4109,Stage 1,21,6
-7101_4109,Stage 2,52,13
-7101_4109,Stage 3,727,59
-7101_4110,Stage 1,8,7
-7101_4110,Stage 2,22,8
-7101_4110,Stage 3,760,57
-7101_4111,Stage 1,19,13
-7101_4111,Stage 2,20,7
-7101_4111,Stage 3,218,38
-7101_4112,Stage 1,16,11
-7101_4112,Stage 2,31,12
-7101_4112,Stage 3,255,44
-7101_4113,Stage 1,10,7
-7101_4113,Stage 2,37,16
-7101_4113,Stage 3,312,42
-7101_4114,Stage 1,15,12
-7101_4114,Stage 2,28,10
-7101_4114,Stage 3,311,52
-7101_4115,Stage 1,8,6
-7101_4115,Stage 2,19,14
-7101_4115,Stage 3,171,42
-7101_4116,Stage 1,7,7
-7101_4116,Stage 2,32,12
-7101_4116,Stage 3,503,53
-7101_4117,Stage 1,7,6
-7101_4117,Stage 2,14,9
-7101_4117,Stage 3,274,44
-7101_4118,Stage 1,5,4
-7101_4118,Stage 2,15,14
-7101_4118,Stage 3,155,37
-7101_4119,Stage 1,5,5
-7101_4119,Stage 2,22,15
-7101_4119,Stage 3,102,31
-7101_4120,Stage 1,3,3
-7101_4120,Stage 2,17,15
-7101_4120,Stage 3,98,36
-7101_4121,Stage 1,13,10
-7101_4121,Stage 2,12,12
-7101_4121,Stage 3,78,38
-7101_4122,Stage 1,8,7
-7101_4122,Stage 2,13,13
-7101_4122,Stage 3,90,47
-7101_4123,Stage 1,7,7
-7101_4123,Stage 2,13,12
-7101_4123,Stage 3,62,36
-7101_4124,Stage 1,15,12
-7101_4124,Stage 2,23,14
-7101_4124,Stage 3,67,39
-7101_4125,Stage 1,28,15
-7101_4125,Stage 2,25,20
-7101_4125,Stage 3,58,32
-7101_4126,Stage 1,21,14
-7101_4126,Stage 2,23,23
-7101_4126,Stage 3,42,34
-7101_4127,Stage 1,11,8
-7101_4127,Stage 2,23,17
-7101_4127,Stage 3,50,30
-7101_4128,Stage 1,14,14
-7101_4128,Stage 2,28,15
-7101_4128,Stage 3,28,20
-7101_4129,Stage 1,4,4
-7101_4129,Stage 2,17,13
-7101_4129,Stage 3,31,17
-7101_4130,Stage 1,18,17
-7101_4130,Stage 2,22,18
-7101_4130,Stage 3,37,18
-7101_4131,Stage 1,42,36
-7101_4131,Stage 2,14,11
-7101_4131,Stage 3,29,25
-7101_4132,Stage 1,26,21
-7101_4132,Stage 2,34,25
-7101_4132,Stage 3,55,28
-7101_4133,Stage 1,18,17
-7101_4133,Stage 2,43,24
-7101_4133,Stage 3,47,29
-7101_4134,Stage 1,6,6
-7101_4134,Stage 2,19,19
-7101_4134,Stage 3,32,20
-7102_4078,Stage 1,0,0
-7102_4078,Stage 2,3,3
-7102_4078,Stage 3,3,3
-7102_4079,Stage 1,3,3
-7102_4079,Stage 2,8,8
-7102_4079,Stage 3,28,17
-7102_4080,Stage 1,3,3
-7102_4080,Stage 2,7,7
-7102_4080,Stage 3,28,19
-7102_4081,Stage 1,6,6
-7102_4081,Stage 2,2,2
-7102_4081,Stage 3,29,18
-7102_4082,Stage 1,3,3
-7102_4082,Stage 2,3,3
-7102_4082,Stage 3,27,15
-7102_4083,Stage 1,3,2
-7102_4083,Stage 2,4,4
-7102_4083,Stage 3,26,17
-7102_4084,Stage 1,10,9
-7102_4084,Stage 2,6,6
-7102_4084,Stage 3,26,14
-7102_4085,Stage 1,8,8
-7102_4085,Stage 2,6,6
-7102_4085,Stage 3,21,13
-7102_4086,Stage 1,4,3
-7102_4086,Stage 2,12,12
-7102_4086,Stage 3,20,14
-7102_4087,Stage 1,4,4
-7102_4087,Stage 2,8,7
-7102_4087,Stage 3,14,6
-7102_4088,Stage 1,6,5
-7102_4088,Stage 2,30,7
-7102_4088,Stage 3,16,11
-7102_4089,Stage 1,4,4
-7102_4089,Stage 2,7,5
-7102_4089,Stage 3,21,16
-7102_4090,Stage 1,4,3
-7102_4090,Stage 2,16,10
-7102_4090,Stage 3,16,13
-7102_4091,Stage 1,11,10
-7102_4091,Stage 2,7,4
-7102_4091,Stage 3,21,14
-7102_4092,Stage 1,8,5
-7102_4092,Stage 2,16,13
-7102_4092,Stage 3,32,19
-7102_4093,Stage 1,11,7
-7102_4093,Stage 2,17,11
-7102_4093,Stage 3,42,21
-7102_4094,Stage 1,6,6
-7102_4094,Stage 2,15,10
-7102_4094,Stage 3,60,26
-7102_4095,Stage 1,7,6
-7102_4095,Stage 2,19,13
-7102_4095,Stage 3,227,34
-7102_4096,Stage 1,28,11
-7102_4096,Stage 2,17,10
-7102_4096,Stage 3,79,34
-7102_4097,Stage 1,21,10
-7102_4097,Stage 2,11,7
-7102_4097,Stage 3,81,36
-7102_4098,Stage 1,39,8
-7102_4098,Stage 2,32,8
-7102_4098,Stage 3,75,28
-7102_4099,Stage 1,26,13
-7102_4099,Stage 2,21,11
-7102_4099,Stage 3,70,27
-7102_4100,Stage 1,20,7
-7102_4100,Stage 2,17,10
-7102_4100,Stage 3,126,39
-7102_4101,Stage 1,17,8
-7102_4101,Stage 2,21,13
-7102_4101,Stage 3,186,46
-7102_4102,Stage 1,14,10
-7102_4102,Stage 2,22,12
-7102_4102,Stage 3,173,40
-7102_4103,Stage 1,13,7
-7102_4103,Stage 2,13,9
-7102_4103,Stage 3,103,43
-7102_4104,Stage 1,17,10
-7102_4104,Stage 2,14,9
-7102_4104,Stage 3,175,47
-7102_4105,Stage 1,15,8
-7102_4105,Stage 2,5,5
-7102_4105,Stage 3,129,40
-7102_4106,Stage 1,7,6
-7102_4106,Stage 2,10,8
-7102_4106,Stage 3,115,43
-7102_4107,Stage 1,6,5
-7102_4107,Stage 2,8,8
-7102_4107,Stage 3,210,45
-7102_4108,Stage 1,9,7
-7102_4108,Stage 2,31,16
-7102_4108,Stage 3,298,53
-7102_4109,Stage 1,18,11
-7102_4109,Stage 2,56,12
-7102_4109,Stage 3,396,51
-7102_4110,Stage 1,14,11
-7102_4110,Stage 2,19,13
-7102_4110,Stage 3,306,45
-7102_4111,Stage 1,11,8
-7102_4111,Stage 2,38,17
-7102_4111,Stage 3,260,43
-7102_4112,Stage 1,12,8
-7102_4112,Stage 2,40,14
-7102_4112,Stage 3,270,49
-7102_4113,Stage 1,13,8
-7102_4113,Stage 2,34,7
-7102_4113,Stage 3,305,46
-7102_4114,Stage 1,55,7
-7102_4114,Stage 2,26,12
-7102_4114,Stage 3,272,54
-7102_4115,Stage 1,6,6
-7102_4115,Stage 2,11,7
-7102_4115,Stage 3,225,42
-7102_4116,Stage 1,10,7
-7102_4116,Stage 2,77,11
-7102_4116,Stage 3,981,53
-7102_4117,Stage 1,10,9
-7102_4117,Stage 2,11,9
-7102_4117,Stage 3,204,47
-7102_4118,Stage 1,8,6
-7102_4118,Stage 2,17,15
-7102_4118,Stage 3,154,43
-7102_4119,Stage 1,7,6
-7102_4119,Stage 2,19,12
-7102_4119,Stage 3,119,44
-7102_4120,Stage 1,5,5
-7102_4120,Stage 2,23,16
-7102_4120,Stage 3,94,36
-7102_4121,Stage 1,6,6
-7102_4121,Stage 2,20,15
-7102_4121,Stage 3,100,33
-7102_4122,Stage 1,11,8
-7102_4122,Stage 2,14,11
-7102_4122,Stage 3,113,41
-7102_4123,Stage 1,14,13
-7102_4123,Stage 2,26,14
-7102_4123,Stage 3,107,40
-7102_4124,Stage 1,16,13
-7102_4124,Stage 2,26,18
-7102_4124,Stage 3,68,40
-7102_4125,Stage 1,20,12
-7102_4125,Stage 2,28,18
-7102_4125,Stage 3,80,39
-7102_4126,Stage 1,28,13
-7102_4126,Stage 2,19,16
-7102_4126,Stage 3,81,47
-7102_4127,Stage 1,18,15
-7102_4127,Stage 2,26,20
-7102_4127,Stage 3,61,32
-7102_4128,Stage 1,11,8
-7102_4128,Stage 2,21,14
-7102_4128,Stage 3,26,22
-7102_4129,Stage 1,10,9
-7102_4129,Stage 2,24,17
-7102_4129,Stage 3,20,14
-7102_4130,Stage 1,15,13
-7102_4130,Stage 2,24,18
-7102_4130,Stage 3,20,19
-7102_4131,Stage 1,27,23
-7102_4131,Stage 2,17,13
-7102_4131,Stage 3,33,31
-7102_4132,Stage 1,24,20
-7102_4132,Stage 2,30,24
-7102_4132,Stage 3,32,22
-7102_4133,Stage 1,17,17
-7102_4133,Stage 2,23,20
-7102_4133,Stage 3,30,26
-7102_4134,Stage 1,17,16
-7102_4134,Stage 2,36,25
-7102_4134,Stage 3,65,39
-7103_4078,Stage 1,2,2
-7103_4078,Stage 2,1,1
-7103_4078,Stage 3,9,9
-7103_4079,Stage 1,4,4
-7103_4079,Stage 2,9,8
-7103_4079,Stage 3,20,12
-7103_4080,Stage 1,2,2
-7103_4080,Stage 2,6,6
-7103_4080,Stage 3,16,9
-7103_4081,Stage 1,5,5
-7103_4081,Stage 2,4,4
-7103_4081,Stage 3,35,22
-7103_4082,Stage 1,3,3
-7103_4082,Stage 2,2,2
-7103_4082,Stage 3,20,15
-7103_4083,Stage 1,2,2
-7103_4083,Stage 2,3,2
-7103_4083,Stage 3,13,8
-7103_4084,Stage 1,2,2
-7103_4084,Stage 2,7,7
-7103_4084,Stage 3,22,16
-7103_4085,Stage 1,4,3
-7103_4085,Stage 2,1,1
-7103_4085,Stage 3,23,11
-7103_4086,Stage 1,7,4
-7103_4086,Stage 2,11,11
-7103_4086,Stage 3,20,14
-7103_4087,Stage 1,7,6
-7103_4087,Stage 2,9,9
-7103_4087,Stage 3,17,12
-7103_4088,Stage 1,8,8
-7103_4088,Stage 2,11,8
-7103_4088,Stage 3,19,13
-7103_4089,Stage 1,8,7
-7103_4089,Stage 2,11,6
-7103_4089,Stage 3,21,14
-7103_4090,Stage 1,6,6
-7103_4090,Stage 2,11,8
-7103_4090,Stage 3,22,15
-7103_4091,Stage 1,8,8
-7103_4091,Stage 2,60,10
-7103_4091,Stage 3,23,13
-7103_4092,Stage 1,6,4
-7103_4092,Stage 2,8,7
-7103_4092,Stage 3,43,20
-7103_4093,Stage 1,9,8
-7103_4093,Stage 2,31,10
-7103_4093,Stage 3,60,24
-7103_4094,Stage 1,5,4
-7103_4094,Stage 2,25,9
-7103_4094,Stage 3,104,20
-7103_4095,Stage 1,11,8
-7103_4095,Stage 2,21,10
-7103_4095,Stage 3,78,29
-7103_4096,Stage 1,25,13
-7103_4096,Stage 2,103,16
-7103_4096,Stage 3,282,45
-7103_4097,Stage 1,23,8
-7103_4097,Stage 2,20,16
-7103_4097,Stage 3,100,36
-7103_4098,Stage 1,43,14
-7103_4098,Stage 2,34,11
-7103_4098,Stage 3,238,44
-7103_4099,Stage 1,18,10
-7103_4099,Stage 2,44,10
-7103_4099,Stage 3,119,35
-7103_4100,Stage 1,10,7
-7103_4100,Stage 2,22,14
-7103_4100,Stage 3,209,48
-7103_4101,Stage 1,18,9
-7103_4101,Stage 2,33,10
-7103_4101,Stage 3,397,53
-7103_4102,Stage 1,17,10
-7103_4102,Stage 2,21,11
-7103_4102,Stage 3,155,39
-7103_4103,Stage 1,18,9
-7103_4103,Stage 2,25,7
-7103_4103,Stage 3,322,43
-7103_4104,Stage 1,7,7
-7103_4104,Stage 2,8,7
-7103_4104,Stage 3,208,48
-7103_4105,Stage 1,4,4
-7103_4105,Stage 2,11,9
-7103_4105,Stage 3,128,48
-7103_4106,Stage 1,4,4
-7103_4106,Stage 2,7,5
-7103_4106,Stage 3,87,46
-7103_4107,Stage 1,5,4
-7103_4107,Stage 2,8,6
-7103_4107,Stage 3,125,34
-7103_4108,Stage 1,25,5
-7103_4108,Stage 2,17,10
-7103_4108,Stage 3,503,52
-7103_4109,Stage 1,19,7
-7103_4109,Stage 2,19,10
-7103_4109,Stage 3,483,52
-7103_4110,Stage 1,11,6
-7103_4110,Stage 2,28,14
-7103_4110,Stage 3,470,48
-7103_4111,Stage 1,13,5
-7103_4111,Stage 2,35,12
-7103_4111,Stage 3,201,44
-7103_4112,Stage 1,12,9
-7103_4112,Stage 2,43,11
-7103_4112,Stage 3,234,51
-7103_4113,Stage 1,11,7
-7103_4113,Stage 2,55,11
-7103_4113,Stage 3,272,49
-7103_4114,Stage 1,8,6
-7103_4114,Stage 2,23,12
-7103_4114,Stage 3,330,48
-7103_4115,Stage 1,9,9
-7103_4115,Stage 2,23,10
-7103_4115,Stage 3,392,49
-7103_4116,Stage 1,9,8
-7103_4116,Stage 2,34,13
-7103_4116,Stage 3,303,56
-7103_4117,Stage 1,7,7
-7103_4117,Stage 2,13,8
-7103_4117,Stage 3,198,47
-7103_4118,Stage 1,7,7
-7103_4118,Stage 2,19,17
-7103_4118,Stage 3,183,47
-7103_4119,Stage 1,5,4
-7103_4119,Stage 2,21,13
-7103_4119,Stage 3,140,46
-7103_4120,Stage 1,8,7
-7103_4120,Stage 2,20,13
-7103_4120,Stage 3,153,38
-7103_4121,Stage 1,10,10
-7103_4121,Stage 2,27,16
-7103_4121,Stage 3,119,34
-7103_4122,Stage 1,16,15
-7103_4122,Stage 2,22,15
-7103_4122,Stage 3,118,40
-7103_4123,Stage 1,8,8
-7103_4123,Stage 2,21,13
-7103_4123,Stage 3,153,54
-7103_4124,Stage 1,15,10
-7103_4124,Stage 2,18,15
-7103_4124,Stage 3,119,44
-7103_4125,Stage 1,11,8
-7103_4125,Stage 2,24,20
-7103_4125,Stage 3,94,41
-7103_4126,Stage 1,25,16
-7103_4126,Stage 2,31,23
-7103_4126,Stage 3,85,45
-7103_4127,Stage 1,36,16
-7103_4127,Stage 2,21,19
-7103_4127,Stage 3,127,40
-7103_4128,Stage 1,30,14
-7103_4128,Stage 2,18,16
-7103_4128,Stage 3,49,26
-7103_4129,Stage 1,9,7
-7103_4129,Stage 2,21,19
-7103_4129,Stage 3,20,18
-7103_4130,Stage 1,9,9
-7103_4130,Stage 2,18,16
-7103_4130,Stage 3,19,17
-7103_4131,Stage 1,34,23
-7103_4131,Stage 2,29,27
-7103_4131,Stage 3,23,17
-7103_4132,Stage 1,14,14
-7103_4132,Stage 2,47,33
-7103_4132,Stage 3,40,23
-7103_4133,Stage 1,30,22
-7103_4133,Stage 2,20,19
-7103_4133,Stage 3,20,20
-7103_4134,Stage 1,14,12
-7103_4134,Stage 2,27,23
-7103_4134,Stage 3,70,48
-7103_4135,Stage 1,3,3
-7103_4135,Stage 2,1,1
-7103_4135,Stage 3,4,4
-7104_4078,Stage 1,1,1
-7104_4078,Stage 2,2,2
-7104_4078,Stage 3,7,6
-7104_4079,Stage 1,3,3
-7104_4079,Stage 2,5,5
-7104_4079,Stage 3,30,20
-7104_4080,Stage 1,3,3
-7104_4080,Stage 2,5,4
-7104_4080,Stage 3,28,18
-7104_4081,Stage 1,4,4
-7104_4081,Stage 2,3,3
-7104_4081,Stage 3,32,18
-7104_4082,Stage 1,2,2
-7104_4082,Stage 2,6,4
-7104_4082,Stage 3,20,11
-7104_4083,Stage 1,7,6
-7104_4083,Stage 2,7,7
-7104_4083,Stage 3,26,16
-7104_4084,Stage 1,3,3
-7104_4084,Stage 2,5,5
-7104_4084,Stage 3,26,13
-7104_4085,Stage 1,7,7
-7104_4085,Stage 2,8,7
-7104_4085,Stage 3,19,11
-7104_4086,Stage 1,4,4
-7104_4086,Stage 2,3,1
-7104_4086,Stage 3,27,16
-7104_4087,Stage 1,13,8
-7104_4087,Stage 2,3,2
-7104_4087,Stage 3,18,12
-7104_4088,Stage 1,9,6
-7104_4088,Stage 2,10,6
-7104_4088,Stage 3,20,15
-7104_4089,Stage 1,3,3
-7104_4089,Stage 2,9,6
-7104_4089,Stage 3,16,11
-7104_4090,Stage 1,8,6
-7104_4090,Stage 2,9,9
-7104_4090,Stage 3,27,19
-7104_4091,Stage 1,6,5
-7104_4091,Stage 2,15,8
-7104_4091,Stage 3,32,17
-7104_4092,Stage 1,7,5
-7104_4092,Stage 2,13,10
-7104_4092,Stage 3,94,15
-7104_4093,Stage 1,4,4
-7104_4093,Stage 2,19,6
-7104_4093,Stage 3,27,19
-7104_4094,Stage 1,95,8
-7104_4094,Stage 2,17,7
-7104_4094,Stage 3,44,25
-7104_4095,Stage 1,11,5
-7104_4095,Stage 2,28,13
-7104_4095,Stage 3,69,25
-7104_4096,Stage 1,16,9
-7104_4096,Stage 2,43,15
-7104_4096,Stage 3,47,31
-7104_4097,Stage 1,15,7
-7104_4097,Stage 2,26,12
-7104_4097,Stage 3,109,39
-7104_4098,Stage 1,18,10
-7104_4098,Stage 2,20,12
-7104_4098,Stage 3,94,41
-7104_4099,Stage 1,20,13
-7104_4099,Stage 2,23,11
-7104_4099,Stage 3,92,35
-7104_4100,Stage 1,16,11
-7104_4100,Stage 2,17,10
-7104_4100,Stage 3,187,48
-7104_4101,Stage 1,14,6
-7104_4101,Stage 2,27,12
-7104_4101,Stage 3,218,46
-7104_4102,Stage 1,12,5
-7104_4102,Stage 2,18,11
-7104_4102,Stage 3,189,41
-7104_4103,Stage 1,34,7
-7104_4103,Stage 2,22,12
-7104_4103,Stage 3,132,38
-7104_4104,Stage 1,8,7
-7104_4104,Stage 2,6,6
-7104_4104,Stage 3,162,46
-7104_4105,Stage 1,6,6
-7104_4105,Stage 2,8,7
-7104_4105,Stage 3,142,41
-7104_4106,Stage 1,6,6
-7104_4106,Stage 2,9,9
-7104_4106,Stage 3,103,41
-7104_4107,Stage 1,10,6
-7104_4107,Stage 2,57,4
-7104_4107,Stage 3,240,47
-7104_4108,Stage 1,91,11
-7104_4108,Stage 2,44,10
-7104_4108,Stage 3,541,54
-7104_4109,Stage 1,21,9
-7104_4109,Stage 2,40,9
-7104_4109,Stage 3,435,55
-7104_4110,Stage 1,10,6
-7104_4110,Stage 2,34,13
-7104_4110,Stage 3,449,50
-7104_4111,Stage 1,11,4
-7104_4111,Stage 2,55,11
-7104_4111,Stage 3,722,59
-7104_4112,Stage 1,14,9
-7104_4112,Stage 2,53,11
-7104_4112,Stage 3,301,55
-7104_4113,Stage 1,13,8
-7104_4113,Stage 2,80,12
-7104_4113,Stage 3,778,63
-7104_4114,Stage 1,7,6
-7104_4114,Stage 2,61,11
-7104_4114,Stage 3,791,63
-7104_4115,Stage 1,9,9
-7104_4115,Stage 2,37,13
-7104_4115,Stage 3,1236,65
-7104_4116,Stage 1,11,10
-7104_4116,Stage 2,87,12
-7104_4116,Stage 3,1053,61
-7104_4117,Stage 1,7,6
-7104_4117,Stage 2,12,9
-7104_4117,Stage 3,334,49
-7104_4118,Stage 1,12,11
-7104_4118,Stage 2,16,10
-7104_4118,Stage 3,309,50
-7104_4119,Stage 1,13,10
-7104_4119,Stage 2,23,17
-7104_4119,Stage 3,187,53
-7104_4120,Stage 1,7,7
-7104_4120,Stage 2,19,17
-7104_4120,Stage 3,151,40
-7104_4121,Stage 1,9,8
-7104_4121,Stage 2,47,18
-7104_4121,Stage 3,135,43
-7104_4122,Stage 1,10,8
-7104_4122,Stage 2,35,19
-7104_4122,Stage 3,201,49
-7104_4123,Stage 1,15,13
-7104_4123,Stage 2,18,12
-7104_4123,Stage 3,119,44
-7104_4124,Stage 1,16,10
-7104_4124,Stage 2,29,17
-7104_4124,Stage 3,137,55
-7104_4125,Stage 1,16,11
-7104_4125,Stage 2,34,22
-7104_4125,Stage 3,82,47
-7104_4126,Stage 1,24,15
-7104_4126,Stage 2,27,22
-7104_4126,Stage 3,78,45
-7104_4127,Stage 1,23,8
-7104_4127,Stage 2,31,21
-7104_4127,Stage 3,66,31
-7104_4128,Stage 1,25,14
-7104_4128,Stage 2,27,23
-7104_4128,Stage 3,44,26
-7104_4129,Stage 1,11,9
-7104_4129,Stage 2,20,18
-7104_4129,Stage 3,27,19
-7104_4130,Stage 1,10,6
-7104_4130,Stage 2,17,15
-7104_4130,Stage 3,32,23
-7104_4131,Stage 1,23,21
-7104_4131,Stage 2,22,21
-7104_4131,Stage 3,32,28
-7104_4132,Stage 1,25,20
-7104_4132,Stage 2,20,14
-7104_4132,Stage 3,37,20
-7104_4133,Stage 1,20,15
-7104_4133,Stage 2,35,30
-7104_4133,Stage 3,24,22
-7104_4134,Stage 1,16,12
-7104_4134,Stage 2,39,21
-7104_4134,Stage 3,36,35
-7104_4135,Stage 1,5,5
-7104_4135,Stage 2,7,6
-7104_4135,Stage 3,7,7
-7105_4078,Stage 1,1,1
-7105_4078,Stage 2,2,2
-7105_4078,Stage 3,4,3
-7105_4079,Stage 1,1,1
-7105_4079,Stage 2,3,3
-7105_4079,Stage 3,18,11
-7105_4080,Stage 1,4,4
-7105_4080,Stage 2,2,2
-7105_4080,Stage 3,14,11
-7105_4081,Stage 1,3,3
-7105_4081,Stage 2,10,10
-7105_4081,Stage 3,28,15
-7105_4082,Stage 1,2,2
-7105_4082,Stage 2,7,5
-7105_4082,Stage 3,32,22
-7105_4083,Stage 1,7,6
-7105_4083,Stage 2,4,4
-7105_4083,Stage 3,28,21
-7105_4084,Stage 1,4,4
-7105_4084,Stage 2,8,7
-7105_4084,Stage 3,27,17
-7105_4085,Stage 1,3,3
-7105_4085,Stage 2,9,8
-7105_4085,Stage 3,17,12
-7105_4086,Stage 1,7,7
-7105_4086,Stage 2,3,3
-7105_4086,Stage 3,22,12
-7105_4087,Stage 1,9,7
-7105_4087,Stage 2,5,5
-7105_4087,Stage 3,28,18
-7105_4088,Stage 1,5,4
-7105_4088,Stage 2,17,9
-7105_4088,Stage 3,22,11
-7105_4089,Stage 1,4,3
-7105_4089,Stage 2,16,11
-7105_4089,Stage 3,18,11
-7105_4090,Stage 1,13,11
-7105_4090,Stage 2,11,10
-7105_4090,Stage 3,28,21
-7105_4091,Stage 1,19,10
-7105_4091,Stage 2,16,13
-7105_4091,Stage 3,29,18
-7105_4092,Stage 1,10,4
-7105_4092,Stage 2,11,8
-7105_4092,Stage 3,49,24
-7105_4093,Stage 1,8,7
-7105_4093,Stage 2,18,11
-7105_4093,Stage 3,40,20
-7105_4094,Stage 1,9,7
-7105_4094,Stage 2,20,11
-7105_4094,Stage 3,75,23
-7105_4095,Stage 1,8,7
-7105_4095,Stage 2,23,10
-7105_4095,Stage 3,116,34
-7105_4096,Stage 1,22,12
-7105_4096,Stage 2,195,14
-7105_4096,Stage 3,214,34
-7105_4097,Stage 1,19,8
-7105_4097,Stage 2,29,14
-7105_4097,Stage 3,87,31
-7105_4098,Stage 1,20,14
-7105_4098,Stage 2,47,16
-7105_4098,Stage 3,204,43
-7105_4099,Stage 1,10,5
-7105_4099,Stage 2,59,11
-7105_4099,Stage 3,199,52
-7105_4100,Stage 1,18,9
-7105_4100,Stage 2,24,15
-7105_4100,Stage 3,182,45
-7105_4101,Stage 1,8,6
-7105_4101,Stage 2,31,15
-7105_4101,Stage 3,292,45
-7105_4102,Stage 1,17,8
-7105_4102,Stage 2,17,11
-7105_4102,Stage 3,151,42
-7105_4103,Stage 1,6,3
-7105_4103,Stage 2,20,15
-7105_4103,Stage 3,346,50
-7105_4104,Stage 1,2,1
-7105_4104,Stage 2,11,10
-7105_4104,Stage 3,212,40
-7105_4105,Stage 1,9,8
-7105_4105,Stage 2,9,9
-7105_4105,Stage 3,122,49
-7105_4106,Stage 1,11,9
-7105_4106,Stage 2,7,7
-7105_4106,Stage 3,138,50
-7105_4107,Stage 1,22,9
-7105_4107,Stage 2,14,9
-7105_4107,Stage 3,178,43
-7105_4108,Stage 1,21,3
-7105_4108,Stage 2,21,10
-7105_4108,Stage 3,263,54
-7105_4109,Stage 1,29,9
-7105_4109,Stage 2,24,11
-7105_4109,Stage 3,333,58
-7105_4110,Stage 1,19,8
-7105_4110,Stage 2,23,8
-7105_4110,Stage 3,258,60
-7105_4111,Stage 1,17,9
-7105_4111,Stage 2,22,9
-7105_4111,Stage 3,228,49
-7105_4112,Stage 1,24,8
-7105_4112,Stage 2,50,9
-7105_4112,Stage 3,404,53
-7105_4113,Stage 1,25,6
-7105_4113,Stage 2,58,13
-7105_4113,Stage 3,767,61
-7105_4114,Stage 1,14,7
-7105_4114,Stage 2,31,17
-7105_4114,Stage 3,599,52
-7105_4115,Stage 1,3,2
-7105_4115,Stage 2,16,9
-7105_4115,Stage 3,452,48
-7105_4116,Stage 1,10,8
-7105_4116,Stage 2,29,17
-7105_4116,Stage 3,399,59
-7105_4117,Stage 1,10,8
-7105_4117,Stage 2,17,13
-7105_4117,Stage 3,319,61
-7105_4118,Stage 1,10,9
-7105_4118,Stage 2,15,9
-7105_4118,Stage 3,275,50
-7105_4119,Stage 1,3,2
-7105_4119,Stage 2,13,8
-7105_4119,Stage 3,201,53
-7105_4120,Stage 1,4,4
-7105_4120,Stage 2,19,12
-7105_4120,Stage 3,171,49
-7105_4121,Stage 1,11,10
-7105_4121,Stage 2,32,18
-7105_4121,Stage 3,155,46
-7105_4122,Stage 1,9,9
-7105_4122,Stage 2,29,21
-7105_4122,Stage 3,232,43
-7105_4123,Stage 1,14,11
-7105_4123,Stage 2,28,18
-7105_4123,Stage 3,209,54
-7105_4124,Stage 1,10,9
-7105_4124,Stage 2,27,14
-7105_4124,Stage 3,162,63
-7105_4125,Stage 1,16,13
-7105_4125,Stage 2,40,18
-7105_4125,Stage 3,103,56
-7105_4126,Stage 1,15,10
-7105_4126,Stage 2,36,29
-7105_4126,Stage 3,74,51
-7105_4127,Stage 1,15,12
-7105_4127,Stage 2,23,15
-7105_4127,Stage 3,51,32
-7105_4128,Stage 1,41,10
-7105_4128,Stage 2,18,13
-7105_4128,Stage 3,58,30
-7105_4129,Stage 1,26,14
-7105_4129,Stage 2,26,23
-7105_4129,Stage 3,52,33
-7105_4130,Stage 1,25,10
-7105_4130,Stage 2,14,13
-7105_4130,Stage 3,35,28
-7105_4131,Stage 1,26,21
-7105_4131,Stage 2,31,26
-7105_4131,Stage 3,37,29
-7105_4132,Stage 1,32,25
-7105_4132,Stage 2,29,24
-7105_4132,Stage 3,36,28
-7105_4133,Stage 1,24,20
-7105_4133,Stage 2,24,22
-7105_4133,Stage 3,27,24
-7105_4134,Stage 1,13,12
-7105_4134,Stage 2,26,24
-7105_4134,Stage 3,41,31
-7105_4135,Stage 1,18,18
-7105_4135,Stage 2,20,16
-7105_4135,Stage 3,54,31
-7106_4078,Stage 1,3,3
-7106_4078,Stage 2,2,2
-7106_4078,Stage 3,5,1
-7106_4079,Stage 1,3,3
-7106_4079,Stage 2,3,3
-7106_4079,Stage 3,14,8
-7106_4080,Stage 1,5,4
-7106_4080,Stage 2,8,8
-7106_4080,Stage 3,29,15
-7106_4081,Stage 1,2,2
-7106_4081,Stage 2,3,2
-7106_4081,Stage 3,13,9
-7106_4082,Stage 1,9,9
-7106_4082,Stage 2,3,2
-7106_4082,Stage 3,31,13
-7106_4083,Stage 1,3,3
-7106_4083,Stage 2,8,8
-7106_4083,Stage 3,14,12
-7106_4084,Stage 1,8,8
-7106_4084,Stage 2,7,7
-7106_4084,Stage 3,26,17
-7106_4085,Stage 1,6,5
-7106_4085,Stage 2,6,6
-7106_4085,Stage 3,17,11
-7106_4086,Stage 1,2,2
-7106_4086,Stage 2,3,3
-7106_4086,Stage 3,17,13
-7106_4087,Stage 1,8,5
-7106_4087,Stage 2,4,4
-7106_4087,Stage 3,33,24
-7106_4088,Stage 1,8,6
-7106_4088,Stage 2,12,7
-7106_4088,Stage 3,26,18
-7106_4089,Stage 1,6,6
-7106_4089,Stage 2,11,8
-7106_4089,Stage 3,10,8
-7106_4090,Stage 1,9,7
-7106_4090,Stage 2,19,10
-7106_4090,Stage 3,31,21
-7106_4091,Stage 1,10,8
-7106_4091,Stage 2,13,10
-7106_4091,Stage 3,28,17
-7106_4092,Stage 1,19,11
-7106_4092,Stage 2,10,10
-7106_4092,Stage 3,130,19
-7106_4093,Stage 1,9,8
-7106_4093,Stage 2,10,7
-7106_4093,Stage 3,57,28
-7106_4094,Stage 1,16,8
-7106_4094,Stage 2,11,4
-7106_4094,Stage 3,136,25
-7106_4095,Stage 1,6,6
-7106_4095,Stage 2,17,9
-7106_4095,Stage 3,273,37
-7106_4096,Stage 1,14,8
-7106_4096,Stage 2,31,15
-7106_4096,Stage 3,88,40
-7106_4097,Stage 1,5,4
-7106_4097,Stage 2,42,14
-7106_4097,Stage 3,112,41
-7106_4098,Stage 1,9,7
-7106_4098,Stage 2,41,9
-7106_4098,Stage 3,138,40
-7106_4099,Stage 1,11,8
-7106_4099,Stage 2,21,9
-7106_4099,Stage 3,109,39
-7106_4100,Stage 1,13,12
-7106_4100,Stage 2,24,9
-7106_4100,Stage 3,201,51
-7106_4101,Stage 1,7,6
-7106_4101,Stage 2,43,11
-7106_4101,Stage 3,194,53
-7106_4102,Stage 1,16,8
-7106_4102,Stage 2,11,8
-7106_4102,Stage 3,136,46
-7106_4103,Stage 1,11,7
-7106_4103,Stage 2,48,13
-7106_4103,Stage 3,193,47
-7106_4104,Stage 1,13,12
-7106_4104,Stage 2,24,14
-7106_4104,Stage 3,175,45
-7106_4105,Stage 1,12,12
-7106_4105,Stage 2,14,12
-7106_4105,Stage 3,113,49
-7106_4106,Stage 1,10,7
-7106_4106,Stage 2,11,11
-7106_4106,Stage 3,88,36
-7106_4107,Stage 1,33,8
-7106_4107,Stage 2,12,7
-7106_4107,Stage 3,125,46
-7106_4108,Stage 1,35,10
-7106_4108,Stage 2,121,14
-7106_4108,Stage 3,874,57
-7106_4109,Stage 1,33,8
-7106_4109,Stage 2,42,9
-7106_4109,Stage 3,597,56
-7106_4110,Stage 1,26,8
-7106_4110,Stage 2,33,13
-7106_4110,Stage 3,507,51
-7106_4111,Stage 1,34,11
-7106_4111,Stage 2,67,16
-7106_4111,Stage 3,991,55
-7106_4112,Stage 1,22,11
-7106_4112,Stage 2,61,13
-7106_4112,Stage 3,684,61
-7106_4113,Stage 1,127,12
-7106_4113,Stage 2,198,17
-7106_4113,Stage 3,7625,69
-7106_4114,Stage 1,7,7
-7106_4114,Stage 2,51,14
-7106_4114,Stage 3,756,59
-7106_4115,Stage 1,6,6
-7106_4115,Stage 2,59,13
-7106_4115,Stage 3,534,56
-7106_4116,Stage 1,14,11
-7106_4116,Stage 2,156,12
-7106_4116,Stage 3,1032,61
-7106_4117,Stage 1,8,6
-7106_4117,Stage 2,19,8
-7106_4117,Stage 3,342,47
-7106_4118,Stage 1,5,5
-7106_4118,Stage 2,13,9
-7106_4118,Stage 3,291,45
-7106_4119,Stage 1,11,11
-7106_4119,Stage 2,14,11
-7106_4119,Stage 3,221,47
-7106_4120,Stage 1,8,8
-7106_4120,Stage 2,19,14
-7106_4120,Stage 3,158,48
-7106_4121,Stage 1,10,8
-7106_4121,Stage 2,56,12
-7106_4121,Stage 3,602,58
-7106_4122,Stage 1,12,10
-7106_4122,Stage 2,20,19
-7106_4122,Stage 3,300,43
-7106_4123,Stage 1,12,10
-7106_4123,Stage 2,67,20
-7106_4123,Stage 3,1480,59
-7106_4124,Stage 1,11,9
-7106_4124,Stage 2,50,22
-7106_4124,Stage 3,167,59
-7106_4125,Stage 1,16,12
-7106_4125,Stage 2,26,16
-7106_4125,Stage 3,130,56
-7106_4126,Stage 1,21,11
-7106_4126,Stage 2,25,20
-7106_4126,Stage 3,142,46
-7106_4127,Stage 1,19,12
-7106_4127,Stage 2,29,19
-7106_4127,Stage 3,64,36
-7106_4128,Stage 1,53,17
-7106_4128,Stage 2,30,18
-7106_4128,Stage 3,52,31
-7106_4129,Stage 1,38,16
-7106_4129,Stage 2,24,20
-7106_4129,Stage 3,75,38
-7106_4130,Stage 1,19,16
-7106_4130,Stage 2,18,16
-7106_4130,Stage 3,43,33
-7106_4131,Stage 1,26,20
-7106_4131,Stage 2,26,22
-7106_4131,Stage 3,51,39
-7106_4132,Stage 1,26,21
-7106_4132,Stage 2,39,30
-7106_4132,Stage 3,29,26
-7106_4133,Stage 1,39,31
-7106_4133,Stage 2,28,23
-7106_4133,Stage 3,21,20
-7106_4134,Stage 1,18,16
-7106_4134,Stage 2,10,10
-7106_4134,Stage 3,55,30
-7106_4135,Stage 1,27,25
-7106_4135,Stage 2,25,24
-7106_4135,Stage 3,52,37
-7106_4136,Stage 1,13,13
-7106_4136,Stage 2,14,9
-7106_4136,Stage 3,25,19
-7107_4078,Stage 1,1,1
-7107_4078,Stage 2,0,0
-7107_4078,Stage 3,7,6
-7107_4079,Stage 1,4,4
-7107_4079,Stage 2,5,5
-7107_4079,Stage 3,19,13
-7107_4080,Stage 1,2,2
-7107_4080,Stage 2,5,5
-7107_4080,Stage 3,21,12
-7107_4081,Stage 1,9,6
-7107_4081,Stage 2,2,2
-7107_4081,Stage 3,21,15
-7107_4082,Stage 1,6,4
-7107_4082,Stage 2,5,5
-7107_4082,Stage 3,18,12
-7107_4083,Stage 1,2,2
-7107_4083,Stage 2,3,3
-7107_4083,Stage 3,23,18
-7107_4084,Stage 1,5,5
-7107_4084,Stage 2,5,5
-7107_4084,Stage 3,17,11
-7107_4085,Stage 1,7,6
-7107_4085,Stage 2,9,9
-7107_4085,Stage 3,35,21
-7107_4086,Stage 1,5,5
-7107_4086,Stage 2,5,5
-7107_4086,Stage 3,15,13
-7107_4087,Stage 1,8,5
-7107_4087,Stage 2,5,5
-7107_4087,Stage 3,20,17
-7107_4088,Stage 1,9,8
-7107_4088,Stage 2,12,8
-7107_4088,Stage 3,23,15
-7107_4089,Stage 1,8,8
-7107_4089,Stage 2,11,10
-7107_4089,Stage 3,25,18
-7107_4090,Stage 1,8,7
-7107_4090,Stage 2,9,9
-7107_4090,Stage 3,37,28
-7107_4091,Stage 1,9,9
-7107_4091,Stage 2,9,5
-7107_4091,Stage 3,34,23
-7107_4092,Stage 1,9,8
-7107_4092,Stage 2,12,10
-7107_4092,Stage 3,36,19
-7107_4093,Stage 1,13,10
-7107_4093,Stage 2,6,5
-7107_4093,Stage 3,44,28
-7107_4094,Stage 1,17,10
-7107_4094,Stage 2,24,14
-7107_4094,Stage 3,61,26
-7107_4095,Stage 1,9,7
-7107_4095,Stage 2,20,9
-7107_4095,Stage 3,100,25
-7107_4096,Stage 1,16,11
-7107_4096,Stage 2,23,11
-7107_4096,Stage 3,180,35
-7107_4097,Stage 1,3,3
-7107_4097,Stage 2,43,16
-7107_4097,Stage 3,142,38
-7107_4098,Stage 1,15,9
-7107_4098,Stage 2,40,14
-7107_4098,Stage 3,125,41
-7107_4099,Stage 1,10,6
-7107_4099,Stage 2,45,20
-7107_4099,Stage 3,106,39
-7107_4100,Stage 1,8,8
-7107_4100,Stage 2,27,9
-7107_4100,Stage 3,252,48
-7107_4101,Stage 1,10,8
-7107_4101,Stage 2,25,11
-7107_4101,Stage 3,130,44
-7107_4102,Stage 1,8,6
-7107_4102,Stage 2,31,19
-7107_4102,Stage 3,139,41
-7107_4103,Stage 1,5,2
-7107_4103,Stage 2,216,15
-7107_4103,Stage 3,165,52
-7107_4104,Stage 1,19,8
-7107_4104,Stage 2,18,16
-7107_4104,Stage 3,202,55
-7107_4105,Stage 1,11,9
-7107_4105,Stage 2,12,10
-7107_4105,Stage 3,138,50
-7107_4106,Stage 1,16,10
-7107_4106,Stage 2,12,10
-7107_4106,Stage 3,121,44
-7107_4107,Stage 1,24,10
-7107_4107,Stage 2,12,10
-7107_4107,Stage 3,108,41
-7107_4108,Stage 1,31,5
-7107_4108,Stage 2,26,12
-7107_4108,Stage 3,208,47
-7107_4109,Stage 1,28,8
-7107_4109,Stage 2,22,12
-7107_4109,Stage 3,164,49
-7107_4110,Stage 1,16,8
-7107_4110,Stage 2,34,15
-7107_4110,Stage 3,193,42
-7107_4111,Stage 1,23,7
-7107_4111,Stage 2,52,19
-7107_4111,Stage 3,227,48
-7107_4112,Stage 1,18,9
-7107_4112,Stage 2,80,12
-7107_4112,Stage 3,379,53
-7107_4113,Stage 1,22,7
-7107_4113,Stage 2,65,15
-7107_4113,Stage 3,590,60
-7107_4114,Stage 1,16,9
-7107_4114,Stage 2,58,12
-7107_4114,Stage 3,600,56
-7107_4115,Stage 1,14,10
-7107_4115,Stage 2,43,14
-7107_4115,Stage 3,437,52
-7107_4116,Stage 1,11,8
-7107_4116,Stage 2,33,11
-7107_4116,Stage 3,323,57
-7107_4117,Stage 1,13,12
-7107_4117,Stage 2,19,13
-7107_4117,Stage 3,257,61
-7107_4118,Stage 1,7,6
-7107_4118,Stage 2,20,13
-7107_4118,Stage 3,277,45
-7107_4119,Stage 1,10,10
-7107_4119,Stage 2,17,10
-7107_4119,Stage 3,263,51
-7107_4120,Stage 1,12,12
-7107_4120,Stage 2,16,14
-7107_4120,Stage 3,164,38
-7107_4121,Stage 1,14,10
-7107_4121,Stage 2,31,10
-7107_4121,Stage 3,225,51
-7107_4122,Stage 1,15,9
-7107_4122,Stage 2,13,9
-7107_4122,Stage 3,512,50
-7107_4123,Stage 1,14,12
-7107_4123,Stage 2,33,19
-7107_4123,Stage 3,403,64
-7107_4124,Stage 1,78,18
-7107_4124,Stage 2,43,18
-7107_4124,Stage 3,184,56
-7107_4125,Stage 1,20,16
-7107_4125,Stage 2,41,28
-7107_4125,Stage 3,143,58
-7107_4126,Stage 1,14,12
-7107_4126,Stage 2,22,15
-7107_4126,Stage 3,103,47
-7107_4127,Stage 1,22,13
-7107_4127,Stage 2,32,24
-7107_4127,Stage 3,93,53
-7107_4128,Stage 1,29,17
-7107_4128,Stage 2,34,26
-7107_4128,Stage 3,45,30
-7107_4129,Stage 1,33,16
-7107_4129,Stage 2,30,21
-7107_4129,Stage 3,51,34
-7107_4130,Stage 1,24,14
-7107_4130,Stage 2,18,14
-7107_4130,Stage 3,33,25
-7107_4131,Stage 1,28,21
-7107_4131,Stage 2,23,18
-7107_4131,Stage 3,39,33
-7107_4132,Stage 1,31,24
-7107_4132,Stage 2,37,35
-7107_4132,Stage 3,43,33
-7107_4133,Stage 1,27,24
-7107_4133,Stage 2,27,24
-7107_4133,Stage 3,37,27
-7107_4134,Stage 1,32,28
-7107_4134,Stage 2,37,32
-7107_4134,Stage 3,58,41
-7107_4135,Stage 1,37,36
-7107_4135,Stage 2,36,26
-7107_4135,Stage 3,56,50
-7107_4136,Stage 1,18,15
-7107_4136,Stage 2,22,16
-7107_4136,Stage 3,23,21
-7108_4078,Stage 1,0,0
-7108_4078,Stage 2,1,1
-7108_4078,Stage 3,8,6
-7108_4079,Stage 1,5,5
-7108_4079,Stage 2,5,5
-7108_4079,Stage 3,22,17
-7108_4080,Stage 1,2,2
-7108_4080,Stage 2,4,4
-7108_4080,Stage 3,26,15
-7108_4081,Stage 1,4,4
-7108_4081,Stage 2,2,2
-7108_4081,Stage 3,16,10
-7108_4082,Stage 1,2,2
-7108_4082,Stage 2,2,2
-7108_4082,Stage 3,28,18
-7108_4083,Stage 1,1,1
-7108_4083,Stage 2,5,5
-7108_4083,Stage 3,27,17
-7108_4084,Stage 1,0,0
-7108_4084,Stage 2,6,6
-7108_4084,Stage 3,17,13
-7108_4085,Stage 1,5,5
-7108_4085,Stage 2,2,2
-7108_4085,Stage 3,24,18
-7108_4086,Stage 1,4,4
-7108_4086,Stage 2,10,9
-7108_4086,Stage 3,26,15
-7108_4087,Stage 1,6,5
-7108_4087,Stage 2,7,7
-7108_4087,Stage 3,18,13
-7108_4088,Stage 1,3,3
-7108_4088,Stage 2,11,10
-7108_4088,Stage 3,16,12
-7108_4089,Stage 1,6,6
-7108_4089,Stage 2,3,3
-7108_4089,Stage 3,30,22
-7108_4090,Stage 1,7,6
-7108_4090,Stage 2,6,5
-7108_4090,Stage 3,34,23
-7108_4091,Stage 1,11,9
-7108_4091,Stage 2,11,8
-7108_4091,Stage 3,85,23
-7108_4092,Stage 1,12,12
-7108_4092,Stage 2,12,10
-7108_4092,Stage 3,93,24
-7108_4093,Stage 1,12,7
-7108_4093,Stage 2,12,9
-7108_4093,Stage 3,58,23
-7108_4094,Stage 1,15,6
-7108_4094,Stage 2,15,8
-7108_4094,Stage 3,82,30
-7108_4095,Stage 1,8,7
-7108_4095,Stage 2,22,9
-7108_4095,Stage 3,100,28
-7108_4096,Stage 1,8,6
-7108_4096,Stage 2,73,10
-7108_4096,Stage 3,225,38
-7108_4097,Stage 1,5,5
-7108_4097,Stage 2,25,9
-7108_4097,Stage 3,120,37
-7108_4098,Stage 1,9,7
-7108_4098,Stage 2,69,20
-7108_4098,Stage 3,253,48
-7108_4099,Stage 1,10,6
-7108_4099,Stage 2,56,12
-7108_4099,Stage 3,226,49
-7108_4100,Stage 1,12,9
-7108_4100,Stage 2,22,13
-7108_4100,Stage 3,196,50
-7108_4101,Stage 1,8,6
-7108_4101,Stage 2,45,10
-7108_4101,Stage 3,300,50
-7108_4102,Stage 1,9,8
-7108_4102,Stage 2,20,12
-7108_4102,Stage 3,160,43
-7108_4103,Stage 1,15,13
-7108_4103,Stage 2,89,14
-7108_4103,Stage 3,342,53
-7108_4104,Stage 1,10,10
-7108_4104,Stage 2,10,10
-7108_4104,Stage 3,146,52
-7108_4105,Stage 1,7,6
-7108_4105,Stage 2,11,10
-7108_4105,Stage 3,97,44
-7108_4106,Stage 1,13,8
-7108_4106,Stage 2,10,10
-7108_4106,Stage 3,120,38
-7108_4107,Stage 1,32,10
-7108_4107,Stage 2,12,9
-7108_4107,Stage 3,108,41
-7108_4108,Stage 1,33,13
-7108_4108,Stage 2,22,11
-7108_4108,Stage 3,184,43
-7108_4109,Stage 1,33,10
-7108_4109,Stage 2,40,17
-7108_4109,Stage 3,147,49
-7108_4110,Stage 1,16,6
-7108_4110,Stage 2,29,11
-7108_4110,Stage 3,186,48
-7108_4111,Stage 1,27,8
-7108_4111,Stage 2,110,11
-7108_4111,Stage 3,256,43
-7108_4112,Stage 1,19,10
-7108_4112,Stage 2,60,12
-7108_4112,Stage 3,230,55
-7108_4113,Stage 1,17,8
-7108_4113,Stage 2,86,11
-7108_4113,Stage 3,728,65
-7108_4114,Stage 1,21,6
-7108_4114,Stage 2,107,16
-7108_4114,Stage 3,738,65
-7108_4115,Stage 1,23,13
-7108_4115,Stage 2,84,13
-7108_4115,Stage 3,598,54
-7108_4116,Stage 1,15,9
-7108_4116,Stage 2,85,19
-7108_4116,Stage 3,1105,59
-7108_4117,Stage 1,10,9
-7108_4117,Stage 2,28,14
-7108_4117,Stage 3,344,51
-7108_4118,Stage 1,8,8
-7108_4118,Stage 2,11,10
-7108_4118,Stage 3,293,53
-7108_4119,Stage 1,11,8
-7108_4119,Stage 2,26,14
-7108_4119,Stage 3,346,43
-7108_4120,Stage 1,13,11
-7108_4120,Stage 2,26,15
-7108_4120,Stage 3,261,50
-7108_4121,Stage 1,14,9
-7108_4121,Stage 2,66,15
-7108_4121,Stage 3,837,61
-7108_4122,Stage 1,14,13
-7108_4122,Stage 2,20,15
-7108_4122,Stage 3,398,50
-7108_4123,Stage 1,16,12
-7108_4123,Stage 2,86,23
-7108_4123,Stage 3,914,61
-7108_4124,Stage 1,20,14
-7108_4124,Stage 2,47,30
-7108_4124,Stage 3,244,62
-7108_4125,Stage 1,25,22
-7108_4125,Stage 2,38,20
-7108_4125,Stage 3,235,67
-7108_4126,Stage 1,15,13
-7108_4126,Stage 2,37,21
-7108_4126,Stage 3,122,49
-7108_4127,Stage 1,20,13
-7108_4127,Stage 2,24,22
-7108_4127,Stage 3,76,46
-7108_4128,Stage 1,31,19
-7108_4128,Stage 2,27,21
-7108_4128,Stage 3,46,30
-7108_4129,Stage 1,18,12
-7108_4129,Stage 2,20,18
-7108_4129,Stage 3,40,30
-7108_4130,Stage 1,42,15
-7108_4130,Stage 2,30,24
-7108_4130,Stage 3,34,26
-7108_4131,Stage 1,33,23
-7108_4131,Stage 2,25,22
-7108_4131,Stage 3,29,25
-7108_4132,Stage 1,18,16
-7108_4132,Stage 2,33,30
-7108_4132,Stage 3,43,31
-7108_4133,Stage 1,14,14
-7108_4133,Stage 2,30,26
-7108_4133,Stage 3,52,36
-7108_4134,Stage 1,63,43
-7108_4134,Stage 2,25,21
-7108_4134,Stage 3,75,45
-7108_4135,Stage 1,40,38
-7108_4135,Stage 2,40,36
-7108_4135,Stage 3,64,49
-7108_4136,Stage 1,32,29
-7108_4136,Stage 2,49,37
-7108_4136,Stage 3,60,48
-7108_4137,Stage 1,3,3
-7108_4137,Stage 2,1,1
-7108_4137,Stage 3,2,2
-7109_4079,Stage 1,2,2
-7109_4079,Stage 2,6,6
-7109_4079,Stage 3,17,13
-7109_4080,Stage 1,4,4
-7109_4080,Stage 2,1,1
-7109_4080,Stage 3,21,16
-7109_4081,Stage 1,3,3
-7109_4081,Stage 2,3,3
-7109_4081,Stage 3,16,13
-7109_4082,Stage 1,4,4
-7109_4082,Stage 2,6,5
-7109_4082,Stage 3,22,13
-7109_4083,Stage 1,5,5
-7109_4083,Stage 2,4,4
-7109_4083,Stage 3,19,13
-7109_4084,Stage 1,5,5
-7109_4084,Stage 2,11,10
-7109_4084,Stage 3,17,15
-7109_4085,Stage 1,4,4
-7109_4085,Stage 2,5,5
-7109_4085,Stage 3,14,12
-7109_4086,Stage 1,2,2
-7109_4086,Stage 2,3,3
-7109_4086,Stage 3,20,15
-7109_4087,Stage 1,3,3
-7109_4087,Stage 2,22,5
-7109_4087,Stage 3,24,21
-7109_4088,Stage 1,5,5
-7109_4088,Stage 2,9,7
-7109_4088,Stage 3,24,16
-7109_4089,Stage 1,7,7
-7109_4089,Stage 2,4,4
-7109_4089,Stage 3,30,21
-7109_4090,Stage 1,4,4
-7109_4090,Stage 2,6,6
-7109_4090,Stage 3,25,18
-7109_4091,Stage 1,8,6
-7109_4091,Stage 2,13,9
-7109_4091,Stage 3,28,20
-7109_4092,Stage 1,11,9
-7109_4092,Stage 2,7,6
-7109_4092,Stage 3,69,26
-7109_4093,Stage 1,14,14
-7109_4093,Stage 2,19,15
-7109_4093,Stage 3,56,21
-7109_4094,Stage 1,12,9
-7109_4094,Stage 2,32,14
-7109_4094,Stage 3,68,27
-7109_4095,Stage 1,10,9
-7109_4095,Stage 2,33,12
-7109_4095,Stage 3,136,35
-7109_4096,Stage 1,6,5
-7109_4096,Stage 2,24,12
-7109_4096,Stage 3,127,34
-7109_4097,Stage 1,6,4
-7109_4097,Stage 2,28,11
-7109_4097,Stage 3,263,41
-7109_4098,Stage 1,11,7
-7109_4098,Stage 2,41,14
-7109_4098,Stage 3,164,46
-7109_4099,Stage 1,8,5
-7109_4099,Stage 2,39,11
-7109_4099,Stage 3,119,37
-7109_4100,Stage 1,5,5
-7109_4100,Stage 2,49,14
-7109_4100,Stage 3,174,44
-7109_4101,Stage 1,11,8
-7109_4101,Stage 2,22,8
-7109_4101,Stage 3,177,47
-7109_4102,Stage 1,7,7
-7109_4102,Stage 2,25,16
-7109_4102,Stage 3,187,45
-7109_4103,Stage 1,9,7
-7109_4103,Stage 2,24,12
-7109_4103,Stage 3,206,51
-7109_4104,Stage 1,13,7
-7109_4104,Stage 2,13,10
-7109_4104,Stage 3,170,41
-7109_4105,Stage 1,11,9
-7109_4105,Stage 2,20,10
-7109_4105,Stage 3,109,48
-7109_4106,Stage 1,22,5
-7109_4106,Stage 2,11,11
-7109_4106,Stage 3,105,49
-7109_4107,Stage 1,31,8
-7109_4107,Stage 2,12,8
-7109_4107,Stage 3,87,36
-7109_4108,Stage 1,30,5
-7109_4108,Stage 2,21,12
-7109_4108,Stage 3,127,44
-7109_4109,Stage 1,30,9
-7109_4109,Stage 2,19,13
-7109_4109,Stage 3,133,49
-7109_4110,Stage 1,18,4
-7109_4110,Stage 2,40,9
-7109_4110,Stage 3,156,38
-7109_4111,Stage 1,48,10
-7109_4111,Stage 2,28,12
-7109_4111,Stage 3,214,46
-7109_4112,Stage 1,17,13
-7109_4112,Stage 2,41,16
-7109_4112,Stage 3,153,45
-7109_4113,Stage 1,16,10
-7109_4113,Stage 2,45,17
-7109_4113,Stage 3,191,55
-7109_4114,Stage 1,21,12
-7109_4114,Stage 2,46,13
-7109_4114,Stage 3,258,51
-7109_4115,Stage 1,14,9
-7109_4115,Stage 2,61,11
-7109_4115,Stage 3,267,55
-7109_4116,Stage 1,9,7
-7109_4116,Stage 2,40,14
-7109_4116,Stage 3,270,59
-7109_4117,Stage 1,6,5
-7109_4117,Stage 2,33,13
-7109_4117,Stage 3,360,60
-7109_4118,Stage 1,13,9
-7109_4118,Stage 2,25,8
-7109_4118,Stage 3,285,52
-7109_4119,Stage 1,12,10
-7109_4119,Stage 2,38,13
-7109_4119,Stage 3,291,48
-7109_4120,Stage 1,11,10
-7109_4120,Stage 2,32,13
-7109_4120,Stage 3,262,43
-7109_4121,Stage 1,21,10
-7109_4121,Stage 2,52,15
-7109_4121,Stage 3,268,62
-7109_4122,Stage 1,14,13
-7109_4122,Stage 2,38,17
-7109_4122,Stage 3,376,46
-7109_4123,Stage 1,17,13
-7109_4123,Stage 2,46,17
-7109_4123,Stage 3,549,56
-7109_4124,Stage 1,20,14
-7109_4124,Stage 2,91,28
-7109_4124,Stage 3,263,62
-7109_4125,Stage 1,19,13
-7109_4125,Stage 2,37,17
-7109_4125,Stage 3,132,55
-7109_4126,Stage 1,21,12
-7109_4126,Stage 2,28,20
-7109_4126,Stage 3,90,47
-7109_4127,Stage 1,15,12
-7109_4127,Stage 2,28,22
-7109_4127,Stage 3,87,41
-7109_4128,Stage 1,16,11
-7109_4128,Stage 2,22,19
-7109_4128,Stage 3,60,41
-7109_4129,Stage 1,30,22
-7109_4129,Stage 2,27,23
-7109_4129,Stage 3,44,32
-7109_4130,Stage 1,46,22
-7109_4130,Stage 2,17,14
-7109_4130,Stage 3,46,30
-7109_4131,Stage 1,50,24
-7109_4131,Stage 2,45,33
-7109_4131,Stage 3,58,35
-7109_4132,Stage 1,24,21
-7109_4132,Stage 2,25,20
-7109_4132,Stage 3,57,37
-7109_4133,Stage 1,18,13
-7109_4133,Stage 2,26,22
-7109_4133,Stage 3,51,36
-7109_4134,Stage 1,28,23
-7109_4134,Stage 2,39,35
-7109_4134,Stage 3,62,41
-7109_4135,Stage 1,39,36
-7109_4135,Stage 2,43,35
-7109_4135,Stage 3,79,66
-7109_4136,Stage 1,78,69
-7109_4136,Stage 2,70,58
-7109_4136,Stage 3,126,115
-7109_4137,Stage 1,16,16
-7109_4137,Stage 2,11,11
-7109_4137,Stage 3,26,24
-7110_4079,Stage 1,5,5
-7110_4079,Stage 2,2,2
-7110_4079,Stage 3,17,11
-7110_4080,Stage 1,5,5
-7110_4080,Stage 2,8,8
-7110_4080,Stage 3,15,9
-7110_4081,Stage 1,5,5
-7110_4081,Stage 2,7,6
-7110_4081,Stage 3,24,16
-7110_4082,Stage 1,4,4
-7110_4082,Stage 2,4,4
-7110_4082,Stage 3,23,15
-7110_4083,Stage 1,3,3
-7110_4083,Stage 2,3,3
-7110_4083,Stage 3,18,14
-7110_4084,Stage 1,4,4
-7110_4084,Stage 2,2,2
-7110_4084,Stage 3,22,15
-7110_4085,Stage 1,2,2
-7110_4085,Stage 2,4,4
-7110_4085,Stage 3,22,14
-7110_4086,Stage 1,2,2
-7110_4086,Stage 2,6,6
-7110_4086,Stage 3,16,14
-7110_4087,Stage 1,2,2
-7110_4087,Stage 2,6,6
-7110_4087,Stage 3,21,16
-7110_4088,Stage 1,1,1
-7110_4088,Stage 2,9,9
-7110_4088,Stage 3,26,14
-7110_4089,Stage 1,6,6
-7110_4089,Stage 2,11,9
-7110_4089,Stage 3,32,20
-7110_4090,Stage 1,10,7
-7110_4090,Stage 2,17,14
-7110_4090,Stage 3,25,17
-7110_4091,Stage 1,12,9
-7110_4091,Stage 2,14,9
-7110_4091,Stage 3,34,17
-7110_4092,Stage 1,12,10
-7110_4092,Stage 2,8,8
-7110_4092,Stage 3,73,24
-7110_4093,Stage 1,20,15
-7110_4093,Stage 2,13,11
-7110_4093,Stage 3,128,25
-7110_4094,Stage 1,13,11
-7110_4094,Stage 2,29,11
-7110_4094,Stage 3,88,25
-7110_4095,Stage 1,4,4
-7110_4095,Stage 2,44,16
-7110_4095,Stage 3,98,23
-7110_4096,Stage 1,5,3
-7110_4096,Stage 2,115,16
-7110_4096,Stage 3,240,43
-7110_4097,Stage 1,4,2
-7110_4097,Stage 2,22,13
-7110_4097,Stage 3,205,42
-7110_4098,Stage 1,17,8
-7110_4098,Stage 2,64,12
-7110_4098,Stage 3,444,53
-7110_4099,Stage 1,8,5
-7110_4099,Stage 2,67,11
-7110_4099,Stage 3,264,51
-7110_4100,Stage 1,3,3
-7110_4100,Stage 2,54,19
-7110_4100,Stage 3,248,56
-7110_4101,Stage 1,4,4
-7110_4101,Stage 2,52,23
-7110_4101,Stage 3,278,51
-7110_4102,Stage 1,4,4
-7110_4102,Stage 2,27,16
-7110_4102,Stage 3,163,53
-7110_4103,Stage 1,16,11
-7110_4103,Stage 2,67,16
-7110_4103,Stage 3,311,59
-7110_4104,Stage 1,11,6
-7110_4104,Stage 2,10,9
-7110_4104,Stage 3,134,41
-7110_4105,Stage 1,21,9
-7110_4105,Stage 2,11,9
-7110_4105,Stage 3,105,48
-7110_4106,Stage 1,37,13
-7110_4106,Stage 2,9,7
-7110_4106,Stage 3,116,43
-7110_4107,Stage 1,31,9
-7110_4107,Stage 2,39,15
-7110_4107,Stage 3,92,41
-7110_4108,Stage 1,33,9
-7110_4108,Stage 2,87,20
-7110_4108,Stage 3,836,51
-7110_4109,Stage 1,25,6
-7110_4109,Stage 2,54,15
-7110_4109,Stage 3,774,54
-7110_4110,Stage 1,21,7
-7110_4110,Stage 2,36,8
-7110_4110,Stage 3,326,51
-7110_4111,Stage 1,22,10
-7110_4111,Stage 2,76,15
-7110_4111,Stage 3,155,49
-7110_4112,Stage 1,15,8
-7110_4112,Stage 2,46,20
-7110_4112,Stage 3,171,45
-7110_4113,Stage 1,34,15
-7110_4113,Stage 2,56,8
-7110_4113,Stage 3,249,54
-7110_4114,Stage 1,39,11
-7110_4114,Stage 2,140,15
-7110_4114,Stage 3,404,67
-7110_4115,Stage 1,14,9
-7110_4115,Stage 2,58,14
-7110_4115,Stage 3,365,61
-7110_4116,Stage 1,15,10
-7110_4116,Stage 2,70,17
-7110_4116,Stage 3,807,64
-7110_4117,Stage 1,12,9
-7110_4117,Stage 2,37,17
-7110_4117,Stage 3,295,49
-7110_4118,Stage 1,8,8
-7110_4118,Stage 2,55,11
-7110_4118,Stage 3,796,58
-7110_4119,Stage 1,9,8
-7110_4119,Stage 2,51,17
-7110_4119,Stage 3,614,59
-7110_4120,Stage 1,11,10
-7110_4120,Stage 2,28,7
-7110_4120,Stage 3,332,48
-7110_4121,Stage 1,11,9
-7110_4121,Stage 2,74,17
-7110_4121,Stage 3,528,60
-7110_4122,Stage 1,13,11
-7110_4122,Stage 2,61,22
-7110_4122,Stage 3,391,55
-7110_4123,Stage 1,19,10
-7110_4123,Stage 2,43,10
-7110_4123,Stage 3,535,64
-7110_4124,Stage 1,36,18
-7110_4124,Stage 2,70,24
-7110_4124,Stage 3,291,65
-7110_4125,Stage 1,20,19
-7110_4125,Stage 2,37,20
-7110_4125,Stage 3,190,55
-7110_4126,Stage 1,23,14
-7110_4126,Stage 2,38,19
-7110_4126,Stage 3,114,56
-7110_4127,Stage 1,15,9
-7110_4127,Stage 2,27,21
-7110_4127,Stage 3,82,53
-7110_4128,Stage 1,18,14
-7110_4128,Stage 2,30,25
-7110_4128,Stage 3,63,43
-7110_4129,Stage 1,23,17
-7110_4129,Stage 2,31,24
-7110_4129,Stage 3,51,40
-7110_4130,Stage 1,25,20
-7110_4130,Stage 2,36,17
-7110_4130,Stage 3,38,31
-7110_4131,Stage 1,19,15
-7110_4131,Stage 2,22,15
-7110_4131,Stage 3,46,27
-7110_4132,Stage 1,33,22
-7110_4132,Stage 2,28,17
-7110_4132,Stage 3,59,40
-7110_4133,Stage 1,23,19
-7110_4133,Stage 2,23,15
-7110_4133,Stage 3,73,46
-7110_4134,Stage 1,22,18
-7110_4134,Stage 2,30,29
-7110_4134,Stage 3,73,51
-7110_4135,Stage 1,64,58
-7110_4135,Stage 2,51,48
-7110_4135,Stage 3,87,83
-7110_4136,Stage 1,107,90
-7110_4136,Stage 2,124,102
-7110_4136,Stage 3,134,107
-7110_4137,Stage 1,36,35
-7110_4137,Stage 2,26,24
-7110_4137,Stage 3,40,37
-7111_4079,Stage 1,2,2
-7111_4079,Stage 2,1,1
-7111_4079,Stage 3,4,4
-7111_4080,Stage 1,8,8
-7111_4080,Stage 2,6,6
-7111_4080,Stage 3,16,9
-7111_4081,Stage 1,7,7
-7111_4081,Stage 2,7,7
-7111_4081,Stage 3,20,16
-7111_4082,Stage 1,5,5
-7111_4082,Stage 2,5,5
-7111_4082,Stage 3,21,14
-7111_4083,Stage 1,7,7
-7111_4083,Stage 2,7,7
-7111_4083,Stage 3,19,12
-7111_4084,Stage 1,4,4
-7111_4084,Stage 2,6,5
-7111_4084,Stage 3,22,14
-7111_4085,Stage 1,3,3
-7111_4085,Stage 2,8,8
-7111_4085,Stage 3,18,16
-7111_4086,Stage 1,1,1
-7111_4086,Stage 2,9,8
-7111_4086,Stage 3,22,21
-7111_4087,Stage 1,3,3
-7111_4087,Stage 2,8,7
-7111_4087,Stage 3,23,13
-7111_4088,Stage 1,7,7
-7111_4088,Stage 2,4,4
-7111_4088,Stage 3,28,21
-7111_4089,Stage 1,6,4
-7111_4089,Stage 2,15,12
-7111_4089,Stage 3,20,16
-7111_4090,Stage 1,10,7
-7111_4090,Stage 2,48,12
-7111_4090,Stage 3,29,19
-7111_4091,Stage 1,3,3
-7111_4091,Stage 2,46,12
-7111_4091,Stage 3,29,16
-7111_4092,Stage 1,4,4
-7111_4092,Stage 2,10,10
-7111_4092,Stage 3,29,15
-7111_4093,Stage 1,11,11
-7111_4093,Stage 2,15,12
-7111_4093,Stage 3,65,26
-7111_4094,Stage 1,12,9
-7111_4094,Stage 2,21,13
-7111_4094,Stage 3,45,25
-7111_4095,Stage 1,13,12
-7111_4095,Stage 2,18,10
-7111_4095,Stage 3,94,29
-7111_4096,Stage 1,6,4
-7111_4096,Stage 2,20,10
-7111_4096,Stage 3,100,31
-7111_4097,Stage 1,8,7
-7111_4097,Stage 2,21,13
-7111_4097,Stage 3,130,31
-7111_4098,Stage 1,10,7
-7111_4098,Stage 2,27,11
-7111_4098,Stage 3,320,42
-7111_4099,Stage 1,7,4
-7111_4099,Stage 2,50,16
-7111_4099,Stage 3,463,56
-7111_4100,Stage 1,8,8
-7111_4100,Stage 2,52,13
-7111_4100,Stage 3,478,56
-7111_4101,Stage 1,8,5
-7111_4101,Stage 2,25,14
-7111_4101,Stage 3,260,58
-7111_4102,Stage 1,3,3
-7111_4102,Stage 2,11,7
-7111_4102,Stage 3,220,47
-7111_4103,Stage 1,12,12
-7111_4103,Stage 2,27,17
-7111_4103,Stage 3,177,43
-7111_4104,Stage 1,3,3
-7111_4104,Stage 2,10,8
-7111_4104,Stage 3,137,38
-7111_4105,Stage 1,11,10
-7111_4105,Stage 2,7,7
-7111_4105,Stage 3,96,37
-7111_4106,Stage 1,14,8
-7111_4106,Stage 2,14,11
-7111_4106,Stage 3,106,41
-7111_4107,Stage 1,31,8
-7111_4107,Stage 2,22,13
-7111_4107,Stage 3,115,43
-7111_4108,Stage 1,22,10
-7111_4108,Stage 2,39,17
-7111_4108,Stage 3,213,42
-7111_4109,Stage 1,31,11
-7111_4109,Stage 2,43,19
-7111_4109,Stage 3,229,41
-7111_4110,Stage 1,20,7
-7111_4110,Stage 2,46,15
-7111_4110,Stage 3,186,39
-7111_4111,Stage 1,27,5
-7111_4111,Stage 2,35,8
-7111_4111,Stage 3,152,36
-7111_4112,Stage 1,18,10
-7111_4112,Stage 2,15,5
-7111_4112,Stage 3,144,55
-7111_4113,Stage 1,21,12
-7111_4113,Stage 2,44,19
-7111_4113,Stage 3,204,51
-7111_4114,Stage 1,34,12
-7111_4114,Stage 2,56,8
-7111_4114,Stage 3,299,52
-7111_4115,Stage 1,23,10
-7111_4115,Stage 2,61,12
-7111_4115,Stage 3,364,59
-7111_4116,Stage 1,24,15
-7111_4116,Stage 2,83,21
-7111_4116,Stage 3,638,65
-7111_4117,Stage 1,11,5
-7111_4117,Stage 2,45,18
-7111_4117,Stage 3,366,64
-7111_4118,Stage 1,21,15
-7111_4118,Stage 2,95,19
-7111_4118,Stage 3,476,61
-7111_4119,Stage 1,14,10
-7111_4119,Stage 2,93,13
-7111_4119,Stage 3,664,60
-7111_4120,Stage 1,18,16
-7111_4120,Stage 2,57,17
-7111_4120,Stage 3,391,67
-7111_4121,Stage 1,13,8
-7111_4121,Stage 2,157,17
-7111_4121,Stage 3,980,64
-7111_4122,Stage 1,20,16
-7111_4122,Stage 2,76,12
-7111_4122,Stage 3,591,59
-7111_4123,Stage 1,20,12
-7111_4123,Stage 2,114,20
-7111_4123,Stage 3,1481,70
-7111_4124,Stage 1,30,21
-7111_4124,Stage 2,138,30
-7111_4124,Stage 3,314,59
-7111_4125,Stage 1,21,16
-7111_4125,Stage 2,43,18
-7111_4125,Stage 3,151,50
-7111_4126,Stage 1,19,15
-7111_4126,Stage 2,33,18
-7111_4126,Stage 3,110,58
-7111_4127,Stage 1,13,11
-7111_4127,Stage 2,29,20
-7111_4127,Stage 3,77,54
-7111_4128,Stage 1,19,16
-7111_4128,Stage 2,29,23
-7111_4128,Stage 3,106,73
-7111_4129,Stage 1,14,13
-7111_4129,Stage 2,20,13
-7111_4129,Stage 3,48,35
-7111_4130,Stage 1,27,19
-7111_4130,Stage 2,39,24
-7111_4130,Stage 3,42,38
-7111_4131,Stage 1,23,14
-7111_4131,Stage 2,23,17
-7111_4131,Stage 3,51,31
-7111_4132,Stage 1,33,23
-7111_4132,Stage 2,40,24
-7111_4132,Stage 3,60,44
-7111_4133,Stage 1,20,18
-7111_4133,Stage 2,31,22
-7111_4133,Stage 3,76,57
-7111_4134,Stage 1,37,31
-7111_4134,Stage 2,59,49
-7111_4134,Stage 3,96,86
-7111_4135,Stage 1,82,73
-7111_4135,Stage 2,69,64
-7111_4135,Stage 3,116,93
-7111_4136,Stage 1,91,83
-7111_4136,Stage 2,77,71
-7111_4136,Stage 3,108,97
-7111_4137,Stage 1,27,23
-7111_4137,Stage 2,29,26
-7111_4137,Stage 3,55,46
-7112_4080,Stage 1,3,3
-7112_4080,Stage 2,1,1
-7112_4080,Stage 3,18,14
-7112_4081,Stage 1,3,3
-7112_4081,Stage 2,10,9
-7112_4081,Stage 3,20,10
-7112_4082,Stage 1,7,5
-7112_4082,Stage 2,4,4
-7112_4082,Stage 3,22,18
-7112_4083,Stage 1,5,5
-7112_4083,Stage 2,6,5
-7112_4083,Stage 3,14,8
-7112_4084,Stage 1,2,2
-7112_4084,Stage 2,9,9
-7112_4084,Stage 3,23,15
-7112_4085,Stage 1,5,5
-7112_4085,Stage 2,4,4
-7112_4085,Stage 3,18,14
-7112_4086,Stage 1,5,4
-7112_4086,Stage 2,6,6
-7112_4086,Stage 3,33,24
-7112_4087,Stage 1,2,2
-7112_4087,Stage 2,11,11
-7112_4087,Stage 3,25,21
-7112_4088,Stage 1,5,5
-7112_4088,Stage 2,9,9
-7112_4088,Stage 3,33,23
-7112_4089,Stage 1,11,8
-7112_4089,Stage 2,10,9
-7112_4089,Stage 3,19,13
-7112_4090,Stage 1,10,10
-7112_4090,Stage 2,10,9
-7112_4090,Stage 3,20,16
-7112_4091,Stage 1,9,7
-7112_4091,Stage 2,20,11
-7112_4091,Stage 3,38,18
-7112_4092,Stage 1,13,12
-7112_4092,Stage 2,16,13
-7112_4092,Stage 3,26,16
-7112_4093,Stage 1,4,3
-7112_4093,Stage 2,13,10
-7112_4093,Stage 3,45,20
-7112_4094,Stage 1,14,11
-7112_4094,Stage 2,19,15
-7112_4094,Stage 3,81,26
-7112_4095,Stage 1,8,7
-7112_4095,Stage 2,32,13
-7112_4095,Stage 3,74,27
-7112_4096,Stage 1,5,5
-7112_4096,Stage 2,57,14
-7112_4096,Stage 3,365,48
-7112_4097,Stage 1,7,7
-7112_4097,Stage 2,17,9
-7112_4097,Stage 3,114,34
-7112_4098,Stage 1,8,6
-7112_4098,Stage 2,75,13
-7112_4098,Stage 3,453,50
-7112_4099,Stage 1,12,11
-7112_4099,Stage 2,249,15
-7112_4099,Stage 3,11431,59
-7112_4100,Stage 1,4,4
-7112_4100,Stage 2,66,16
-7112_4100,Stage 3,1059,60
-7112_4101,Stage 1,6,4
-7112_4101,Stage 2,41,17
-7112_4101,Stage 3,472,60
-7112_4102,Stage 1,7,7
-7112_4102,Stage 2,18,10
-7112_4102,Stage 3,224,54
-7112_4103,Stage 1,11,7
-7112_4103,Stage 2,43,22
-7112_4103,Stage 3,258,50
-7112_4104,Stage 1,15,13
-7112_4104,Stage 2,7,7
-7112_4104,Stage 3,175,48
-7112_4105,Stage 1,10,9
-7112_4105,Stage 2,9,9
-7112_4105,Stage 3,120,46
-7112_4106,Stage 1,15,7
-7112_4106,Stage 2,23,12
-7112_4106,Stage 3,106,45
-7112_4107,Stage 1,30,10
-7112_4107,Stage 2,39,17
-7112_4107,Stage 3,269,49
-7112_4108,Stage 1,28,8
-7112_4108,Stage 2,135,18
-7112_4108,Stage 3,1011,54
-7112_4109,Stage 1,35,12
-7112_4109,Stage 2,115,21
-7112_4109,Stage 3,1023,55
-7112_4110,Stage 1,21,5
-7112_4110,Stage 2,68,22
-7112_4110,Stage 3,351,46
-7112_4111,Stage 1,27,6
-7112_4111,Stage 2,108,14
-7112_4111,Stage 3,603,53
-7112_4112,Stage 1,25,12
-7112_4112,Stage 2,48,15
-7112_4112,Stage 3,151,46
-7112_4113,Stage 1,19,15
-7112_4113,Stage 2,68,16
-7112_4113,Stage 3,168,43
-7112_4114,Stage 1,21,12
-7112_4114,Stage 2,67,11
-7112_4114,Stage 3,279,59
-7112_4115,Stage 1,19,16
-7112_4115,Stage 2,55,11
-7112_4115,Stage 3,234,51
-7112_4116,Stage 1,19,12
-7112_4116,Stage 2,64,13
-7112_4116,Stage 3,351,62
-7112_4117,Stage 1,8,7
-7112_4117,Stage 2,48,17
-7112_4117,Stage 3,270,51
-7112_4118,Stage 1,15,11
-7112_4118,Stage 2,58,15
-7112_4118,Stage 3,453,58
-7112_4119,Stage 1,21,15
-7112_4119,Stage 2,60,12
-7112_4119,Stage 3,427,61
-7112_4120,Stage 1,24,14
-7112_4120,Stage 2,88,14
-7112_4120,Stage 3,759,70
-7112_4121,Stage 1,28,18
-7112_4121,Stage 2,95,13
-7112_4121,Stage 3,2266,62
-7112_4122,Stage 1,17,15
-7112_4122,Stage 2,59,17
-7112_4122,Stage 3,847,61
-7112_4123,Stage 1,13,11
-7112_4123,Stage 2,46,14
-7112_4123,Stage 3,559,65
-7112_4124,Stage 1,29,18
-7112_4124,Stage 2,66,25
-7112_4124,Stage 3,379,60
-7112_4125,Stage 1,16,10
-7112_4125,Stage 2,42,21
-7112_4125,Stage 3,165,56
-7112_4126,Stage 1,23,15
-7112_4126,Stage 2,26,16
-7112_4126,Stage 3,89,48
-7112_4127,Stage 1,22,17
-7112_4127,Stage 2,31,26
-7112_4127,Stage 3,93,56
-7112_4128,Stage 1,27,17
-7112_4128,Stage 2,33,22
-7112_4128,Stage 3,81,56
-7112_4129,Stage 1,26,22
-7112_4129,Stage 2,42,28
-7112_4129,Stage 3,62,48
-7112_4130,Stage 1,36,28
-7112_4130,Stage 2,34,24
-7112_4130,Stage 3,47,35
-7112_4131,Stage 1,32,25
-7112_4131,Stage 2,32,26
-7112_4131,Stage 3,46,38
-7112_4132,Stage 1,19,15
-7112_4132,Stage 2,31,22
-7112_4132,Stage 3,69,48
-7112_4133,Stage 1,40,33
-7112_4133,Stage 2,48,40
-7112_4133,Stage 3,107,83
-7112_4134,Stage 1,53,47
-7112_4134,Stage 2,87,72
-7112_4134,Stage 3,92,77
-7112_4135,Stage 1,44,36
-7112_4135,Stage 2,52,50
-7112_4135,Stage 3,92,85
-7112_4136,Stage 1,139,106
-7112_4136,Stage 2,76,66
-7112_4136,Stage 3,99,90
-7112_4137,Stage 1,44,40
-7112_4137,Stage 2,42,41
-7112_4137,Stage 3,59,51
-7113_4080,Stage 1,1,1
-7113_4080,Stage 2,2,2
-7113_4080,Stage 3,1,1
-7113_4081,Stage 1,1,1
-7113_4081,Stage 2,5,5
-7113_4081,Stage 3,11,10
-7113_4082,Stage 1,4,4
-7113_4082,Stage 2,0,0
-7113_4082,Stage 3,21,16
-7113_4083,Stage 1,4,4
-7113_4083,Stage 2,4,3
-7113_4083,Stage 3,13,8
-7113_4084,Stage 1,3,3
-7113_4084,Stage 2,5,4
-7113_4084,Stage 3,25,19
-7113_4085,Stage 1,4,4
-7113_4085,Stage 2,9,9
-7113_4085,Stage 3,22,18
-7113_4086,Stage 1,7,7
-7113_4086,Stage 2,6,6
-7113_4086,Stage 3,22,19
-7113_4087,Stage 1,5,5
-7113_4087,Stage 2,3,3
-7113_4087,Stage 3,26,24
-7113_4088,Stage 1,20,6
-7113_4088,Stage 2,7,7
-7113_4088,Stage 3,35,21
-7113_4089,Stage 1,13,7
-7113_4089,Stage 2,11,11
-7113_4089,Stage 3,18,11
-7113_4090,Stage 1,13,5
-7113_4090,Stage 2,12,9
-7113_4090,Stage 3,18,14
-7113_4091,Stage 1,9,8
-7113_4091,Stage 2,18,11
-7113_4091,Stage 3,59,21
-7113_4092,Stage 1,8,8
-7113_4092,Stage 2,17,14
-7113_4092,Stage 3,86,20
-7113_4093,Stage 1,12,6
-7113_4093,Stage 2,17,12
-7113_4093,Stage 3,81,26
-7113_4094,Stage 1,6,3
-7113_4094,Stage 2,14,8
-7113_4094,Stage 3,98,39
-7113_4095,Stage 1,7,7
-7113_4095,Stage 2,24,7
-7113_4095,Stage 3,118,26
-7113_4096,Stage 1,7,7
-7113_4096,Stage 2,25,12
-7113_4096,Stage 3,124,48
-7113_4097,Stage 1,7,7
-7113_4097,Stage 2,11,6
-7113_4097,Stage 3,101,41
-7113_4098,Stage 1,8,5
-7113_4098,Stage 2,23,10
-7113_4098,Stage 3,254,49
-7113_4099,Stage 1,4,4
-7113_4099,Stage 2,63,17
-7113_4099,Stage 3,478,60
-7113_4100,Stage 1,8,8
-7113_4100,Stage 2,48,15
-7113_4100,Stage 3,497,56
-7113_4101,Stage 1,3,2
-7113_4101,Stage 2,38,14
-7113_4101,Stage 3,198,44
-7113_4102,Stage 1,6,6
-7113_4102,Stage 2,24,12
-7113_4102,Stage 3,200,42
-7113_4103,Stage 1,7,7
-7113_4103,Stage 2,34,22
-7113_4103,Stage 3,175,43
-7113_4104,Stage 1,6,6
-7113_4104,Stage 2,12,9
-7113_4104,Stage 3,161,48
-7113_4105,Stage 1,6,6
-7113_4105,Stage 2,11,10
-7113_4105,Stage 3,93,43
-7113_4106,Stage 1,11,8
-7113_4106,Stage 2,71,10
-7113_4106,Stage 3,184,44
-7113_4107,Stage 1,27,13
-7113_4107,Stage 2,27,12
-7113_4107,Stage 3,164,42
-7113_4108,Stage 1,31,12
-7113_4108,Stage 2,71,17
-7113_4108,Stage 3,331,47
-7113_4109,Stage 1,24,13
-7113_4109,Stage 2,35,11
-7113_4109,Stage 3,303,49
-7113_4110,Stage 1,133,13
-7113_4110,Stage 2,37,16
-7113_4110,Stage 3,337,38
-7113_4111,Stage 1,25,8
-7113_4111,Stage 2,69,17
-7113_4111,Stage 3,421,53
-7113_4112,Stage 1,39,13
-7113_4112,Stage 2,47,21
-7113_4112,Stage 3,147,50
-7113_4113,Stage 1,17,4
-7113_4113,Stage 2,39,10
-7113_4113,Stage 3,136,43
-7113_4114,Stage 1,12,8
-7113_4114,Stage 2,106,20
-7113_4114,Stage 3,192,45
-7113_4115,Stage 1,12,9
-7113_4115,Stage 2,52,14
-7113_4115,Stage 3,183,43
-7113_4116,Stage 1,20,11
-7113_4116,Stage 2,90,15
-7113_4116,Stage 3,739,63
-7113_4117,Stage 1,14,13
-7113_4117,Stage 2,48,14
-7113_4117,Stage 3,264,56
-7113_4118,Stage 1,17,15
-7113_4118,Stage 2,132,24
-7113_4118,Stage 3,850,65
-7113_4119,Stage 1,19,12
-7113_4119,Stage 2,110,20
-7113_4119,Stage 3,1283,67
-7113_4120,Stage 1,12,11
-7113_4120,Stage 2,80,15
-7113_4120,Stage 3,648,69
-7113_4121,Stage 1,177,11
-7113_4121,Stage 2,247,18
-7113_4121,Stage 3,10865,76
-7113_4122,Stage 1,16,9
-7113_4122,Stage 2,79,18
-7113_4122,Stage 3,819,69
-7113_4123,Stage 1,23,15
-7113_4123,Stage 2,147,28
-7113_4123,Stage 3,1288,79
-7113_4124,Stage 1,44,20
-7113_4124,Stage 2,146,29
-7113_4124,Stage 3,337,70
-7113_4125,Stage 1,29,20
-7113_4125,Stage 2,51,26
-7113_4125,Stage 3,134,49
-7113_4126,Stage 1,17,10
-7113_4126,Stage 2,91,28
-7113_4126,Stage 3,91,56
-7113_4127,Stage 1,26,20
-7113_4127,Stage 2,30,17
-7113_4127,Stage 3,93,57
-7113_4128,Stage 1,31,20
-7113_4128,Stage 2,44,28
-7113_4128,Stage 3,68,45
-7113_4129,Stage 1,15,13
-7113_4129,Stage 2,27,19
-7113_4129,Stage 3,44,37
-7113_4130,Stage 1,31,25
-7113_4130,Stage 2,38,29
-7113_4130,Stage 3,50,36
-7113_4131,Stage 1,37,33
-7113_4131,Stage 2,32,28
-7113_4131,Stage 3,45,41
-7113_4132,Stage 1,132,91
-7113_4132,Stage 2,100,81
-7113_4132,Stage 3,89,74
-7113_4133,Stage 1,147,89
-7113_4133,Stage 2,144,102
-7113_4133,Stage 3,123,99
-7113_4134,Stage 1,39,32
-7113_4134,Stage 2,59,50
-7113_4134,Stage 3,109,97
-7113_4135,Stage 1,75,72
-7113_4135,Stage 2,106,98
-7113_4135,Stage 3,116,98
-7113_4136,Stage 1,153,120
-7113_4136,Stage 2,125,106
-7113_4136,Stage 3,93,82
-7113_4137,Stage 1,104,82
-7113_4137,Stage 2,69,56
-7113_4137,Stage 3,71,62
-7114_4081,Stage 1,1,1
-7114_4081,Stage 2,2,2
-7114_4081,Stage 3,5,5
-7114_4082,Stage 1,4,4
-7114_4082,Stage 2,11,11
-7114_4082,Stage 3,25,19
-7114_4083,Stage 1,4,4
-7114_4083,Stage 2,4,4
-7114_4083,Stage 3,25,16
-7114_4084,Stage 1,6,6
-7114_4084,Stage 2,9,7
-7114_4084,Stage 3,30,27
-7114_4085,Stage 1,1,1
-7114_4085,Stage 2,11,11
-7114_4085,Stage 3,24,18
-7114_4086,Stage 1,5,5
-7114_4086,Stage 2,9,9
-7114_4086,Stage 3,23,16
-7114_4087,Stage 1,6,6
-7114_4087,Stage 2,6,6
-7114_4087,Stage 3,23,20
-7114_4088,Stage 1,15,7
-7114_4088,Stage 2,11,11
-7114_4088,Stage 3,15,14
-7114_4089,Stage 1,28,8
-7114_4089,Stage 2,9,9
-7114_4089,Stage 3,29,18
-7114_4090,Stage 1,10,5
-7114_4090,Stage 2,5,4
-7114_4090,Stage 3,19,13
-7114_4091,Stage 1,16,4
-7114_4091,Stage 2,11,10
-7114_4091,Stage 3,26,14
-7114_4092,Stage 1,13,3
-7114_4092,Stage 2,14,10
-7114_4092,Stage 3,121,27
-7114_4093,Stage 1,16,9
-7114_4093,Stage 2,8,7
-7114_4093,Stage 3,102,27
-7114_4094,Stage 1,16,10
-7114_4094,Stage 2,21,18
-7114_4094,Stage 3,171,35
-7114_4095,Stage 1,4,4
-7114_4095,Stage 2,11,9
-7114_4095,Stage 3,122,38
-7114_4096,Stage 1,17,15
-7114_4096,Stage 2,62,18
-7114_4096,Stage 3,308,48
-7114_4097,Stage 1,8,4
-7114_4097,Stage 2,11,7
-7114_4097,Stage 3,222,49
-7114_4098,Stage 1,11,5
-7114_4098,Stage 2,35,12
-7114_4098,Stage 3,434,62
-7114_4099,Stage 1,9,7
-7114_4099,Stage 2,69,15
-7114_4099,Stage 3,427,61
-7114_4100,Stage 1,4,3
-7114_4100,Stage 2,39,11
-7114_4100,Stage 3,233,49
-7114_4101,Stage 1,8,7
-7114_4101,Stage 2,51,15
-7114_4101,Stage 3,301,64
-7114_4102,Stage 1,7,6
-7114_4102,Stage 2,18,10
-7114_4102,Stage 3,172,51
-7114_4103,Stage 1,5,5
-7114_4103,Stage 2,43,16
-7114_4103,Stage 3,243,50
-7114_4104,Stage 1,5,5
-7114_4104,Stage 2,6,6
-7114_4104,Stage 3,150,46
-7114_4105,Stage 1,5,5
-7114_4105,Stage 2,7,7
-7114_4105,Stage 3,139,46
-7114_4106,Stage 1,12,7
-7114_4106,Stage 2,23,11
-7114_4106,Stage 3,170,51
-7114_4107,Stage 1,36,10
-7114_4107,Stage 2,34,11
-7114_4107,Stage 3,299,47
-7114_4108,Stage 1,29,9
-7114_4108,Stage 2,45,18
-7114_4108,Stage 3,653,59
-7114_4109,Stage 1,25,13
-7114_4109,Stage 2,42,21
-7114_4109,Stage 3,363,48
-7114_4110,Stage 1,31,7
-7114_4110,Stage 2,51,19
-7114_4110,Stage 3,338,46
-7114_4111,Stage 1,38,13
-7114_4111,Stage 2,71,22
-7114_4111,Stage 3,293,37
-7114_4112,Stage 1,34,14
-7114_4112,Stage 2,33,15
-7114_4112,Stage 3,161,41
-7114_4113,Stage 1,20,10
-7114_4113,Stage 2,29,9
-7114_4113,Stage 3,317,50
-7114_4114,Stage 1,16,10
-7114_4114,Stage 2,47,11
-7114_4114,Stage 3,334,52
-7114_4115,Stage 1,21,12
-7114_4115,Stage 2,31,10
-7114_4115,Stage 3,208,57
-7114_4116,Stage 1,18,8
-7114_4116,Stage 2,46,14
-7114_4116,Stage 3,322,60
-7114_4117,Stage 1,20,15
-7114_4117,Stage 2,78,20
-7114_4117,Stage 3,338,51
-7114_4118,Stage 1,16,14
-7114_4118,Stage 2,66,15
-7114_4118,Stage 3,569,70
-7114_4119,Stage 1,20,13
-7114_4119,Stage 2,57,10
-7114_4119,Stage 3,613,73
-7114_4120,Stage 1,16,13
-7114_4120,Stage 2,75,21
-7114_4120,Stage 3,565,68
-7114_4121,Stage 1,17,11
-7114_4121,Stage 2,81,16
-7114_4121,Stage 3,900,71
-7114_4122,Stage 1,16,11
-7114_4122,Stage 2,67,15
-7114_4122,Stage 3,754,70
-7114_4123,Stage 1,26,16
-7114_4123,Stage 2,74,23
-7114_4123,Stage 3,549,68
-7114_4124,Stage 1,32,20
-7114_4124,Stage 2,40,22
-7114_4124,Stage 3,363,67
-7114_4125,Stage 1,23,16
-7114_4125,Stage 2,34,27
-7114_4125,Stage 3,138,61
-7114_4126,Stage 1,28,17
-7114_4126,Stage 2,59,20
-7114_4126,Stage 3,87,49
-7114_4127,Stage 1,21,18
-7114_4127,Stage 2,20,19
-7114_4127,Stage 3,75,53
-7114_4128,Stage 1,25,21
-7114_4128,Stage 2,23,19
-7114_4128,Stage 3,85,60
-7114_4129,Stage 1,28,22
-7114_4129,Stage 2,30,25
-7114_4129,Stage 3,60,48
-7114_4130,Stage 1,21,20
-7114_4130,Stage 2,35,28
-7114_4130,Stage 3,59,40
-7114_4131,Stage 1,92,72
-7114_4131,Stage 2,77,65
-7114_4131,Stage 3,83,60
-7114_4132,Stage 1,171,121
-7114_4132,Stage 2,152,120
-7114_4132,Stage 3,108,85
-7114_4133,Stage 1,161,107
-7114_4133,Stage 2,122,98
-7114_4133,Stage 3,92,77
-7114_4134,Stage 1,101,80
-7114_4134,Stage 2,103,90
-7114_4134,Stage 3,97,87
-7114_4135,Stage 1,109,96
-7114_4135,Stage 2,123,109
-7114_4135,Stage 3,112,95
-7114_4136,Stage 1,147,110
-7114_4136,Stage 2,158,119
-7114_4136,Stage 3,119,100
-7114_4137,Stage 1,76,61
-7114_4137,Stage 2,129,83
-7114_4137,Stage 3,71,61
-7115_4082,Stage 1,2,2
-7115_4082,Stage 2,2,2
-7115_4082,Stage 3,6,6
-7115_4083,Stage 1,3,3
-7115_4083,Stage 2,15,13
-7115_4083,Stage 3,24,21
-7115_4084,Stage 1,11,11
-7115_4084,Stage 2,9,9
-7115_4084,Stage 3,22,15
-7115_4085,Stage 1,8,8
-7115_4085,Stage 2,4,4
-7115_4085,Stage 3,13,8
-7115_4086,Stage 1,4,4
-7115_4086,Stage 2,7,7
-7115_4086,Stage 3,30,23
-7115_4087,Stage 1,3,3
-7115_4087,Stage 2,9,9
-7115_4087,Stage 3,26,20
-7115_4088,Stage 1,12,8
-7115_4088,Stage 2,8,8
-7115_4088,Stage 3,19,15
-7115_4089,Stage 1,13,9
-7115_4089,Stage 2,10,10
-7115_4089,Stage 3,12,10
-7115_4090,Stage 1,28,11
-7115_4090,Stage 2,15,12
-7115_4090,Stage 3,37,20
-7115_4091,Stage 1,7,4
-7115_4091,Stage 2,11,9
-7115_4091,Stage 3,27,18
-7115_4092,Stage 1,9,6
-7115_4092,Stage 2,7,7
-7115_4092,Stage 3,168,22
-7115_4093,Stage 1,12,8
-7115_4093,Stage 2,14,13
-7115_4093,Stage 3,111,23
-7115_4094,Stage 1,8,7
-7115_4094,Stage 2,11,11
-7115_4094,Stage 3,114,32
-7115_4095,Stage 1,11,8
-7115_4095,Stage 2,19,16
-7115_4095,Stage 3,116,34
-7115_4096,Stage 1,9,6
-7115_4096,Stage 2,22,13
-7115_4096,Stage 3,246,41
-7115_4097,Stage 1,13,13
-7115_4097,Stage 2,19,15
-7115_4097,Stage 3,184,45
-7115_4098,Stage 1,7,6
-7115_4098,Stage 2,39,13
-7115_4098,Stage 3,303,55
-7115_4099,Stage 1,6,5
-7115_4099,Stage 2,32,12
-7115_4099,Stage 3,272,50
-7115_4100,Stage 1,2,2
-7115_4100,Stage 2,43,10
-7115_4100,Stage 3,158,49
-7115_4101,Stage 1,8,7
-7115_4101,Stage 2,30,13
-7115_4101,Stage 3,158,45
-7115_4102,Stage 1,11,10
-7115_4102,Stage 2,18,10
-7115_4102,Stage 3,148,47
-7115_4103,Stage 1,8,8
-7115_4103,Stage 2,35,16
-7115_4103,Stage 3,182,44
-7115_4104,Stage 1,10,8
-7115_4104,Stage 2,10,8
-7115_4104,Stage 3,151,45
-7115_4105,Stage 1,11,10
-7115_4105,Stage 2,18,17
-7115_4105,Stage 3,105,42
-7115_4106,Stage 1,15,7
-7115_4106,Stage 2,11,8
-7115_4106,Stage 3,233,51
-7115_4107,Stage 1,155,11
-7115_4107,Stage 2,39,15
-7115_4107,Stage 3,304,48
-7115_4108,Stage 1,30,6
-7115_4108,Stage 2,85,18
-7115_4108,Stage 3,1126,53
-7115_4109,Stage 1,43,11
-7115_4109,Stage 2,61,16
-7115_4109,Stage 3,436,42
-7115_4110,Stage 1,23,9
-7115_4110,Stage 2,32,16
-7115_4110,Stage 3,300,45
-7115_4111,Stage 1,302,14
-7115_4111,Stage 2,88,21
-7115_4111,Stage 3,779,50
-7115_4112,Stage 1,37,13
-7115_4112,Stage 2,22,17
-7115_4112,Stage 3,215,44
-7115_4113,Stage 1,31,11
-7115_4113,Stage 2,27,13
-7115_4113,Stage 3,162,48
-7115_4114,Stage 1,22,15
-7115_4114,Stage 2,43,24
-7115_4114,Stage 3,206,54
-7115_4115,Stage 1,39,15
-7115_4115,Stage 2,29,16
-7115_4115,Stage 3,381,61
-7115_4116,Stage 1,43,14
-7115_4116,Stage 2,121,20
-7115_4116,Stage 3,890,53
-7115_4117,Stage 1,11,8
-7115_4117,Stage 2,32,11
-7115_4117,Stage 3,337,67
-7115_4118,Stage 1,25,13
-7115_4118,Stage 2,120,18
-7115_4118,Stage 3,1036,67
-7115_4119,Stage 1,23,13
-7115_4119,Stage 2,103,20
-7115_4119,Stage 3,1362,72
-7115_4120,Stage 1,18,14
-7115_4120,Stage 2,47,11
-7115_4120,Stage 3,672,58
-7115_4121,Stage 1,22,14
-7115_4121,Stage 2,80,17
-7115_4121,Stage 3,977,67
-7115_4122,Stage 1,20,11
-7115_4122,Stage 2,62,19
-7115_4122,Stage 3,550,63
-7115_4123,Stage 1,22,12
-7115_4123,Stage 2,166,22
-7115_4123,Stage 3,2668,79
-7115_4124,Stage 1,17,12
-7115_4124,Stage 2,182,23
-7115_4124,Stage 3,273,74
-7115_4125,Stage 1,36,24
-7115_4125,Stage 2,32,25
-7115_4125,Stage 3,183,67
-7115_4126,Stage 1,29,20
-7115_4126,Stage 2,37,32
-7115_4126,Stage 3,127,68
-7115_4127,Stage 1,23,22
-7115_4127,Stage 2,29,24
-7115_4127,Stage 3,89,52
-7115_4128,Stage 1,21,21
-7115_4128,Stage 2,37,31
-7115_4128,Stage 3,85,59
-7115_4129,Stage 1,23,23
-7115_4129,Stage 2,29,24
-7115_4129,Stage 3,69,55
-7115_4130,Stage 1,30,26
-7115_4130,Stage 2,24,23
-7115_4130,Stage 3,100,77
-7115_4131,Stage 1,62,53
-7115_4131,Stage 2,56,48
-7115_4131,Stage 3,115,88
-7115_4132,Stage 1,118,95
-7115_4132,Stage 2,113,90
-7115_4132,Stage 3,89,78
-7115_4133,Stage 1,96,84
-7115_4133,Stage 2,73,63
-7115_4133,Stage 3,83,74
-7115_4134,Stage 1,158,105
-7115_4134,Stage 2,112,97
-7115_4134,Stage 3,114,94
-7115_4135,Stage 1,119,93
-7115_4135,Stage 2,122,104
-7115_4135,Stage 3,84,80
-7115_4136,Stage 1,159,104
-7115_4136,Stage 2,226,136
-7115_4136,Stage 3,129,108
-7115_4137,Stage 1,53,50
-7115_4137,Stage 2,67,56
-7115_4137,Stage 3,35,33
-7116_4083,Stage 1,0,0
-7116_4083,Stage 2,0,0
-7116_4083,Stage 3,2,2
-7116_4084,Stage 1,3,3
-7116_4084,Stage 2,6,6
-7116_4084,Stage 3,16,13
-7116_4085,Stage 1,6,6
-7116_4085,Stage 2,9,9
-7116_4085,Stage 3,18,14
-7116_4086,Stage 1,5,5
-7116_4086,Stage 2,4,4
-7116_4086,Stage 3,29,23
-7116_4087,Stage 1,9,6
-7116_4087,Stage 2,5,5
-7116_4087,Stage 3,27,19
-7116_4088,Stage 1,7,5
-7116_4088,Stage 2,11,11
-7116_4088,Stage 3,20,16
-7116_4089,Stage 1,12,6
-7116_4089,Stage 2,11,10
-7116_4089,Stage 3,22,18
-7116_4090,Stage 1,13,5
-7116_4090,Stage 2,6,6
-7116_4090,Stage 3,27,14
-7116_4091,Stage 1,22,7
-7116_4091,Stage 2,14,11
-7116_4091,Stage 3,41,19
-7116_4092,Stage 1,7,6
-7116_4092,Stage 2,8,8
-7116_4092,Stage 3,43,24
-7116_4093,Stage 1,8,8
-7116_4093,Stage 2,9,8
-7116_4093,Stage 3,144,26
-7116_4094,Stage 1,6,5
-7116_4094,Stage 2,13,10
-7116_4094,Stage 3,98,30
-7116_4095,Stage 1,9,8
-7116_4095,Stage 2,6,5
-7116_4095,Stage 3,138,36
-7116_4096,Stage 1,13,10
-7116_4096,Stage 2,44,15
-7116_4096,Stage 3,282,47
-7116_4097,Stage 1,7,7
-7116_4097,Stage 2,27,15
-7116_4097,Stage 3,188,50
-7116_4098,Stage 1,5,5
-7116_4098,Stage 2,72,7
-7116_4098,Stage 3,398,54
-7116_4099,Stage 1,9,8
-7116_4099,Stage 2,42,8
-7116_4099,Stage 3,476,51
-7116_4100,Stage 1,2,2
-7116_4100,Stage 2,31,8
-7116_4100,Stage 3,218,47
-7116_4101,Stage 1,7,5
-7116_4101,Stage 2,37,11
-7116_4101,Stage 3,241,56
-7116_4102,Stage 1,6,6
-7116_4102,Stage 2,18,11
-7116_4102,Stage 3,224,63
-7116_4103,Stage 1,14,12
-7116_4103,Stage 2,49,17
-7116_4103,Stage 3,196,56
-7116_4104,Stage 1,9,8
-7116_4104,Stage 2,10,9
-7116_4104,Stage 3,179,53
-7116_4105,Stage 1,8,6
-7116_4105,Stage 2,13,12
-7116_4105,Stage 3,110,39
-7116_4106,Stage 1,8,8
-7116_4106,Stage 2,8,8
-7116_4106,Stage 3,175,51
-7116_4107,Stage 1,147,9
-7116_4107,Stage 2,20,11
-7116_4107,Stage 3,503,46
-7116_4108,Stage 1,33,10
-7116_4108,Stage 2,42,16
-7116_4108,Stage 3,879,47
-7116_4109,Stage 1,27,8
-7116_4109,Stage 2,39,17
-7116_4109,Stage 3,459,54
-7116_4110,Stage 1,46,15
-7116_4110,Stage 2,23,12
-7116_4110,Stage 3,312,40
-7116_4111,Stage 1,47,13
-7116_4111,Stage 2,44,16
-7116_4111,Stage 3,322,47
-7116_4112,Stage 1,29,10
-7116_4112,Stage 2,23,13
-7116_4112,Stage 3,280,37
-7116_4113,Stage 1,25,16
-7116_4113,Stage 2,38,17
-7116_4113,Stage 3,132,42
-7116_4114,Stage 1,19,12
-7116_4114,Stage 2,26,11
-7116_4114,Stage 3,164,53
-7116_4115,Stage 1,18,12
-7116_4115,Stage 2,28,12
-7116_4115,Stage 3,155,43
-7116_4116,Stage 1,30,15
-7116_4116,Stage 2,56,18
-7116_4116,Stage 3,268,61
-7116_4117,Stage 1,27,13
-7116_4117,Stage 2,40,12
-7116_4117,Stage 3,276,45
-7116_4118,Stage 1,32,13
-7116_4118,Stage 2,49,14
-7116_4118,Stage 3,338,66
-7116_4119,Stage 1,33,15
-7116_4119,Stage 2,58,23
-7116_4119,Stage 3,387,65
-7116_4120,Stage 1,20,11
-7116_4120,Stage 2,53,19
-7116_4120,Stage 3,430,58
-7116_4121,Stage 1,26,14
-7116_4121,Stage 2,57,18
-7116_4121,Stage 3,635,60
-7116_4122,Stage 1,21,15
-7116_4122,Stage 2,73,22
-7116_4122,Stage 3,539,57
-7116_4123,Stage 1,23,14
-7116_4123,Stage 2,52,23
-7116_4123,Stage 3,449,66
-7116_4124,Stage 1,26,15
-7116_4124,Stage 2,44,21
-7116_4124,Stage 3,336,61
-7116_4125,Stage 1,16,15
-7116_4125,Stage 2,30,22
-7116_4125,Stage 3,206,56
-7116_4126,Stage 1,40,24
-7116_4126,Stage 2,32,25
-7116_4126,Stage 3,127,59
-7116_4127,Stage 1,35,28
-7116_4127,Stage 2,39,32
-7116_4127,Stage 3,73,46
-7116_4128,Stage 1,25,22
-7116_4128,Stage 2,32,31
-7116_4128,Stage 3,98,75
-7116_4129,Stage 1,78,58
-7116_4129,Stage 2,58,51
-7116_4129,Stage 3,112,88
-7116_4130,Stage 1,43,36
-7116_4130,Stage 2,53,45
-7116_4130,Stage 3,117,88
-7116_4131,Stage 1,31,25
-7116_4131,Stage 2,32,29
-7116_4131,Stage 3,81,68
-7116_4132,Stage 1,84,76
-7116_4132,Stage 2,88,73
-7116_4132,Stage 3,99,88
-7116_4133,Stage 1,116,92
-7116_4133,Stage 2,89,79
-7116_4133,Stage 3,88,77
-7116_4134,Stage 1,49,41
-7116_4134,Stage 2,41,39
-7116_4134,Stage 3,97,79
-7116_4135,Stage 1,93,73
-7116_4135,Stage 2,54,50
-7116_4135,Stage 3,114,94
-7116_4136,Stage 1,130,99
-7116_4136,Stage 2,135,86
-7116_4136,Stage 3,182,116
-7116_4137,Stage 1,77,66
-7116_4137,Stage 2,66,50
-7116_4137,Stage 3,71,57
-7117_4085,Stage 1,1,1
-7117_4085,Stage 2,1,1
-7117_4085,Stage 3,3,3
-7117_4086,Stage 1,4,3
-7117_4086,Stage 2,1,1
-7117_4086,Stage 3,8,7
-7117_4087,Stage 1,1,1
-7117_4087,Stage 2,8,7
-7117_4087,Stage 3,33,23
-7117_4088,Stage 1,10,7
-7117_4088,Stage 2,6,6
-7117_4088,Stage 3,32,24
-7117_4089,Stage 1,12,3
-7117_4089,Stage 2,11,11
-7117_4089,Stage 3,20,17
-7117_4090,Stage 1,17,8
-7117_4090,Stage 2,15,15
-7117_4090,Stage 3,24,14
-7117_4091,Stage 1,16,3
-7117_4091,Stage 2,6,5
-7117_4091,Stage 3,35,21
-7117_4092,Stage 1,5,4
-7117_4092,Stage 2,6,4
-7117_4092,Stage 3,48,26
-7117_4093,Stage 1,10,10
-7117_4093,Stage 2,10,8
-7117_4093,Stage 3,48,24
-7117_4094,Stage 1,10,8
-7117_4094,Stage 2,9,9
-7117_4094,Stage 3,76,25
-7117_4095,Stage 1,7,6
-7117_4095,Stage 2,12,10
-7117_4095,Stage 3,152,31
-7117_4096,Stage 1,6,5
-7117_4096,Stage 2,20,8
-7117_4096,Stage 3,115,46
-7117_4097,Stage 1,9,8
-7117_4097,Stage 2,19,10
-7117_4097,Stage 3,194,52
-7117_4098,Stage 1,4,4
-7117_4098,Stage 2,32,14
-7117_4098,Stage 3,211,53
-7117_4099,Stage 1,8,7
-7117_4099,Stage 2,41,14
-7117_4099,Stage 3,355,54
-7117_4100,Stage 1,7,7
-7117_4100,Stage 2,32,10
-7117_4100,Stage 3,158,47
-7117_4101,Stage 1,5,4
-7117_4101,Stage 2,74,10
-7117_4101,Stage 3,185,45
-7117_4102,Stage 1,10,7
-7117_4102,Stage 2,39,14
-7117_4102,Stage 3,216,57
-7117_4103,Stage 1,51,13
-7117_4103,Stage 2,93,23
-7117_4103,Stage 3,169,59
-7117_4104,Stage 1,19,12
-7117_4104,Stage 2,25,11
-7117_4104,Stage 3,154,56
-7117_4105,Stage 1,31,12
-7117_4105,Stage 2,24,11
-7117_4105,Stage 3,127,44
-7117_4106,Stage 1,13,6
-7117_4106,Stage 2,13,10
-7117_4106,Stage 3,173,51
-7117_4107,Stage 1,251,12
-7117_4107,Stage 2,24,11
-7117_4107,Stage 3,1119,49
-7117_4108,Stage 1,47,20
-7117_4108,Stage 2,217,20
-7117_4108,Stage 3,7314,53
-7117_4109,Stage 1,34,11
-7117_4109,Stage 2,146,14
-7117_4109,Stage 3,1244,58
-7117_4110,Stage 1,116,14
-7117_4110,Stage 2,52,16
-7117_4110,Stage 3,327,36
-7117_4111,Stage 1,44,9
-7117_4111,Stage 2,91,18
-7117_4111,Stage 3,968,49
-7117_4112,Stage 1,28,13
-7117_4112,Stage 2,35,19
-7117_4112,Stage 3,266,37
-7117_4113,Stage 1,21,14
-7117_4113,Stage 2,22,16
-7117_4113,Stage 3,159,48
-7117_4114,Stage 1,20,13
-7117_4114,Stage 2,24,14
-7117_4114,Stage 3,149,51
-7117_4115,Stage 1,11,10
-7117_4115,Stage 2,20,10
-7117_4115,Stage 3,164,53
-7117_4116,Stage 1,20,9
-7117_4116,Stage 2,84,20
-7117_4116,Stage 3,1670,54
-7117_4117,Stage 1,22,11
-7117_4117,Stage 2,49,13
-7117_4117,Stage 3,314,57
-7117_4118,Stage 1,29,16
-7117_4118,Stage 2,80,15
-7117_4118,Stage 3,1152,63
-7117_4119,Stage 1,81,17
-7117_4119,Stage 2,90,15
-7117_4119,Stage 3,1541,71
-7117_4120,Stage 1,11,10
-7117_4120,Stage 2,28,9
-7117_4120,Stage 3,447,60
-7117_4121,Stage 1,31,14
-7117_4121,Stage 2,72,22
-7117_4121,Stage 3,797,70
-7117_4122,Stage 1,26,15
-7117_4122,Stage 2,63,27
-7117_4122,Stage 3,403,69
-7117_4123,Stage 1,27,16
-7117_4123,Stage 2,130,25
-7117_4123,Stage 3,1032,70
-7117_4124,Stage 1,24,14
-7117_4124,Stage 2,30,22
-7117_4124,Stage 3,205,57
-7117_4125,Stage 1,20,15
-7117_4125,Stage 2,24,21
-7117_4125,Stage 3,133,56
-7117_4126,Stage 1,32,25
-7117_4126,Stage 2,20,18
-7117_4126,Stage 3,107,54
-7117_4127,Stage 1,40,36
-7117_4127,Stage 2,42,38
-7117_4127,Stage 3,81,54
-7117_4128,Stage 1,77,64
-7117_4128,Stage 2,76,66
-7117_4128,Stage 3,83,68
-7117_4129,Stage 1,52,49
-7117_4129,Stage 2,59,51
-7117_4129,Stage 3,127,100
-7117_4130,Stage 1,61,53
-7117_4130,Stage 2,51,45
-7117_4130,Stage 3,85,69
-7117_4131,Stage 1,67,54
-7117_4131,Stage 2,61,57
-7117_4131,Stage 3,72,63
-7117_4132,Stage 1,74,65
-7117_4132,Stage 2,67,61
-7117_4132,Stage 3,80,71
-7117_4133,Stage 1,50,47
-7117_4133,Stage 2,43,41
-7117_4133,Stage 3,95,86
-7117_4134,Stage 1,45,43
-7117_4134,Stage 2,38,37
-7117_4134,Stage 3,144,124
-7117_4135,Stage 1,100,70
-7117_4135,Stage 2,74,56
-7117_4135,Stage 3,126,91
-7117_4136,Stage 1,150,101
-7117_4136,Stage 2,107,88
-7117_4136,Stage 3,167,115
-7117_4137,Stage 1,4,4
-7117_4137,Stage 2,7,7
-7117_4137,Stage 3,28,23
-7118_4086,Stage 1,1,1
-7118_4086,Stage 2,0,0
-7118_4086,Stage 3,1,1
-7118_4087,Stage 1,11,11
-7118_4087,Stage 2,6,6
-7118_4087,Stage 3,29,20
-7118_4088,Stage 1,11,9
-7118_4088,Stage 2,13,13
-7118_4088,Stage 3,23,18
-7118_4089,Stage 1,27,14
-7118_4089,Stage 2,13,12
-7118_4089,Stage 3,29,23
-7118_4090,Stage 1,26,8
-7118_4090,Stage 2,11,10
-7118_4090,Stage 3,23,19
-7118_4091,Stage 1,26,7
-7118_4091,Stage 2,11,10
-7118_4091,Stage 3,25,13
-7118_4092,Stage 1,10,5
-7118_4092,Stage 2,12,8
-7118_4092,Stage 3,29,19
-7118_4093,Stage 1,9,9
-7118_4093,Stage 2,8,7
-7118_4093,Stage 3,52,19
-7118_4094,Stage 1,4,4
-7118_4094,Stage 2,9,9
-7118_4094,Stage 3,57,29
-7118_4095,Stage 1,6,6
-7118_4095,Stage 2,10,10
-7118_4095,Stage 3,137,41
-7118_4096,Stage 1,7,6
-7118_4096,Stage 2,23,9
-7118_4096,Stage 3,179,50
-7118_4097,Stage 1,13,10
-7118_4097,Stage 2,43,21
-7118_4097,Stage 3,192,63
-7118_4098,Stage 1,9,9
-7118_4098,Stage 2,31,16
-7118_4098,Stage 3,343,59
-7118_4099,Stage 1,7,4
-7118_4099,Stage 2,27,14
-7118_4099,Stage 3,277,47
-7118_4100,Stage 1,9,9
-7118_4100,Stage 2,24,8
-7118_4100,Stage 3,180,42
-7118_4101,Stage 1,4,4
-7118_4101,Stage 2,43,6
-7118_4101,Stage 3,173,54
-7118_4102,Stage 1,7,6
-7118_4102,Stage 2,32,18
-7118_4102,Stage 3,135,49
-7118_4103,Stage 1,101,12
-7118_4103,Stage 2,118,22
-7118_4103,Stage 3,204,50
-7118_4104,Stage 1,8,7
-7118_4104,Stage 2,20,14
-7118_4104,Stage 3,241,53
-7118_4105,Stage 1,10,9
-7118_4105,Stage 2,14,14
-7118_4105,Stage 3,101,48
-7118_4106,Stage 1,21,15
-7118_4106,Stage 2,9,8
-7118_4106,Stage 3,221,57
-7118_4107,Stage 1,43,13
-7118_4107,Stage 2,24,15
-7118_4107,Stage 3,436,53
-7118_4108,Stage 1,22,11
-7118_4108,Stage 2,43,17
-7118_4108,Stage 3,383,49
-7118_4109,Stage 1,28,12
-7118_4109,Stage 2,29,20
-7118_4109,Stage 3,415,47
-7118_4110,Stage 1,24,13
-7118_4110,Stage 2,14,10
-7118_4110,Stage 3,305,39
-7118_4111,Stage 1,32,12
-7118_4111,Stage 2,44,18
-7118_4111,Stage 3,382,59
-7118_4112,Stage 1,16,8
-7118_4112,Stage 2,26,17
-7118_4112,Stage 3,173,42
-7118_4113,Stage 1,23,10
-7118_4113,Stage 2,23,16
-7118_4113,Stage 3,172,53
-7118_4114,Stage 1,26,18
-7118_4114,Stage 2,25,16
-7118_4114,Stage 3,180,59
-7118_4115,Stage 1,19,13
-7118_4115,Stage 2,23,16
-7118_4115,Stage 3,176,54
-7118_4116,Stage 1,17,9
-7118_4116,Stage 2,42,18
-7118_4116,Stage 3,235,53
-7118_4117,Stage 1,26,17
-7118_4117,Stage 2,37,19
-7118_4117,Stage 3,234,55
-7118_4118,Stage 1,18,10
-7118_4118,Stage 2,48,16
-7118_4118,Stage 3,301,67
-7118_4119,Stage 1,21,13
-7118_4119,Stage 2,37,21
-7118_4119,Stage 3,360,70
-7118_4120,Stage 1,23,14
-7118_4120,Stage 2,24,13
-7118_4120,Stage 3,301,52
-7118_4121,Stage 1,22,11
-7118_4121,Stage 2,39,16
-7118_4121,Stage 3,299,67
-7118_4122,Stage 1,34,23
-7118_4122,Stage 2,37,22
-7118_4122,Stage 3,348,67
-7118_4123,Stage 1,35,23
-7118_4123,Stage 2,29,13
-7118_4123,Stage 3,278,75
-7118_4124,Stage 1,23,17
-7118_4124,Stage 2,26,22
-7118_4124,Stage 3,250,67
-7118_4125,Stage 1,25,21
-7118_4125,Stage 2,26,23
-7118_4125,Stage 3,169,59
-7118_4126,Stage 1,35,31
-7118_4126,Stage 2,45,41
-7118_4126,Stage 3,118,69
-7118_4127,Stage 1,57,51
-7118_4127,Stage 2,45,36
-7118_4127,Stage 3,115,80
-7118_4128,Stage 1,121,90
-7118_4128,Stage 2,122,85
-7118_4128,Stage 3,130,101
-7118_4129,Stage 1,91,66
-7118_4129,Stage 2,72,57
-7118_4129,Stage 3,106,84
-7118_4130,Stage 1,39,36
-7118_4130,Stage 2,62,58
-7118_4130,Stage 3,102,75
-7118_4131,Stage 1,33,30
-7118_4131,Stage 2,34,33
-7118_4131,Stage 3,72,55
-7118_4132,Stage 1,55,50
-7118_4132,Stage 2,44,40
-7118_4132,Stage 3,78,74
-7118_4133,Stage 1,77,68
-7118_4133,Stage 2,42,38
-7118_4133,Stage 3,127,106
-7118_4134,Stage 1,78,65
-7118_4134,Stage 2,65,50
-7118_4134,Stage 3,104,93
-7118_4135,Stage 1,60,45
-7118_4135,Stage 2,54,42
-7118_4135,Stage 3,111,85
-7118_4136,Stage 1,136,96
-7118_4136,Stage 2,94,68
-7118_4136,Stage 3,189,123
-7118_4137,Stage 1,0,0
-7118_4137,Stage 2,3,3
-7118_4137,Stage 3,2,2
-7119_4086,Stage 1,0,0
-7119_4086,Stage 2,1,1
-7119_4086,Stage 3,0,0
-7119_4087,Stage 1,6,6
-7119_4087,Stage 2,5,4
-7119_4087,Stage 3,14,14
-7119_4088,Stage 1,6,6
-7119_4088,Stage 2,4,4
-7119_4088,Stage 3,27,20
-7119_4089,Stage 1,5,5
-7119_4089,Stage 2,14,14
-7119_4089,Stage 3,28,20
-7119_4090,Stage 1,5,5
-7119_4090,Stage 2,11,10
-7119_4090,Stage 3,21,15
-7119_4091,Stage 1,13,8
-7119_4091,Stage 2,12,11
-7119_4091,Stage 3,23,17
-7119_4092,Stage 1,3,3
-7119_4092,Stage 2,11,9
-7119_4092,Stage 3,59,22
-7119_4093,Stage 1,7,4
-7119_4093,Stage 2,5,5
-7119_4093,Stage 3,30,23
-7119_4094,Stage 1,6,6
-7119_4094,Stage 2,6,6
-7119_4094,Stage 3,85,33
-7119_4095,Stage 1,6,5
-7119_4095,Stage 2,11,7
-7119_4095,Stage 3,81,36
-7119_4096,Stage 1,16,13
-7119_4096,Stage 2,50,12
-7119_4096,Stage 3,177,54
-7119_4097,Stage 1,9,8
-7119_4097,Stage 2,55,15
-7119_4097,Stage 3,288,55
-7119_4098,Stage 1,12,8
-7119_4098,Stage 2,45,17
-7119_4098,Stage 3,482,55
-7119_4099,Stage 1,10,6
-7119_4099,Stage 2,157,13
-7119_4099,Stage 3,491,49
-7119_4100,Stage 1,8,7
-7119_4100,Stage 2,37,18
-7119_4100,Stage 3,130,36
-7119_4101,Stage 1,13,11
-7119_4101,Stage 2,39,9
-7119_4101,Stage 3,241,49
-7119_4102,Stage 1,9,8
-7119_4102,Stage 2,48,14
-7119_4102,Stage 3,223,55
-7119_4103,Stage 1,13,10
-7119_4103,Stage 2,22,11
-7119_4103,Stage 3,157,51
-7119_4104,Stage 1,11,11
-7119_4104,Stage 2,31,14
-7119_4104,Stage 3,192,45
-7119_4105,Stage 1,15,14
-7119_4105,Stage 2,10,10
-7119_4105,Stage 3,177,50
-7119_4106,Stage 1,20,12
-7119_4106,Stage 2,27,16
-7119_4106,Stage 3,174,70
-7119_4107,Stage 1,36,16
-7119_4107,Stage 2,61,14
-7119_4107,Stage 3,537,58
-7119_4108,Stage 1,23,10
-7119_4108,Stage 2,72,12
-7119_4108,Stage 3,1047,62
-7119_4109,Stage 1,21,9
-7119_4109,Stage 2,78,21
-7119_4109,Stage 3,989,55
-7119_4110,Stage 1,216,12
-7119_4110,Stage 2,43,22
-7119_4110,Stage 3,408,52
-7119_4111,Stage 1,37,15
-7119_4111,Stage 2,143,24
-7119_4111,Stage 3,1142,53
-7119_4112,Stage 1,31,12
-7119_4112,Stage 2,24,12
-7119_4112,Stage 3,157,46
-7119_4113,Stage 1,28,14
-7119_4113,Stage 2,22,11
-7119_4113,Stage 3,161,62
-7119_4114,Stage 1,14,11
-7119_4114,Stage 2,12,11
-7119_4114,Stage 3,149,50
-7119_4115,Stage 1,16,15
-7119_4115,Stage 2,15,8
-7119_4115,Stage 3,124,50
-7119_4116,Stage 1,20,14
-7119_4116,Stage 2,65,12
-7119_4116,Stage 3,1243,63
-7119_4117,Stage 1,18,9
-7119_4117,Stage 2,37,21
-7119_4117,Stage 3,653,64
-7119_4118,Stage 1,22,14
-7119_4118,Stage 2,73,16
-7119_4118,Stage 3,706,75
-7119_4119,Stage 1,27,11
-7119_4119,Stage 2,53,14
-7119_4119,Stage 3,757,65
-7119_4120,Stage 1,21,16
-7119_4120,Stage 2,13,12
-7119_4120,Stage 3,254,62
-7119_4121,Stage 1,28,21
-7119_4121,Stage 2,61,22
-7119_4121,Stage 3,1142,58
-7119_4122,Stage 1,29,18
-7119_4122,Stage 2,54,21
-7119_4122,Stage 3,356,78
-7119_4123,Stage 1,25,20
-7119_4123,Stage 2,33,26
-7119_4123,Stage 3,213,70
-7119_4124,Stage 1,18,15
-7119_4124,Stage 2,17,15
-7119_4124,Stage 3,175,69
-7119_4125,Stage 1,25,25
-7119_4125,Stage 2,35,32
-7119_4125,Stage 3,121,69
-7119_4126,Stage 1,53,46
-7119_4126,Stage 2,54,48
-7119_4126,Stage 3,129,77
-7119_4127,Stage 1,40,35
-7119_4127,Stage 2,52,44
-7119_4127,Stage 3,143,100
-7119_4128,Stage 1,35,34
-7119_4128,Stage 2,31,28
-7119_4128,Stage 3,95,71
-7119_4129,Stage 1,42,38
-7119_4129,Stage 2,70,59
-7119_4129,Stage 3,87,74
-7119_4130,Stage 1,41,35
-7119_4130,Stage 2,53,40
-7119_4130,Stage 3,88,60
-7119_4131,Stage 1,39,36
-7119_4131,Stage 2,29,28
-7119_4131,Stage 3,83,78
-7119_4132,Stage 1,51,46
-7119_4132,Stage 2,50,44
-7119_4132,Stage 3,110,94
-7119_4133,Stage 1,83,69
-7119_4133,Stage 2,95,77
-7119_4133,Stage 3,93,74
-7119_4134,Stage 1,61,50
-7119_4134,Stage 2,126,68
-7119_4134,Stage 3,118,94
-7119_4135,Stage 1,41,33
-7119_4135,Stage 2,45,37
-7119_4135,Stage 3,84,69
-7119_4136,Stage 1,130,87
-7119_4136,Stage 2,73,59
-7119_4136,Stage 3,238,141
-7119_4137,Stage 1,24,23
-7119_4137,Stage 2,24,22
-7119_4137,Stage 3,56,41
-7120_4086,Stage 1,0,0
-7120_4086,Stage 2,0,0
-7120_4086,Stage 3,2,2
-7120_4087,Stage 1,5,5
-7120_4087,Stage 2,6,6
-7120_4087,Stage 3,27,18
-7120_4088,Stage 1,3,3
-7120_4088,Stage 2,5,5
-7120_4088,Stage 3,28,20
-7120_4089,Stage 1,6,6
-7120_4089,Stage 2,15,14
-7120_4089,Stage 3,30,20
-7120_4090,Stage 1,9,7
-7120_4090,Stage 2,9,9
-7120_4090,Stage 3,29,25
-7120_4091,Stage 1,11,7
-7120_4091,Stage 2,10,8
-7120_4091,Stage 3,33,22
-7120_4092,Stage 1,10,9
-7120_4092,Stage 2,16,10
-7120_4092,Stage 3,118,26
-7120_4093,Stage 1,9,5
-7120_4093,Stage 2,4,4
-7120_4093,Stage 3,76,28
-7120_4094,Stage 1,4,4
-7120_4094,Stage 2,5,5
-7120_4094,Stage 3,76,31
-7120_4095,Stage 1,5,5
-7120_4095,Stage 2,17,7
-7120_4095,Stage 3,106,37
-7120_4096,Stage 1,16,14
-7120_4096,Stage 2,55,12
-7120_4096,Stage 3,174,46
-7120_4097,Stage 1,3,2
-7120_4097,Stage 2,33,17
-7120_4097,Stage 3,155,46
-7120_4098,Stage 1,8,8
-7120_4098,Stage 2,24,12
-7120_4098,Stage 3,144,48
-7120_4099,Stage 1,14,9
-7120_4099,Stage 2,27,14
-7120_4099,Stage 3,180,44
-7120_4100,Stage 1,8,8
-7120_4100,Stage 2,15,9
-7120_4100,Stage 3,170,42
-7120_4101,Stage 1,2,2
-7120_4101,Stage 2,12,7
-7120_4101,Stage 3,122,40
-7120_4102,Stage 1,9,8
-7120_4102,Stage 2,21,15
-7120_4102,Stage 3,127,45
-7120_4103,Stage 1,15,8
-7120_4103,Stage 2,16,13
-7120_4103,Stage 3,122,43
-7120_4104,Stage 1,10,9
-7120_4104,Stage 2,28,13
-7120_4104,Stage 3,107,47
-7120_4105,Stage 1,10,8
-7120_4105,Stage 2,14,10
-7120_4105,Stage 3,163,45
-7120_4106,Stage 1,12,9
-7120_4106,Stage 2,28,15
-7120_4106,Stage 3,142,59
-7120_4107,Stage 1,24,9
-7120_4107,Stage 2,37,14
-7120_4107,Stage 3,169,63
-7120_4108,Stage 1,21,13
-7120_4108,Stage 2,14,6
-7120_4108,Stage 3,332,52
-7120_4109,Stage 1,24,7
-7120_4109,Stage 2,19,14
-7120_4109,Stage 3,244,37
-7120_4110,Stage 1,25,14
-7120_4110,Stage 2,24,18
-7120_4110,Stage 3,286,42
-7120_4111,Stage 1,20,8
-7120_4111,Stage 2,51,18
-7120_4111,Stage 3,188,41
-7120_4112,Stage 1,50,12
-7120_4112,Stage 2,23,13
-7120_4112,Stage 3,178,44
-7120_4113,Stage 1,21,13
-7120_4113,Stage 2,14,9
-7120_4113,Stage 3,129,55
-7120_4114,Stage 1,15,13
-7120_4114,Stage 2,14,10
-7120_4114,Stage 3,146,63
-7120_4115,Stage 1,12,8
-7120_4115,Stage 2,21,12
-7120_4115,Stage 3,187,59
-7120_4116,Stage 1,21,14
-7120_4116,Stage 2,36,21
-7120_4116,Stage 3,241,58
-7120_4117,Stage 1,28,12
-7120_4117,Stage 2,55,17
-7120_4117,Stage 3,291,71
-7120_4118,Stage 1,19,14
-7120_4118,Stage 2,25,17
-7120_4118,Stage 3,254,59
-7120_4119,Stage 1,28,13
-7120_4119,Stage 2,24,13
-7120_4119,Stage 3,227,65
-7120_4120,Stage 1,16,13
-7120_4120,Stage 2,29,22
-7120_4120,Stage 3,258,56
-7120_4121,Stage 1,26,18
-7120_4121,Stage 2,49,29
-7120_4121,Stage 3,196,54
-7120_4122,Stage 1,36,19
-7120_4122,Stage 2,64,26
-7120_4122,Stage 3,348,69
-7120_4123,Stage 1,24,21
-7120_4123,Stage 2,32,27
-7120_4123,Stage 3,247,66
-7120_4124,Stage 1,40,34
-7120_4124,Stage 2,32,28
-7120_4124,Stage 3,134,65
-7120_4125,Stage 1,43,36
-7120_4125,Stage 2,52,44
-7120_4125,Stage 3,117,80
-7120_4126,Stage 1,87,66
-7120_4126,Stage 2,92,67
-7120_4126,Stage 3,151,96
-7120_4127,Stage 1,43,39
-7120_4127,Stage 2,34,32
-7120_4127,Stage 3,128,77
-7120_4128,Stage 1,34,32
-7120_4128,Stage 2,63,57
-7120_4128,Stage 3,128,82
-7120_4129,Stage 1,23,23
-7120_4129,Stage 2,26,23
-7120_4129,Stage 3,91,68
-7120_4130,Stage 1,29,26
-7120_4130,Stage 2,66,59
-7120_4130,Stage 3,118,84
-7120_4131,Stage 1,80,61
-7120_4131,Stage 2,62,55
-7120_4131,Stage 3,98,74
-7120_4132,Stage 1,33,32
-7120_4132,Stage 2,18,18
-7120_4132,Stage 3,130,112
-7120_4133,Stage 1,83,71
-7120_4133,Stage 2,137,75
-7120_4133,Stage 3,117,77
-7120_4134,Stage 1,32,32
-7120_4134,Stage 2,32,31
-7120_4134,Stage 3,106,80
-7120_4135,Stage 1,51,42
-7120_4135,Stage 2,50,38
-7120_4135,Stage 3,210,105
-7120_4136,Stage 1,56,43
-7120_4136,Stage 2,76,59
-7120_4136,Stage 3,198,137
-7120_4137,Stage 1,65,47
-7120_4137,Stage 2,43,40
-7120_4137,Stage 3,126,95
-7120_4138,Stage 1,1,1
-7120_4138,Stage 2,3,3
-7120_4138,Stage 3,8,6
-7121_4086,Stage 1,1,1
-7121_4086,Stage 2,0,0
-7121_4086,Stage 3,1,1
-7121_4087,Stage 1,6,6
-7121_4087,Stage 2,11,11
-7121_4087,Stage 3,55,33
-7121_4088,Stage 1,2,2
-7121_4088,Stage 2,8,6
-7121_4088,Stage 3,42,26
-7121_4089,Stage 1,1,1
-7121_4089,Stage 2,15,12
-7121_4089,Stage 3,35,25
-7121_4090,Stage 1,14,8
-7121_4090,Stage 2,10,9
-7121_4090,Stage 3,27,19
-7121_4091,Stage 1,10,7
-7121_4091,Stage 2,13,12
-7121_4091,Stage 3,37,26
-7121_4092,Stage 1,12,11
-7121_4092,Stage 2,8,5
-7121_4092,Stage 3,51,20
-7121_4093,Stage 1,10,6
-7121_4093,Stage 2,13,10
-7121_4093,Stage 3,141,33
-7121_4094,Stage 1,11,9
-7121_4094,Stage 2,10,9
-7121_4094,Stage 3,149,32
-7121_4095,Stage 1,8,6
-7121_4095,Stage 2,15,11
-7121_4095,Stage 3,232,41
-7121_4096,Stage 1,12,11
-7121_4096,Stage 2,27,12
-7121_4096,Stage 3,253,44
-7121_4097,Stage 1,14,12
-7121_4097,Stage 2,19,9
-7121_4097,Stage 3,345,55
-7121_4098,Stage 1,15,13
-7121_4098,Stage 2,30,8
-7121_4098,Stage 3,333,53
-7121_4099,Stage 1,15,11
-7121_4099,Stage 2,52,14
-7121_4099,Stage 3,457,44
-7121_4100,Stage 1,12,11
-7121_4100,Stage 2,26,15
-7121_4100,Stage 3,142,43
-7121_4101,Stage 1,15,12
-7121_4101,Stage 2,79,12
-7121_4101,Stage 3,270,41
-7121_4102,Stage 1,11,7
-7121_4102,Stage 2,38,14
-7121_4102,Stage 3,179,48
-7121_4103,Stage 1,13,10
-7121_4103,Stage 2,30,17
-7121_4103,Stage 3,148,58
-7121_4104,Stage 1,6,6
-7121_4104,Stage 2,26,12
-7121_4104,Stage 3,98,46
-7121_4105,Stage 1,16,14
-7121_4105,Stage 2,23,13
-7121_4105,Stage 3,79,43
-7121_4106,Stage 1,20,13
-7121_4106,Stage 2,113,17
-7121_4106,Stage 3,137,51
-7121_4107,Stage 1,19,14
-7121_4107,Stage 2,19,14
-7121_4107,Stage 3,129,60
-7121_4108,Stage 1,14,8
-7121_4108,Stage 2,27,13
-7121_4108,Stage 3,179,52
-7121_4109,Stage 1,51,8
-7121_4109,Stage 2,9,7
-7121_4109,Stage 3,142,52
-7121_4110,Stage 1,25,11
-7121_4110,Stage 2,28,17
-7121_4110,Stage 3,126,46
-7121_4111,Stage 1,24,12
-7121_4111,Stage 2,41,17
-7121_4111,Stage 3,133,43
-7121_4112,Stage 1,13,10
-7121_4112,Stage 2,27,18
-7121_4112,Stage 3,124,38
-7121_4113,Stage 1,31,10
-7121_4113,Stage 2,56,20
-7121_4113,Stage 3,119,53
-7121_4114,Stage 1,14,11
-7121_4114,Stage 2,24,11
-7121_4114,Stage 3,159,62
-7121_4115,Stage 1,12,9
-7121_4115,Stage 2,35,18
-7121_4115,Stage 3,179,72
-7121_4116,Stage 1,24,13
-7121_4116,Stage 2,62,13
-7121_4116,Stage 3,599,69
-7121_4117,Stage 1,19,8
-7121_4117,Stage 2,44,17
-7121_4117,Stage 3,454,77
-7121_4118,Stage 1,22,15
-7121_4118,Stage 2,26,14
-7121_4118,Stage 3,495,70
-7121_4119,Stage 1,19,11
-7121_4119,Stage 2,34,19
-7121_4119,Stage 3,679,67
-7121_4120,Stage 1,25,13
-7121_4120,Stage 2,22,15
-7121_4120,Stage 3,308,63
-7121_4121,Stage 1,54,19
-7121_4121,Stage 2,66,25
-7121_4121,Stage 3,298,73
-7121_4122,Stage 1,29,16
-7121_4122,Stage 2,53,23
-7121_4122,Stage 3,336,76
-7121_4123,Stage 1,25,18
-7121_4123,Stage 2,27,22
-7121_4123,Stage 3,220,76
-7121_4124,Stage 1,40,36
-7121_4124,Stage 2,45,40
-7121_4124,Stage 3,134,73
-7121_4125,Stage 1,99,78
-7121_4125,Stage 2,95,74
-7121_4125,Stage 3,126,90
-7121_4126,Stage 1,66,53
-7121_4126,Stage 2,66,56
-7121_4126,Stage 3,123,84
-7121_4127,Stage 1,58,51
-7121_4127,Stage 2,53,47
-7121_4127,Stage 3,109,71
-7121_4128,Stage 1,28,25
-7121_4128,Stage 2,42,34
-7121_4128,Stage 3,144,88
-7121_4129,Stage 1,25,22
-7121_4129,Stage 2,39,35
-7121_4129,Stage 3,129,79
-7121_4130,Stage 1,38,31
-7121_4130,Stage 2,43,40
-7121_4130,Stage 3,133,92
-7121_4131,Stage 1,43,38
-7121_4131,Stage 2,58,56
-7121_4131,Stage 3,118,89
-7121_4132,Stage 1,63,57
-7121_4132,Stage 2,62,56
-7121_4132,Stage 3,116,88
-7121_4133,Stage 1,27,27
-7121_4133,Stage 2,40,29
-7121_4133,Stage 3,105,69
-7121_4134,Stage 1,39,38
-7121_4134,Stage 2,33,32
-7121_4134,Stage 3,91,77
-7121_4135,Stage 1,137,91
-7121_4135,Stage 2,114,71
-7121_4135,Stage 3,186,107
-7121_4136,Stage 1,48,39
-7121_4136,Stage 2,55,49
-7121_4136,Stage 3,127,100
-7121_4137,Stage 1,54,49
-7121_4137,Stage 2,52,47
-7121_4137,Stage 3,127,91
-7121_4138,Stage 1,24,19
-7121_4138,Stage 2,23,22
-7121_4138,Stage 3,53,40
-7122_4086,Stage 1,0,0
-7122_4086,Stage 2,1,1
-7122_4086,Stage 3,1,1
-7122_4087,Stage 1,6,6
-7122_4087,Stage 2,20,3
-7122_4087,Stage 3,41,30
-7122_4088,Stage 1,19,10
-7122_4088,Stage 2,33,10
-7122_4088,Stage 3,73,46
-7122_4089,Stage 1,4,4
-7122_4089,Stage 2,10,8
-7122_4089,Stage 3,26,20
-7122_4090,Stage 1,6,4
-7122_4090,Stage 2,5,5
-7122_4090,Stage 3,26,20
-7122_4091,Stage 1,9,6
-7122_4091,Stage 2,13,13
-7122_4091,Stage 3,48,27
-7122_4092,Stage 1,9,9
-7122_4092,Stage 2,15,15
-7122_4092,Stage 3,41,19
-7122_4093,Stage 1,8,7
-7122_4093,Stage 2,13,12
-7122_4093,Stage 3,76,27
-7122_4094,Stage 1,13,7
-7122_4094,Stage 2,12,12
-7122_4094,Stage 3,103,33
-7122_4095,Stage 1,14,6
-7122_4095,Stage 2,19,11
-7122_4095,Stage 3,178,38
-7122_4096,Stage 1,8,8
-7122_4096,Stage 2,27,13
-7122_4096,Stage 3,185,48
-7122_4097,Stage 1,9,8
-7122_4097,Stage 2,23,16
-7122_4097,Stage 3,157,50
-7122_4098,Stage 1,13,11
-7122_4098,Stage 2,19,11
-7122_4098,Stage 3,154,46
-7122_4099,Stage 1,13,10
-7122_4099,Stage 2,31,16
-7122_4099,Stage 3,172,41
-7122_4100,Stage 1,19,13
-7122_4100,Stage 2,21,14
-7122_4100,Stage 3,155,50
-7122_4101,Stage 1,17,11
-7122_4101,Stage 2,26,15
-7122_4101,Stage 3,116,35
-7122_4102,Stage 1,16,11
-7122_4102,Stage 2,20,13
-7122_4102,Stage 3,105,48
-7122_4103,Stage 1,13,9
-7122_4103,Stage 2,15,8
-7122_4103,Stage 3,91,45
-7122_4104,Stage 1,7,6
-7122_4104,Stage 2,38,18
-7122_4104,Stage 3,131,41
-7122_4105,Stage 1,14,10
-7122_4105,Stage 2,15,14
-7122_4105,Stage 3,96,44
-7122_4106,Stage 1,22,15
-7122_4106,Stage 2,55,23
-7122_4106,Stage 3,165,43
-7122_4107,Stage 1,61,18
-7122_4107,Stage 2,15,12
-7122_4107,Stage 3,146,57
-7122_4108,Stage 1,19,13
-7122_4108,Stage 2,13,11
-7122_4108,Stage 3,185,54
-7122_4109,Stage 1,14,11
-7122_4109,Stage 2,32,14
-7122_4109,Stage 3,102,54
-7122_4110,Stage 1,17,11
-7122_4110,Stage 2,25,20
-7122_4110,Stage 3,75,40
-7122_4111,Stage 1,9,6
-7122_4111,Stage 2,25,12
-7122_4111,Stage 3,68,35
-7122_4112,Stage 1,20,12
-7122_4112,Stage 2,33,18
-7122_4112,Stage 3,87,40
-7122_4113,Stage 1,11,9
-7122_4113,Stage 2,57,17
-7122_4113,Stage 3,101,46
-7122_4114,Stage 1,39,14
-7122_4114,Stage 2,16,11
-7122_4114,Stage 3,115,46
-7122_4115,Stage 1,17,10
-7122_4115,Stage 2,37,20
-7122_4115,Stage 3,187,66
-7122_4116,Stage 1,27,13
-7122_4116,Stage 2,44,22
-7122_4116,Stage 3,558,80
-7122_4117,Stage 1,18,13
-7122_4117,Stage 2,30,15
-7122_4117,Stage 3,320,72
-7122_4118,Stage 1,25,13
-7122_4118,Stage 2,106,21
-7122_4118,Stage 3,412,73
-7122_4119,Stage 1,24,9
-7122_4119,Stage 2,75,21
-7122_4119,Stage 3,342,60
-7122_4120,Stage 1,29,22
-7122_4120,Stage 2,31,19
-7122_4120,Stage 3,194,52
-7122_4121,Stage 1,36,19
-7122_4121,Stage 2,53,25
-7122_4121,Stage 3,227,71
-7122_4122,Stage 1,29,21
-7122_4122,Stage 2,34,19
-7122_4122,Stage 3,220,75
-7122_4123,Stage 1,39,37
-7122_4123,Stage 2,32,32
-7122_4123,Stage 3,169,81
-7122_4124,Stage 1,71,56
-7122_4124,Stage 2,83,68
-7122_4124,Stage 3,135,94
-7122_4125,Stage 1,50,42
-7122_4125,Stage 2,75,63
-7122_4125,Stage 3,108,77
-7122_4126,Stage 1,47,42
-7122_4126,Stage 2,56,50
-7122_4126,Stage 3,114,76
-7122_4127,Stage 1,46,42
-7122_4127,Stage 2,62,52
-7122_4127,Stage 3,133,76
-7122_4128,Stage 1,33,31
-7122_4128,Stage 2,50,44
-7122_4128,Stage 3,157,94
-7122_4129,Stage 1,36,32
-7122_4129,Stage 2,44,42
-7122_4129,Stage 3,176,100
-7122_4130,Stage 1,51,46
-7122_4130,Stage 2,49,45
-7122_4130,Stage 3,189,109
-7122_4131,Stage 1,26,26
-7122_4131,Stage 2,41,38
-7122_4131,Stage 3,138,86
-7122_4132,Stage 1,54,49
-7122_4132,Stage 2,140,88
-7122_4132,Stage 3,160,110
-7122_4133,Stage 1,89,76
-7122_4133,Stage 2,132,105
-7122_4133,Stage 3,134,87
-7122_4134,Stage 1,105,81
-7122_4134,Stage 2,138,84
-7122_4134,Stage 3,143,102
-7122_4135,Stage 1,210,120
-7122_4135,Stage 2,245,114
-7122_4135,Stage 3,229,134
-7122_4136,Stage 1,69,54
-7122_4136,Stage 2,91,72
-7122_4136,Stage 3,132,99
-7122_4137,Stage 1,87,63
-7122_4137,Stage 2,132,112
-7122_4137,Stage 3,134,98
-7122_4138,Stage 1,75,52
-7122_4138,Stage 2,71,57
-7122_4138,Stage 3,134,75
-7123_4086,Stage 1,1,1
-7123_4086,Stage 2,0,0
-7123_4086,Stage 3,3,3
-7123_4087,Stage 1,7,7
-7123_4087,Stage 2,6,6
-7123_4087,Stage 3,26,22
-7123_4088,Stage 1,4,4
-7123_4088,Stage 2,8,5
-7123_4088,Stage 3,54,35
-7123_4089,Stage 1,6,5
-7123_4089,Stage 2,4,3
-7123_4089,Stage 3,41,24
-7123_4090,Stage 1,6,5
-7123_4090,Stage 2,7,6
-7123_4090,Stage 3,28,23
-7123_4091,Stage 1,9,7
-7123_4091,Stage 2,12,11
-7123_4091,Stage 3,31,22
-7123_4092,Stage 1,9,7
-7123_4092,Stage 2,8,7
-7123_4092,Stage 3,27,18
-7123_4093,Stage 1,10,9
-7123_4093,Stage 2,13,13
-7123_4093,Stage 3,33,24
-7123_4094,Stage 1,14,11
-7123_4094,Stage 2,17,13
-7123_4094,Stage 3,91,31
-7123_4095,Stage 1,14,10
-7123_4095,Stage 2,15,10
-7123_4095,Stage 3,152,35
-7123_4096,Stage 1,11,9
-7123_4096,Stage 2,137,11
-7123_4096,Stage 3,521,55
-7123_4097,Stage 1,9,7
-7123_4097,Stage 2,45,16
-7123_4097,Stage 3,357,47
-7123_4098,Stage 1,15,15
-7123_4098,Stage 2,16,10
-7123_4098,Stage 3,533,53
-7123_4099,Stage 1,9,9
-7123_4099,Stage 2,38,11
-7123_4099,Stage 3,559,57
-7123_4100,Stage 1,13,8
-7123_4100,Stage 2,18,14
-7123_4100,Stage 3,144,41
-7123_4101,Stage 1,18,12
-7123_4101,Stage 2,29,18
-7123_4101,Stage 3,134,43
-7123_4102,Stage 1,26,15
-7123_4102,Stage 2,98,22
-7123_4102,Stage 3,199,55
-7123_4103,Stage 1,14,5
-7123_4103,Stage 2,80,11
-7123_4103,Stage 3,152,46
-7123_4104,Stage 1,57,8
-7123_4104,Stage 2,96,15
-7123_4104,Stage 3,238,54
-7123_4105,Stage 1,8,7
-7123_4105,Stage 2,42,15
-7123_4105,Stage 3,144,55
-7123_4106,Stage 1,11,9
-7123_4106,Stage 2,54,16
-7123_4106,Stage 3,157,41
-7123_4107,Stage 1,13,11
-7123_4107,Stage 2,21,17
-7123_4107,Stage 3,101,38
-7123_4108,Stage 1,18,15
-7123_4108,Stage 2,20,14
-7123_4108,Stage 3,98,51
-7123_4109,Stage 1,14,11
-7123_4109,Stage 2,17,11
-7123_4109,Stage 3,85,41
-7123_4110,Stage 1,13,11
-7123_4110,Stage 2,14,11
-7123_4110,Stage 3,75,41
-7123_4111,Stage 1,12,7
-7123_4111,Stage 2,16,10
-7123_4111,Stage 3,89,45
-7123_4112,Stage 1,13,7
-7123_4112,Stage 2,53,15
-7123_4112,Stage 3,68,37
-7123_4113,Stage 1,13,11
-7123_4113,Stage 2,53,11
-7123_4113,Stage 3,115,45
-7123_4114,Stage 1,34,8
-7123_4114,Stage 2,11,11
-7123_4114,Stage 3,173,63
-7123_4115,Stage 1,13,6
-7123_4115,Stage 2,22,16
-7123_4115,Stage 3,168,56
-7123_4116,Stage 1,29,10
-7123_4116,Stage 2,37,22
-7123_4116,Stage 3,312,85
-7123_4117,Stage 1,20,13
-7123_4117,Stage 2,30,18
-7123_4117,Stage 3,278,68
-7123_4118,Stage 1,32,23
-7123_4118,Stage 2,15,13
-7123_4118,Stage 3,224,66
-7123_4119,Stage 1,13,12
-7123_4119,Stage 2,35,17
-7123_4119,Stage 3,210,58
-7123_4120,Stage 1,30,22
-7123_4120,Stage 2,44,27
-7123_4120,Stage 3,179,72
-7123_4121,Stage 1,27,18
-7123_4121,Stage 2,41,27
-7123_4121,Stage 3,138,71
-7123_4122,Stage 1,29,27
-7123_4122,Stage 2,57,45
-7123_4122,Stage 3,158,79
-7123_4123,Stage 1,72,47
-7123_4123,Stage 2,61,47
-7123_4123,Stage 3,235,90
-7123_4124,Stage 1,63,45
-7123_4124,Stage 2,48,42
-7123_4124,Stage 3,185,83
-7123_4125,Stage 1,46,30
-7123_4125,Stage 2,54,47
-7123_4125,Stage 3,173,81
-7123_4126,Stage 1,45,33
-7123_4126,Stage 2,62,55
-7123_4126,Stage 3,157,70
-7123_4127,Stage 1,66,45
-7123_4127,Stage 2,64,58
-7123_4127,Stage 3,201,82
-7123_4128,Stage 1,67,50
-7123_4128,Stage 2,53,44
-7123_4128,Stage 3,288,114
-7123_4129,Stage 1,41,37
-7123_4129,Stage 2,32,31
-7123_4129,Stage 3,241,98
-7123_4130,Stage 1,30,26
-7123_4130,Stage 2,52,33
-7123_4130,Stage 3,363,101
-7123_4131,Stage 1,39,32
-7123_4131,Stage 2,69,44
-7123_4131,Stage 3,338,79
-7123_4132,Stage 1,51,40
-7123_4132,Stage 2,67,48
-7123_4132,Stage 3,240,97
-7123_4133,Stage 1,100,76
-7123_4133,Stage 2,121,83
-7123_4133,Stage 3,175,97
-7123_4134,Stage 1,203,111
-7123_4134,Stage 2,177,103
-7123_4134,Stage 3,233,125
-7123_4135,Stage 1,85,63
-7123_4135,Stage 2,48,43
-7123_4135,Stage 3,169,108
-7123_4136,Stage 1,102,69
-7123_4136,Stage 2,89,69
-7123_4136,Stage 3,159,87
-7123_4137,Stage 1,91,68
-7123_4137,Stage 2,117,83
-7123_4137,Stage 3,186,115
-7123_4138,Stage 1,93,69
-7123_4138,Stage 2,130,110
-7123_4138,Stage 3,170,99
-7123_4139,Stage 1,2,2
-7123_4139,Stage 2,1,1
-7123_4139,Stage 3,6,6
-7124_4086,Stage 1,1,1
-7124_4086,Stage 2,0,0
-7124_4086,Stage 3,2,2
-7124_4087,Stage 1,9,9
-7124_4087,Stage 2,2,2
-7124_4087,Stage 3,29,22
-7124_4088,Stage 1,5,5
-7124_4088,Stage 2,9,6
-7124_4088,Stage 3,33,21
-7124_4089,Stage 1,4,4
-7124_4089,Stage 2,12,11
-7124_4089,Stage 3,35,22
-7124_4090,Stage 1,11,8
-7124_4090,Stage 2,10,8
-7124_4090,Stage 3,40,31
-7124_4091,Stage 1,5,4
-7124_4091,Stage 2,11,8
-7124_4091,Stage 3,27,22
-7124_4092,Stage 1,15,11
-7124_4092,Stage 2,17,17
-7124_4092,Stage 3,37,28
-7124_4093,Stage 1,10,9
-7124_4093,Stage 2,9,9
-7124_4093,Stage 3,36,24
-7124_4094,Stage 1,10,7
-7124_4094,Stage 2,24,16
-7124_4094,Stage 3,81,32
-7124_4095,Stage 1,16,14
-7124_4095,Stage 2,20,11
-7124_4095,Stage 3,80,46
-7124_4096,Stage 1,11,7
-7124_4096,Stage 2,25,17
-7124_4096,Stage 3,135,52
-7124_4097,Stage 1,16,13
-7124_4097,Stage 2,24,15
-7124_4097,Stage 3,138,37
-7124_4098,Stage 1,9,9
-7124_4098,Stage 2,18,12
-7124_4098,Stage 3,204,39
-7124_4099,Stage 1,15,14
-7124_4099,Stage 2,20,12
-7124_4099,Stage 3,204,51
-7124_4100,Stage 1,17,13
-7124_4100,Stage 2,14,9
-7124_4100,Stage 3,132,42
-7124_4101,Stage 1,29,10
-7124_4101,Stage 2,25,18
-7124_4101,Stage 3,135,42
-7124_4102,Stage 1,19,10
-7124_4102,Stage 2,23,16
-7124_4102,Stage 3,112,36
-7124_4103,Stage 1,32,13
-7124_4103,Stage 2,13,10
-7124_4103,Stage 3,111,46
-7124_4104,Stage 1,12,12
-7124_4104,Stage 2,15,11
-7124_4104,Stage 3,104,47
-7124_4105,Stage 1,9,9
-7124_4105,Stage 2,21,15
-7124_4105,Stage 3,133,49
-7124_4106,Stage 1,13,10
-7124_4106,Stage 2,34,16
-7124_4106,Stage 3,165,50
-7124_4107,Stage 1,13,11
-7124_4107,Stage 2,16,14
-7124_4107,Stage 3,108,42
-7124_4108,Stage 1,16,14
-7124_4108,Stage 2,19,15
-7124_4108,Stage 3,125,42
-7124_4109,Stage 1,15,9
-7124_4109,Stage 2,9,9
-7124_4109,Stage 3,93,48
-7124_4110,Stage 1,13,11
-7124_4110,Stage 2,10,9
-7124_4110,Stage 3,67,37
-7124_4111,Stage 1,14,10
-7124_4111,Stage 2,16,12
-7124_4111,Stage 3,92,41
-7124_4112,Stage 1,48,10
-7124_4112,Stage 2,29,17
-7124_4112,Stage 3,78,38
-7124_4113,Stage 1,17,8
-7124_4113,Stage 2,14,13
-7124_4113,Stage 3,67,37
-7124_4114,Stage 1,18,15
-7124_4114,Stage 2,15,14
-7124_4114,Stage 3,131,55
-7124_4115,Stage 1,24,14
-7124_4115,Stage 2,28,22
-7124_4115,Stage 3,184,59
-7124_4116,Stage 1,38,12
-7124_4116,Stage 2,81,23
-7124_4116,Stage 3,792,83
-7124_4117,Stage 1,23,11
-7124_4117,Stage 2,108,18
-7124_4117,Stage 3,261,67
-7124_4118,Stage 1,21,17
-7124_4118,Stage 2,16,15
-7124_4118,Stage 3,184,60
-7124_4119,Stage 1,22,14
-7124_4119,Stage 2,48,25
-7124_4119,Stage 3,171,72
-7124_4120,Stage 1,15,13
-7124_4120,Stage 2,36,23
-7124_4120,Stage 3,107,54
-7124_4121,Stage 1,33,33
-7124_4121,Stage 2,29,25
-7124_4121,Stage 3,119,65
-7124_4122,Stage 1,64,51
-7124_4122,Stage 2,80,67
-7124_4122,Stage 3,127,84
-7124_4123,Stage 1,47,36
-7124_4123,Stage 2,53,46
-7124_4123,Stage 3,114,71
-7124_4124,Stage 1,52,39
-7124_4124,Stage 2,39,36
-7124_4124,Stage 3,99,65
-7124_4125,Stage 1,49,38
-7124_4125,Stage 2,42,39
-7124_4125,Stage 3,101,72
-7124_4126,Stage 1,50,40
-7124_4126,Stage 2,47,43
-7124_4126,Stage 3,122,88
-7124_4127,Stage 1,53,46
-7124_4127,Stage 2,77,64
-7124_4127,Stage 3,150,91
-7124_4128,Stage 1,68,56
-7124_4128,Stage 2,71,56
-7124_4128,Stage 3,146,93
-7124_4129,Stage 1,53,44
-7124_4129,Stage 2,48,42
-7124_4129,Stage 3,199,99
-7124_4130,Stage 1,27,24
-7124_4130,Stage 2,37,34
-7124_4130,Stage 3,260,112
-7124_4131,Stage 1,40,33
-7124_4131,Stage 2,53,37
-7124_4131,Stage 3,385,100
-7124_4132,Stage 1,51,48
-7124_4132,Stage 2,93,54
-7124_4132,Stage 3,148,66
-7124_4133,Stage 1,69,47
-7124_4133,Stage 2,64,36
-7124_4133,Stage 3,180,105
-7124_4134,Stage 1,190,102
-7124_4134,Stage 2,162,103
-7124_4134,Stage 3,308,148
-7124_4135,Stage 1,68,63
-7124_4135,Stage 2,80,64
-7124_4135,Stage 3,193,113
-7124_4136,Stage 1,225,88
-7124_4136,Stage 2,92,60
-7124_4136,Stage 3,193,117
-7124_4137,Stage 1,131,95
-7124_4137,Stage 2,113,78
-7124_4137,Stage 3,265,118
-7124_4138,Stage 1,114,81
-7124_4138,Stage 2,129,99
-7124_4138,Stage 3,242,117
-7124_4139,Stage 1,12,11
-7124_4139,Stage 2,12,12
-7124_4139,Stage 3,50,38
-7125_4086,Stage 1,1,1
-7125_4086,Stage 2,3,3
-7125_4086,Stage 3,9,9
-7125_4087,Stage 1,7,5
-7125_4087,Stage 2,11,11
-7125_4087,Stage 3,33,26
-7125_4088,Stage 1,5,5
-7125_4088,Stage 2,13,10
-7125_4088,Stage 3,41,30
-7125_4089,Stage 1,5,5
-7125_4089,Stage 2,13,12
-7125_4089,Stage 3,35,21
-7125_4090,Stage 1,8,8
-7125_4090,Stage 2,12,11
-7125_4090,Stage 3,43,30
-7125_4091,Stage 1,11,10
-7125_4091,Stage 2,7,7
-7125_4091,Stage 3,36,28
-7125_4092,Stage 1,10,7
-7125_4092,Stage 2,11,11
-7125_4092,Stage 3,41,27
-7125_4093,Stage 1,9,8
-7125_4093,Stage 2,9,7
-7125_4093,Stage 3,60,26
-7125_4094,Stage 1,10,8
-7125_4094,Stage 2,32,16
-7125_4094,Stage 3,99,39
-7125_4095,Stage 1,7,7
-7125_4095,Stage 2,23,13
-7125_4095,Stage 3,79,32
-7125_4096,Stage 1,5,5
-7125_4096,Stage 2,48,16
-7125_4096,Stage 3,491,55
-7125_4097,Stage 1,10,9
-7125_4097,Stage 2,38,18
-7125_4097,Stage 3,538,42
-7125_4098,Stage 1,10,9
-7125_4098,Stage 2,17,12
-7125_4098,Stage 3,266,48
-7125_4099,Stage 1,23,16
-7125_4099,Stage 2,83,19
-7125_4099,Stage 3,644,50
-7125_4100,Stage 1,23,12
-7125_4100,Stage 2,30,18
-7125_4100,Stage 3,146,45
-7125_4101,Stage 1,28,15
-7125_4101,Stage 2,70,19
-7125_4101,Stage 3,347,44
-7125_4102,Stage 1,30,10
-7125_4102,Stage 2,80,16
-7125_4102,Stage 3,331,49
-7125_4103,Stage 1,27,15
-7125_4103,Stage 2,20,18
-7125_4103,Stage 3,181,47
-7125_4104,Stage 1,13,9
-7125_4104,Stage 2,23,14
-7125_4104,Stage 3,146,47
-7125_4105,Stage 1,8,8
-7125_4105,Stage 2,18,13
-7125_4105,Stage 3,100,41
-7125_4106,Stage 1,22,8
-7125_4106,Stage 2,49,20
-7125_4106,Stage 3,176,53
-7125_4107,Stage 1,13,12
-7125_4107,Stage 2,17,15
-7125_4107,Stage 3,100,35
-7125_4108,Stage 1,14,10
-7125_4108,Stage 2,19,16
-7125_4108,Stage 3,92,39
-7125_4109,Stage 1,14,12
-7125_4109,Stage 2,21,18
-7125_4109,Stage 3,74,47
-7125_4110,Stage 1,8,7
-7125_4110,Stage 2,14,10
-7125_4110,Stage 3,77,47
-7125_4111,Stage 1,10,6
-7125_4111,Stage 2,30,17
-7125_4111,Stage 3,89,41
-7125_4112,Stage 1,19,14
-7125_4112,Stage 2,21,16
-7125_4112,Stage 3,99,38
-7125_4113,Stage 1,12,7
-7125_4113,Stage 2,12,11
-7125_4113,Stage 3,90,40
-7125_4114,Stage 1,11,5
-7125_4114,Stage 2,17,12
-7125_4114,Stage 3,144,48
-7125_4115,Stage 1,31,14
-7125_4115,Stage 2,27,21
-7125_4115,Stage 3,132,56
-7125_4116,Stage 1,26,12
-7125_4116,Stage 2,28,20
-7125_4116,Stage 3,335,73
-7125_4117,Stage 1,13,13
-7125_4117,Stage 2,26,13
-7125_4117,Stage 3,230,68
-7125_4118,Stage 1,18,15
-7125_4118,Stage 2,39,26
-7125_4118,Stage 3,155,60
-7125_4119,Stage 1,25,20
-7125_4119,Stage 2,26,22
-7125_4119,Stage 3,143,68
-7125_4120,Stage 1,27,24
-7125_4120,Stage 2,40,33
-7125_4120,Stage 3,105,66
-7125_4121,Stage 1,63,51
-7125_4121,Stage 2,59,52
-7125_4121,Stage 3,132,87
-7125_4122,Stage 1,62,52
-7125_4122,Stage 2,58,46
-7125_4122,Stage 3,81,60
-7125_4123,Stage 1,25,23
-7125_4123,Stage 2,30,26
-7125_4123,Stage 3,92,60
-7125_4124,Stage 1,25,22
-7125_4124,Stage 2,38,32
-7125_4124,Stage 3,75,57
-7125_4125,Stage 1,32,25
-7125_4125,Stage 2,62,54
-7125_4125,Stage 3,86,63
-7125_4126,Stage 1,72,61
-7125_4126,Stage 2,70,65
-7125_4126,Stage 3,107,75
-7125_4127,Stage 1,58,49
-7125_4127,Stage 2,71,69
-7125_4127,Stage 3,118,82
-7125_4128,Stage 1,58,48
-7125_4128,Stage 2,43,39
-7125_4128,Stage 3,103,75
-7125_4129,Stage 1,44,37
-7125_4129,Stage 2,45,44
-7125_4129,Stage 3,134,90
-7125_4130,Stage 1,38,36
-7125_4130,Stage 2,64,46
-7125_4130,Stage 3,185,103
-7125_4131,Stage 1,44,42
-7125_4131,Stage 2,79,58
-7125_4131,Stage 3,178,98
-7125_4132,Stage 1,42,35
-7125_4132,Stage 2,76,51
-7125_4132,Stage 3,152,86
-7125_4133,Stage 1,86,72
-7125_4133,Stage 2,67,50
-7125_4133,Stage 3,173,109
-7125_4134,Stage 1,95,67
-7125_4134,Stage 2,77,58
-7125_4134,Stage 3,430,149
-7125_4135,Stage 1,97,65
-7125_4135,Stage 2,131,78
-7125_4135,Stage 3,694,115
-7125_4136,Stage 1,267,99
-7125_4136,Stage 2,293,105
-7125_4136,Stage 3,1356,125
-7125_4137,Stage 1,122,93
-7125_4137,Stage 2,308,110
-7125_4137,Stage 3,1316,136
-7125_4138,Stage 1,62,52
-7125_4138,Stage 2,83,52
-7125_4138,Stage 3,281,115
-7125_4139,Stage 1,12,12
-7125_4139,Stage 2,13,10
-7125_4139,Stage 3,76,45
-7126_4086,Stage 1,4,4
-7126_4086,Stage 2,1,1
-7126_4086,Stage 3,6,5
-7126_4087,Stage 1,9,8
-7126_4087,Stage 2,12,12
-7126_4087,Stage 3,29,18
-7126_4088,Stage 1,12,10
-7126_4088,Stage 2,11,11
-7126_4088,Stage 3,33,21
-7126_4089,Stage 1,11,10
-7126_4089,Stage 2,12,12
-7126_4089,Stage 3,29,23
-7126_4090,Stage 1,10,9
-7126_4090,Stage 2,13,11
-7126_4090,Stage 3,38,29
-7126_4091,Stage 1,11,9
-7126_4091,Stage 2,9,9
-7126_4091,Stage 3,47,30
-7126_4092,Stage 1,11,9
-7126_4092,Stage 2,15,14
-7126_4092,Stage 3,35,27
-7126_4093,Stage 1,15,11
-7126_4093,Stage 2,26,9
-7126_4093,Stage 3,39,25
-7126_4094,Stage 1,10,7
-7126_4094,Stage 2,29,17
-7126_4094,Stage 3,69,41
-7126_4095,Stage 1,6,2
-7126_4095,Stage 2,13,12
-7126_4095,Stage 3,106,31
-7126_4096,Stage 1,7,6
-7126_4096,Stage 2,17,15
-7126_4096,Stage 3,144,49
-7126_4097,Stage 1,11,11
-7126_4097,Stage 2,18,15
-7126_4097,Stage 3,151,43
-7126_4098,Stage 1,7,6
-7126_4098,Stage 2,13,10
-7126_4098,Stage 3,105,39
-7126_4099,Stage 1,12,9
-7126_4099,Stage 2,16,11
-7126_4099,Stage 3,163,53
-7126_4100,Stage 1,12,10
-7126_4100,Stage 2,18,17
-7126_4100,Stage 3,126,47
-7126_4101,Stage 1,17,14
-7126_4101,Stage 2,19,15
-7126_4101,Stage 3,88,37
-7126_4102,Stage 1,12,12
-7126_4102,Stage 2,27,18
-7126_4102,Stage 3,130,50
-7126_4103,Stage 1,17,13
-7126_4103,Stage 2,11,10
-7126_4103,Stage 3,107,38
-7126_4104,Stage 1,10,9
-7126_4104,Stage 2,21,20
-7126_4104,Stage 3,137,39
-7126_4105,Stage 1,8,8
-7126_4105,Stage 2,13,12
-7126_4105,Stage 3,95,49
-7126_4106,Stage 1,10,7
-7126_4106,Stage 2,31,16
-7126_4106,Stage 3,116,34
-7126_4107,Stage 1,9,8
-7126_4107,Stage 2,16,15
-7126_4107,Stage 3,95,34
-7126_4108,Stage 1,13,13
-7126_4108,Stage 2,20,15
-7126_4108,Stage 3,77,46
-7126_4109,Stage 1,16,14
-7126_4109,Stage 2,19,14
-7126_4109,Stage 3,46,27
-7126_4110,Stage 1,9,7
-7126_4110,Stage 2,16,13
-7126_4110,Stage 3,90,47
-7126_4111,Stage 1,13,12
-7126_4111,Stage 2,25,13
-7126_4111,Stage 3,59,33
-7126_4112,Stage 1,29,6
-7126_4112,Stage 2,16,13
-7126_4112,Stage 3,67,41
-7126_4113,Stage 1,15,10
-7126_4113,Stage 2,20,16
-7126_4113,Stage 3,168,47
-7126_4114,Stage 1,17,9
-7126_4114,Stage 2,20,15
-7126_4114,Stage 3,178,58
-7126_4115,Stage 1,103,12
-7126_4115,Stage 2,31,25
-7126_4115,Stage 3,222,55
-7126_4116,Stage 1,62,16
-7126_4116,Stage 2,64,21
-7126_4116,Stage 3,1219,63
-7126_4117,Stage 1,25,15
-7126_4117,Stage 2,23,18
-7126_4117,Stage 3,182,70
-7126_4118,Stage 1,43,22
-7126_4118,Stage 2,58,29
-7126_4118,Stage 3,113,57
-7126_4119,Stage 1,27,24
-7126_4119,Stage 2,30,25
-7126_4119,Stage 3,92,74
-7126_4120,Stage 1,50,41
-7126_4120,Stage 2,73,57
-7126_4120,Stage 3,111,72
-7126_4121,Stage 1,43,35
-7126_4121,Stage 2,40,35
-7126_4121,Stage 3,113,73
-7126_4122,Stage 1,13,13
-7126_4122,Stage 2,47,43
-7126_4122,Stage 3,78,50
-7126_4123,Stage 1,23,20
-7126_4123,Stage 2,38,34
-7126_4123,Stage 3,105,55
-7126_4124,Stage 1,34,30
-7126_4124,Stage 2,37,36
-7126_4124,Stage 3,76,54
-7126_4125,Stage 1,63,50
-7126_4125,Stage 2,67,57
-7126_4125,Stage 3,103,79
-7126_4126,Stage 1,62,49
-7126_4126,Stage 2,69,67
-7126_4126,Stage 3,113,80
-7126_4127,Stage 1,42,32
-7126_4127,Stage 2,43,39
-7126_4127,Stage 3,104,71
-7126_4128,Stage 1,45,42
-7126_4128,Stage 2,45,39
-7126_4128,Stage 3,108,72
-7126_4129,Stage 1,53,46
-7126_4129,Stage 2,77,57
-7126_4129,Stage 3,112,84
-7126_4130,Stage 1,64,47
-7126_4130,Stage 2,108,61
-7126_4130,Stage 3,143,92
-7126_4131,Stage 1,33,28
-7126_4131,Stage 2,37,34
-7126_4131,Stage 3,140,91
-7126_4132,Stage 1,54,49
-7126_4132,Stage 2,71,55
-7126_4132,Stage 3,139,80
-7126_4133,Stage 1,79,63
-7126_4133,Stage 2,81,57
-7126_4133,Stage 3,224,129
-7126_4134,Stage 1,127,97
-7126_4134,Stage 2,104,77
-7126_4134,Stage 3,397,97
-7126_4135,Stage 1,150,82
-7126_4135,Stage 2,222,69
-7126_4135,Stage 3,1003,107
-7126_4136,Stage 1,388,118
-7126_4136,Stage 2,477,119
-7126_4136,Stage 3,1750,140
-7126_4137,Stage 1,182,123
-7126_4137,Stage 2,248,134
-7126_4137,Stage 3,877,141
-7126_4138,Stage 1,70,56
-7126_4138,Stage 2,81,68
-7126_4138,Stage 3,221,108
-7126_4139,Stage 1,24,24
-7126_4139,Stage 2,37,32
-7126_4139,Stage 3,88,51
-7127_4086,Stage 1,3,3
-7127_4086,Stage 2,3,3
-7127_4086,Stage 3,7,6
-7127_4087,Stage 1,9,7
-7127_4087,Stage 2,14,13
-7127_4087,Stage 3,46,31
-7127_4088,Stage 1,7,5
-7127_4088,Stage 2,16,16
-7127_4088,Stage 3,40,27
-7127_4089,Stage 1,10,7
-7127_4089,Stage 2,10,10
-7127_4089,Stage 3,25,21
-7127_4090,Stage 1,11,9
-7127_4090,Stage 2,17,14
-7127_4090,Stage 3,47,37
-7127_4091,Stage 1,10,10
-7127_4091,Stage 2,14,14
-7127_4091,Stage 3,36,30
-7127_4092,Stage 1,14,9
-7127_4092,Stage 2,8,8
-7127_4092,Stage 3,26,23
-7127_4093,Stage 1,20,13
-7127_4093,Stage 2,30,12
-7127_4093,Stage 3,94,37
-7127_4094,Stage 1,13,10
-7127_4094,Stage 2,19,12
-7127_4094,Stage 3,62,35
-7127_4095,Stage 1,4,4
-7127_4095,Stage 2,14,14
-7127_4095,Stage 3,70,33
-7127_4096,Stage 1,8,5
-7127_4096,Stage 2,36,15
-7127_4096,Stage 3,334,47
-7127_4097,Stage 1,7,7
-7127_4097,Stage 2,38,13
-7127_4097,Stage 3,303,39
-7127_4098,Stage 1,6,6
-7127_4098,Stage 2,18,17
-7127_4098,Stage 3,150,47
-7127_4099,Stage 1,12,12
-7127_4099,Stage 2,27,16
-7127_4099,Stage 3,356,54
-7127_4100,Stage 1,12,11
-7127_4100,Stage 2,18,14
-7127_4100,Stage 3,89,43
-7127_4101,Stage 1,16,13
-7127_4101,Stage 2,40,22
-7127_4101,Stage 3,312,46
-7127_4102,Stage 1,12,12
-7127_4102,Stage 2,23,16
-7127_4102,Stage 3,210,42
-7127_4103,Stage 1,6,6
-7127_4103,Stage 2,24,20
-7127_4103,Stage 3,131,35
-7127_4104,Stage 1,10,10
-7127_4104,Stage 2,20,11
-7127_4104,Stage 3,122,37
-7127_4105,Stage 1,11,10
-7127_4105,Stage 2,20,15
-7127_4105,Stage 3,119,37
-7127_4106,Stage 1,22,10
-7127_4106,Stage 2,167,13
-7127_4106,Stage 3,183,39
-7127_4107,Stage 1,8,8
-7127_4107,Stage 2,17,14
-7127_4107,Stage 3,81,31
-7127_4108,Stage 1,16,13
-7127_4108,Stage 2,11,11
-7127_4108,Stage 3,64,43
-7127_4109,Stage 1,26,16
-7127_4109,Stage 2,18,16
-7127_4109,Stage 3,59,38
-7127_4110,Stage 1,12,12
-7127_4110,Stage 2,26,19
-7127_4110,Stage 3,58,46
-7127_4111,Stage 1,11,9
-7127_4111,Stage 2,17,15
-7127_4111,Stage 3,43,27
-7127_4112,Stage 1,19,15
-7127_4112,Stage 2,20,18
-7127_4112,Stage 3,50,40
-7127_4113,Stage 1,14,9
-7127_4113,Stage 2,16,14
-7127_4113,Stage 3,67,45
-7127_4114,Stage 1,16,10
-7127_4114,Stage 2,19,13
-7127_4114,Stage 3,79,47
-7127_4115,Stage 1,58,13
-7127_4115,Stage 2,24,20
-7127_4115,Stage 3,159,66
-7127_4116,Stage 1,34,18
-7127_4116,Stage 2,26,16
-7127_4116,Stage 3,158,69
-7127_4117,Stage 1,35,19
-7127_4117,Stage 2,31,24
-7127_4117,Stage 3,131,65
-7127_4118,Stage 1,47,34
-7127_4118,Stage 2,45,27
-7127_4118,Stage 3,85,56
-7127_4119,Stage 1,43,38
-7127_4119,Stage 2,47,40
-7127_4119,Stage 3,104,79
-7127_4120,Stage 1,41,38
-7127_4120,Stage 2,49,39
-7127_4120,Stage 3,85,62
-7127_4121,Stage 1,22,21
-7127_4121,Stage 2,39,31
-7127_4121,Stage 3,69,60
-7127_4122,Stage 1,19,18
-7127_4122,Stage 2,42,33
-7127_4122,Stage 3,89,44
-7127_4123,Stage 1,18,18
-7127_4123,Stage 2,28,27
-7127_4123,Stage 3,91,56
-7127_4124,Stage 1,61,49
-7127_4124,Stage 2,70,61
-7127_4124,Stage 3,128,80
-7127_4125,Stage 1,68,52
-7127_4125,Stage 2,61,55
-7127_4125,Stage 3,112,74
-7127_4126,Stage 1,35,32
-7127_4126,Stage 2,39,37
-7127_4126,Stage 3,108,74
-7127_4127,Stage 1,34,31
-7127_4127,Stage 2,35,33
-7127_4127,Stage 3,97,79
-7127_4128,Stage 1,36,34
-7127_4128,Stage 2,47,38
-7127_4128,Stage 3,100,70
-7127_4129,Stage 1,39,32
-7127_4129,Stage 2,91,51
-7127_4129,Stage 3,106,77
-7127_4130,Stage 1,36,33
-7127_4130,Stage 2,74,50
-7127_4130,Stage 3,138,97
-7127_4131,Stage 1,114,42
-7127_4131,Stage 2,64,54
-7127_4131,Stage 3,128,85
-7127_4132,Stage 1,113,85
-7127_4132,Stage 2,106,78
-7127_4132,Stage 3,151,110
-7127_4133,Stage 1,287,161
-7127_4133,Stage 2,232,121
-7127_4133,Stage 3,226,116
-7127_4134,Stage 1,191,81
-7127_4134,Stage 2,134,93
-7127_4134,Stage 3,985,135
-7127_4135,Stage 1,202,91
-7127_4135,Stage 2,225,70
-7127_4135,Stage 3,1721,125
-7127_4136,Stage 1,417,113
-7127_4136,Stage 2,283,97
-7127_4136,Stage 3,1852,138
-7127_4137,Stage 1,146,103
-7127_4137,Stage 2,162,106
-7127_4137,Stage 3,288,115
-7127_4138,Stage 1,95,64
-7127_4138,Stage 2,115,78
-7127_4138,Stage 3,237,120
-7127_4139,Stage 1,38,35
-7127_4139,Stage 2,46,35
-7127_4139,Stage 3,72,52
-7128_4086,Stage 1,1,1
-7128_4086,Stage 2,3,3
-7128_4086,Stage 3,10,9
-7128_4087,Stage 1,3,3
-7128_4087,Stage 2,18,18
-7128_4087,Stage 3,27,22
-7128_4088,Stage 1,6,5
-7128_4088,Stage 2,17,17
-7128_4088,Stage 3,39,30
-7128_4089,Stage 1,14,12
-7128_4089,Stage 2,12,11
-7128_4089,Stage 3,32,27
-7128_4090,Stage 1,15,12
-7128_4090,Stage 2,12,11
-7128_4090,Stage 3,45,37
-7128_4091,Stage 1,19,14
-7128_4091,Stage 2,15,14
-7128_4091,Stage 3,39,32
-7128_4092,Stage 1,13,10
-7128_4092,Stage 2,14,12
-7128_4092,Stage 3,56,46
-7128_4093,Stage 1,10,6
-7128_4093,Stage 2,29,14
-7128_4093,Stage 3,59,32
-7128_4094,Stage 1,6,3
-7128_4094,Stage 2,10,9
-7128_4094,Stage 3,99,37
-7128_4095,Stage 1,7,7
-7128_4095,Stage 2,19,15
-7128_4095,Stage 3,75,39
-7128_4096,Stage 1,6,6
-7128_4096,Stage 2,22,16
-7128_4096,Stage 3,126,42
-7128_4097,Stage 1,12,8
-7128_4097,Stage 2,13,10
-7128_4097,Stage 3,137,50
-7128_4098,Stage 1,6,6
-7128_4098,Stage 2,15,11
-7128_4098,Stage 3,286,45
-7128_4099,Stage 1,13,11
-7128_4099,Stage 2,37,17
-7128_4099,Stage 3,290,58
-7128_4100,Stage 1,11,8
-7128_4100,Stage 2,33,23
-7128_4100,Stage 3,136,46
-7128_4101,Stage 1,13,11
-7128_4101,Stage 2,38,13
-7128_4101,Stage 3,357,54
-7128_4102,Stage 1,14,14
-7128_4102,Stage 2,42,21
-7128_4102,Stage 3,230,57
-7128_4103,Stage 1,15,12
-7128_4103,Stage 2,23,13
-7128_4103,Stage 3,117,40
-7128_4104,Stage 1,20,17
-7128_4104,Stage 2,25,15
-7128_4104,Stage 3,139,44
-7128_4105,Stage 1,16,14
-7128_4105,Stage 2,62,21
-7128_4105,Stage 3,213,41
-7128_4106,Stage 1,21,15
-7128_4106,Stage 2,23,19
-7128_4106,Stage 3,112,44
-7128_4107,Stage 1,9,8
-7128_4107,Stage 2,17,17
-7128_4107,Stage 3,78,40
-7128_4108,Stage 1,18,16
-7128_4108,Stage 2,16,15
-7128_4108,Stage 3,48,37
-7128_4109,Stage 1,12,12
-7128_4109,Stage 2,27,22
-7128_4109,Stage 3,56,44
-7128_4110,Stage 1,16,13
-7128_4110,Stage 2,13,12
-7128_4110,Stage 3,64,38
-7128_4111,Stage 1,13,11
-7128_4111,Stage 2,22,17
-7128_4111,Stage 3,44,36
-7128_4112,Stage 1,18,13
-7128_4112,Stage 2,14,12
-7128_4112,Stage 3,50,41
-7128_4113,Stage 1,18,16
-7128_4113,Stage 2,27,24
-7128_4113,Stage 3,72,40
-7128_4114,Stage 1,18,14
-7128_4114,Stage 2,26,18
-7128_4114,Stage 3,141,55
-7128_4115,Stage 1,35,23
-7128_4115,Stage 2,42,29
-7128_4115,Stage 3,174,67
-7128_4116,Stage 1,31,19
-7128_4116,Stage 2,36,28
-7128_4116,Stage 3,117,59
-7128_4117,Stage 1,35,22
-7128_4117,Stage 2,46,30
-7128_4117,Stage 3,138,75
-7128_4118,Stage 1,51,38
-7128_4118,Stage 2,59,50
-7128_4118,Stage 3,117,77
-7128_4119,Stage 1,47,43
-7128_4119,Stage 2,42,36
-7128_4119,Stage 3,90,75
-7128_4120,Stage 1,22,20
-7128_4120,Stage 2,36,32
-7128_4120,Stage 3,57,53
-7128_4121,Stage 1,16,15
-7128_4121,Stage 2,43,39
-7128_4121,Stage 3,43,41
-7128_4122,Stage 1,16,16
-7128_4122,Stage 2,47,41
-7128_4122,Stage 3,71,59
-7128_4123,Stage 1,51,47
-7128_4123,Stage 2,54,48
-7128_4123,Stage 3,100,76
-7128_4124,Stage 1,60,49
-7128_4124,Stage 2,67,57
-7128_4124,Stage 3,108,67
-7128_4125,Stage 1,27,24
-7128_4125,Stage 2,40,37
-7128_4125,Stage 3,98,55
-7128_4126,Stage 1,29,28
-7128_4126,Stage 2,42,40
-7128_4126,Stage 3,120,76
-7128_4127,Stage 1,49,41
-7128_4127,Stage 2,37,33
-7128_4127,Stage 3,116,71
-7128_4128,Stage 1,51,47
-7128_4128,Stage 2,76,56
-7128_4128,Stage 3,101,77
-7128_4129,Stage 1,45,40
-7128_4129,Stage 2,104,68
-7128_4129,Stage 3,134,75
-7128_4130,Stage 1,38,35
-7128_4130,Stage 2,64,55
-7128_4130,Stage 3,119,94
-7128_4131,Stage 1,85,43
-7128_4131,Stage 2,47,43
-7128_4131,Stage 3,136,104
-7128_4132,Stage 1,215,124
-7128_4132,Stage 2,177,94
-7128_4132,Stage 3,249,144
-7128_4133,Stage 1,465,118
-7128_4133,Stage 2,152,86
-7128_4133,Stage 3,469,132
-7128_4134,Stage 1,780,122
-7128_4134,Stage 2,447,112
-7128_4134,Stage 3,1454,115
-7128_4135,Stage 1,518,117
-7128_4135,Stage 2,198,83
-7128_4135,Stage 3,1714,129
-7128_4136,Stage 1,183,110
-7128_4136,Stage 2,249,101
-7128_4136,Stage 3,1213,144
-7128_4137,Stage 1,106,87
-7128_4137,Stage 2,84,76
-7128_4137,Stage 3,231,108
-7128_4138,Stage 1,142,103
-7128_4138,Stage 2,141,113
-7128_4138,Stage 3,256,128
-7128_4139,Stage 1,53,51
-7128_4139,Stage 2,53,46
-7128_4139,Stage 3,71,53
-7129_4086,Stage 1,4,4
-7129_4086,Stage 2,0,0
-7129_4086,Stage 3,3,3
-7129_4087,Stage 1,8,8
-7129_4087,Stage 2,8,8
-7129_4087,Stage 3,36,31
-7129_4088,Stage 1,8,8
-7129_4088,Stage 2,12,12
-7129_4088,Stage 3,31,28
-7129_4089,Stage 1,9,8
-7129_4089,Stage 2,17,17
-7129_4089,Stage 3,41,33
-7129_4090,Stage 1,11,10
-7129_4090,Stage 2,22,21
-7129_4090,Stage 3,36,35
-7129_4091,Stage 1,15,13
-7129_4091,Stage 2,14,14
-7129_4091,Stage 3,38,32
-7129_4092,Stage 1,12,10
-7129_4092,Stage 2,29,17
-7129_4092,Stage 3,83,58
-7129_4093,Stage 1,12,10
-7129_4093,Stage 2,38,28
-7129_4093,Stage 3,61,43
-7129_4094,Stage 1,9,9
-7129_4094,Stage 2,10,9
-7129_4094,Stage 3,57,37
-7129_4095,Stage 1,8,8
-7129_4095,Stage 2,12,11
-7129_4095,Stage 3,83,43
-7129_4096,Stage 1,10,10
-7129_4096,Stage 2,23,21
-7129_4096,Stage 3,91,47
-7129_4097,Stage 1,11,11
-7129_4097,Stage 2,23,20
-7129_4097,Stage 3,60,32
-7129_4098,Stage 1,7,7
-7129_4098,Stage 2,18,14
-7129_4098,Stage 3,100,49
-7129_4099,Stage 1,11,11
-7129_4099,Stage 2,21,14
-7129_4099,Stage 3,109,48
-7129_4100,Stage 1,11,9
-7129_4100,Stage 2,24,19
-7129_4100,Stage 3,117,66
-7129_4101,Stage 1,10,9
-7129_4101,Stage 2,27,17
-7129_4101,Stage 3,226,59
-7129_4102,Stage 1,10,9
-7129_4102,Stage 2,10,8
-7129_4102,Stage 3,117,43
-7129_4103,Stage 1,40,11
-7129_4103,Stage 2,21,19
-7129_4103,Stage 3,115,55
-7129_4104,Stage 1,29,17
-7129_4104,Stage 2,30,16
-7129_4104,Stage 3,111,46
-7129_4105,Stage 1,15,13
-7129_4105,Stage 2,19,15
-7129_4105,Stage 3,127,35
-7129_4106,Stage 1,19,16
-7129_4106,Stage 2,15,14
-7129_4106,Stage 3,142,41
-7129_4107,Stage 1,8,8
-7129_4107,Stage 2,25,21
-7129_4107,Stage 3,53,30
-7129_4108,Stage 1,13,13
-7129_4108,Stage 2,17,17
-7129_4108,Stage 3,45,38
-7129_4109,Stage 1,17,17
-7129_4109,Stage 2,29,24
-7129_4109,Stage 3,57,45
-7129_4110,Stage 1,11,11
-7129_4110,Stage 2,27,23
-7129_4110,Stage 3,56,40
-7129_4111,Stage 1,15,12
-7129_4111,Stage 2,28,21
-7129_4111,Stage 3,47,39
-7129_4112,Stage 1,10,9
-7129_4112,Stage 2,30,27
-7129_4112,Stage 3,41,31
-7129_4113,Stage 1,31,14
-7129_4113,Stage 2,35,24
-7129_4113,Stage 3,67,49
-7129_4114,Stage 1,25,20
-7129_4114,Stage 2,56,38
-7129_4114,Stage 3,96,55
-7129_4115,Stage 1,29,22
-7129_4115,Stage 2,72,35
-7129_4115,Stage 3,92,58
-7129_4116,Stage 1,44,34
-7129_4116,Stage 2,35,27
-7129_4116,Stage 3,114,66
-7129_4117,Stage 1,41,31
-7129_4117,Stage 2,61,53
-7129_4117,Stage 3,105,79
-7129_4118,Stage 1,32,30
-7129_4118,Stage 2,57,48
-7129_4118,Stage 3,99,76
-7129_4119,Stage 1,34,33
-7129_4119,Stage 2,25,23
-7129_4119,Stage 3,94,69
-7129_4120,Stage 1,26,22
-7129_4120,Stage 2,33,28
-7129_4120,Stage 3,68,53
-7129_4121,Stage 1,32,31
-7129_4121,Stage 2,50,43
-7129_4121,Stage 3,65,45
-7129_4122,Stage 1,33,32
-7129_4122,Stage 2,59,47
-7129_4122,Stage 3,85,70
-7129_4123,Stage 1,47,40
-7129_4123,Stage 2,57,51
-7129_4123,Stage 3,104,79
-7129_4124,Stage 1,26,25
-7129_4124,Stage 2,48,41
-7129_4124,Stage 3,69,50
-7129_4125,Stage 1,25,24
-7129_4125,Stage 2,56,51
-7129_4125,Stage 3,76,57
-7129_4126,Stage 1,24,20
-7129_4126,Stage 2,45,43
-7129_4126,Stage 3,112,62
-7129_4127,Stage 1,55,42
-7129_4127,Stage 2,51,36
-7129_4127,Stage 3,146,66
-7129_4128,Stage 1,56,41
-7129_4128,Stage 2,108,65
-7129_4128,Stage 3,131,80
-7129_4129,Stage 1,50,43
-7129_4129,Stage 2,50,46
-7129_4129,Stage 3,102,67
-7129_4130,Stage 1,43,38
-7129_4130,Stage 2,40,35
-7129_4130,Stage 3,116,86
-7129_4131,Stage 1,65,58
-7129_4131,Stage 2,75,66
-7129_4131,Stage 3,106,87
-7129_4132,Stage 1,231,127
-7129_4132,Stage 2,205,113
-7129_4132,Stage 3,249,140
-7129_4133,Stage 1,225,101
-7129_4133,Stage 2,192,80
-7129_4133,Stage 3,1447,135
-7129_4134,Stage 1,962,91
-7129_4134,Stage 2,767,101
-7129_4134,Stage 3,2509,151
-7129_4135,Stage 1,517,112
-7129_4135,Stage 2,629,93
-7129_4135,Stage 3,1461,130
-7129_4136,Stage 1,203,121
-7129_4136,Stage 2,180,119
-7129_4136,Stage 3,715,137
-7129_4137,Stage 1,96,81
-7129_4137,Stage 2,102,82
-7129_4137,Stage 3,199,109
-7129_4138,Stage 1,113,85
-7129_4138,Stage 2,119,98
-7129_4138,Stage 3,277,140
-7129_4139,Stage 1,39,36
-7129_4139,Stage 2,33,32
-7129_4139,Stage 3,76,56
-7130_4086,Stage 1,1,1
-7130_4086,Stage 2,1,1
-7130_4086,Stage 3,3,3
-7130_4087,Stage 1,3,3
-7130_4087,Stage 2,12,12
-7130_4087,Stage 3,29,27
-7130_4088,Stage 1,6,6
-7130_4088,Stage 2,9,9
-7130_4088,Stage 3,28,26
-7130_4089,Stage 1,12,10
-7130_4089,Stage 2,14,13
-7130_4089,Stage 3,38,33
-7130_4090,Stage 1,14,11
-7130_4090,Stage 2,16,15
-7130_4090,Stage 3,35,29
-7130_4091,Stage 1,16,13
-7130_4091,Stage 2,14,12
-7130_4091,Stage 3,63,37
-7130_4092,Stage 1,19,15
-7130_4092,Stage 2,30,19
-7130_4092,Stage 3,96,46
-7130_4093,Stage 1,11,10
-7130_4093,Stage 2,21,17
-7130_4093,Stage 3,33,26
-7130_4094,Stage 1,8,8
-7130_4094,Stage 2,11,11
-7130_4094,Stage 3,52,33
-7130_4095,Stage 1,9,9
-7130_4095,Stage 2,23,22
-7130_4095,Stage 3,70,32
-7130_4096,Stage 1,10,8
-7130_4096,Stage 2,24,22
-7130_4096,Stage 3,96,54
-7130_4097,Stage 1,46,12
-7130_4097,Stage 2,17,15
-7130_4097,Stage 3,71,44
-7130_4098,Stage 1,10,9
-7130_4098,Stage 2,26,22
-7130_4098,Stage 3,94,52
-7130_4099,Stage 1,9,8
-7130_4099,Stage 2,18,15
-7130_4099,Stage 3,120,42
-7130_4100,Stage 1,16,15
-7130_4100,Stage 2,21,21
-7130_4100,Stage 3,98,50
-7130_4101,Stage 1,17,16
-7130_4101,Stage 2,26,18
-7130_4101,Stage 3,121,43
-7130_4102,Stage 1,13,13
-7130_4102,Stage 2,15,14
-7130_4102,Stage 3,77,42
-7130_4103,Stage 1,24,15
-7130_4103,Stage 2,35,21
-7130_4103,Stage 3,89,48
-7130_4104,Stage 1,17,15
-7130_4104,Stage 2,29,23
-7130_4104,Stage 3,93,46
-7130_4105,Stage 1,7,7
-7130_4105,Stage 2,17,15
-7130_4105,Stage 3,119,40
-7130_4106,Stage 1,16,14
-7130_4106,Stage 2,16,15
-7130_4106,Stage 3,49,37
-7130_4107,Stage 1,8,8
-7130_4107,Stage 2,27,25
-7130_4107,Stage 3,60,39
-7130_4108,Stage 1,12,10
-7130_4108,Stage 2,17,14
-7130_4108,Stage 3,63,45
-7130_4109,Stage 1,14,14
-7130_4109,Stage 2,20,17
-7130_4109,Stage 3,63,44
-7130_4110,Stage 1,16,12
-7130_4110,Stage 2,43,29
-7130_4110,Stage 3,71,42
-7130_4111,Stage 1,23,19
-7130_4111,Stage 2,46,28
-7130_4111,Stage 3,91,48
-7130_4112,Stage 1,22,18
-7130_4112,Stage 2,90,40
-7130_4112,Stage 3,111,53
-7130_4113,Stage 1,39,23
-7130_4113,Stage 2,98,39
-7130_4113,Stage 3,87,55
-7130_4114,Stage 1,28,19
-7130_4114,Stage 2,93,33
-7130_4114,Stage 3,112,56
-7130_4115,Stage 1,27,23
-7130_4115,Stage 2,39,29
-7130_4115,Stage 3,102,68
-7130_4116,Stage 1,48,38
-7130_4116,Stage 2,61,50
-7130_4116,Stage 3,117,84
-7130_4117,Stage 1,39,36
-7130_4117,Stage 2,37,31
-7130_4117,Stage 3,83,76
-7130_4118,Stage 1,24,22
-7130_4118,Stage 2,31,26
-7130_4118,Stage 3,43,38
-7130_4119,Stage 1,15,15
-7130_4119,Stage 2,31,28
-7130_4119,Stage 3,68,53
-7130_4120,Stage 1,18,18
-7130_4120,Stage 2,36,32
-7130_4120,Stage 3,78,66
-7130_4121,Stage 1,42,37
-7130_4121,Stage 2,56,47
-7130_4121,Stage 3,82,63
-7130_4122,Stage 1,47,38
-7130_4122,Stage 2,63,49
-7130_4122,Stage 3,114,84
-7130_4123,Stage 1,25,25
-7130_4123,Stage 2,51,38
-7130_4123,Stage 3,75,55
-7130_4124,Stage 1,26,24
-7130_4124,Stage 2,42,38
-7130_4124,Stage 3,67,54
-7130_4125,Stage 1,20,19
-7130_4125,Stage 2,42,38
-7130_4125,Stage 3,75,57
-7130_4126,Stage 1,33,30
-7130_4126,Stage 2,34,30
-7130_4126,Stage 3,90,63
-7130_4127,Stage 1,36,29
-7130_4127,Stage 2,81,51
-7130_4127,Stage 3,217,81
-7130_4128,Stage 1,53,43
-7130_4128,Stage 2,82,55
-7130_4128,Stage 3,264,77
-7130_4129,Stage 1,42,36
-7130_4129,Stage 2,67,53
-7130_4129,Stage 3,120,64
-7130_4130,Stage 1,65,52
-7130_4130,Stage 2,62,55
-7130_4130,Stage 3,105,77
-7130_4131,Stage 1,131,95
-7130_4131,Stage 2,94,83
-7130_4131,Stage 3,177,121
-7130_4132,Stage 1,207,125
-7130_4132,Stage 2,166,95
-7130_4132,Stage 3,345,150
-7130_4133,Stage 1,462,100
-7130_4133,Stage 2,295,91
-7130_4133,Stage 3,1706,121
-7130_4134,Stage 1,868,124
-7130_4134,Stage 2,635,93
-7130_4134,Stage 3,2326,139
-7130_4135,Stage 1,462,115
-7130_4135,Stage 2,335,103
-7130_4135,Stage 3,1709,149
-7130_4136,Stage 1,130,90
-7130_4136,Stage 2,101,83
-7130_4136,Stage 3,285,140
-7130_4137,Stage 1,102,86
-7130_4137,Stage 2,136,108
-7130_4137,Stage 3,215,116
-7130_4138,Stage 1,132,104
-7130_4138,Stage 2,216,92
-7130_4138,Stage 3,226,112
-7130_4139,Stage 1,42,39
-7130_4139,Stage 2,39,33
-7130_4139,Stage 3,67,50
-7131_4086,Stage 1,1,1
-7131_4086,Stage 2,0,0
-7131_4086,Stage 3,0,0
-7131_4087,Stage 1,8,7
-7131_4087,Stage 2,10,9
-7131_4087,Stage 3,24,23
-7131_4088,Stage 1,10,9
-7131_4088,Stage 2,4,4
-7131_4088,Stage 3,21,18
-7131_4089,Stage 1,12,11
-7131_4089,Stage 2,19,18
-7131_4089,Stage 3,48,26
-7131_4090,Stage 1,21,9
-7131_4090,Stage 2,16,12
-7131_4090,Stage 3,37,27
-7131_4091,Stage 1,16,14
-7131_4091,Stage 2,21,15
-7131_4091,Stage 3,76,39
-7131_4092,Stage 1,20,13
-7131_4092,Stage 2,34,21
-7131_4092,Stage 3,112,43
-7131_4093,Stage 1,15,12
-7131_4093,Stage 2,20,16
-7131_4093,Stage 3,66,47
-7131_4094,Stage 1,16,13
-7131_4094,Stage 2,17,16
-7131_4094,Stage 3,47,42
-7131_4095,Stage 1,14,13
-7131_4095,Stage 2,25,16
-7131_4095,Stage 3,74,40
-7131_4096,Stage 1,11,9
-7131_4096,Stage 2,17,14
-7131_4096,Stage 3,72,43
-7131_4097,Stage 1,12,11
-7131_4097,Stage 2,20,16
-7131_4097,Stage 3,79,50
-7131_4098,Stage 1,10,9
-7131_4098,Stage 2,22,16
-7131_4098,Stage 3,58,37
-7131_4099,Stage 1,13,12
-7131_4099,Stage 2,16,16
-7131_4099,Stage 3,85,53
-7131_4100,Stage 1,13,13
-7131_4100,Stage 2,11,8
-7131_4100,Stage 3,80,39
-7131_4101,Stage 1,27,20
-7131_4101,Stage 2,23,23
-7131_4101,Stage 3,106,58
-7131_4102,Stage 1,16,15
-7131_4102,Stage 2,48,18
-7131_4102,Stage 3,60,38
-7131_4103,Stage 1,20,12
-7131_4103,Stage 2,69,21
-7131_4103,Stage 3,84,49
-7131_4104,Stage 1,12,11
-7131_4104,Stage 2,114,25
-7131_4104,Stage 3,69,42
-7131_4105,Stage 1,7,7
-7131_4105,Stage 2,18,18
-7131_4105,Stage 3,55,38
-7131_4106,Stage 1,13,13
-7131_4106,Stage 2,25,22
-7131_4106,Stage 3,54,42
-7131_4107,Stage 1,14,12
-7131_4107,Stage 2,16,16
-7131_4107,Stage 3,65,40
-7131_4108,Stage 1,6,6
-7131_4108,Stage 2,14,13
-7131_4108,Stage 3,55,43
-7131_4109,Stage 1,12,12
-7131_4109,Stage 2,15,15
-7131_4109,Stage 3,42,35
-7131_4110,Stage 1,11,11
-7131_4110,Stage 2,19,19
-7131_4110,Stage 3,55,41
-7131_4111,Stage 1,13,13
-7131_4111,Stage 2,23,20
-7131_4111,Stage 3,38,32
-7131_4112,Stage 1,24,20
-7131_4112,Stage 2,45,21
-7131_4112,Stage 3,96,44
-7131_4113,Stage 1,28,18
-7131_4113,Stage 2,66,22
-7131_4113,Stage 3,140,62
-7131_4114,Stage 1,24,16
-7131_4114,Stage 2,76,33
-7131_4114,Stage 3,120,51
-7131_4115,Stage 1,27,24
-7131_4115,Stage 2,62,45
-7131_4115,Stage 3,120,74
-7131_4116,Stage 1,53,45
-7131_4116,Stage 2,56,51
-7131_4116,Stage 3,84,72
-7131_4117,Stage 1,40,34
-7131_4117,Stage 2,33,25
-7131_4117,Stage 3,73,61
-7131_4118,Stage 1,17,17
-7131_4118,Stage 2,25,24
-7131_4118,Stage 3,40,38
-7131_4119,Stage 1,18,16
-7131_4119,Stage 2,28,26
-7131_4119,Stage 3,51,45
-7131_4120,Stage 1,31,25
-7131_4120,Stage 2,39,35
-7131_4120,Stage 3,74,63
-7131_4121,Stage 1,42,38
-7131_4121,Stage 2,48,44
-7131_4121,Stage 3,82,71
-7131_4122,Stage 1,22,22
-7131_4122,Stage 2,43,36
-7131_4122,Stage 3,63,55
-7131_4123,Stage 1,21,20
-7131_4123,Stage 2,34,30
-7131_4123,Stage 3,62,54
-7131_4124,Stage 1,24,22
-7131_4124,Stage 2,45,39
-7131_4124,Stage 3,86,64
-7131_4125,Stage 1,14,14
-7131_4125,Stage 2,36,34
-7131_4125,Stage 3,94,65
-7131_4126,Stage 1,31,26
-7131_4126,Stage 2,61,45
-7131_4126,Stage 3,140,80
-7131_4127,Stage 1,27,24
-7131_4127,Stage 2,71,40
-7131_4127,Stage 3,126,74
-7131_4128,Stage 1,29,24
-7131_4128,Stage 2,56,46
-7131_4128,Stage 3,126,66
-7131_4129,Stage 1,34,23
-7131_4129,Stage 2,39,33
-7131_4129,Stage 3,111,65
-7131_4130,Stage 1,53,47
-7131_4130,Stage 2,52,47
-7131_4130,Stage 3,122,75
-7131_4131,Stage 1,215,108
-7131_4131,Stage 2,184,110
-7131_4131,Stage 3,214,128
-7131_4132,Stage 1,136,87
-7131_4132,Stage 2,118,89
-7131_4132,Stage 3,621,119
-7131_4133,Stage 1,492,97
-7131_4133,Stage 2,639,92
-7131_4133,Stage 3,2068,117
-7131_4134,Stage 1,933,102
-7131_4134,Stage 2,541,84
-7131_4134,Stage 3,2403,143
-7131_4135,Stage 1,181,96
-7131_4135,Stage 2,258,69
-7131_4135,Stage 3,994,136
-7131_4136,Stage 1,89,75
-7131_4136,Stage 2,87,68
-7131_4136,Stage 3,252,135
-7131_4137,Stage 1,84,63
-7131_4137,Stage 2,79,66
-7131_4137,Stage 3,231,116
-7131_4138,Stage 1,142,100
-7131_4138,Stage 2,210,130
-7131_4138,Stage 3,361,175
-7131_4139,Stage 1,36,30
-7131_4139,Stage 2,46,37
-7131_4139,Stage 3,62,54
-7132_4087,Stage 1,9,9
-7132_4087,Stage 2,10,9
-7132_4087,Stage 3,20,18
-7132_4088,Stage 1,8,8
-7132_4088,Stage 2,19,17
-7132_4088,Stage 3,20,16
-7132_4089,Stage 1,10,8
-7132_4089,Stage 2,14,11
-7132_4089,Stage 3,33,29
-7132_4090,Stage 1,20,13
-7132_4090,Stage 2,16,14
-7132_4090,Stage 3,69,39
-7132_4091,Stage 1,23,14
-7132_4091,Stage 2,35,20
-7132_4091,Stage 3,130,37
-7132_4092,Stage 1,31,15
-7132_4092,Stage 2,25,18
-7132_4092,Stage 3,88,45
-7132_4093,Stage 1,6,6
-7132_4093,Stage 2,14,11
-7132_4093,Stage 3,44,31
-7132_4094,Stage 1,16,10
-7132_4094,Stage 2,22,19
-7132_4094,Stage 3,64,47
-7132_4095,Stage 1,11,9
-7132_4095,Stage 2,20,15
-7132_4095,Stage 3,72,47
-7132_4096,Stage 1,14,14
-7132_4096,Stage 2,19,18
-7132_4096,Stage 3,81,48
-7132_4097,Stage 1,13,12
-7132_4097,Stage 2,14,13
-7132_4097,Stage 3,60,41
-7132_4098,Stage 1,13,12
-7132_4098,Stage 2,21,20
-7132_4098,Stage 3,64,45
-7132_4099,Stage 1,11,11
-7132_4099,Stage 2,17,15
-7132_4099,Stage 3,85,51
-7132_4100,Stage 1,7,7
-7132_4100,Stage 2,24,19
-7132_4100,Stage 3,72,39
-7132_4101,Stage 1,12,11
-7132_4101,Stage 2,27,24
-7132_4101,Stage 3,85,43
-7132_4102,Stage 1,18,18
-7132_4102,Stage 2,44,20
-7132_4102,Stage 3,63,40
-7132_4103,Stage 1,8,7
-7132_4103,Stage 2,69,19
-7132_4103,Stage 3,85,44
-7132_4104,Stage 1,8,7
-7132_4104,Stage 2,34,26
-7132_4104,Stage 3,102,48
-7132_4105,Stage 1,15,15
-7132_4105,Stage 2,25,25
-7132_4105,Stage 3,56,34
-7132_4106,Stage 1,21,19
-7132_4106,Stage 2,20,19
-7132_4106,Stage 3,42,32
-7132_4107,Stage 1,15,14
-7132_4107,Stage 2,16,16
-7132_4107,Stage 3,55,40
-7132_4108,Stage 1,14,14
-7132_4108,Stage 2,28,22
-7132_4108,Stage 3,77,38
-7132_4109,Stage 1,17,15
-7132_4109,Stage 2,20,20
-7132_4109,Stage 3,72,50
-7132_4110,Stage 1,10,10
-7132_4110,Stage 2,25,24
-7132_4110,Stage 3,36,33
-7132_4111,Stage 1,13,13
-7132_4111,Stage 2,45,35
-7132_4111,Stage 3,66,49
-7132_4112,Stage 1,27,25
-7132_4112,Stage 2,61,38
-7132_4112,Stage 3,99,51
-7132_4113,Stage 1,33,26
-7132_4113,Stage 2,66,41
-7132_4113,Stage 3,155,75
-7132_4114,Stage 1,22,21
-7132_4114,Stage 2,78,56
-7132_4114,Stage 3,116,68
-7132_4115,Stage 1,36,33
-7132_4115,Stage 2,69,50
-7132_4115,Stage 3,76,59
-7132_4116,Stage 1,37,30
-7132_4116,Stage 2,58,43
-7132_4116,Stage 3,96,73
-7132_4117,Stage 1,22,21
-7132_4117,Stage 2,28,25
-7132_4117,Stage 3,63,52
-7132_4118,Stage 1,11,11
-7132_4118,Stage 2,23,20
-7132_4118,Stage 3,56,48
-7132_4119,Stage 1,40,36
-7132_4119,Stage 2,41,35
-7132_4119,Stage 3,61,52
-7132_4120,Stage 1,39,31
-7132_4120,Stage 2,42,33
-7132_4120,Stage 3,87,76
-7132_4121,Stage 1,27,24
-7132_4121,Stage 2,52,41
-7132_4121,Stage 3,60,54
-7132_4122,Stage 1,23,23
-7132_4122,Stage 2,36,30
-7132_4122,Stage 3,60,53
-7132_4123,Stage 1,15,15
-7132_4123,Stage 2,49,46
-7132_4123,Stage 3,82,62
-7132_4124,Stage 1,17,17
-7132_4124,Stage 2,47,37
-7132_4124,Stage 3,57,49
-7132_4125,Stage 1,26,25
-7132_4125,Stage 2,41,34
-7132_4125,Stage 3,79,63
-7132_4126,Stage 1,33,30
-7132_4126,Stage 2,82,50
-7132_4126,Stage 3,118,86
-7132_4127,Stage 1,34,30
-7132_4127,Stage 2,55,34
-7132_4127,Stage 3,117,78
-7132_4128,Stage 1,31,26
-7132_4128,Stage 2,36,31
-7132_4128,Stage 3,65,42
-7132_4129,Stage 1,24,22
-7132_4129,Stage 2,39,34
-7132_4129,Stage 3,105,72
-7132_4130,Stage 1,67,64
-7132_4130,Stage 2,54,53
-7132_4130,Stage 3,131,91
-7132_4131,Stage 1,188,106
-7132_4131,Stage 2,143,92
-7132_4131,Stage 3,260,139
-7132_4132,Stage 1,321,75
-7132_4132,Stage 2,414,115
-7132_4132,Stage 3,1060,135
-7132_4133,Stage 1,1164,126
-7132_4133,Stage 2,1066,139
-7132_4133,Stage 3,2542,172
-7132_4134,Stage 1,839,123
-7132_4134,Stage 2,634,132
-7132_4134,Stage 3,2400,150
-7132_4135,Stage 1,140,96
-7132_4135,Stage 2,88,62
-7132_4135,Stage 3,834,132
-7132_4136,Stage 1,92,77
-7132_4136,Stage 2,94,86
-7132_4136,Stage 3,208,118
-7132_4137,Stage 1,111,92
-7132_4137,Stage 2,98,77
-7132_4137,Stage 3,260,161
-7132_4138,Stage 1,163,109
-7132_4138,Stage 2,136,89
-7132_4138,Stage 3,429,192
-7132_4139,Stage 1,13,10
-7132_4139,Stage 2,24,15
-7132_4139,Stage 3,21,19
-7133_4087,Stage 1,4,4
-7133_4087,Stage 2,8,8
-7133_4087,Stage 3,8,8
-7133_4088,Stage 1,16,14
-7133_4088,Stage 2,20,19
-7133_4088,Stage 3,24,22
-7133_4089,Stage 1,11,11
-7133_4089,Stage 2,23,20
-7133_4089,Stage 3,38,31
-7133_4090,Stage 1,28,16
-7133_4090,Stage 2,20,14
-7133_4090,Stage 3,79,36
-7133_4091,Stage 1,18,13
-7133_4091,Stage 2,26,14
-7133_4091,Stage 3,118,41
-7133_4092,Stage 1,14,12
-7133_4092,Stage 2,28,18
-7133_4092,Stage 3,72,34
-7133_4093,Stage 1,16,14
-7133_4093,Stage 2,17,17
-7133_4093,Stage 3,55,41
-7133_4094,Stage 1,12,10
-7133_4094,Stage 2,12,12
-7133_4094,Stage 3,37,31
-7133_4095,Stage 1,13,11
-7133_4095,Stage 2,29,18
-7133_4095,Stage 3,51,38
-7133_4096,Stage 1,20,17
-7133_4096,Stage 2,17,17
-7133_4096,Stage 3,63,49
-7133_4097,Stage 1,17,16
-7133_4097,Stage 2,16,16
-7133_4097,Stage 3,61,48
-7133_4098,Stage 1,8,8
-7133_4098,Stage 2,15,15
-7133_4098,Stage 3,74,50
-7133_4099,Stage 1,14,13
-7133_4099,Stage 2,21,21
-7133_4099,Stage 3,49,36
-7133_4100,Stage 1,18,18
-7133_4100,Stage 2,30,28
-7133_4100,Stage 3,77,49
-7133_4101,Stage 1,12,11
-7133_4101,Stage 2,24,21
-7133_4101,Stage 3,77,52
-7133_4102,Stage 1,32,11
-7133_4102,Stage 2,41,30
-7133_4102,Stage 3,86,45
-7133_4103,Stage 1,19,13
-7133_4103,Stage 2,29,16
-7133_4103,Stage 3,78,48
-7133_4104,Stage 1,10,10
-7133_4104,Stage 2,19,19
-7133_4104,Stage 3,57,39
-7133_4105,Stage 1,18,18
-7133_4105,Stage 2,29,25
-7133_4105,Stage 3,53,39
-7133_4106,Stage 1,20,18
-7133_4106,Stage 2,20,20
-7133_4106,Stage 3,47,34
-7133_4107,Stage 1,13,13
-7133_4107,Stage 2,20,20
-7133_4107,Stage 3,55,44
-7133_4108,Stage 1,22,21
-7133_4108,Stage 2,16,13
-7133_4108,Stage 3,46,38
-7133_4109,Stage 1,24,23
-7133_4109,Stage 2,26,26
-7133_4109,Stage 3,59,39
-7133_4110,Stage 1,29,29
-7133_4110,Stage 2,32,31
-7133_4110,Stage 3,55,45
-7133_4111,Stage 1,31,29
-7133_4111,Stage 2,42,34
-7133_4111,Stage 3,49,40
-7133_4112,Stage 1,32,28
-7133_4112,Stage 2,106,52
-7133_4112,Stage 3,129,62
-7133_4113,Stage 1,30,28
-7133_4113,Stage 2,77,56
-7133_4113,Stage 3,79,60
-7133_4114,Stage 1,36,34
-7133_4114,Stage 2,49,42
-7133_4114,Stage 3,73,64
-7133_4115,Stage 1,32,27
-7133_4115,Stage 2,59,49
-7133_4115,Stage 3,69,53
-7133_4116,Stage 1,28,25
-7133_4116,Stage 2,46,37
-7133_4116,Stage 3,89,66
-7133_4117,Stage 1,18,18
-7133_4117,Stage 2,27,24
-7133_4117,Stage 3,61,52
-7133_4118,Stage 1,31,30
-7133_4118,Stage 2,49,42
-7133_4118,Stage 3,72,63
-7133_4119,Stage 1,39,31
-7133_4119,Stage 2,41,38
-7133_4119,Stage 3,65,56
-7133_4120,Stage 1,24,19
-7133_4120,Stage 2,30,28
-7133_4120,Stage 3,69,55
-7133_4121,Stage 1,20,20
-7133_4121,Stage 2,44,39
-7133_4121,Stage 3,69,52
-7133_4122,Stage 1,19,19
-7133_4122,Stage 2,39,34
-7133_4122,Stage 3,65,58
-7133_4123,Stage 1,28,21
-7133_4123,Stage 2,51,45
-7133_4123,Stage 3,79,66
-7133_4124,Stage 1,25,24
-7133_4124,Stage 2,49,36
-7133_4124,Stage 3,71,56
-7133_4125,Stage 1,30,26
-7133_4125,Stage 2,76,46
-7133_4125,Stage 3,97,60
-7133_4126,Stage 1,31,30
-7133_4126,Stage 2,76,43
-7133_4126,Stage 3,84,60
-7133_4127,Stage 1,20,20
-7133_4127,Stage 2,35,33
-7133_4127,Stage 3,89,51
-7133_4128,Stage 1,26,25
-7133_4128,Stage 2,40,37
-7133_4128,Stage 3,79,58
-7133_4129,Stage 1,29,29
-7133_4129,Stage 2,27,27
-7133_4129,Stage 3,96,66
-7133_4130,Stage 1,113,82
-7133_4130,Stage 2,116,89
-7133_4130,Stage 3,201,111
-7133_4131,Stage 1,152,112
-7133_4131,Stage 2,135,85
-7133_4131,Stage 3,547,172
-7133_4132,Stage 1,1176,86
-7133_4132,Stage 2,1467,111
-7133_4132,Stage 3,3795,169
-7133_4133,Stage 1,1287,151
-7133_4133,Stage 2,1094,161
-7133_4133,Stage 3,2619,192
-7133_4134,Stage 1,786,130
-7133_4134,Stage 2,1008,170
-7133_4134,Stage 3,2239,216
-7133_4135,Stage 1,103,82
-7133_4135,Stage 2,180,115
-7133_4135,Stage 3,333,143
-7133_4136,Stage 1,127,92
-7133_4136,Stage 2,87,80
-7133_4136,Stage 3,232,148
-7133_4137,Stage 1,118,92
-7133_4137,Stage 2,118,91
-7133_4137,Stage 3,262,151
-7133_4138,Stage 1,139,90
-7133_4138,Stage 2,139,84
-7133_4138,Stage 3,347,155
-7134_4087,Stage 1,2,2
-7134_4087,Stage 2,1,1
-7134_4087,Stage 3,2,2
-7134_4088,Stage 1,11,10
-7134_4088,Stage 2,16,14
-7134_4088,Stage 3,36,28
-7134_4089,Stage 1,11,10
-7134_4089,Stage 2,17,14
-7134_4089,Stage 3,54,30
-7134_4090,Stage 1,14,8
-7134_4090,Stage 2,36,23
-7134_4090,Stage 3,128,33
-7134_4091,Stage 1,19,16
-7134_4091,Stage 2,24,17
-7134_4091,Stage 3,105,42
-7134_4092,Stage 1,12,11
-7134_4092,Stage 2,26,17
-7134_4092,Stage 3,51,32
-7134_4093,Stage 1,19,15
-7134_4093,Stage 2,21,17
-7134_4093,Stage 3,51,37
-7134_4094,Stage 1,17,13
-7134_4094,Stage 2,21,19
-7134_4094,Stage 3,42,34
-7134_4095,Stage 1,22,20
-7134_4095,Stage 2,23,17
-7134_4095,Stage 3,65,43
-7134_4096,Stage 1,22,20
-7134_4096,Stage 2,23,23
-7134_4096,Stage 3,73,54
-7134_4097,Stage 1,15,14
-7134_4097,Stage 2,16,16
-7134_4097,Stage 3,89,67
-7134_4098,Stage 1,19,19
-7134_4098,Stage 2,47,21
-7134_4098,Stage 3,84,58
-7134_4099,Stage 1,19,17
-7134_4099,Stage 2,21,19
-7134_4099,Stage 3,89,62
-7134_4100,Stage 1,25,25
-7134_4100,Stage 2,25,23
-7134_4100,Stage 3,71,53
-7134_4101,Stage 1,18,18
-7134_4101,Stage 2,28,22
-7134_4101,Stage 3,82,54
-7134_4102,Stage 1,17,15
-7134_4102,Stage 2,36,36
-7134_4102,Stage 3,76,48
-7134_4103,Stage 1,18,15
-7134_4103,Stage 2,58,35
-7134_4103,Stage 3,89,51
-7134_4104,Stage 1,23,21
-7134_4104,Stage 2,24,20
-7134_4104,Stage 3,52,43
-7134_4105,Stage 1,19,19
-7134_4105,Stage 2,29,27
-7134_4105,Stage 3,51,36
-7134_4106,Stage 1,24,23
-7134_4106,Stage 2,38,34
-7134_4106,Stage 3,58,46
-7134_4107,Stage 1,21,20
-7134_4107,Stage 2,26,24
-7134_4107,Stage 3,50,44
-7134_4108,Stage 1,32,28
-7134_4108,Stage 2,27,26
-7134_4108,Stage 3,49,45
-7134_4109,Stage 1,24,24
-7134_4109,Stage 2,25,24
-7134_4109,Stage 3,51,45
-7134_4110,Stage 1,32,29
-7134_4110,Stage 2,44,41
-7134_4110,Stage 3,57,48
-7134_4111,Stage 1,32,25
-7134_4111,Stage 2,130,61
-7134_4111,Stage 3,125,69
-7134_4112,Stage 1,37,30
-7134_4112,Stage 2,82,61
-7134_4112,Stage 3,58,52
-7134_4113,Stage 1,39,37
-7134_4113,Stage 2,55,54
-7134_4113,Stage 3,65,59
-7134_4114,Stage 1,50,44
-7134_4114,Stage 2,74,67
-7134_4114,Stage 3,89,77
-7134_4115,Stage 1,50,45
-7134_4115,Stage 2,68,57
-7134_4115,Stage 3,91,74
-7134_4116,Stage 1,40,39
-7134_4116,Stage 2,72,60
-7134_4116,Stage 3,89,67
-7134_4117,Stage 1,35,31
-7134_4117,Stage 2,55,43
-7134_4117,Stage 3,98,74
-7134_4118,Stage 1,45,41
-7134_4118,Stage 2,68,52
-7134_4118,Stage 3,96,70
-7134_4119,Stage 1,23,23
-7134_4119,Stage 2,41,32
-7134_4119,Stage 3,74,70
-7134_4120,Stage 1,24,23
-7134_4120,Stage 2,38,30
-7134_4120,Stage 3,72,47
-7134_4121,Stage 1,19,19
-7134_4121,Stage 2,36,33
-7134_4121,Stage 3,80,66
-7134_4122,Stage 1,25,23
-7134_4122,Stage 2,44,38
-7134_4122,Stage 3,74,60
-7134_4123,Stage 1,27,27
-7134_4123,Stage 2,51,40
-7134_4123,Stage 3,74,62
-7134_4124,Stage 1,27,24
-7134_4124,Stage 2,50,34
-7134_4124,Stage 3,79,66
-7134_4125,Stage 1,31,30
-7134_4125,Stage 2,68,36
-7134_4125,Stage 3,72,52
-7134_4126,Stage 1,23,22
-7134_4126,Stage 2,56,45
-7134_4126,Stage 3,69,55
-7134_4127,Stage 1,21,21
-7134_4127,Stage 2,53,39
-7134_4127,Stage 3,71,55
-7134_4128,Stage 1,28,26
-7134_4128,Stage 2,39,34
-7134_4128,Stage 3,83,63
-7134_4129,Stage 1,42,38
-7134_4129,Stage 2,33,31
-7134_4129,Stage 3,98,74
-7134_4130,Stage 1,188,116
-7134_4130,Stage 2,155,95
-7134_4130,Stage 3,222,147
-7134_4131,Stage 1,91,75
-7134_4131,Stage 2,95,71
-7134_4131,Stage 3,542,128
-7134_4132,Stage 1,249,92
-7134_4132,Stage 2,327,83
-7134_4132,Stage 3,962,161
-7134_4133,Stage 1,151,83
-7134_4133,Stage 2,221,76
-7134_4133,Stage 3,675,162
-7134_4134,Stage 1,272,92
-7134_4134,Stage 2,264,93
-7134_4134,Stage 3,1044,167
-7134_4135,Stage 1,99,87
-7134_4135,Stage 2,80,75
-7134_4135,Stage 3,315,156
-7134_4136,Stage 1,74,63
-7134_4136,Stage 2,118,101
-7134_4136,Stage 3,184,123
-7134_4137,Stage 1,110,82
-7134_4137,Stage 2,133,110
-7134_4137,Stage 3,267,144
-7134_4138,Stage 1,111,85
-7134_4138,Stage 2,96,71
-7134_4138,Stage 3,193,114
-7135_4088,Stage 1,16,12
-7135_4088,Stage 2,17,17
-7135_4088,Stage 3,19,18
-7135_4089,Stage 1,23,19
-7135_4089,Stage 2,19,18
-7135_4089,Stage 3,81,41
-7135_4090,Stage 1,21,17
-7135_4090,Stage 2,35,23
-7135_4090,Stage 3,164,49
-7135_4091,Stage 1,24,18
-7135_4091,Stage 2,18,14
-7135_4091,Stage 3,91,38
-7135_4092,Stage 1,17,16
-7135_4092,Stage 2,16,15
-7135_4092,Stage 3,54,33
-7135_4093,Stage 1,25,22
-7135_4093,Stage 2,34,33
-7135_4093,Stage 3,36,32
-7135_4094,Stage 1,15,13
-7135_4094,Stage 2,25,25
-7135_4094,Stage 3,52,48
-7135_4095,Stage 1,20,14
-7135_4095,Stage 2,41,26
-7135_4095,Stage 3,56,42
-7135_4096,Stage 1,14,13
-7135_4096,Stage 2,29,27
-7135_4096,Stage 3,62,53
-7135_4097,Stage 1,16,16
-7135_4097,Stage 2,31,29
-7135_4097,Stage 3,78,58
-7135_4098,Stage 1,81,27
-7135_4098,Stage 2,39,32
-7135_4098,Stage 3,83,70
-7135_4099,Stage 1,25,23
-7135_4099,Stage 2,23,22
-7135_4099,Stage 3,73,63
-7135_4100,Stage 1,31,30
-7135_4100,Stage 2,29,27
-7135_4100,Stage 3,76,61
-7135_4101,Stage 1,25,22
-7135_4101,Stage 2,36,33
-7135_4101,Stage 3,72,57
-7135_4102,Stage 1,24,24
-7135_4102,Stage 2,47,45
-7135_4102,Stage 3,86,69
-7135_4103,Stage 1,33,30
-7135_4103,Stage 2,49,42
-7135_4103,Stage 3,89,74
-7135_4104,Stage 1,36,33
-7135_4104,Stage 2,33,33
-7135_4104,Stage 3,74,58
-7135_4105,Stage 1,38,36
-7135_4105,Stage 2,41,40
-7135_4105,Stage 3,69,54
-7135_4106,Stage 1,44,41
-7135_4106,Stage 2,47,46
-7135_4106,Stage 3,85,74
-7135_4107,Stage 1,47,42
-7135_4107,Stage 2,60,55
-7135_4107,Stage 3,58,54
-7135_4108,Stage 1,47,44
-7135_4108,Stage 2,46,44
-7135_4108,Stage 3,58,52
-7135_4109,Stage 1,36,36
-7135_4109,Stage 2,61,56
-7135_4109,Stage 3,79,74
-7135_4110,Stage 1,59,49
-7135_4110,Stage 2,108,78
-7135_4110,Stage 3,140,86
-7135_4111,Stage 1,62,55
-7135_4111,Stage 2,78,68
-7135_4111,Stage 3,124,97
-7135_4112,Stage 1,59,57
-7135_4112,Stage 2,95,85
-7135_4112,Stage 3,100,86
-7135_4113,Stage 1,74,68
-7135_4113,Stage 2,107,79
-7135_4113,Stage 3,105,87
-7135_4114,Stage 1,101,72
-7135_4114,Stage 2,142,94
-7135_4114,Stage 3,136,107
-7135_4115,Stage 1,61,57
-7135_4115,Stage 2,104,96
-7135_4115,Stage 3,101,86
-7135_4116,Stage 1,61,58
-7135_4116,Stage 2,98,88
-7135_4116,Stage 3,122,111
-7135_4117,Stage 1,100,88
-7135_4117,Stage 2,105,90
-7135_4117,Stage 3,138,108
-7135_4118,Stage 1,94,84
-7135_4118,Stage 2,104,95
-7135_4118,Stage 3,141,110
-7135_4119,Stage 1,95,79
-7135_4119,Stage 2,112,106
-7135_4119,Stage 3,136,117
-7135_4120,Stage 1,94,83
-7135_4120,Stage 2,95,80
-7135_4120,Stage 3,115,100
-7135_4121,Stage 1,68,65
-7135_4121,Stage 2,110,100
-7135_4121,Stage 3,128,108
-7135_4122,Stage 1,75,69
-7135_4122,Stage 2,108,96
-7135_4122,Stage 3,115,95
-7135_4123,Stage 1,82,73
-7135_4123,Stage 2,111,94
-7135_4123,Stage 3,137,116
-7135_4124,Stage 1,81,71
-7135_4124,Stage 2,150,115
-7135_4124,Stage 3,118,109
-7135_4125,Stage 1,109,94
-7135_4125,Stage 2,151,117
-7135_4125,Stage 3,145,120
-7135_4126,Stage 1,104,95
-7135_4126,Stage 2,99,89
-7135_4126,Stage 3,155,123
-7135_4127,Stage 1,92,80
-7135_4127,Stage 2,118,91
-7135_4127,Stage 3,148,105
-7135_4128,Stage 1,114,102
-7135_4128,Stage 2,92,80
-7135_4128,Stage 3,149,118
-7135_4129,Stage 1,105,93
-7135_4129,Stage 2,117,102
-7135_4129,Stage 3,182,149
-7135_4130,Stage 1,252,161
-7135_4130,Stage 2,190,142
-7135_4130,Stage 3,246,188
-7135_4131,Stage 1,129,118
-7135_4131,Stage 2,152,131
-7135_4131,Stage 3,222,183
-7135_4132,Stage 1,130,110
-7135_4132,Stage 2,122,105
-7135_4132,Stage 3,172,144
-7135_4133,Stage 1,159,131
-7135_4133,Stage 2,135,117
-7135_4133,Stage 3,216,166
-7135_4134,Stage 1,160,135
-7135_4134,Stage 2,123,113
-7135_4134,Stage 3,210,169
-7135_4135,Stage 1,173,128
-7135_4135,Stage 2,141,121
-7135_4135,Stage 3,242,166
-7135_4136,Stage 1,168,137
-7135_4136,Stage 2,142,126
-7135_4136,Stage 3,245,171
-7135_4137,Stage 1,207,141
-7135_4137,Stage 2,213,169
-7135_4137,Stage 3,261,185
-7135_4138,Stage 1,65,47
-7135_4138,Stage 2,62,54
-7135_4138,Stage 3,95,79
-7136_4088,Stage 1,2,1
-7136_4088,Stage 2,0,0
-7136_4088,Stage 3,5,4
-7136_4089,Stage 1,21,15
-7136_4089,Stage 2,33,26
-7136_4089,Stage 3,116,33
-7136_4090,Stage 1,23,18
-7136_4090,Stage 2,40,30
-7136_4090,Stage 3,133,40
-7136_4091,Stage 1,16,11
-7136_4091,Stage 2,17,14
-7136_4091,Stage 3,87,41
-7136_4092,Stage 1,18,13
-7136_4092,Stage 2,24,20
-7136_4092,Stage 3,48,40
-7136_4093,Stage 1,17,14
-7136_4093,Stage 2,21,21
-7136_4093,Stage 3,55,49
-7136_4094,Stage 1,27,26
-7136_4094,Stage 2,35,27
-7136_4094,Stage 3,39,34
-7136_4095,Stage 1,24,21
-7136_4095,Stage 2,40,34
-7136_4095,Stage 3,67,48
-7136_4096,Stage 1,17,16
-7136_4096,Stage 2,39,39
-7136_4096,Stage 3,54,43
-7136_4097,Stage 1,24,17
-7136_4097,Stage 2,30,29
-7136_4097,Stage 3,61,57
-7136_4098,Stage 1,26,23
-7136_4098,Stage 2,34,32
-7136_4098,Stage 3,61,52
-7136_4099,Stage 1,30,28
-7136_4099,Stage 2,30,30
-7136_4099,Stage 3,71,54
-7136_4100,Stage 1,26,25
-7136_4100,Stage 2,28,26
-7136_4100,Stage 3,65,54
-7136_4101,Stage 1,25,24
-7136_4101,Stage 2,39,38
-7136_4101,Stage 3,79,68
-7136_4102,Stage 1,31,31
-7136_4102,Stage 2,42,38
-7136_4102,Stage 3,89,60
-7136_4103,Stage 1,27,25
-7136_4103,Stage 2,49,40
-7136_4103,Stage 3,82,59
-7136_4104,Stage 1,32,31
-7136_4104,Stage 2,45,41
-7136_4104,Stage 3,71,62
-7136_4105,Stage 1,39,37
-7136_4105,Stage 2,35,33
-7136_4105,Stage 3,74,57
-7136_4106,Stage 1,45,44
-7136_4106,Stage 2,63,57
-7136_4106,Stage 3,88,74
-7136_4107,Stage 1,42,37
-7136_4107,Stage 2,54,49
-7136_4107,Stage 3,90,77
-7136_4108,Stage 1,40,38
-7136_4108,Stage 2,68,54
-7136_4108,Stage 3,74,71
-7136_4109,Stage 1,58,56
-7136_4109,Stage 2,69,55
-7136_4109,Stage 3,127,85
-7136_4110,Stage 1,59,55
-7136_4110,Stage 2,67,58
-7136_4110,Stage 3,121,83
-7136_4111,Stage 1,48,45
-7136_4111,Stage 2,70,64
-7136_4111,Stage 3,102,97
-7136_4112,Stage 1,61,57
-7136_4112,Stage 2,94,85
-7136_4112,Stage 3,101,88
-7136_4113,Stage 1,66,53
-7136_4113,Stage 2,91,83
-7136_4113,Stage 3,123,108
-7136_4114,Stage 1,90,72
-7136_4114,Stage 2,96,83
-7136_4114,Stage 3,126,102
-7136_4115,Stage 1,71,57
-7136_4115,Stage 2,78,70
-7136_4115,Stage 3,131,107
-7136_4116,Stage 1,75,63
-7136_4116,Stage 2,99,80
-7136_4116,Stage 3,128,103
-7136_4117,Stage 1,87,78
-7136_4117,Stage 2,89,80
-7136_4117,Stage 3,132,118
-7136_4118,Stage 1,83,74
-7136_4118,Stage 2,106,101
-7136_4118,Stage 3,160,130
-7136_4119,Stage 1,106,88
-7136_4119,Stage 2,105,95
-7136_4119,Stage 3,158,132
-7136_4120,Stage 1,95,85
-7136_4120,Stage 2,122,102
-7136_4120,Stage 3,186,144
-7136_4121,Stage 1,81,72
-7136_4121,Stage 2,134,107
-7136_4121,Stage 3,135,114
-7136_4122,Stage 1,110,93
-7136_4122,Stage 2,135,117
-7136_4122,Stage 3,139,124
-7136_4123,Stage 1,97,86
-7136_4123,Stage 2,128,105
-7136_4123,Stage 3,196,166
-7136_4124,Stage 1,108,92
-7136_4124,Stage 2,167,129
-7136_4124,Stage 3,155,126
-7136_4125,Stage 1,127,111
-7136_4125,Stage 2,119,93
-7136_4125,Stage 3,130,114
-7136_4126,Stage 1,94,82
-7136_4126,Stage 2,105,93
-7136_4126,Stage 3,134,103
-7136_4127,Stage 1,104,91
-7136_4127,Stage 2,109,73
-7136_4127,Stage 3,152,125
-7136_4128,Stage 1,120,101
-7136_4128,Stage 2,112,97
-7136_4128,Stage 3,178,131
-7136_4129,Stage 1,119,98
-7136_4129,Stage 2,122,102
-7136_4129,Stage 3,158,137
-7136_4130,Stage 1,258,170
-7136_4130,Stage 2,184,127
-7136_4130,Stage 3,305,196
-7136_4131,Stage 1,155,123
-7136_4131,Stage 2,134,117
-7136_4131,Stage 3,222,185
-7136_4132,Stage 1,150,137
-7136_4132,Stage 2,147,120
-7136_4132,Stage 3,195,174
-7136_4133,Stage 1,181,154
-7136_4133,Stage 2,137,119
-7136_4133,Stage 3,254,201
-7136_4134,Stage 1,186,151
-7136_4134,Stage 2,128,116
-7136_4134,Stage 3,189,159
-7136_4135,Stage 1,151,121
-7136_4135,Stage 2,117,101
-7136_4135,Stage 3,206,180
-7136_4136,Stage 1,193,150
-7136_4136,Stage 2,146,124
-7136_4136,Stage 3,249,179
-7136_4137,Stage 1,228,154
-7136_4137,Stage 2,166,133
-7136_4137,Stage 3,235,155
-7136_4138,Stage 1,0,0
-7136_4138,Stage 2,2,2
-7136_4138,Stage 3,2,2
-7137_4089,Stage 1,7,6
-7137_4089,Stage 2,5,4
-7137_4089,Stage 3,58,16
-7137_4090,Stage 1,8,7
-7137_4090,Stage 2,15,12
-7137_4090,Stage 3,74,23
-7137_4091,Stage 1,18,14
-7137_4091,Stage 2,10,10
-7137_4091,Stage 3,39,28
-7137_4092,Stage 1,17,15
-7137_4092,Stage 2,17,15
-7137_4092,Stage 3,20,19
-7137_4093,Stage 1,5,5
-7137_4093,Stage 2,11,10
-7137_4093,Stage 3,35,34
-7137_4094,Stage 1,20,17
-7137_4094,Stage 2,33,23
-7137_4094,Stage 3,30,24
-7137_4095,Stage 1,27,20
-7137_4095,Stage 2,28,22
-7137_4095,Stage 3,45,39
-7137_4096,Stage 1,26,23
-7137_4096,Stage 2,23,22
-7137_4096,Stage 3,55,43
-7137_4097,Stage 1,16,16
-7137_4097,Stage 2,24,23
-7137_4097,Stage 3,82,66
-7137_4098,Stage 1,10,10
-7137_4098,Stage 2,18,18
-7137_4098,Stage 3,58,49
-7137_4099,Stage 1,16,14
-7137_4099,Stage 2,23,15
-7137_4099,Stage 3,51,48
-7137_4100,Stage 1,12,12
-7137_4100,Stage 2,26,24
-7137_4100,Stage 3,52,46
-7137_4101,Stage 1,14,14
-7137_4101,Stage 2,22,20
-7137_4101,Stage 3,53,47
-7137_4102,Stage 1,12,12
-7137_4102,Stage 2,37,34
-7137_4102,Stage 3,72,56
-7137_4103,Stage 1,28,21
-7137_4103,Stage 2,49,32
-7137_4103,Stage 3,66,45
-7137_4104,Stage 1,16,16
-7137_4104,Stage 2,38,33
-7137_4104,Stage 3,63,44
-7137_4105,Stage 1,17,17
-7137_4105,Stage 2,31,28
-7137_4105,Stage 3,56,44
-7137_4106,Stage 1,18,17
-7137_4106,Stage 2,31,30
-7137_4106,Stage 3,52,42
-7137_4107,Stage 1,15,15
-7137_4107,Stage 2,55,50
-7137_4107,Stage 3,56,53
-7137_4108,Stage 1,30,30
-7137_4108,Stage 2,96,56
-7137_4108,Stage 3,104,63
-7137_4109,Stage 1,31,28
-7137_4109,Stage 2,73,46
-7137_4109,Stage 3,81,54
-7137_4110,Stage 1,33,31
-7137_4110,Stage 2,44,44
-7137_4110,Stage 3,48,44
-7137_4111,Stage 1,33,29
-7137_4111,Stage 2,46,44
-7137_4111,Stage 3,48,46
-7137_4112,Stage 1,32,32
-7137_4112,Stage 2,57,52
-7137_4112,Stage 3,67,52
-7137_4113,Stage 1,36,32
-7137_4113,Stage 2,54,44
-7137_4113,Stage 3,75,64
-7137_4114,Stage 1,43,38
-7137_4114,Stage 2,64,59
-7137_4114,Stage 3,76,63
-7137_4115,Stage 1,47,38
-7137_4115,Stage 2,51,44
-7137_4115,Stage 3,99,66
-7137_4116,Stage 1,44,39
-7137_4116,Stage 2,52,47
-7137_4116,Stage 3,72,59
-7137_4117,Stage 1,40,34
-7137_4117,Stage 2,34,28
-7137_4117,Stage 3,57,53
-7137_4118,Stage 1,43,36
-7137_4118,Stage 2,34,32
-7137_4118,Stage 3,63,47
-7137_4119,Stage 1,13,13
-7137_4119,Stage 2,23,21
-7137_4119,Stage 3,27,25
-7137_4120,Stage 1,3,3
-7137_4120,Stage 2,1,1
-7137_4120,Stage 3,5,5
-7137_4121,Stage 1,11,10
-7137_4121,Stage 2,24,19
-7137_4121,Stage 3,41,34
-7137_4122,Stage 1,25,22
-7137_4122,Stage 2,61,39
-7137_4122,Stage 3,51,46
-7137_4123,Stage 1,20,19
-7137_4123,Stage 2,61,46
-7137_4123,Stage 3,78,52
-7137_4124,Stage 1,20,16
-7137_4124,Stage 2,131,54
-7137_4124,Stage 3,83,50
-7137_4125,Stage 1,26,23
-7137_4125,Stage 2,40,31
-7137_4125,Stage 3,56,35
-7137_4126,Stage 1,23,19
-7137_4126,Stage 2,39,32
-7137_4126,Stage 3,66,46
-7137_4127,Stage 1,30,26
-7137_4127,Stage 2,71,34
-7137_4127,Stage 3,66,40
-7137_4128,Stage 1,31,31
-7137_4128,Stage 2,38,29
-7137_4128,Stage 3,82,55
-7137_4129,Stage 1,59,49
-7137_4129,Stage 2,67,59
-7137_4129,Stage 3,105,85
-7137_4130,Stage 1,213,112
-7137_4130,Stage 2,154,90
-7137_4130,Stage 3,268,156
-7137_4131,Stage 1,86,71
-7137_4131,Stage 2,69,65
-7137_4131,Stage 3,130,100
-7137_4132,Stage 1,89,80
-7137_4132,Stage 2,86,80
-7137_4132,Stage 3,132,111
-7137_4133,Stage 1,89,75
-7137_4133,Stage 2,111,93
-7137_4133,Stage 3,138,101
-7137_4134,Stage 1,98,79
-7137_4134,Stage 2,80,66
-7137_4134,Stage 3,137,101
-7137_4135,Stage 1,95,73
-7137_4135,Stage 2,63,56
-7137_4135,Stage 3,98,85
-7137_4136,Stage 1,110,97
-7137_4136,Stage 2,95,84
-7137_4136,Stage 3,128,103
-7137_4137,Stage 1,18,18
-7137_4137,Stage 2,15,14
-7137_4137,Stage 3,44,43
-7138_4090,Stage 1,3,3
-7138_4090,Stage 2,4,4
-7138_4090,Stage 3,8,8
-7138_4091,Stage 1,10,9
-7138_4091,Stage 2,17,16
-7138_4091,Stage 3,29,26
-7138_4092,Stage 1,11,9
-7138_4092,Stage 2,18,16
-7138_4092,Stage 3,32,26
-7138_4093,Stage 1,13,11
-7138_4093,Stage 2,21,20
-7138_4093,Stage 3,27,23
-7138_4094,Stage 1,19,13
-7138_4094,Stage 2,25,17
-7138_4094,Stage 3,38,31
-7138_4095,Stage 1,15,14
-7138_4095,Stage 2,21,20
-7138_4095,Stage 3,28,21
-7138_4096,Stage 1,19,18
-7138_4096,Stage 2,20,18
-7138_4096,Stage 3,37,29
-7138_4097,Stage 1,15,11
-7138_4097,Stage 2,20,19
-7138_4097,Stage 3,48,42
-7138_4098,Stage 1,18,17
-7138_4098,Stage 2,30,30
-7138_4098,Stage 3,43,41
-7138_4099,Stage 1,19,18
-7138_4099,Stage 2,24,21
-7138_4099,Stage 3,46,40
-7138_4100,Stage 1,11,10
-7138_4100,Stage 2,28,23
-7138_4100,Stage 3,44,37
-7138_4101,Stage 1,18,16
-7138_4101,Stage 2,33,31
-7138_4101,Stage 3,51,43
-7138_4102,Stage 1,20,18
-7138_4102,Stage 2,42,33
-7138_4102,Stage 3,84,58
-7138_4103,Stage 1,36,24
-7138_4103,Stage 2,49,35
-7138_4103,Stage 3,105,51
-7138_4104,Stage 1,21,20
-7138_4104,Stage 2,74,38
-7138_4104,Stage 3,110,62
-7138_4105,Stage 1,30,29
-7138_4105,Stage 2,136,54
-7138_4105,Stage 3,126,75
-7138_4106,Stage 1,30,26
-7138_4106,Stage 2,94,50
-7138_4106,Stage 3,109,62
-7138_4107,Stage 1,26,25
-7138_4107,Stage 2,132,62
-7138_4107,Stage 3,109,55
-7138_4108,Stage 1,33,26
-7138_4108,Stage 2,91,61
-7138_4108,Stage 3,97,55
-7138_4109,Stage 1,15,14
-7138_4109,Stage 2,25,25
-7138_4109,Stage 3,37,36
-7138_4110,Stage 1,7,7
-7138_4110,Stage 2,7,7
-7138_4110,Stage 3,16,16
-7138_4111,Stage 1,4,4
-7138_4111,Stage 2,9,8
-7138_4111,Stage 3,10,10
-7138_4112,Stage 1,5,5
-7138_4112,Stage 2,13,13
-7138_4112,Stage 3,17,17
-7138_4113,Stage 1,3,3
-7138_4113,Stage 2,14,13
-7138_4113,Stage 3,19,17
-7138_4114,Stage 1,10,10
-7138_4114,Stage 2,19,17
-7138_4114,Stage 3,34,32
-7138_4115,Stage 1,9,9
-7138_4115,Stage 2,23,22
-7138_4115,Stage 3,25,20
-7138_4116,Stage 1,8,8
-7138_4116,Stage 2,21,19
-7138_4116,Stage 3,25,23
-7138_4117,Stage 1,6,6
-7138_4117,Stage 2,13,13
-7138_4117,Stage 3,15,15
-7138_4118,Stage 1,2,2
-7138_4118,Stage 2,1,1
-7138_4118,Stage 3,4,4
-7138_4121,Stage 1,1,1
-7138_4121,Stage 2,1,1
-7138_4121,Stage 3,4,4
-7138_4122,Stage 1,17,17
-7138_4122,Stage 2,38,31
-7138_4122,Stage 3,59,43
-7138_4123,Stage 1,23,20
-7138_4123,Stage 2,171,59
-7138_4123,Stage 3,208,59
-7138_4124,Stage 1,30,13
-7138_4124,Stage 2,280,47
-7138_4124,Stage 3,80,34
-7138_4125,Stage 1,14,12
-7138_4125,Stage 2,73,31
-7138_4125,Stage 3,90,39
-7138_4126,Stage 1,18,15
-7138_4126,Stage 2,62,41
-7138_4126,Stage 3,92,48
-7138_4127,Stage 1,23,20
-7138_4127,Stage 2,72,33
-7138_4127,Stage 3,83,37
-7138_4128,Stage 1,36,34
-7138_4128,Stage 2,74,55
-7138_4128,Stage 3,138,67
-7138_4129,Stage 1,62,53
-7138_4129,Stage 2,66,45
-7138_4129,Stage 3,184,85
-7138_4130,Stage 1,190,115
-7138_4130,Stage 2,201,105
-7138_4130,Stage 3,274,136
-7138_4131,Stage 1,84,79
-7138_4131,Stage 2,137,105
-7138_4131,Stage 3,198,115
-7138_4132,Stage 1,92,77
-7138_4132,Stage 2,158,98
-7138_4132,Stage 3,209,128
-7138_4133,Stage 1,107,100
-7138_4133,Stage 2,134,100
-7138_4133,Stage 3,198,129
-7138_4134,Stage 1,97,76
-7138_4134,Stage 2,82,76
-7138_4134,Stage 3,174,109
-7138_4135,Stage 1,111,89
-7138_4135,Stage 2,82,72
-7138_4135,Stage 3,127,88
-7138_4136,Stage 1,60,52
-7138_4136,Stage 2,68,59
-7138_4136,Stage 3,93,64
-7139_4091,Stage 1,4,4
-7139_4091,Stage 2,0,0
-7139_4091,Stage 3,2,2
-7139_4092,Stage 1,4,4
-7139_4092,Stage 2,15,15
-7139_4092,Stage 3,27,23
-7139_4093,Stage 1,10,9
-7139_4093,Stage 2,12,10
-7139_4093,Stage 3,30,25
-7139_4094,Stage 1,28,23
-7139_4094,Stage 2,25,18
-7139_4094,Stage 3,29,27
-7139_4095,Stage 1,13,12
-7139_4095,Stage 2,27,22
-7139_4095,Stage 3,26,23
-7139_4096,Stage 1,18,16
-7139_4096,Stage 2,21,20
-7139_4096,Stage 3,31,22
-7139_4097,Stage 1,18,14
-7139_4097,Stage 2,23,21
-7139_4097,Stage 3,47,42
-7139_4098,Stage 1,15,14
-7139_4098,Stage 2,28,26
-7139_4098,Stage 3,46,39
-7139_4099,Stage 1,8,7
-7139_4099,Stage 2,27,27
-7139_4099,Stage 3,50,41
-7139_4100,Stage 1,16,15
-7139_4100,Stage 2,28,26
-7139_4100,Stage 3,51,44
-7139_4101,Stage 1,11,11
-7139_4101,Stage 2,28,27
-7139_4101,Stage 3,53,40
-7139_4102,Stage 1,16,16
-7139_4102,Stage 2,36,35
-7139_4102,Stage 3,71,53
-7139_4103,Stage 1,20,18
-7139_4103,Stage 2,53,37
-7139_4103,Stage 3,222,68
-7139_4104,Stage 1,19,18
-7139_4104,Stage 2,51,37
-7139_4104,Stage 3,90,61
-7139_4105,Stage 1,88,17
-7139_4105,Stage 2,274,44
-7139_4105,Stage 3,178,72
-7139_4106,Stage 1,28,23
-7139_4106,Stage 2,59,47
-7139_4106,Stage 3,53,39
-7139_4107,Stage 1,32,29
-7139_4107,Stage 2,54,45
-7139_4107,Stage 3,68,51
-7139_4108,Stage 1,19,18
-7139_4108,Stage 2,33,30
-7139_4108,Stage 3,17,17
-7139_4122,Stage 1,1,1
-7139_4122,Stage 2,7,7
-7139_4122,Stage 3,11,10
-7139_4123,Stage 1,18,15
-7139_4123,Stage 2,76,37
-7139_4123,Stage 3,68,45
-7139_4124,Stage 1,21,19
-7139_4124,Stage 2,109,28
-7139_4124,Stage 3,48,38
-7139_4125,Stage 1,18,13
-7139_4125,Stage 2,88,40
-7139_4125,Stage 3,35,31
-7139_4126,Stage 1,22,17
-7139_4126,Stage 2,91,39
-7139_4126,Stage 3,47,38
-7139_4127,Stage 1,20,19
-7139_4127,Stage 2,106,36
-7139_4127,Stage 3,86,45
-7139_4128,Stage 1,40,28
-7139_4128,Stage 2,134,60
-7139_4128,Stage 3,62,53
-7139_4129,Stage 1,53,47
-7139_4129,Stage 2,146,73
-7139_4129,Stage 3,149,99
-7139_4130,Stage 1,232,146
-7139_4130,Stage 2,240,101
-7139_4130,Stage 3,267,138
-7139_4131,Stage 1,98,84
-7139_4131,Stage 2,159,86
-7139_4131,Stage 3,180,123
-7139_4132,Stage 1,102,90
-7139_4132,Stage 2,139,90
-7139_4132,Stage 3,107,91
-7139_4133,Stage 1,85,76
-7139_4133,Stage 2,121,91
-7139_4133,Stage 3,171,137
-7139_4134,Stage 1,103,89
-7139_4134,Stage 2,95,72
-7139_4134,Stage 3,93,82
-7139_4135,Stage 1,68,59
-7139_4135,Stage 2,63,56
-7139_4135,Stage 3,76,71
-7139_4136,Stage 1,0,0
-7139_4136,Stage 2,0,0
-7139_4136,Stage 3,1,1
-7140_4093,Stage 1,1,1
-7140_4093,Stage 2,2,2
-7140_4093,Stage 3,2,2
-7140_4094,Stage 1,7,7
-7140_4094,Stage 2,13,11
-7140_4094,Stage 3,12,12
-7140_4095,Stage 1,10,10
-7140_4095,Stage 2,13,11
-7140_4095,Stage 3,19,16
-7140_4096,Stage 1,4,4
-7140_4096,Stage 2,12,12
-7140_4096,Stage 3,29,26
-7140_4097,Stage 1,10,10
-7140_4097,Stage 2,17,15
-7140_4097,Stage 3,22,21
-7140_4098,Stage 1,14,9
-7140_4098,Stage 2,24,24
-7140_4098,Stage 3,24,23
-7140_4099,Stage 1,3,3
-7140_4099,Stage 2,21,20
-7140_4099,Stage 3,24,24
-7140_4100,Stage 1,10,10
-7140_4100,Stage 2,24,22
-7140_4100,Stage 3,39,35
-7140_4101,Stage 1,5,4
-7140_4101,Stage 2,28,22
-7140_4101,Stage 3,48,42
-7140_4102,Stage 1,13,13
-7140_4102,Stage 2,30,24
-7140_4102,Stage 3,54,37
-7140_4103,Stage 1,12,12
-7140_4103,Stage 2,51,39
-7140_4103,Stage 3,97,56
-7140_4104,Stage 1,38,17
-7140_4104,Stage 2,46,30
-7140_4104,Stage 3,39,32
-7140_4105,Stage 1,15,14
-7140_4105,Stage 2,46,36
-7140_4105,Stage 3,37,30
-7140_4106,Stage 1,8,7
-7140_4106,Stage 2,26,25
-7140_4106,Stage 3,32,22
-7140_4107,Stage 1,4,3
-7140_4107,Stage 2,4,3
-7140_4107,Stage 3,11,9
-7140_4123,Stage 1,0,0
-7140_4123,Stage 2,5,5
-7140_4123,Stage 3,3,3
-7140_4124,Stage 1,11,9
-7140_4124,Stage 2,23,18
-7140_4124,Stage 3,36,28
-7140_4125,Stage 1,14,14
-7140_4125,Stage 2,43,32
-7140_4125,Stage 3,55,39
-7140_4126,Stage 1,17,12
-7140_4126,Stage 2,49,35
-7140_4126,Stage 3,45,36
-7140_4127,Stage 1,29,22
-7140_4127,Stage 2,46,35
-7140_4127,Stage 3,71,44
-7140_4128,Stage 1,61,47
-7140_4128,Stage 2,100,66
-7140_4128,Stage 3,94,66
-7140_4129,Stage 1,68,58
-7140_4129,Stage 2,94,72
-7140_4129,Stage 3,152,112
-7140_4130,Stage 1,233,141
-7140_4130,Stage 2,252,136
-7140_4130,Stage 3,310,182
-7140_4131,Stage 1,114,94
-7140_4131,Stage 2,137,92
-7140_4131,Stage 3,154,114
-7140_4132,Stage 1,142,113
-7140_4132,Stage 2,159,90
-7140_4132,Stage 3,163,123
-7140_4133,Stage 1,101,71
-7140_4133,Stage 2,120,74
-7140_4133,Stage 3,136,100
-7140_4134,Stage 1,42,33
-7140_4134,Stage 2,55,33
-7140_4134,Stage 3,43,37
-7141_4125,Stage 1,3,3
-7141_4125,Stage 2,3,3
-7141_4125,Stage 3,4,4
-7141_4126,Stage 1,8,7
-7141_4126,Stage 2,14,11
-7141_4126,Stage 3,25,21
-7141_4127,Stage 1,24,21
-7141_4127,Stage 2,27,22
-7141_4127,Stage 3,52,43
-7141_4128,Stage 1,51,32
-7141_4128,Stage 2,71,43
-7141_4128,Stage 3,74,46
-7141_4129,Stage 1,64,56
-7141_4129,Stage 2,84,63
-7141_4129,Stage 3,94,77
-7141_4130,Stage 1,200,123
-7141_4130,Stage 2,167,99
-7141_4130,Stage 3,160,117
-7141_4131,Stage 1,79,67
-7141_4131,Stage 2,80,68
-7141_4131,Stage 3,92,85
-7141_4132,Stage 1,61,55
-7141_4132,Stage 2,64,56
-7141_4132,Stage 3,54,47
-7141_4133,Stage 1,14,14
-7141_4133,Stage 2,14,10
-7141_4133,Stage 3,14,11
