decision,decided_on,MMSI,valid_from,valid_to,Vessel_Name,hull_class,gear_class,activity_excluded,Operation,Identified_By,Confidence,evidence_ref,gfw_vessel_type,gfw_gear_type,pull_date,Notes,list,reason,names,flag,call_sign,vp_hours,s1,s2,s3,afe_hours,h_day,lease_share,lease_share_s12,lease_share_s3,reg_records,reg_sources,reg_gear,gfw_combined,reg_length_m,garfo_class,garfo_hull_id,hull_is_uscg,garfo_permits,garfo_years,garfo_length_ft,garfo_home_port,garfo_permit_type,garfo_gear_hint,garfo_oa_permits,garfo_oa_directed,garfo_categories,garfo_max_hulls_with_name,garfo_max_mmsi_with_name
,,367661740,,,VIKING STARSHIP,fishing,POLE_AND_LINE,FALSE,,garfo_name_match,possible,GARFO hull 585704; permit 10009004|320641,PASSENGER,PASSENGER,2026-10-06,"typed non-FISHING; unique GARFO name match. To confirm: look up USCG official no. 585704 in CGMIX PSIX; its call sign should be WDH8814. GARFO permits: for-hire + open-access commercial. Holds 6 open-access commercial permits, a typical party-boat bundle; POLE_AND_LINE suggested -- treat the gear class as possible",1_missed_fishing,typed non-FISHING; unique GARFO name match,VIKING STARSHIP,USA,WDH8814,495,203,106,186,132.69,2.487,0.196,0.191,0.204,,,,,,unique_years,585704,TRUE,10009004|320641,"2016,2017,2018,2019,2020,2021,2022,2023,2024,2025,2026",117.4,NY,for-hire + open-access commercial,POLE_AND_LINE,HERRING:D|MONKFISH:E|NORTHEAST MULTI-SPECIES:HB|NORTHEAST MULTI-SPECIES:K|SKATE:1|TILEFISH:1,HERRING:D|NORTHEAST MULTI-SPECIES:HB|NORTHEAST MULTI-SPECIES:K|SKATE:1|TILEFISH:1,BLUEFISH:2; BLACK SEA BASS:2; SUMMER FLOUNDER:2; HERRING:D; MONKFISH:E; NORTHEAST MULTI-SPECIES:HB; NORTHEAST MULTI-SPECIES:I; NORTHEAST MULTI-SPECIES:K; SCUP:2; SKATE:1; SQUID/MACKEREL/BUTTERFISH:2; TILEFISH:1; TILEFISH:2 / HMS:CHARTER/HEADBOAT,1,1
,,338305627,,,ENCOURAGER,fishing,FIXED,FALSE,,garfo_name_match,possible,GARFO hull MS3707BM; permit 152781,OTHER,OTHER,2026-10-06,typed non-FISHING; unique GARFO name match. State-registered hull MS3707BM; cannot be linked to a call sign. GARFO permits: commercial,1_missed_fishing,typed non-FISHING; unique GARFO name match,ENCOURAGER,USA,,184,0,151,33,0,3.833,0.12,0.126,0.091,,,,,,unique_years,MS3707BM,FALSE,152781,"2020,2021,2022,2023,2024,2025,2026",47,MA,commercial,FIXED,,,AMERICAN LOBSTER:A2,1,1
,,338106421,,,CT RANDALL / HYDRONAUT,fishing,,FALSE,,garfo_name_match,possible,GARFO hull RI0366AA; permit 10231215,OTHER,OTHER,2026-10-06,typed non-FISHING; unique GARFO name match. State-registered hull RI0366AA; cannot be linked to a call sign. GARFO permits: commercial,1_missed_fishing,typed non-FISHING; unique GARFO name match,CT RANDALL / HYDRONAUT,USA,,183,0,0,183,0,10.765,0.809,,0.809,,,,,,unique_years,RI0366AA,FALSE,10231215,2026,64,MA,commercial,,HMS:GENERAL,HMS:GENERAL,HMS:GENERAL,1,1
,,367184740,,,AMERICAN STAR,fishing,POLE_AND_LINE,FALSE,,garfo_name_match,possible,GARFO hull 959543; permit 311004,OTHER,OTHER,2026-10-06,"typed non-FISHING; unique GARFO name match. To confirm: look up USCG official no. 959543 in CGMIX PSIX; its call sign should be WDD7311. GARFO permits: for-hire + open-access commercial. Holds 8 open-access commercial permits, a typical party-boat bundle; POLE_AND_LINE suggested -- treat the gear class as possible",1_missed_fishing,typed non-FISHING; unique GARFO name match,AMERICAN STAR,USA,WDD7311,165,60,39,66,0,1.571,0,0,0,,,,,,unique_years,959543,TRUE,311004,"2016,2017,2018,2019,2020,2021,2022",80.6,NJ,for-hire + open-access commercial,POLE_AND_LINE,ATLANTIC DEEP SEA RED CRAB:A|BLUEFISH:1|HERRING:D|MONKFISH:E|NORTHEAST MULTI-SPECIES:HB|SKATE:1|SPINY DOGFISH:1|TILEFISH:1,ATLANTIC DEEP SEA RED CRAB:A|BLUEFISH:1|HERRING:D|NORTHEAST MULTI-SPECIES:HB|SKATE:1|SPINY DOGFISH:1|TILEFISH:1,BLUEFISH:1; BLUEFISH:2; BLACK SEA BASS:2; SPINY DOGFISH:1; SUMMER FLOUNDER:2; HERRING:D; MONKFISH:E; NORTHEAST MULTI-SPECIES:HB; ATLANTIC DEEP SEA RED CRAB:A; SCUP:2; SKATE:1; SQUID/MACKEREL/BUTTERFISH:2; TILEFISH:1; TILEFISH:2,1,1
,,338513773,,,SEAMUS & LIAM III,fishing,FIXED,FALSE,,garfo_name_match,possible,GARFO hull RI3451U; permit 150460,OTHER,OTHER,2026-10-06,typed non-FISHING; unique GARFO name match. State-registered hull RI3451U; cannot be linked to a call sign. GARFO permits: commercial,1_missed_fishing,typed non-FISHING; unique GARFO name match,SEAMUS & LIAM III,USA,,163,0,0,163,0,5.094,0.472,,0.472,,,,,,unique_years,RI3451U,FALSE,150460,"2016,2017,2018,2019,2020,2021,2022,2023,2024,2025,2026",35,RI,commercial,FIXED,ATLANTIC DEEP SEA RED CRAB:A|BLUEFISH:1|SKATE:1|SPINY DOGFISH:1|SQUID/MACKEREL/BUTTERFISH:3|SQUID/MACKEREL/BUTTERFISH:4,ATLANTIC DEEP SEA RED CRAB:A|BLUEFISH:1|SKATE:1|SPINY DOGFISH:1|SQUID/MACKEREL/BUTTERFISH:4,BLUEFISH:1; BLACK SEA BASS:1; SPINY DOGFISH:1; AMERICAN LOBSTER:A2; MONKFISH:C; NORTHEAST MULTI-SPECIES:A; SCUP:1; SKATE:1; SQUID/MACKEREL/BUTTERFISH:3; SQUID/MACKEREL/BUTTERFISH:4 / BLUEFISH:1; BLACK SEA BASS:1; SPINY DOGFISH:1; SUMMER FLOUNDER:1; AMERICAN LOBSTER:A2; MONKFISH:C; NORTHEAST MULTI...,1,1
,,367741080,,,GULF VENTURE,fishing,MOBILE,FALSE,,garfo_name_match,possible,GARFO hull MS4557N; permit 147091,OTHER,OTHER,2026-10-06,typed non-FISHING; unique GARFO name match. State-registered hull MS4557N; cannot be linked to a call sign. GARFO permits: commercial,1_missed_fishing,typed non-FISHING; unique GARFO name match,GULF VENTURE,USA,WDI8681,140,140,0,0,0,1.918,0,0,,,,,,,unique_years,MS4557N,FALSE,147091,"2016,2017",39.9,MA,commercial,MOBILE,ATLANTIC DEEP SEA RED CRAB:A|BLUEFISH:1|HERRING:D|MONKFISH:E|OCEAN QUAHOG:6|SKATE:1|SPINY DOGFISH:1|SQUID/MACKEREL/BUTTERFISH:3|SQUID/MACKEREL/BUTTERFISH:4|SURF CLAM:1|TILEFISH:1,ATLANTIC DEEP SEA RED CRAB:A|BLUEFISH:1|HERRING:D|OCEAN QUAHOG:6|SKATE:1|SPINY DOGFISH:1|SQUID/MACKEREL/BUTTERFISH:4|SURF CLAM:1|TILEFISH:1,BLUEFISH:1; SPINY DOGFISH:1; HERRING:D; AMERICAN LOBSTER:1; MONKFISH:E; NORTHEAST MULTI-SPECIES:A; OCEAN QUAHOG:6; ATLANTIC DEEP SEA RED CRAB:A; SURF CLAM:1; SKATE:1; SQUID/MACKEREL/BUTTERFISH:3; SQUID/MACKEREL/BUTTERFISH:4; TILEFISH:1,1,1
,,367554870,,,HELEN H,fishing,POLE_AND_LINE,FALSE,,garfo_name_match,possible,GARFO hull 566449; permit 10008997|320648,OTHER,OTHER,2026-10-06,typed non-FISHING; unique GARFO name match. To confirm: look up USCG official no. 566449 in CGMIX PSIX; its call sign should be WDG6238. GARFO permits: for-hire,1_missed_fishing,typed non-FISHING; unique GARFO name match,HELEN H,USA,WDG6238,134,3,11,120,0,4.323,0.552,0.143,0.6,,,,,,unique_years,566449,TRUE,10008997|320648,"2016,2017,2018,2019,2020,2021,2022,2023,2024,2025,2026",85.8,MA,for-hire,POLE_AND_LINE,,,BLUEFISH:2; BLACK SEA BASS:2; SUMMER FLOUNDER:2; NORTHEAST MULTI-SPECIES:I; SCUP:2; SQUID/MACKEREL/BUTTERFISH:2 / HMS:CHARTER/HEADBOAT,1,1
,,367337990,,,VIKING STAR,fishing,,FALSE,,garfo_name_match,possible,GARFO hull 526153; permit 10009008|320278,PASSENGER,PASSENGER,2026-10-06,typed non-FISHING; unique GARFO name match. To confirm: look up USCG official no. 526153 in CGMIX PSIX; its call sign should be WY9034. GARFO permits: commercial + for-hire,1_missed_fishing,typed non-FISHING; unique GARFO name match,VIKING STAR,USA,WY9034,131,9,38,84,22.2,2.298,0.168,0.17,0.167,,,,,,unique_years,526153,TRUE,10009008|320278,"2016,2017,2018,2019,2020,2021,2022,2023,2024,2025,2026",88.2,NY,commercial + for-hire,,HERRING:D|MONKFISH:E|NORTHEAST MULTI-SPECIES:HB|NORTHEAST MULTI-SPECIES:K|SQUID/MACKEREL/BUTTERFISH:3|TILEFISH:1,HERRING:D|NORTHEAST MULTI-SPECIES:HB|NORTHEAST MULTI-SPECIES:K|TILEFISH:1,BLUEFISH:2; BLACK SEA BASS:2; SUMMER FLOUNDER:2; HERRING:D; MONKFISH:E; NORTHEAST MULTI-SPECIES:HB; NORTHEAST MULTI-SPECIES:I; NORTHEAST MULTI-SPECIES:K; SCUP:1; SCUP:2; SQUID/MACKEREL/BUTTERFISH:2; SQUID/MACKEREL/BUTTERFISH:3; TILEFISH:1; TILEFISH:2 / HMS:CHARTER/HEADBOAT,1,1
,,303591000,,,ATLANTIC EXPLORER,fishing,MOBILE,FALSE,,garfo_name_match,possible,GARFO hull ME26NXL; permit 151757,SEISMIC_VESSEL,SEISMIC_VESSEL,2026-10-06,typed non-FISHING; unique GARFO name match. State-registered hull ME26NXL; cannot be linked to a call sign. GARFO permits: commercial,1_missed_fishing,typed non-FISHING; unique GARFO name match,ATLANTIC EXPLORER,USA,WDC9417,97,40,15,42,0,3.88,0.278,0.291,0.262,,,,,,unique_years,ME26NXL,FALSE,151757,"2024,2025,2026",50.9,ME,commercial,MOBILE,SKATE:1,SKATE:1,GENERAL CATEGORY SCALLOP:A / GENERAL CATEGORY SCALLOP:A; SKATE:1,1,1
,,367015670,,,RAINBOW,fishing,POLE_AND_LINE,FALSE,,garfo_name_match,possible,GARFO hull 1122376; permit 10060713|214982,OTHER,OTHER,2026-10-06,"typed non-FISHING; unique GARFO name match. To confirm: look up USCG official no. 1122376 in CGMIX PSIX; its call sign should be WDC3878. GARFO permits: for-hire + open-access commercial. Holds 7 open-access commercial permits, a typical party-boat bundle; POLE_AND_LINE suggested -- treat the gear class as possible",1_missed_fishing,typed non-FISHING; unique GARFO name match,RAINBOW,USA,WDC3878,74,0,4,70,0,2.643,0.176,0,0.186,,,,,,unique_years,1122376,TRUE,10060713|214982,"2016,2017,2018,2019,2020,2021,2026",28,NY,for-hire + open-access commercial,POLE_AND_LINE,BLUEFISH:1|HERRING:D|HMS:CHB COMMERCIAL SALE ENDORSEMENT|MONKFISH:E|NORTHEAST MULTI-SPECIES:HB|SPINY DOGFISH:1|SQUID/MACKEREL/BUTTERFISH:4,BLUEFISH:1|HERRING:D|HMS:CHB COMMERCIAL SALE ENDORSEMENT|NORTHEAST MULTI-SPECIES:HB|SPINY DOGFISH:1|SQUID/MACKEREL/BUTTERFISH:4,BLUEFISH:1; BLUEFISH:2; BLACK SEA BASS:2; SPINY DOGFISH:1; SUMMER FLOUNDER:2; HERRING:D; MONKFISH:E; NORTHEAST MULTI-SPECIES:HB; NORTHEAST MULTI-SPECIES:I; SCUP:2; SQUID/MACKEREL/BUTTERFISH:2; SQUID/MACKEREL/BUTTERFISH:4 / HMS:CHARTER/HEADBOAT; HMS:CHB COMMERCIAL SALE ENDORSEMENT,1,1
,,338444322,,,JENNIFER LEE,fishing,POLE_AND_LINE,FALSE,,garfo_name_match,possible,GARFO hull 584634; permit 10022726|211254,PASSENGER,PASSENGER,2026-10-06,"typed non-FISHING; unique GARFO name match. To confirm: look up USCG official no. 584634 in CGMIX PSIX; its call sign should be (none in AIS). GARFO permits: for-hire + open-access commercial. Holds 9 open-access commercial permits, a typical party-boat bundle; POLE_AND_LINE suggested -- treat the gear class as possible",1_missed_fishing,typed non-FISHING; unique GARFO name match,JENNIFER LEE,USA,,70,0,11,59,0,4.118,0.229,0.273,0.22,,,,,,unique_years,584634,TRUE,10022726|211254,"2021,2022,2023,2024,2025,2026",28.2,MA|RI,for-hire + open-access commercial,POLE_AND_LINE,BLUEFISH:1|HERRING:D|HMS:CHB COMMERCIAL SALE ENDORSEMENT|NORTHEAST MULTI-SPECIES:HB|NORTHEAST MULTI-SPECIES:K|SPINY DOGFISH:1|SQUID/MACKEREL/BUTTERFISH:3|SQUID/MACKEREL/BUTTERFISH:4|TILEFISH:1,BLUEFISH:1|HERRING:D|HMS:CHB COMMERCIAL SALE ENDORSEMENT|NORTHEAST MULTI-SPECIES:HB|NORTHEAST MULTI-SPECIES:K|SPINY DOGFISH:1|SQUID/MACKEREL/BUTTERFISH:4|TILEFISH:1,BLUEFISH:1; BLUEFISH:2; BLACK SEA BASS:2; SPINY DOGFISH:1; SUMMER FLOUNDER:2; HERRING:D; NORTHEAST MULTI-SPECIES:HB; NORTHEAST MULTI-SPECIES:I; NORTHEAST MULTI-SPECIES:K; SCUP:2; SQUID/MACKEREL/BUTTERFISH:2; SQUID/MACKEREL/BUTTERFISH:3; SQUID/MACKEREL/BUTTERFISH:4; TILEFISH:1; TILEFISH:2; TILEFIS...,1,1
,,368223130,,,SUPER CURRENT,fishing,,FALSE,,garfo_name_match,possible,GARFO hull 556499; permit 10025659|310377,PASSENGER,PASSENGER,2026-10-06,typed non-FISHING; unique GARFO name match. To confirm: look up USCG official no. 556499 in CGMIX PSIX; its call sign should be WDM6205. GARFO permits: for-hire + open-access commercial. Also holds open-access commercial permits (directed: none); may fish commercially on some trips -- set the gear class manually,1_missed_fishing,typed non-FISHING; unique GARFO name match,SUPER CURRENT,USA,WDM6205,69,0,16,53,0,2.875,0.145,0.062,0.17,,,,,,unique_years,556499,TRUE,10025659|310377,"2021,2022,2023,2024,2025,2026",75.8,NY|RI,for-hire + open-access commercial,,MONKFISH:E,,BLUEFISH:2; BLACK SEA BASS:2; SUMMER FLOUNDER:2; MONKFISH:E; NORTHEAST MULTI-SPECIES:I; SCUP:2; SQUID/MACKEREL/BUTTERFISH:2; TILEFISH:2 / BLUEFISH:2; BLACK SEA BASS:2; SUMMER FLOUNDER:2; SCUP:2; SQUID/MACKEREL/BUTTERFISH:2; TILEFISH:2 / HMS:CHARTER/HEADBOAT,1,1
,,338377714,,,CHILL / R-TTIME,fishing,,FALSE,,garfo_name_match,possible,GARFO hull 1301947; permit 233983,PASSENGER,PASSENGER,2026-10-06,typed non-FISHING; unique GARFO name match. To confirm: look up USCG official no. 1301947 in CGMIX PSIX; its call sign should be (none in AIS). GARFO permits: commercial,1_missed_fishing,typed non-FISHING; unique GARFO name match,CHILL / R-TTIME,USA,,55,0,23,32,0,3.438,0.382,0.304,0.438,,,,,,unique_years,1301947,TRUE,233983,"2019,2020,2021,2022",39.7,MA,commercial,,ATLANTIC DEEP SEA RED CRAB:A|BLUEFISH:1|HERRING:D|MONKFISH:E|SKATE:1|SPINY DOGFISH:1|SQUID/MACKEREL/BUTTERFISH:3|SQUID/MACKEREL/BUTTERFISH:4|TILEFISH:1,ATLANTIC DEEP SEA RED CRAB:A|BLUEFISH:1|HERRING:D|SKATE:1|SPINY DOGFISH:1|SQUID/MACKEREL/BUTTERFISH:4|TILEFISH:1,BLUEFISH:1; SPINY DOGFISH:1; HERRING:D; MONKFISH:E; NORTHEAST MULTI-SPECIES:HA; SKATE:1; SQUID/MACKEREL/BUTTERFISH:3; SQUID/MACKEREL/BUTTERFISH:4; TILEFISH:1 / BLUEFISH:1; SPINY DOGFISH:1; HERRING:D; MONKFISH:E; NORTHEAST MULTI-SPECIES:HA; ATLANTIC DEEP SEA RED CRAB:A; SKATE:1; SQUID/MACKEREL/BUT...,1,1
,,338314815,,,TONNO,fishing,POLE_AND_LINE,FALSE,,garfo_name_match,possible,GARFO hull MS4843BJ; permit 10181283|152689,OTHER,OTHER,2026-10-06,"typed non-FISHING; unique GARFO name match. State-registered hull MS4843BJ; cannot be linked to a call sign. GARFO permits: for-hire + open-access commercial. Holds 9 open-access commercial permits, a typical party-boat bundle; POLE_AND_LINE suggested -- treat the gear class as possible",1_missed_fishing,typed non-FISHING; unique GARFO name match,TONNO,USA,,52,2,8,42,5.59,4.333,0.442,0.3,0.476,,,,,,unique_years,MS4843BJ,FALSE,10181283|152689,"2019,2020,2021,2022,2023,2024,2025,2026",25.2,MA,for-hire + open-access commercial,POLE_AND_LINE,BLUEFISH:1|HERRING:D|HMS:CHB COMMERCIAL SALE ENDORSEMENT|NORTHEAST MULTI-SPECIES:HB|NORTHEAST MULTI-SPECIES:K|SPINY DOGFISH:1|SQUID/MACKEREL/BUTTERFISH:3|SQUID/MACKEREL/BUTTERFISH:4|TILEFISH:1,BLUEFISH:1|HERRING:D|HMS:CHB COMMERCIAL SALE ENDORSEMENT|NORTHEAST MULTI-SPECIES:HB|NORTHEAST MULTI-SPECIES:K|SPINY DOGFISH:1|SQUID/MACKEREL/BUTTERFISH:4|TILEFISH:1,BLUEFISH:1; SPINY DOGFISH:1 / BLUEFISH:1; BLUEFISH:2; BLACK SEA BASS:2; SPINY DOGFISH:1; SUMMER FLOUNDER:2; HERRING:D; NORTHEAST MULTI-SPECIES:I; SCUP:2; SQUID/MACKEREL/BUTTERFISH:3; SQUID/MACKEREL/BUTTERFISH:4 / BLUEFISH:1; BLUEFISH:2; BLACK SEA BASS:2; SPINY DOGFISH:1; SUMMER FLOUNDER:2; HERRIN...,1,1
,,338139601,,,CRAZYHORSE,fishing,,FALSE,,garfo_name_match,possible,GARFO hull 1118812; permit 10061886,PASSENGER,PASSENGER,2026-10-06,typed non-FISHING; unique GARFO name match. To confirm: look up USCG official no. 1118812 in CGMIX PSIX; its call sign should be (none in AIS). GARFO permits: commercial,1_missed_fishing,typed non-FISHING; unique GARFO name match,CRAZYHORSE,USA,,50,7,9,34,0,2.941,0.16,0.125,0.176,,,,,,unique_years,1118812,TRUE,10061886,2026,40,MA,commercial,,HMS:GENERAL,HMS:GENERAL,HMS:GENERAL,1,1
,,366744020,,,MARY ALICE,fishing,FIXED,FALSE,,garfo_name_match,possible,GARFO hull 554592; permit 230156,OTHER,OTHER,2026-10-06,typed non-FISHING; unique GARFO name match. To confirm: look up USCG official no. 554592 in CGMIX PSIX; its call sign should be WCX9570. GARFO permits: commercial,1_missed_fishing,typed non-FISHING; unique GARFO name match,MARY ALICE,USA,WCX9570,47,12,26,9,0,1.808,0,0,0,,,,,,unique_years,554592,TRUE,230156,"2018,2019,2020,2021,2022,2023,2024,2025,2026",38.1,MA,commercial,FIXED,ATLANTIC DEEP SEA RED CRAB:A|BLUEFISH:1|HERRING:D|MONKFISH:E|NORTHEAST MULTI-SPECIES:HB|NORTHEAST MULTI-SPECIES:K|SKATE:1|SPINY DOGFISH:1|SQUID/MACKEREL/BUTTERFISH:3|SQUID/MACKEREL/BUTTERFISH:4|TILEFISH:1,ATLANTIC DEEP SEA RED CRAB:A|BLUEFISH:1|HERRING:D|NORTHEAST MULTI-SPECIES:HB|NORTHEAST MULTI-SPECIES:K|SKATE:1|SPINY DOGFISH:1|SQUID/MACKEREL/BUTTERFISH:4|TILEFISH:1,BLUEFISH:1; SPINY DOGFISH:1; SUMMER FLOUNDER:1; HERRING:D; AMERICAN LOBSTER:1; MONKFISH:D; NORTHEAST MULTI-SPECIES:A; SKATE:1; SQUID/MACKEREL/BUTTERFISH:3; SQUID/MACKEREL/BUTTERFISH:4; TILEFISH:1 / BLUEFISH:1; SPINY DOGFISH:1; SUMMER FLOUNDER:1; HERRING:D; AMERICAN LOBSTER:1; MONKFISH:D; NORTHEAS...,1,1
,,368417430,,,FISH BIZ,fishing,,FALSE,,garfo_name_match,possible,GARFO hull 1356393; permit 10229404|234098,OTHER,OTHER,2026-10-06,typed non-FISHING; unique GARFO name match. To confirm: look up USCG official no. 1356393 in CGMIX PSIX; its call sign should be (none in AIS). GARFO permits: commercial + for-hire,1_missed_fishing,typed non-FISHING; unique GARFO name match,FISH BIZ,USA,,42,0,0,42,0,4.667,0.643,,0.643,,,,,,unique_years,1356393,TRUE,10229404|234098,"2025,2026",42,MA,commercial + for-hire,,ATLANTIC DEEP SEA RED CRAB:A|BLUEFISH:1|HERRING:D|HMS:CHB COMMERCIAL SALE ENDORSEMENT|MONKFISH:E|SKATE:1|SPINY DOGFISH:1|SQUID/MACKEREL/BUTTERFISH:3|SQUID/MACKEREL/BUTTERFISH:4|TILEFISH:1,ATLANTIC DEEP SEA RED CRAB:A|BLUEFISH:1|HERRING:D|HMS:CHB COMMERCIAL SALE ENDORSEMENT|SKATE:1|SPINY DOGFISH:1|SQUID/MACKEREL/BUTTERFISH:4|TILEFISH:1,BLUEFISH:1; SPINY DOGFISH:1; HERRING:D; MONKFISH:E; NORTHEAST MULTI-SPECIES:HA; ATLANTIC DEEP SEA RED CRAB:A; SKATE:1; SQUID/MACKEREL/BUTTERFISH:3; SQUID/MACKEREL/BUTTERFISH:4; TILEFISH:1 / HMS:CHARTER/HEADBOAT; HMS:CHB COMMERCIAL SALE ENDORSEMENT,1,1
,,338521433,,,OUTKAST,fishing,,FALSE,,garfo_name_match,possible,GARFO hull MS8238BX; permit 10229815,OTHER,OTHER,2026-10-06,typed non-FISHING; unique GARFO name match. State-registered hull MS8238BX; cannot be linked to a call sign. GARFO permits: commercial,1_missed_fishing,typed non-FISHING; unique GARFO name match,OUTKAST,USA,,38,0,0,38,0,4.222,0.132,,0.132,,,,,,unique_years,MS8238BX,FALSE,10229815,2026,34,MA,commercial,,HMS:GENERAL,HMS:GENERAL,HMS:GENERAL,1,1
,,367704280,,,MADISON,fishing,,FALSE,,garfo_name_match,possible,GARFO hull 24KYC; permit 10207586,PASSENGER,PASSENGER,2026-10-06,typed non-FISHING; unique GARFO name match. State-registered hull 24KYC; cannot be linked to a call sign. GARFO permits: for-hire + open-access commercial. Also holds open-access commercial permits (directed: HMS:CHB COMMERCIAL SALE ENDORSEMENT); may fish commercially on some trips -- set the gear class manually,1_missed_fishing,typed non-FISHING; unique GARFO name match,MADISON,USA,WDI5014,37,14,10,13,0,2.467,0.054,0.042,0.077,,,,,,unique_years,24KYC,FALSE,10207586,2026,36,ME,for-hire + open-access commercial,,HMS:CHB COMMERCIAL SALE ENDORSEMENT,HMS:CHB COMMERCIAL SALE ENDORSEMENT,HMS:CHARTER/HEADBOAT; HMS:CHB COMMERCIAL SALE ENDORSEMENT,1,1
,,338474887,,,HAYMAKER,fishing,FIXED,FALSE,,garfo_name_match,possible,GARFO hull 545583; permit 232684,PASSENGER,PASSENGER,2026-10-06,typed non-FISHING; unique GARFO name match. To confirm: look up USCG official no. 545583 in CGMIX PSIX; its call sign should be (none in AIS). GARFO permits: commercial,1_missed_fishing,typed non-FISHING; unique GARFO name match,HAYMAKER,USA,,34,0,0,34,0,4.25,0.5,,0.5,,,,,,unique_years,545583,TRUE,232684,"2017,2018,2019,2020,2021,2022,2023,2024,2025",38.1,ME,commercial,FIXED,,,AMERICAN LOBSTER:A1,1,1
,,367594260,,,CAROL,fishing,FIXED,FALSE,,garfo_name_match,possible,GARFO hull 681746; permit 211626,OTHER,OTHER,2026-10-06,typed non-FISHING; unique GARFO name match. To confirm: look up USCG official no. 681746 in CGMIX PSIX; its call sign should be WDL5682. GARFO permits: commercial,1_missed_fishing,typed non-FISHING; unique GARFO name match,CAROL,USA,WDL5682,34,0,0,34,0,3.4,0,,0,,,,,,unique_years,681746,TRUE,211626,"2021,2022,2023",36.2,ME,commercial,FIXED,,,AMERICAN LOBSTER:A1,1,1
,,368296000,,,HAWAII,fishing,,FALSE,,garfo_name_match,possible,GARFO hull CT8410BN; permit 10207868,OTHER,OTHER,2026-10-06,typed non-FISHING; unique GARFO name match. State-registered hull CT8410BN; cannot be linked to a call sign. GARFO permits: for-hire + open-access commercial. Also holds open-access commercial permits (directed: HMS:CHB COMMERCIAL SALE ENDORSEMENT); may fish commercially on some trips -- set the gear class manually,1_missed_fishing,typed non-FISHING; unique GARFO name match,HAWAII,USA,WDN7088,33,0,0,33,0,2.062,0.061,,0.061,,,,,,unique_years,CT8410BN,FALSE,10207868,2026,25,CT,for-hire + open-access commercial,,HMS:CHB COMMERCIAL SALE ENDORSEMENT,HMS:CHB COMMERCIAL SALE ENDORSEMENT,HMS:CHARTER/HEADBOAT; HMS:CHB COMMERCIAL SALE ENDORSEMENT,1,1
,,338215118,,,SEA PEARL,fishing,FIXED,FALSE,,garfo_name_match,possible,GARFO hull 1273922; permit 251827,PASSENGER,PASSENGER,2026-10-06,typed non-FISHING; unique GARFO name match. To confirm: look up USCG official no. 1273922 in CGMIX PSIX; its call sign should be (none in AIS). GARFO permits: commercial,1_missed_fishing,typed non-FISHING; unique GARFO name match,SEA PEARL,USA,,31,0,11,20,0,2.583,0.29,0.182,0.35,,,,,,unique_years,1273922,TRUE,251827,"2016,2017,2018,2019,2020,2021,2022,2023,2024,2025,2026",46.8,ME,commercial,FIXED,,,AMERICAN LOBSTER:A1,1,1
,,338382398,,,LOW PROFILE,fishing,,FALSE,,garfo_name_match,possible,GARFO hull 1094141; permit 10046977|251685,PASSENGER,PASSENGER,2026-10-06,typed non-FISHING; unique GARFO name match. To confirm: look up USCG official no. 1094141 in CGMIX PSIX; its call sign should be (none in AIS). GARFO permits: for-hire + open-access commercial. Also holds open-access commercial permits (directed: HMS:CHB COMMERCIAL SALE ENDORSEMENT); may fish commercially on some trips -- set the gear class manually,1_missed_fishing,typed non-FISHING; unique GARFO name match,LOW PROFILE,USA,,28,0,4,24,0,3.5,0.071,0.25,0.042,,,,,,unique_years,1094141,TRUE,10046977|251685,"2018,2019,2020,2021,2022,2023,2024,2025,2026",55,NJ,for-hire + open-access commercial,,HMS:CHB COMMERCIAL SALE ENDORSEMENT,HMS:CHB COMMERCIAL SALE ENDORSEMENT,BLUEFISH:2; BLACK SEA BASS:2; SUMMER FLOUNDER:2; TILEFISH:2 / HMS:CHARTER/HEADBOAT; HMS:CHB COMMERCIAL SALE ENDORSEMENT,1,1
,,338180872,,,COCONUT,fishing,POLE_AND_LINE,FALSE,,garfo_name_match,possible,GARFO hull PR4133CC; permit 10197588,PASSENGER,PASSENGER,2026-10-06,typed non-FISHING; unique GARFO name match. State-registered hull PR4133CC; cannot be linked to a call sign. GARFO permits: for-hire,1_missed_fishing,typed non-FISHING; unique GARFO name match,COCONUT,USA,,26,0,2,24,0,3.714,0,0,0,,,,,,unique_years,PR4133CC,FALSE,10197588,2026,23,PR,for-hire,POLE_AND_LINE,,,HMS:CHARTER/HEADBOAT,1,1
,,338478051,,,REEL EASY,fishing,,FALSE,,garfo_name_match,possible,GARFO hull 1068626; permit 10179120|215212,OTHER,OTHER,2026-10-06,typed non-FISHING; unique GARFO name match. To confirm: look up USCG official no. 1068626 in CGMIX PSIX; its call sign should be (none in AIS). GARFO permits: for-hire + open-access commercial. Also holds open-access commercial permits (directed: HMS:CHB COMMERCIAL SALE ENDORSEMENT); may fish commercially on some trips -- set the gear class manually,1_missed_fishing,typed non-FISHING; unique GARFO name match,REEL EASY,USA,,26,0,0,26,0,2.6,0,,0,,,,,,unique_years,1068626,TRUE,10179120|215212,"2017,2018,2019,2020,2021,2022,2023,2024,2025,2026",31.3,MA,for-hire + open-access commercial,,HMS:CHB COMMERCIAL SALE ENDORSEMENT,HMS:CHB COMMERCIAL SALE ENDORSEMENT,NORTHEAST MULTI-SPECIES:I / NORTHEAST MULTI-SPECIES:I; SQUID/MACKEREL/BUTTERFISH:2 / BLUEFISH:2; NORTHEAST MULTI-SPECIES:I; SQUID/MACKEREL/BUTTERFISH:2 / HMS:CHARTER/HEADBOAT; HMS:CHB COMMERCIAL SALE ENDORSEMENT,1,1
,,338517915,,,BEER MONEY,fishing,,FALSE,,garfo_name_match,possible,GARFO hull NJ4202HS; permit 153945,PASSENGER,PASSENGER,2026-10-06,typed non-FISHING; unique GARFO name match. State-registered hull NJ4202HS; cannot be linked to a call sign. GARFO permits: commercial,1_missed_fishing,typed non-FISHING; unique GARFO name match,BEER MONEY,USA,,26,0,0,26,0,3.714,0.115,,0.115,,,,,,unique_years,NJ4202HS,FALSE,153945,"2022,2023,2024,2025,2026",30,NJ,commercial,,MONKFISH:E|NORTHEAST MULTI-SPECIES:HB|NORTHEAST MULTI-SPECIES:K,NORTHEAST MULTI-SPECIES:HB|NORTHEAST MULTI-SPECIES:K,MONKFISH:E; NORTHEAST MULTI-SPECIES:HB / NORTHEAST MULTI-SPECIES:HB; NORTHEAST MULTI-SPECIES:K,1,1
,,338379994,,,CUTTY SHARK,fishing,,FALSE,,garfo_name_match,possible,GARFO hull 1093157; permit 10210026,PASSENGER,PASSENGER,2026-10-06,typed non-FISHING; unique GARFO name match. To confirm: look up USCG official no. 1093157 in CGMIX PSIX; its call sign should be (none in AIS). GARFO permits: commercial,1_missed_fishing,typed non-FISHING; unique GARFO name match,CUTTY SHARK,USA,,25,0,7,18,0,3.125,0.28,0.429,0.222,,,,,,unique_years,1093157,TRUE,10210026,2026,43,RI,commercial,,HMS:GENERAL,HMS:GENERAL,HMS:GENERAL,1,1
,,338496083,,,SWORDFIGHT,fishing,,FALSE,,garfo_name_match,possible,GARFO hull 1174164; permit 10093703,OTHER,OTHER,2026-10-06,typed non-FISHING; unique GARFO name match. To confirm: look up USCG official no. 1174164 in CGMIX PSIX; its call sign should be (none in AIS). GARFO permits: commercial,1_missed_fishing,typed non-FISHING; unique GARFO name match,SWORDFIGHT,USA,,24,0,0,24,0,2.182,0.333,,0.333,,,,,,unique_years,1174164,TRUE,10093703,2026,33,MA,commercial,,HMS:GENERAL & SWORDFISH,HMS:GENERAL & SWORDFISH,HMS:GENERAL & SWORDFISH,1,1
,,338482296,,,DISRUPTOR,fishing,,FALSE,,garfo_name_match,possible,GARFO hull 1332621; permit 10213901|251923,OTHER,OTHER,2026-10-06,typed non-FISHING; unique GARFO name match. To confirm: look up USCG official no. 1332621 in CGMIX PSIX; its call sign should be (none in AIS). GARFO permits: for-hire + open-access commercial. Also holds open-access commercial permits (directed: HMS:CHB COMMERCIAL SALE ENDORSEMENT|TILEFISH:1); may fish commercially on some trips -- set the gear class manually,1_missed_fishing,typed non-FISHING; unique GARFO name match,DISRUPTOR,USA,,23,0,0,23,0,2.875,0.217,,0.217,,,,,,unique_years,1332621,TRUE,10213901|251923,"2022,2023,2024,2025,2026",46,CT|RI,for-hire + open-access commercial,,HMS:CHB COMMERCIAL SALE ENDORSEMENT|TILEFISH:1,HMS:CHB COMMERCIAL SALE ENDORSEMENT|TILEFISH:1,TILEFISH:1 / HMS:CHARTER/HEADBOAT; HMS:CHB COMMERCIAL SALE ENDORSEMENT,1,1
,,367706360,,,LADY VICTORIA,fishing,,FALSE,,garfo_name_match,possible,GARFO hull NH0001CF; permit 131421,PASSENGER,PASSENGER,2026-10-06,typed non-FISHING; unique GARFO name match. State-registered hull NH0001CF; cannot be linked to a call sign. GARFO permits: commercial,1_missed_fishing,typed non-FISHING; unique GARFO name match,LADY VICTORIA,USA,WDI5221,23,9,12,2,0,1.438,0.087,0.095,0,,,,,,unique_years,NH0001CF,FALSE,131421,"2016,2017,2018,2019,2020,2021,2022,2023,2024,2025,2026",42,NH,commercial,,ATLANTIC DEEP SEA RED CRAB:A|BLUEFISH:1|HERRING:D|SKATE:1|SPINY DOGFISH:1|SQUID/MACKEREL/BUTTERFISH:3|SQUID/MACKEREL/BUTTERFISH:4|TILEFISH:1,ATLANTIC DEEP SEA RED CRAB:A|BLUEFISH:1|HERRING:D|SKATE:1|SPINY DOGFISH:1|SQUID/MACKEREL/BUTTERFISH:4|TILEFISH:1,BLUEFISH:1; SPINY DOGFISH:1; SUMMER FLOUNDER:1; HERRING:D; AMERICAN LOBSTER:1; MONKFISH:D; NORTHEAST MULTI-SPECIES:A; ATLANTIC DEEP SEA RED CRAB:A; SKATE:1; SQUID/MACKEREL/BUTTERFISH:3; SQUID/MACKEREL/BUTTERFISH:4; TILEFISH:1,1,1
,,368200420,,,ZIG ZAG,fishing,,FALSE,,garfo_name_match,possible,GARFO hull ME16PMS; permit 10138313,PASSENGER,PASSENGER,2026-10-06,typed non-FISHING; unique GARFO name match. State-registered hull ME16PMS; cannot be linked to a call sign. GARFO permits: commercial,1_missed_fishing,typed non-FISHING; unique GARFO name match,ZIG ZAG,USA,WDM3781,21,0,0,21,0,2.625,0.238,,0.238,,,,,,unique_years,ME16PMS,FALSE,10138313,2026,35,ME,commercial,,HMS:GENERAL & SWORDFISH,HMS:GENERAL & SWORDFISH,HMS:GENERAL & SWORDFISH,1,1
,,338486965,,,CHUMLINE,fishing,,FALSE,,garfo_name_match,possible,GARFO hull 1327857; permit 10208775,OTHER,OTHER,2026-10-06,typed non-FISHING; unique GARFO name match. To confirm: look up USCG official no. 1327857 in CGMIX PSIX; its call sign should be (none in AIS). GARFO permits: for-hire + open-access commercial. Also holds open-access commercial permits (directed: HMS:CHB COMMERCIAL SALE ENDORSEMENT); may fish commercially on some trips -- set the gear class manually,1_missed_fishing,typed non-FISHING; unique GARFO name match,CHUMLINE,USA,,20,0,0,20,0,1.818,0.35,,0.35,,,,,,unique_years,1327857,TRUE,10208775,2026,29,MA,for-hire + open-access commercial,,HMS:CHB COMMERCIAL SALE ENDORSEMENT,HMS:CHB COMMERCIAL SALE ENDORSEMENT,HMS:CHARTER/HEADBOAT; HMS:CHB COMMERCIAL SALE ENDORSEMENT,1,1
,,367577110,,,TUNA MILL 3,fishing,POLE_AND_LINE,FALSE,,garfo_name_match,possible,GARFO hull 904435; permit 10028900|251381,OTHER,OTHER,2026-10-06,"typed non-FISHING; unique GARFO name match. To confirm: look up USCG official no. 904435 in CGMIX PSIX; its call sign should be WDG8400. GARFO permits: for-hire + open-access commercial. Holds 10 open-access commercial permits, a typical party-boat bundle; POLE_AND_LINE suggested -- treat the gear class as possible",1_missed_fishing,typed non-FISHING; unique GARFO name match,TUNA MILL 3,USA,WDG8400,20,1,7,12,0,3.333,0.2,0,0.333,,,,,,unique_years,904435,TRUE,10028900|251381,"2024,2025,2026",43,RI,for-hire + open-access commercial,POLE_AND_LINE,ATLANTIC DEEP SEA RED CRAB:A|BLUEFISH:1|HMS:GENERAL & SWORDFISH|MONKFISH:E|NORTHEAST MULTI-SPECIES:HB|NORTHEAST MULTI-SPECIES:K|SPINY DOGFISH:1|SQUID/MACKEREL/BUTTERFISH:3|SQUID/MACKEREL/BUTTERFISH:4|TILEFISH:1,ATLANTIC DEEP SEA RED CRAB:A|BLUEFISH:1|HMS:GENERAL & SWORDFISH|NORTHEAST MULTI-SPECIES:HB|NORTHEAST MULTI-SPECIES:K|SPINY DOGFISH:1|SQUID/MACKEREL/BUTTERFISH:4|TILEFISH:1,BLUEFISH:1; SPINY DOGFISH:1; MONKFISH:E; NORTHEAST MULTI-SPECIES:HB; NORTHEAST MULTI-SPECIES:K; ATLANTIC DEEP SEA RED CRAB:A; SQUID/MACKEREL/BUTTERFISH:2; SQUID/MACKEREL/BUTTERFISH:3; SQUID/MACKEREL/BUTTERFISH:4; TILEFISH:1; TILEFISH:3 / HMS:GENERAL & SWORDFISH,1,1
,,338486843,,,BETTERDAYS3,fishing,,FALSE,,garfo_name_match,possible,GARFO hull 1330055; permit 10212259,OTHER,OTHER,2026-10-06,typed non-FISHING; unique GARFO name match. To confirm: look up USCG official no. 1330055 in CGMIX PSIX; its call sign should be (none in AIS). GARFO permits: for-hire + open-access commercial. Also holds open-access commercial permits (directed: HMS:CHB COMMERCIAL SALE ENDORSEMENT); may fish commercially on some trips -- set the gear class manually,1_missed_fishing,typed non-FISHING; unique GARFO name match,BETTERDAYS3,USA,,18,0,0,18,0,4.5,0.167,,0.167,,,,,,unique_years,1330055,TRUE,10212259,2026,45,NY,for-hire + open-access commercial,,HMS:CHB COMMERCIAL SALE ENDORSEMENT,HMS:CHB COMMERCIAL SALE ENDORSEMENT,HMS:CHARTER/HEADBOAT; HMS:CHB COMMERCIAL SALE ENDORSEMENT,1,1
,,338526651,,,EIDOLON,fishing,,FALSE,,garfo_name_match,possible,GARFO hull MS9573BX; permit 10228666,OTHER,OTHER,2026-10-06,typed non-FISHING; unique GARFO name match. State-registered hull MS9573BX; cannot be linked to a call sign. GARFO permits: for-hire + open-access commercial. Also holds open-access commercial permits (directed: HMS:CHB COMMERCIAL SALE ENDORSEMENT); may fish commercially on some trips -- set the gear class manually,1_missed_fishing,typed non-FISHING; unique GARFO name match,EIDOLON,USA,,18,0,0,18,0,9,0.222,,0.222,,,,,,unique_years,MS9573BX,FALSE,10228666,2026,25,MA,for-hire + open-access commercial,,HMS:CHB COMMERCIAL SALE ENDORSEMENT,HMS:CHB COMMERCIAL SALE ENDORSEMENT,HMS:CHARTER/HEADBOAT; HMS:CHB COMMERCIAL SALE ENDORSEMENT,1,1
,,303392000,,,COUGAR,fishing,POLE_AND_LINE,FALSE,,garfo_name_match,possible,GARFO hull 1317043; permit 10205595,PASSENGER,PASSENGER,2026-10-06,typed non-FISHING; unique GARFO name match. To confirm: look up USCG official no. 1317043 in CGMIX PSIX; its call sign should be (none in AIS). GARFO permits: for-hire,1_missed_fishing,typed non-FISHING; unique GARFO name match,COUGAR,USA,,17,0,5,12,0,2.429,0.059,0,0.083,,,,,,unique_years,1317043,TRUE,10205595,2026,42,LA,for-hire,POLE_AND_LINE,,,HMS:CHARTER/HEADBOAT,1,1
,,338109803,,,MANDIBLE,fishing,,FALSE,,garfo_name_match,possible,GARFO hull 1208182; permit 10216644,PASSENGER,PASSENGER,2026-10-06,typed non-FISHING; unique GARFO name match. To confirm: look up USCG official no. 1208182 in CGMIX PSIX; its call sign should be (none in AIS). GARFO permits: commercial,1_missed_fishing,typed non-FISHING; unique GARFO name match,MANDIBLE,USA,,17,0,0,17,0,2.429,0,,0,,,,,,unique_years,1208182,TRUE,10216644,2026,38,CT,commercial,,HMS:GENERAL,HMS:GENERAL,HMS:GENERAL,1,1
,,338529499,,,FAMILY THERAPY,fishing,POLE_AND_LINE,FALSE,,garfo_name_match,possible,GARFO hull 1324130; permit 10215522,PASSENGER,PASSENGER,2026-10-06,typed non-FISHING; unique GARFO name match. To confirm: look up USCG official no. 1324130 in CGMIX PSIX; its call sign should be (none in AIS). GARFO permits: for-hire,1_missed_fishing,typed non-FISHING; unique GARFO name match,FAMILY THERAPY,USA,,15,0,0,15,0,2.5,0.333,,0.333,,,,,,unique_years,1324130,TRUE,10215522,2026,38,FL,for-hire,POLE_AND_LINE,,,HMS:CHARTER/HEADBOAT,1,1
,,367534250,,,JAMIE HANNA,fishing,FIXED,FALSE,,garfo_name_match,possible,GARFO hull 1237945; permit 251770,OTHER,OTHER,2026-10-06,typed non-FISHING; unique GARFO name match. To confirm: look up USCG official no. 1237945 in CGMIX PSIX; its call sign should be WDG4220. GARFO permits: commercial,1_missed_fishing,typed non-FISHING; unique GARFO name match,JAMIE HANNA,USA,WDG4220,15,6,9,0,0,2.5,0.133,0.133,,,,,,,unique_years,1237945,TRUE,251770,"2016,2017",55,MA,commercial,FIXED,,,AMERICAN LOBSTER:A1,1,1
,,338439012,,,BREAM,fishing,,FALSE,,garfo_name_match,possible,GARFO hull 1329923; permit 10212202,OTHER,OTHER,2026-10-06,typed non-FISHING; unique GARFO name match. To confirm: look up USCG official no. 1329923 in CGMIX PSIX; its call sign should be (none in AIS). GARFO permits: for-hire + open-access commercial. Also holds open-access commercial permits (directed: HMS:CHB COMMERCIAL SALE ENDORSEMENT); may fish commercially on some trips -- set the gear class manually,1_missed_fishing,typed non-FISHING; unique GARFO name match,BREAM,USA,,14,0,0,14,0,1.273,0,,0,,,,,,unique_years,1329923,TRUE,10212202,2026,39,CT,for-hire + open-access commercial,,HMS:CHB COMMERCIAL SALE ENDORSEMENT,HMS:CHB COMMERCIAL SALE ENDORSEMENT,HMS:CHARTER/HEADBOAT; HMS:CHB COMMERCIAL SALE ENDORSEMENT,1,1
,,338506236,,,TRAVELER V,fishing,POLE_AND_LINE,FALSE,,garfo_name_match,possible,GARFO hull 1202490; permit 10219907,PASSENGER,PASSENGER,2026-10-06,typed non-FISHING; unique GARFO name match. To confirm: look up USCG official no. 1202490 in CGMIX PSIX; its call sign should be TRA V. GARFO permits: for-hire,1_missed_fishing,typed non-FISHING; unique GARFO name match,TRAVELER V,USA,TRA V,14,0,0,14,0,4.667,0.214,,0.214,,,,,,unique_years,1202490,TRUE,10219907,2026,64,FL,for-hire,POLE_AND_LINE,,,HMS:CHARTER/HEADBOAT,1,1
,,367444580,,,HAKUNA MATATA,fishing,FIXED,FALSE,,garfo_name_match,possible,GARFO hull 1252161; permit 233827,PASSENGER,PASSENGER,2026-10-06,typed non-FISHING; unique GARFO name match. To confirm: look up USCG official no. 1252161 in CGMIX PSIX; its call sign should be WDF3834. GARFO permits: commercial,1_missed_fishing,typed non-FISHING; unique GARFO name match,HAKUNA MATATA,USA,WDF3834,13,5,8,0,0,4.333,0.308,0.308,,,,,,,unique_years,1252161,TRUE,233827,"2016,2017,2018,2020,2021,2022,2023,2024,2025,2026",41,MA|ME,commercial,FIXED,,,AMERICAN LOBSTER:A1 / AMERICAN LOBSTER:AOC,1,1
,,367768610,,,ARIA / DREAM WEAVER,fishing,POLE_AND_LINE,FALSE,,garfo_name_match,possible,GARFO hull TX7438DE; permit 10204400,PASSENGER,PASSENGER,2026-10-06,typed non-FISHING; unique GARFO name match. State-registered hull TX7438DE; cannot be linked to a call sign. GARFO permits: for-hire,1_missed_fishing,typed non-FISHING; unique GARFO name match,ARIA / DREAM WEAVER,USA,WDJ3504,13,2,0,11,0,2.6,0,0,0,,,,,,unique_years,TX7438DE,FALSE,10204400,2026,45,TX,for-hire,POLE_AND_LINE,,,HMS:CHARTER/HEADBOAT,1,1
,,368252050,,,RAPSCALLION,fishing,POLE_AND_LINE,FALSE,,garfo_name_match,possible,GARFO hull MI9631BX; permit 10175722,PASSENGER,PASSENGER,2026-10-06,typed non-FISHING; unique GARFO name match. State-registered hull MI9631BX; cannot be linked to a call sign. GARFO permits: for-hire,1_missed_fishing,typed non-FISHING; unique GARFO name match,RAPSCALLION,USA,WDM9370,13,0,0,13,0,3.25,0.077,,0.077,,,,,,unique_years,MI9631BX,FALSE,10175722,2026,27,MS,for-hire,POLE_AND_LINE,,,HMS:CHARTER/HEADBOAT,1,1
,,338157209,,,KEUKA,fishing,,FALSE,,garfo_name_match,possible,GARFO hull ME15MSW; permit 150714,PASSENGER,PASSENGER,2026-10-06,typed non-FISHING; unique GARFO name match. State-registered hull ME15MSW; cannot be linked to a call sign. GARFO permits: commercial,1_missed_fishing,typed non-FISHING; unique GARFO name match,KEUKA,USA,,12,3,1,8,0,1.714,0,0,0,,,,,,unique_years,ME15MSW,FALSE,150714,"2016,2017,2018",25,ME,commercial,,BLUEFISH:1|HERRING:D|MONKFISH:E|NORTHEAST MULTI-SPECIES:HB|SKATE:1|SPINY DOGFISH:1|SQUID/MACKEREL/BUTTERFISH:3|SQUID/MACKEREL/BUTTERFISH:4|TILEFISH:1,BLUEFISH:1|HERRING:D|NORTHEAST MULTI-SPECIES:HB|SKATE:1|SPINY DOGFISH:1|SQUID/MACKEREL/BUTTERFISH:4|TILEFISH:1,BLUEFISH:1; SPINY DOGFISH:1; HERRING:D; MONKFISH:E; NORTHEAST MULTI-SPECIES:HB; SKATE:1; SQUID/MACKEREL/BUTTERFISH:3; SQUID/MACKEREL/BUTTERFISH:4; TILEFISH:1,1,1
,,338462164,,,WASABI,fishing,,FALSE,,garfo_name_match,possible,GARFO hull MS4133BM; permit 10192470,PASSENGER,PASSENGER,2026-10-06,typed non-FISHING; unique GARFO name match. State-registered hull MS4133BM; cannot be linked to a call sign. GARFO permits: for-hire + open-access commercial. Also holds open-access commercial permits (directed: HMS:CHB COMMERCIAL SALE ENDORSEMENT); may fish commercially on some trips -- set the gear class manually,1_missed_fishing,typed non-FISHING; unique GARFO name match,WASABI,USA,,11,0,0,11,0,1.833,0.364,,0.364,,,,,,unique_years,MS4133BM,FALSE,10192470,2026,28,MA,for-hire + open-access commercial,,HMS:CHB COMMERCIAL SALE ENDORSEMENT,HMS:CHB COMMERCIAL SALE ENDORSEMENT,HMS:CHARTER/HEADBOAT; HMS:CHB COMMERCIAL SALE ENDORSEMENT,1,1
,,366747620,,,MUTINY,fishing,FIXED,FALSE,,garfo_name_match,possible,GARFO hull 1338573; permit 234061,PASSENGER,PASSENGER,2026-10-06,typed non-FISHING; unique GARFO name match. To confirm: look up USCG official no. 1338573 in CGMIX PSIX; its call sign should be WCY3039. GARFO permits: commercial,1_missed_fishing,typed non-FISHING; unique GARFO name match,MUTINY,USA,WCY3039,11,0,2,9,0,2.75,0,0,0,,,,,,unique_years,1338573,TRUE,234061,"2023,2024,2025,2026",42,ME,commercial,FIXED,,,AMERICAN LOBSTER:A1,1,1
,,338135254,,,AHI NUI,fishing,,FALSE,,garfo_name_match,possible,GARFO hull 1229759; permit 10140104,OTHER,OTHER,2026-10-06,typed non-FISHING; unique GARFO name match. To confirm: look up USCG official no. 1229759 in CGMIX PSIX; its call sign should be AHI NUI. GARFO permits: for-hire + open-access commercial. Also holds open-access commercial permits (directed: HMS:CHB COMMERCIAL SALE ENDORSEMENT); may fish commercially on some trips -- set the gear class manually,1_missed_fishing,typed non-FISHING; unique GARFO name match,AHI NUI,USA,AHI NUI,10,0,0,10,0,3.333,0,,0,,,,,,unique_years,1229759,TRUE,10140104,2026,40,NJ,for-hire + open-access commercial,,HMS:CHB COMMERCIAL SALE ENDORSEMENT,HMS:CHB COMMERCIAL SALE ENDORSEMENT,HMS:CHARTER/HEADBOAT; HMS:CHB COMMERCIAL SALE ENDORSEMENT,1,1
,,338481111,,,THE DUKE,fishing,,FALSE,,garfo_name_match,possible,GARFO hull 1362785; permit 10235321,PASSENGER,PASSENGER,2026-10-06,typed non-FISHING; unique GARFO name match. To confirm: look up USCG official no. 1362785 in CGMIX PSIX; its call sign should be (none in AIS). GARFO permits: commercial,1_missed_fishing,typed non-FISHING; unique GARFO name match,THE DUKE,USA,,10,0,0,10,0,3.333,0,,0,,,,,,unique_years,1362785,TRUE,10235321,2026,41,RI,commercial,,HMS:GENERAL,HMS:GENERAL,HMS:GENERAL,1,1
,,366940460,,,AMETHYST,fishing,,FALSE,,garfo_name_match,possible,GARFO hull 1052798; permit 223646,PASSENGER,PASSENGER,2026-10-06,typed non-FISHING; unique GARFO name match. To confirm: look up USCG official no. 1052798 in CGMIX PSIX; its call sign should be WDB7318. GARFO permits: for-hire + open-access commercial. Also holds open-access commercial permits (directed: SPINY DOGFISH:1); may fish commercially on some trips -- set the gear class manually,1_missed_fishing,typed non-FISHING; unique GARFO name match,AMETHYST,USA,WDB7318,10,1,9,0,0,2,0.4,0.4,,,,,,,unique_years,1052798,TRUE,223646,"2016,2017,2018,2019",33,DE,for-hire + open-access commercial,,SPINY DOGFISH:1,SPINY DOGFISH:1,BLUEFISH:2; BLACK SEA BASS:2; SPINY DOGFISH:1; SUMMER FLOUNDER:2; NORTHEAST MULTI-SPECIES:I; SCUP:2; SQUID/MACKEREL/BUTTERFISH:2,1,1
,,367705130,,,VIKING SUPERSTAR,fishing,,FALSE,,garfo_name_match,possible,GARFO hull 567912; permit 320783,PASSENGER,PASSENGER,2026-10-06,typed non-FISHING; unique GARFO name match. To confirm: look up USCG official no. 567912 in CGMIX PSIX; its call sign should be WDI5096. GARFO permits: for-hire + open-access commercial. Also holds open-access commercial permits (directed: NORTHEAST MULTI-SPECIES:K|TILEFISH:1); may fish commercially on some trips -- set the gear class manually,1_missed_fishing,typed non-FISHING; unique GARFO name match,VIKING SUPERSTAR,USA,WDI5096,10,10,0,0,0,5,0.1,0.1,,,,,,,unique_years,567912,TRUE,320783,"2016,2017,2018,2019,2020,2021,2022,2023,2024,2025,2026",101,NY,for-hire + open-access commercial,,MONKFISH:E|NORTHEAST MULTI-SPECIES:K|TILEFISH:1,NORTHEAST MULTI-SPECIES:K|TILEFISH:1,BLUEFISH:2; BLACK SEA BASS:2; SUMMER FLOUNDER:2; MONKFISH:E; NORTHEAST MULTI-SPECIES:I; NORTHEAST MULTI-SPECIES:K; SCUP:2; SQUID/MACKEREL/BUTTERFISH:2; TILEFISH:1,1,1
,,338420656,,,VITESSE,fishing,,FALSE,,garfo_name_match,possible,GARFO hull MS8326BV; permit 10222822,PASSENGER,PASSENGER,2026-10-06,typed non-FISHING; unique GARFO name match. State-registered hull MS8326BV; cannot be linked to a call sign. GARFO permits: for-hire + open-access commercial. Also holds open-access commercial permits (directed: HMS:CHB COMMERCIAL SALE ENDORSEMENT); may fish commercially on some trips -- set the gear class manually,1_missed_fishing,typed non-FISHING; unique GARFO name match,VITESSE,USA,,9,0,1,8,0,3,0,0,0,,,,,,unique_years,MS8326BV,FALSE,10222822,2026,29.6,MA,for-hire + open-access commercial,,HMS:CHB COMMERCIAL SALE ENDORSEMENT,HMS:CHB COMMERCIAL SALE ENDORSEMENT,HMS:CHARTER/HEADBOAT; HMS:CHB COMMERCIAL SALE ENDORSEMENT,1,1
,,338540263,,,BIG STINK,fishing,,FALSE,,garfo_name_match,possible,GARFO hull 1357918; permit 10230462,OTHER,OTHER,2026-10-06,typed non-FISHING; unique GARFO name match. To confirm: look up USCG official no. 1357918 in CGMIX PSIX; its call sign should be (none in AIS). GARFO permits: commercial,1_missed_fishing,typed non-FISHING; unique GARFO name match,BIG STINK,USA,,9,0,0,9,0,1.5,0.111,,0.111,,,,,,unique_years,1357918,TRUE,10230462,2026,54,CT,commercial,,HMS:GENERAL & SWORDFISH,HMS:GENERAL & SWORDFISH,HMS:GENERAL & SWORDFISH,1,1
,,367071270,,,BEES KNEES,fishing,POLE_AND_LINE,FALSE,,garfo_name_match,possible,GARFO hull TX9944WK; permit 10234407,PASSENGER,PASSENGER,2026-10-06,typed non-FISHING; unique GARFO name match. State-registered hull TX9944WK; cannot be linked to a call sign. GARFO permits: for-hire,1_missed_fishing,typed non-FISHING; unique GARFO name match,BEES KNEES,USA,WDL3190,9,0,3,6,0,1.8,0,0,0,,,,,,unique_years,TX9944WK,FALSE,10234407,2026,44,TX,for-hire,POLE_AND_LINE,,,HMS:CHARTER/HEADBOAT,1,1
,,368467660,,,QUICKDRAW,fishing,,FALSE,,garfo_name_match,possible,GARFO hull 1175491; permit 10164496|251938,PASSENGER,PASSENGER,2026-10-06,typed non-FISHING; unique GARFO name match. To confirm: look up USCG official no. 1175491 in CGMIX PSIX; its call sign should be WDQ9035. GARFO permits: for-hire + open-access commercial. Also holds open-access commercial permits (directed: SPINY DOGFISH:1); may fish commercially on some trips -- set the gear class manually,1_missed_fishing,typed non-FISHING; unique GARFO name match,QUICKDRAW,USA,WDQ9035,9,0,0,9,0,4.5,0.556,,0.556,,,,,,unique_years,1175491,TRUE,10164496|251938,"2024,2025,2026",46,DE,for-hire + open-access commercial,,MONKFISH:E|SPINY DOGFISH:1,SPINY DOGFISH:1,BLUEFISH:2; BLACK SEA BASS:2; SPINY DOGFISH:1; SUMMER FLOUNDER:2; MONKFISH:E; NORTHEAST MULTI-SPECIES:I; SCUP:2; SQUID/MACKEREL/BUTTERFISH:2; TILEFISH:2 / HMS:CHARTER/HEADBOAT,1,1
,,367689360,,,MARIA,fishing,,FALSE,,garfo_name_match,possible,GARFO hull NJ4186GR; permit 151651,PASSENGER,PASSENGER,2026-10-06,typed non-FISHING; unique GARFO name match. State-registered hull NJ4186GR; cannot be linked to a call sign. GARFO permits: commercial,1_missed_fishing,typed non-FISHING; unique GARFO name match,MARIA,USA,WDI3537,8,3,1,4,0,1.6,0,0,0,,,,,,unique_years,NJ4186GR,FALSE,151651,"2016,2017,2018",25,NJ,commercial,,BLUEFISH:1|HERRING:D|SKATE:1|SPINY DOGFISH:1,BLUEFISH:1|HERRING:D|SKATE:1|SPINY DOGFISH:1,BLUEFISH:1; SPINY DOGFISH:1; HERRING:D; SKATE:1,1,1
,,368366890,,,REEL BLUE,fishing,,FALSE,,garfo_name_match,possible,GARFO hull 1351572; permit 10227444,PASSENGER,PASSENGER,2026-10-06,typed non-FISHING; unique GARFO name match. To confirm: look up USCG official no. 1351572 in CGMIX PSIX; its call sign should be N/A. GARFO permits: for-hire + open-access commercial. Also holds open-access commercial permits (directed: HMS:CHB COMMERCIAL SALE ENDORSEMENT); may fish commercially on some trips -- set the gear class manually,1_missed_fishing,typed non-FISHING; unique GARFO name match,REEL BLUE,USA,N/A,8,0,0,8,0,2.667,0.125,,0.125,,,,,,unique_years,1351572,TRUE,10227444,2026,44,NY,for-hire + open-access commercial,,HMS:CHB COMMERCIAL SALE ENDORSEMENT,HMS:CHB COMMERCIAL SALE ENDORSEMENT,HMS:CHARTER/HEADBOAT; HMS:CHB COMMERCIAL SALE ENDORSEMENT,1,1
,,368028850,,,BEAR,fishing,MOBILE,FALSE,,garfo_name_match,possible,GARFO hull 674417; permit 310571,PASSENGER,PASSENGER,2026-10-06,typed non-FISHING; unique GARFO name match. To confirm: look up USCG official no. 674417 in CGMIX PSIX; its call sign should be WDJ9730. GARFO permits: commercial,1_missed_fishing,typed non-FISHING; unique GARFO name match,BEAR,USA,WDJ9730,7,2,5,0,0,2.333,0,0,,,,,,,unique_years,674417,TRUE,310571,"2016,2017,2018,2019,2020,2021,2022,2023,2024,2025,2026",68,NJ,commercial,MOBILE,BLUEFISH:1|MONKFISH:E|NORTHEAST MULTI-SPECIES:HB|NORTHEAST MULTI-SPECIES:K|SKATE:1|SPINY DOGFISH:1|TILEFISH:1,BLUEFISH:1|NORTHEAST MULTI-SPECIES:HB|NORTHEAST MULTI-SPECIES:K|SKATE:1|SPINY DOGFISH:1|TILEFISH:1,BLUEFISH:1; SPINY DOGFISH:1; GENERAL CATEGORY SCALLOP:A; MONKFISH:E; NORTHEAST MULTI-SPECIES:HB; NORTHEAST MULTI-SPECIES:K; SKATE:1; TILEFISH:1,1,1
,,368132310,,,FAVORITE CHILD / THREE BELLES,fishing,FIXED,FALSE,,garfo_name_match,possible,GARFO hull 1134951; permit 233418,PASSENGER,PASSENGER,2026-10-06,typed non-FISHING; unique GARFO name match. To confirm: look up USCG official no. 1134951 in CGMIX PSIX; its call sign should be WDL4528. GARFO permits: commercial,1_missed_fishing,typed non-FISHING; unique GARFO name match,FAVORITE CHILD / THREE BELLES,USA,WDL4528,7,0,1,6,0,1.75,0,0,0,,,,,,unique_years,1134951,TRUE,233418,"2016,2017,2018,2019,2020,2021,2022,2023,2024,2025,2026",35,ME,commercial,FIXED,,,AMERICAN LOBSTER:A1,1,1
,,368222940,,,LAZY LIGHTNING,fishing,,FALSE,,garfo_name_match,possible,GARFO hull 1306311; permit 215815,PASSENGER,PASSENGER,2026-10-06,typed non-FISHING; unique GARFO name match. To confirm: look up USCG official no. 1306311 in CGMIX PSIX; its call sign should be WDM6185. GARFO permits: commercial,1_missed_fishing,typed non-FISHING; unique GARFO name match,LAZY LIGHTNING,USA,WDM6185,7,0,0,7,0,1.75,0,,0,,,,,,unique_years,1306311,TRUE,215815,2024,27,MA,commercial,,NORTHEAST MULTI-SPECIES:HB,NORTHEAST MULTI-SPECIES:HB,NORTHEAST MULTI-SPECIES:HB,1,1
,,368478540,,,LIGHT & VARIABLE,fishing,,FALSE,,garfo_name_match,possible,GARFO hull 1366756; permit 10237458,PASSENGER,PASSENGER,2026-10-06,typed non-FISHING; unique GARFO name match. To confirm: look up USCG official no. 1366756 in CGMIX PSIX; its call sign should be WDR2270. GARFO permits: for-hire + open-access commercial. Also holds open-access commercial permits (directed: HMS:CHB COMMERCIAL SALE ENDORSEMENT); may fish commercially on some trips -- set the gear class manually,1_missed_fishing,typed non-FISHING; unique GARFO name match,LIGHT & VARIABLE,USA,WDR2270,7,0,0,7,0,7,0.714,,0.714,,,,,,unique_years,1366756,TRUE,10237458,2026,29,MA,for-hire + open-access commercial,,HMS:CHB COMMERCIAL SALE ENDORSEMENT,HMS:CHB COMMERCIAL SALE ENDORSEMENT,HMS:CHARTER/HEADBOAT; HMS:CHB COMMERCIAL SALE ENDORSEMENT,1,1
,,338036788,,,ADIOS,fishing,,FALSE,,garfo_name_match,possible,GARFO hull 544267; permit 10018102|220359,PASSENGER,PASSENGER,2026-10-06,typed non-FISHING; unique GARFO name match. To confirm: look up USCG official no. 544267 in CGMIX PSIX; its call sign should be WAK8611. GARFO permits: commercial + for-hire,1_missed_fishing,typed non-FISHING; unique GARFO name match,ADIOS,USA,WAK8611,6,2,4,0,0,1.2,0,0,,,,,,,unique_years,544267,TRUE,10018102|220359,"2016,2017,2018,2019,2020,2021,2022,2023,2024,2025,2026",33.8,FL,commercial + for-hire,,SKATE:1,SKATE:1,BLUEFISH:2; BLACK SEA BASS:2; SUMMER FLOUNDER:2; NORTHEAST MULTI-SPECIES:A; SCUP:2; SKATE:1 / HMS:CHARTER/HEADBOAT,1,1
,,338107136,,,WALRUS,fishing,FIXED,FALSE,,garfo_name_match,possible,GARFO hull NH1429BN; permit 150290,PASSENGER,PASSENGER,2026-10-06,typed non-FISHING; unique GARFO name match. State-registered hull NH1429BN; cannot be linked to a call sign. GARFO permits: commercial,1_missed_fishing,typed non-FISHING; unique GARFO name match,WALRUS,USA,KVC6392,6,6,0,0,0,2,0,0,,,,,,,unique_years,NH1429BN,FALSE,150290,"2016,2017,2018",20,NH,commercial,FIXED,ATLANTIC DEEP SEA RED CRAB:A|BLUEFISH:1|HERRING:D|MONKFISH:E|NORTHEAST MULTI-SPECIES:HB|NORTHEAST MULTI-SPECIES:K|SKATE:1|SPINY DOGFISH:1|TILEFISH:1,ATLANTIC DEEP SEA RED CRAB:A|BLUEFISH:1|HERRING:D|NORTHEAST MULTI-SPECIES:HB|NORTHEAST MULTI-SPECIES:K|SKATE:1|SPINY DOGFISH:1|TILEFISH:1,SUMMER FLOUNDER:1; AMERICAN LOBSTER:A3; AMERICAN LOBSTER:A6; NORTHEAST MULTI-SPECIES:HB / BLUEFISH:1; SPINY DOGFISH:1; HERRING:D; AMERICAN LOBSTER:A1; MONKFISH:E; NORTHEAST MULTI-SPECIES:HB; NORTHEAST MULTI-SPECIES:K; ATLANTIC DEEP SEA RED CRAB:A; SKATE:1; TILEFISH:1,1,1
,,338142025,,,CONSTELLATIONS / MOONRISE,fishing,FIXED,FALSE,,garfo_name_match,possible,GARFO hull 1031980; permit 232544,PASSENGER,PASSENGER,2026-10-06,typed non-FISHING; unique GARFO name match. To confirm: look up USCG official no. 1031980 in CGMIX PSIX; its call sign should be (none in AIS). GARFO permits: commercial,1_missed_fishing,typed non-FISHING; unique GARFO name match,CONSTELLATIONS / MOONRISE,USA,,6,3,1,2,0,1.2,0,0,0,,,,,,unique_years,1031980,TRUE,232544,"2016,2017,2018,2019,2020,2021,2022,2023,2024,2025,2026",38,ME,commercial,FIXED,,,AMERICAN LOBSTER:A1,1,1
,,338244521,,,TIN LIZZY,fishing,,FALSE,,garfo_name_match,possible,GARFO hull 1184367; permit 10100527,OTHER,OTHER,2026-10-06,typed non-FISHING; unique GARFO name match. To confirm: look up USCG official no. 1184367 in CGMIX PSIX; its call sign should be (none in AIS). GARFO permits: for-hire + open-access commercial. Also holds open-access commercial permits (directed: HMS:CHB COMMERCIAL SALE ENDORSEMENT); may fish commercially on some trips -- set the gear class manually,1_missed_fishing,typed non-FISHING; unique GARFO name match,TIN LIZZY,USA,,6,0,0,6,0,2,0.333,,0.333,,,,,,unique_years,1184367,TRUE,10100527,2026,48,RI,for-hire + open-access commercial,,HMS:CHB COMMERCIAL SALE ENDORSEMENT,HMS:CHB COMMERCIAL SALE ENDORSEMENT,HMS:CHARTER/HEADBOAT; HMS:CHB COMMERCIAL SALE ENDORSEMENT,1,1
,,338249994,,,DAYSTAR,fishing,FIXED,FALSE,,garfo_name_match,possible,GARFO hull 951659; permit 222908,PASSENGER,PASSENGER,2026-10-06,typed non-FISHING; unique GARFO name match. To confirm: look up USCG official no. 951659 in CGMIX PSIX; its call sign should be (none in AIS). GARFO permits: commercial,1_missed_fishing,typed non-FISHING; unique GARFO name match,DAYSTAR,USA,,6,0,6,0,0,1.5,0,0,,,,,,,unique_years,951659,TRUE,222908,"2021,2022,2023",35,ME,commercial,FIXED,,,AMERICAN LOBSTER:A1,1,1
,,338365208,,,FAR OUT,fishing,,FALSE,,garfo_name_match,possible,GARFO hull FL9730SY; permit 10211662,PASSENGER,PASSENGER,2026-10-06,typed non-FISHING; unique GARFO name match. State-registered hull FL9730SY; cannot be linked to a call sign. GARFO permits: for-hire + open-access commercial. Also holds open-access commercial permits (directed: HMS:CHB COMMERCIAL SALE ENDORSEMENT); may fish commercially on some trips -- set the gear class manually,1_missed_fishing,typed non-FISHING; unique GARFO name match,FAR OUT,USA,,6,0,3,3,0,1.5,0,0,0,,,,,,unique_years,FL9730SY,FALSE,10211662,2026,28,FL,for-hire + open-access commercial,,HMS:CHB COMMERCIAL SALE ENDORSEMENT,HMS:CHB COMMERCIAL SALE ENDORSEMENT,HMS:CHARTER/HEADBOAT; HMS:CHB COMMERCIAL SALE ENDORSEMENT,1,1
,,338367869,,,FISH & CHIPS,fishing,POLE_AND_LINE,FALSE,,garfo_name_match,possible,GARFO hull 1299646; permit 10144846|215671,OTHER,OTHER,2026-10-06,typed non-FISHING; unique GARFO name match. To confirm: look up USCG official no. 1299646 in CGMIX PSIX; its call sign should be (none in AIS). GARFO permits: for-hire,1_missed_fishing,typed non-FISHING; unique GARFO name match,FISH & CHIPS,USA,,6,0,4,2,0,1,0,0,0,,,,,,unique_years,1299646,TRUE,10144846|215671,"2024,2025,2026",33,NY,for-hire,POLE_AND_LINE,,,BLUEFISH:2; BLACK SEA BASS:2; SUMMER FLOUNDER:2; NORTHEAST MULTI-SPECIES:I; SCUP:2; SQUID/MACKEREL/BUTTERFISH:2; TILEFISH:2 / HMS:CHARTER/HEADBOAT,1,1
,,338442621,,,SEA MONKEY,fishing,POLE_AND_LINE,FALSE,,garfo_name_match,possible,GARFO hull DL6967AM; permit 153678,OTHER,OTHER,2026-10-06,typed non-FISHING; unique GARFO name match. State-registered hull DL6967AM; cannot be linked to a call sign. GARFO permits: for-hire,1_missed_fishing,typed non-FISHING; unique GARFO name match,SEA MONKEY,USA,,6,0,1,5,0,1,0,0,0,,,,,,unique_years,DL6967AM,FALSE,153678,"2022,2023,2024,2025,2026",27,DE|PA,for-hire,POLE_AND_LINE,,,BLACK SEA BASS:2; SUMMER FLOUNDER:2; NORTHEAST MULTI-SPECIES:I,1,1
,,367658670,,,MISS JILLIAN,fishing,,FALSE,,garfo_name_match,possible,GARFO hull 1180056; permit 10108708,OTHER,OTHER,2026-10-06,typed non-FISHING; unique GARFO name match. To confirm: look up USCG official no. 1180056 in CGMIX PSIX; its call sign should be WDH8503. GARFO permits: commercial,1_missed_fishing,typed non-FISHING; unique GARFO name match,MISS JILLIAN,USA,WDH8503,6,0,0,6,0,1.5,0.5,,0.5,,,,,,unique_years,1180056,TRUE,10108708,2026,61,FL,commercial,,HMS:GENERAL,HMS:GENERAL,HMS:GENERAL,1,1
,,367711570,,,BLOODHOUND,fishing,POLE_AND_LINE,FALSE,,garfo_name_match,possible,GARFO hull 1323061; permit 215510,PASSENGER,PASSENGER,2026-10-06,"typed non-FISHING; unique GARFO name match. To confirm: look up USCG official no. 1323061 in CGMIX PSIX; its call sign should be WBP4264. GARFO permits: for-hire + open-access commercial. Holds 5 open-access commercial permits, a typical party-boat bundle; POLE_AND_LINE suggested -- treat the gear class as possible",1_missed_fishing,typed non-FISHING; unique GARFO name match,BLOODHOUND,USA,WBP4264,6,3,0,3,0,1.5,0,0,0,,,,,,unique_years,1323061,TRUE,215510,"2021,2022,2023",30,VA,for-hire + open-access commercial,POLE_AND_LINE,NORTHEAST MULTI-SPECIES:HB|SKATE:1|SPINY DOGFISH:1|SQUID/MACKEREL/BUTTERFISH:3|SQUID/MACKEREL/BUTTERFISH:4,NORTHEAST MULTI-SPECIES:HB|SKATE:1|SPINY DOGFISH:1|SQUID/MACKEREL/BUTTERFISH:4,BLUEFISH:2; BLACK SEA BASS:2; SPINY DOGFISH:1; SUMMER FLOUNDER:2; NORTHEAST MULTI-SPECIES:HB; NORTHEAST MULTI-SPECIES:I; SCUP:2; SKATE:1; SQUID/MACKEREL/BUTTERFISH:2; SQUID/MACKEREL/BUTTERFISH:3; SQUID/MACKEREL/BUTTERFISH:4; TILEFISH:2; TILEFISH:3,1,1
,,368053520,,,SHOOTER,fishing,,FALSE,,garfo_name_match,possible,GARFO hull 987264; permit 10224727|243157,PASSENGER,PASSENGER,2026-10-06,typed non-FISHING; unique GARFO name match. To confirm: look up USCG official no. 987264 in CGMIX PSIX; its call sign should be (none in AIS). GARFO permits: for-hire + open-access commercial. Also holds open-access commercial permits (directed: HMS:CHB COMMERCIAL SALE ENDORSEMENT); may fish commercially on some trips -- set the gear class manually,1_missed_fishing,typed non-FISHING; unique GARFO name match,SHOOTER,USA,,6,0,0,6,0,1,0,,0,,,,,,unique_years,987264,TRUE,10224727|243157,"2023,2024,2025,2026",46,DE,for-hire + open-access commercial,,HMS:CHB COMMERCIAL SALE ENDORSEMENT,HMS:CHB COMMERCIAL SALE ENDORSEMENT,BLUEFISH:2; BLACK SEA BASS:2; SUMMER FLOUNDER:2; NORTHEAST MULTI-SPECIES:I; SCUP:2; TILEFISH:2 / HMS:CHARTER/HEADBOAT; HMS:CHB COMMERCIAL SALE ENDORSEMENT,1,1
,,368446330,,,SANDBOB,fishing,,FALSE,,garfo_name_match,possible,GARFO hull 1358391; permit 10231094,OTHER,OTHER,2026-10-06,typed non-FISHING; unique GARFO name match. To confirm: look up USCG official no. 1358391 in CGMIX PSIX; its call sign should be WDQ6710. GARFO permits: for-hire + open-access commercial. Also holds open-access commercial permits (directed: HMS:CHB COMMERCIAL SALE ENDORSEMENT); may fish commercially on some trips -- set the gear class manually,1_missed_fishing,typed non-FISHING; unique GARFO name match,SANDBOB,USA,WDQ6710,6,0,0,6,0,1.2,0,,0,,,,,,unique_years,1358391,TRUE,10231094,2026,74,FL,for-hire + open-access commercial,,HMS:CHB COMMERCIAL SALE ENDORSEMENT,HMS:CHB COMMERCIAL SALE ENDORSEMENT,HMS:CHARTER/HEADBOAT; HMS:CHB COMMERCIAL SALE ENDORSEMENT,1,1
,,338441038,,,REEL FRIENDS,fishing,,FALSE,,garfo_name_match,possible,GARFO hull 1257581; permit 10206858,PASSENGER,PASSENGER,2026-10-06,typed non-FISHING; unique GARFO name match. To confirm: look up USCG official no. 1257581 in CGMIX PSIX; its call sign should be MIKE. GARFO permits: commercial,1_missed_fishing,typed non-FISHING; unique GARFO name match,REEL FRIENDS,USA,MIKE,5,0,1,4,0,1,0,0,0,,,,,,unique_years,1257581,TRUE,10206858,2026,51,MA,commercial,,HMS:GENERAL,HMS:GENERAL,HMS:GENERAL,1,1
,,338452813,,,OUR WAY,fishing,POLE_AND_LINE,FALSE,,garfo_name_match,possible,GARFO hull 1153004; permit 10099421,PASSENGER,PASSENGER,2026-10-06,typed non-FISHING; unique GARFO name match. To confirm: look up USCG official no. 1153004 in CGMIX PSIX; its call sign should be (none in AIS). GARFO permits: for-hire,1_missed_fishing,typed non-FISHING; unique GARFO name match,OUR WAY,USA,,5,0,0,5,0,1.25,0,,0,,,,,,unique_years,1153004,TRUE,10099421,2026,43,AL,for-hire,POLE_AND_LINE,,,HMS:CHARTER/HEADBOAT,1,1
,,367061010,,,LUCKY LADY / LYRA,fishing,FIXED,FALSE,,garfo_name_match,possible,GARFO hull 1020968; permit 232368,PASSENGER,PASSENGER,2026-10-06,typed non-FISHING; unique GARFO name match. To confirm: look up USCG official no. 1020968 in CGMIX PSIX; its call sign should be WDG2725. GARFO permits: commercial,1_missed_fishing,typed non-FISHING; unique GARFO name match,LUCKY LADY / LYRA,USA,WDG2725,5,3,0,2,0,1.667,0,0,0,,,,,,unique_years,1020968,TRUE,232368,"2024,2025,2026",35.9,MA,commercial,FIXED,ATLANTIC DEEP SEA RED CRAB:A|BLUEFISH:1|HERRING:D|MONKFISH:E|NORTHEAST MULTI-SPECIES:HB|NORTHEAST MULTI-SPECIES:K|SKATE:1|SPINY DOGFISH:1|SQUID/MACKEREL/BUTTERFISH:3|SQUID/MACKEREL/BUTTERFISH:4|TILEFISH:1,ATLANTIC DEEP SEA RED CRAB:A|BLUEFISH:1|HERRING:D|NORTHEAST MULTI-SPECIES:HB|NORTHEAST MULTI-SPECIES:K|SKATE:1|SPINY DOGFISH:1|SQUID/MACKEREL/BUTTERFISH:4|TILEFISH:1,BLUEFISH:1; SPINY DOGFISH:1; HERRING:D; AMERICAN LOBSTER:A1; MONKFISH:E; NORTHEAST MULTI-SPECIES:HB; NORTHEAST MULTI-SPECIES:K; ATLANTIC DEEP SEA RED CRAB:A; SKATE:1; SQUID/MACKEREL/BUTTERFISH:3; SQUID/MACKEREL/BUTTERFISH:4; TILEFISH:1,1,1
,,367654650,,,NO DOUBT,fishing,,FALSE,,garfo_name_match,possible,GARFO hull 629190; permit 10119002,PASSENGER,PASSENGER,2026-10-06,typed non-FISHING; unique GARFO name match. To confirm: look up USCG official no. 629190 in CGMIX PSIX; its call sign should be WDH8099. GARFO permits: for-hire + open-access commercial. Also holds open-access commercial permits (directed: HMS:CHB COMMERCIAL SALE ENDORSEMENT); may fish commercially on some trips -- set the gear class manually,1_missed_fishing,typed non-FISHING; unique GARFO name match,NO DOUBT,USA,WDH8099,5,0,0,5,0,1.667,0,,0,,,,,,unique_years,629190,TRUE,10119002,2026,60,AL,for-hire + open-access commercial,,HMS:CHB COMMERCIAL SALE ENDORSEMENT,HMS:CHB COMMERCIAL SALE ENDORSEMENT,HMS:CHARTER/HEADBOAT; HMS:CHB COMMERCIAL SALE ENDORSEMENT,1,1
,,367720780,,,LAMPLIGHTER,fishing,,FALSE,,garfo_name_match,possible,GARFO hull 900414; permit 10014264|221489,OTHER,OTHER,2026-10-06,typed non-FISHING; unique GARFO name match. To confirm: look up USCG official no. 900414 in CGMIX PSIX; its call sign should be WDI6648. GARFO permits: commercial,1_missed_fishing,typed non-FISHING; unique GARFO name match,LAMPLIGHTER,USA,WDI6648,5,0,3,2,0,1.667,0.2,0,0.5,,,,,,unique_years,900414,TRUE,10014264|221489,"2016,2017,2018,2019,2020,2021,2022,2023,2024,2025,2026",34.9,NY,commercial,,ATLANTIC DEEP SEA RED CRAB:A|BLUEFISH:1|HERRING:D|HMS:GENERAL & SWORDFISH|MONKFISH:E|SKATE:1|SPINY DOGFISH:1|SQUID/MACKEREL/BUTTERFISH:3|SQUID/MACKEREL/BUTTERFISH:4|TILEFISH:1,ATLANTIC DEEP SEA RED CRAB:A|BLUEFISH:1|HERRING:D|HMS:GENERAL & SWORDFISH|SKATE:1|SPINY DOGFISH:1|SQUID/MACKEREL/BUTTERFISH:4|TILEFISH:1,BLUEFISH:1; BLACK SEA BASS:1; SPINY DOGFISH:1; SUMMER FLOUNDER:1; HERRING:D; AMERICAN LOBSTER:1; MONKFISH:E; NORTHEAST MULTI-SPECIES:A; ATLANTIC DEEP SEA RED CRAB:A; SCUP:1; SKATE:1; SQUID/MACKEREL/BUTTERFISH:3; SQUID/MACKEREL/BUTTERFISH:4; TILEFISH:1 / HMS:GENERAL & SWORDFISH,1,1
,,368328390,,,MAMA BEAR,fishing,,FALSE,,garfo_name_match,possible,GARFO hull 1231541; permit 10210923,PASSENGER,PASSENGER,2026-10-06,typed non-FISHING; unique GARFO name match. To confirm: look up USCG official no. 1231541 in CGMIX PSIX; its call sign should be WDN9585. GARFO permits: commercial,1_missed_fishing,typed non-FISHING; unique GARFO name match,MAMA BEAR,USA,WDN9585,5,0,0,5,0,1.667,0,,0,,,,,,unique_years,1231541,TRUE,10210923,2026,36,RI,commercial,,HMS:GENERAL,HMS:GENERAL,HMS:GENERAL,1,1
,,368413570,,,AMERICAN PATRIOT,fishing,POLE_AND_LINE,FALSE,,garfo_name_match,possible,GARFO hull 592015; permit 10035507,CARGO,CARGO,2026-10-06,typed non-FISHING; unique GARFO name match. To confirm: look up USCG official no. 592015 in CGMIX PSIX; its call sign should be WDQ3079. GARFO permits: for-hire,1_missed_fishing,typed non-FISHING; unique GARFO name match,AMERICAN PATRIOT,USA,WDQ3079,5,0,0,5,0,1.667,0,,0,,,,,,unique_years,592015,TRUE,10035507,2026,120,FL,for-hire,POLE_AND_LINE,,,HMS:CHARTER/HEADBOAT,1,1
,,368447170,,,SALTY LINES,fishing,,FALSE,,garfo_name_match,possible,GARFO hull 1245077; permit 10153153,PASSENGER,PASSENGER,2026-10-06,typed non-FISHING; unique GARFO name match. To confirm: look up USCG official no. 1245077 in CGMIX PSIX; its call sign should be WDQ6808. GARFO permits: commercial,1_missed_fishing,typed non-FISHING; unique GARFO name match,SALTY LINES,USA,WDQ6808,5,0,0,5,0,2.5,0,,0,,,,,,unique_years,1245077,TRUE,10153153,2026,43,RI,commercial,,HMS:GENERAL,HMS:GENERAL,HMS:GENERAL,1,1
,,338034966,,,ENDANGERED SPECIES,fishing,FIXED,FALSE,,garfo_name_match,possible,GARFO hull 961604; permit 222124,PASSENGER,PASSENGER,2026-10-06,typed non-FISHING; unique GARFO name match. To confirm: look up USCG official no. 961604 in CGMIX PSIX; its call sign should be WDA7693. GARFO permits: commercial,1_missed_fishing,typed non-FISHING; unique GARFO name match,ENDANGERED SPECIES,USA,WDA7693,4,0,0,4,0,2,0,,0,,,,,,unique_years,961604,TRUE,222124,"2025,2026",35,ME,commercial,FIXED,,,AMERICAN LOBSTER:A1,1,1
,,338477721,,,GRAND FINALE,fishing,FIXED,FALSE,,garfo_name_match,possible,GARFO hull 1307076; permit 251893,PASSENGER,PASSENGER,2026-10-06,typed non-FISHING; unique GARFO name match. To confirm: look up USCG official no. 1307076 in CGMIX PSIX; its call sign should be (none in AIS). GARFO permits: commercial,1_missed_fishing,typed non-FISHING; unique GARFO name match,GRAND FINALE,USA,,4,0,0,4,0,1,0,,0,,,,,,unique_years,1307076,TRUE,251893,"2020,2021,2022,2023,2024,2025,2026",44,ME,commercial,FIXED,,,AMERICAN LOBSTER:A1,1,1
,,338535888,,,NO RESERVATIONS,fishing,,FALSE,,garfo_name_match,possible,GARFO hull CT0012BR; permit 10232631,PASSENGER,PASSENGER,2026-10-06,typed non-FISHING; unique GARFO name match. State-registered hull CT0012BR; cannot be linked to a call sign. GARFO permits: commercial,1_missed_fishing,typed non-FISHING; unique GARFO name match,NO RESERVATIONS,USA,,4,0,0,4,0,1.333,0,,0,,,,,,unique_years,CT0012BR,FALSE,10232631,2026,43,CT,commercial,,HMS:GENERAL,HMS:GENERAL,HMS:GENERAL,1,1
,,338556027,,,WAYWARD,fishing,,FALSE,,garfo_name_match,possible,GARFO hull RI3568AA; permit 10237780,OTHER,OTHER,2026-10-06,typed non-FISHING; unique GARFO name match. State-registered hull RI3568AA; cannot be linked to a call sign. GARFO permits: commercial,1_missed_fishing,typed non-FISHING; unique GARFO name match,WAYWARD,USA,,4,0,0,4,0,4,0,,0,,,,,,unique_years,RI3568AA,FALSE,10237780,2026,25,RI,commercial,,HMS:GENERAL,HMS:GENERAL,HMS:GENERAL,1,1
,,367573750,,,STARBURST,fishing,FIXED,FALSE,,garfo_name_match,possible,GARFO hull 964718; permit 242619,PASSENGER,PASSENGER,2026-10-06,typed non-FISHING; unique GARFO name match. To confirm: look up USCG official no. 964718 in CGMIX PSIX; its call sign should be WDG8075. GARFO permits: commercial,1_missed_fishing,typed non-FISHING; unique GARFO name match,STARBURST,USA,WDG8075,4,2,0,2,0,1.333,0,0,0,,,,,,unique_years,964718,TRUE,242619,"2016,2017,2018,2019,2020,2021,2022,2023,2024,2025,2026",44.9,ME,commercial,FIXED,,,AMERICAN LOBSTER:A1,1,1
,,367663310,,,LA BELLA VITA / SOTERIA,fishing,FIXED,FALSE,,garfo_name_match,possible,GARFO hull 1241019; permit 223754,PASSENGER,PASSENGER,2026-10-06,typed non-FISHING; unique GARFO name match. To confirm: look up USCG official no. 1241019 in CGMIX PSIX; its call sign should be WDH3505. GARFO permits: commercial,1_missed_fishing,typed non-FISHING; unique GARFO name match,LA BELLA VITA / SOTERIA,USA,WDH3505,4,4,0,0,0,2,0,0,,,,,,,unique_years,1241019,TRUE,223754,"2016,2017,2018,2019,2020,2021,2022,2023,2024,2025,2026",38.3,ME,commercial,FIXED,,,AMERICAN LOBSTER:A1,1,1
,,368462930,,,OVERTON BAY,fishing,FIXED,FALSE,,garfo_name_match,possible,GARFO hull MS1853BZ; permit 155449,OTHER,OTHER,2026-10-06,typed non-FISHING; unique GARFO name match. State-registered hull MS1853BZ; cannot be linked to a call sign. GARFO permits: commercial,1_missed_fishing,typed non-FISHING; unique GARFO name match,OVERTON BAY,USA,WDQ8526,4,0,0,4,0,2,0,,0,,,,,,unique_years,MS1853BZ,FALSE,155449,2026,49,MA,commercial,FIXED,ATLANTIC DEEP SEA RED CRAB:A|BLUEFISH:1|HERRING:D|MONKFISH:E|SKATE:1|SQUID/MACKEREL/BUTTERFISH:3|SQUID/MACKEREL/BUTTERFISH:4|TILEFISH:1,ATLANTIC DEEP SEA RED CRAB:A|BLUEFISH:1|HERRING:D|SKATE:1|SQUID/MACKEREL/BUTTERFISH:4|TILEFISH:1,BLUEFISH:1; BLACK SEA BASS:1; HERRING:D; AMERICAN LOBSTER:A2; MONKFISH:E; NORTHEAST MULTI-SPECIES:D; ATLANTIC DEEP SEA RED CRAB:A; SCUP:1; SKATE:1; SQUID/MACKEREL/BUTTERFISH:3; SQUID/MACKEREL/BUTTERFISH:4; TILEFISH:1,1,1
,,338023443,,,PYEWACKET,fishing,FIXED,FALSE,,garfo_name_match,possible,GARFO hull 559151; permit 211996,PASSENGER,PASSENGER,2026-10-06,typed non-FISHING; unique GARFO name match. To confirm: look up USCG official no. 559151 in CGMIX PSIX; its call sign should be WBA3186. GARFO permits: commercial,1_missed_fishing,typed non-FISHING; unique GARFO name match,PYEWACKET,USA,WBA3186,3,3,0,0,0,1.5,0,0,,,,,,,unique_years,559151,TRUE,211996,"2016,2017,2018,2019",42.2,MA,commercial,FIXED,ATLANTIC DEEP SEA RED CRAB:A|BLUEFISH:1|HERRING:D|SKATE:1|SPINY DOGFISH:1|SQUID/MACKEREL/BUTTERFISH:3|SQUID/MACKEREL/BUTTERFISH:4|TILEFISH:1,ATLANTIC DEEP SEA RED CRAB:A|BLUEFISH:1|HERRING:D|SKATE:1|SPINY DOGFISH:1|SQUID/MACKEREL/BUTTERFISH:4|TILEFISH:1,BLUEFISH:1; SPINY DOGFISH:1; HERRING:D; AMERICAN LOBSTER:A1; ATLANTIC DEEP SEA RED CRAB:A; SKATE:1; SQUID/MACKEREL/BUTTERFISH:3; SQUID/MACKEREL/BUTTERFISH:4; TILEFISH:1 / BLUEFISH:1; SPINY DOGFISH:1; HERRING:D; SQUID/MACKEREL/BUTTERFISH:4,1,1
,,338202837,,,BRAVE HEART,fishing,,FALSE,,garfo_name_match,possible,GARFO hull MS7171BV; permit 10219436,PASSENGER,PASSENGER,2026-10-06,typed non-FISHING; unique GARFO name match. State-registered hull MS7171BV; cannot be linked to a call sign. GARFO permits: commercial,1_missed_fishing,typed non-FISHING; unique GARFO name match,BRAVE HEART,USA,,3,1,1,1,0,1,0,0,0,,,,,,unique_years,MS7171BV,FALSE,10219436,2026,30,MA,commercial,,HMS:GENERAL & SWORDFISH,HMS:GENERAL & SWORDFISH,HMS:GENERAL & SWORDFISH,1,1
,,338445701,,,SEA OWL,fishing,POLE_AND_LINE,FALSE,,garfo_name_match,possible,GARFO hull 952337; permit 222524,PASSENGER,PASSENGER,2026-10-06,"typed non-FISHING; unique GARFO name match. To confirm: look up USCG official no. 952337 in CGMIX PSIX; its call sign should be WDP2023. GARFO permits: for-hire + open-access commercial. Holds 11 open-access commercial permits, a typical party-boat bundle; POLE_AND_LINE suggested -- treat the gear class as possible",1_missed_fishing,typed non-FISHING; unique GARFO name match,SEA OWL,USA,WDP2023,3,0,0,3,0,1.5,0.333,,0.333,,,,,,unique_years,952337,TRUE,222524,"2020,2021,2022,2023,2024,2025,2026",38,NJ,for-hire + open-access commercial,POLE_AND_LINE,ATLANTIC DEEP SEA RED CRAB:A|BLUEFISH:1|HERRING:D|MONKFISH:E|NORTHEAST MULTI-SPECIES:HB|NORTHEAST MULTI-SPECIES:K|SKATE:1|SPINY DOGFISH:1|SQUID/MACKEREL/BUTTERFISH:3|SQUID/MACKEREL/BUTTERFISH:4|TILEFISH:1,ATLANTIC DEEP SEA RED CRAB:A|BLUEFISH:1|HERRING:D|NORTHEAST MULTI-SPECIES:HB|NORTHEAST MULTI-SPECIES:K|SKATE:1|SPINY DOGFISH:1|SQUID/MACKEREL/BUTTERFISH:4|TILEFISH:1,BLUEFISH:1; BLUEFISH:2; BLACK SEA BASS:2; SPINY DOGFISH:1; SUMMER FLOUNDER:2; HERRING:D; MONKFISH:E; NORTHEAST MULTI-SPECIES:HB; NORTHEAST MULTI-SPECIES:I; NORTHEAST MULTI-SPECIES:K; SCUP:2; SKATE:1; SQUID/MACKEREL/BUTTERFISH:2; SQUID/MACKEREL/BUTTERFISH:3; SQUID/MACKEREL/BUTTERFISH:4; TILEFISH:1...,1,1
,,338452995,,,GREYHOUND,fishing,MOBILE,FALSE,,garfo_name_match,possible,GARFO hull ME23KGN; permit 153134,OTHER,OTHER,2026-10-06,typed non-FISHING; unique GARFO name match. State-registered hull ME23KGN; cannot be linked to a call sign. GARFO permits: commercial,1_missed_fishing,typed non-FISHING; unique GARFO name match,GREYHOUND,USA,,3,0,0,3,0,1.5,0,,0,,,,,,unique_years,ME23KGN,FALSE,153134,"2020,2021,2022,2023,2024,2025",45,ME,commercial,MOBILE,ATLANTIC DEEP SEA RED CRAB:A|BLUEFISH:1|HERRING:D|MONKFISH:E|NORTHEAST MULTI-SPECIES:HB|NORTHEAST MULTI-SPECIES:K|OCEAN QUAHOG:6|SKATE:1|SPINY DOGFISH:1|SQUID/MACKEREL/BUTTERFISH:3|SQUID/MACKEREL/BUTTERFISH:4|SURF CLAM:1|TILEFISH:1,ATLANTIC DEEP SEA RED CRAB:A|BLUEFISH:1|HERRING:D|NORTHEAST MULTI-SPECIES:HB|NORTHEAST MULTI-SPECIES:K|OCEAN QUAHOG:6|SKATE:1|SPINY DOGFISH:1|SQUID/MACKEREL/BUTTERFISH:4|SURF CLAM:1|TILEFISH:1,BLUEFISH:1; SPINY DOGFISH:1; HERRING:D; GENERAL CATEGORY SCALLOP:B; MONKFISH:E; NORTHEAST MULTI-SPECIES:HB; NORTHEAST MULTI-SPECIES:K; OCEAN QUAHOG:6; SURF CLAM:1; SKATE:1; SQUID/MACKEREL/BUTTERFISH:3; SQUID/MACKEREL/BUTTERFISH:4; TILEFISH:1 / BLUEFISH:1; SPINY DOGFISH:1; HERRING:D; GENERAL CATEG...,1,1
,,367450190,,,TAILS OF THE SEA,fishing,,FALSE,,garfo_name_match,possible,GARFO hull 1000077; permit 410531,PASSENGER,PASSENGER,2026-10-06,typed non-FISHING; unique GARFO name match. To confirm: look up USCG official no. 1000077 in CGMIX PSIX; its call sign should be WDF4297. GARFO permits: for-hire + open-access commercial. Also holds open-access commercial permits (directed: SPINY DOGFISH:1); may fish commercially on some trips -- set the gear class manually,1_missed_fishing,typed non-FISHING; unique GARFO name match,TAILS OF THE SEA,USA,WDF4297,3,3,0,0,0,1.5,0.333,0.333,,,,,,,unique_years,1000077,TRUE,410531,"2016,2017,2018,2019,2020,2021,2022,2023,2024,2025,2026",91.1,MA,for-hire + open-access commercial,,MONKFISH:E|SPINY DOGFISH:1,SPINY DOGFISH:1,BLUEFISH:2; BLACK SEA BASS:2; SPINY DOGFISH:1; SUMMER FLOUNDER:2; MONKFISH:E; NORTHEAST MULTI-SPECIES:I; SCUP:2; SQUID/MACKEREL/BUTTERFISH:2; TILEFISH:2,1,1
,,367534990,,,SUNDAY MONEY,fishing,FIXED,FALSE,,garfo_name_match,possible,GARFO hull 1160969; permit 242779,PASSENGER,PASSENGER,2026-10-06,typed non-FISHING; unique GARFO name match. To confirm: look up USCG official no. 1160969 in CGMIX PSIX; its call sign should be WDG4291. GARFO permits: commercial,1_missed_fishing,typed non-FISHING; unique GARFO name match,SUNDAY MONEY,USA,WDG4291,3,3,0,0,0,1.5,0,0,,,,,,,unique_years,1160969,TRUE,242779,"2016,2017,2018,2019,2020,2021,2022,2023,2024,2025,2026",42,ME,commercial,FIXED,,,AMERICAN LOBSTER:A1,1,1
,,367648920,,,DIAMOND REEF / NANCY ANNE,fishing,FIXED,FALSE,,garfo_name_match,possible,GARFO hull 623301; permit 230852,OTHER,OTHER,2026-10-06,typed non-FISHING; unique GARFO name match. To confirm: look up USCG official no. 623301 in CGMIX PSIX; its call sign should be WDH7513. GARFO permits: commercial,1_missed_fishing,typed non-FISHING; unique GARFO name match,DIAMOND REEF / NANCY ANNE,USA,WDH7513,3,2,0,1,0,1.5,0,0,0,,,,,,unique_years,623301,TRUE,230852,"2016,2017,2018,2019,2020,2021,2022,2023,2024,2025,2026",37.3,ME,commercial,FIXED,,,AMERICAN LOBSTER:A1,1,1
,,367712070,,,VITAL SPARK,fishing,,FALSE,,garfo_name_match,possible,GARFO hull 959468; permit 251098,PASSENGER,PASSENGER,2026-10-06,typed non-FISHING; unique GARFO name match. To confirm: look up USCG official no. 959468 in CGMIX PSIX; its call sign should be WDI5783. GARFO permits: commercial,1_missed_fishing,typed non-FISHING; unique GARFO name match,VITAL SPARK,USA,WDI5783,3,0,0,3,0,1.5,0,,0,,,,,,unique_years,959468,TRUE,251098,"2016,2017,2018,2019,2020,2021,2022,2023,2024,2025,2026",43.5,RI,commercial,,ATLANTIC DEEP SEA RED CRAB:A|BLUEFISH:1|HERRING:D|MONKFISH:E|NORTHEAST MULTI-SPECIES:K|SKATE:1|SPINY DOGFISH:1|SQUID/MACKEREL/BUTTERFISH:3|SQUID/MACKEREL/BUTTERFISH:4|TILEFISH:1,ATLANTIC DEEP SEA RED CRAB:A|BLUEFISH:1|HERRING:D|NORTHEAST MULTI-SPECIES:K|SKATE:1|SPINY DOGFISH:1|SQUID/MACKEREL/BUTTERFISH:4|TILEFISH:1,BLUEFISH:1; SPINY DOGFISH:1; HERRING:D; AMERICAN LOBSTER:1; MONKFISH:E; ATLANTIC DEEP SEA RED CRAB:A; SCUP:1; SKATE:1; SQUID/MACKEREL/BUTTERFISH:3; SQUID/MACKEREL/BUTTERFISH:4; TILEFISH:1 / BLUEFISH:1; SPINY DOGFISH:1; HERRING:D; AMERICAN LOBSTER:1; MONKFISH:E; NORTHEAST MULTI-SPECIES:K; ATLANTIC...,1,1
,,368003620,,,ROADRUNNER,fishing,,FALSE,,garfo_name_match,possible,GARFO hull NY5897HA; permit 10190572,PASSENGER,PASSENGER,2026-10-06,typed non-FISHING; unique GARFO name match. State-registered hull NY5897HA; cannot be linked to a call sign. GARFO permits: commercial,1_missed_fishing,typed non-FISHING; unique GARFO name match,ROADRUNNER,USA,WDP7524,3,0,0,3,0,1.5,0,,0,,,,,,unique_years,NY5897HA,FALSE,10190572,2026,27,NY,commercial,,HMS:GENERAL,HMS:GENERAL,HMS:GENERAL,1,1
,,368064240,,,SAVING GRACE,fishing,,FALSE,,garfo_name_match,possible,GARFO hull MS4834BM; permit 10192094,PASSENGER,PASSENGER,2026-10-06,typed non-FISHING; unique GARFO name match. State-registered hull MS4834BM; cannot be linked to a call sign. GARFO permits: for-hire + open-access commercial. Also holds open-access commercial permits (directed: HMS:CHB COMMERCIAL SALE ENDORSEMENT); may fish commercially on some trips -- set the gear class manually,1_missed_fishing,typed non-FISHING; unique GARFO name match,SAVING GRACE,USA,WDK5371,3,0,0,3,0,1.5,0,,0,,,,,,unique_years,MS4834BM,FALSE,10192094,2026,24,MA,for-hire + open-access commercial,,HMS:CHB COMMERCIAL SALE ENDORSEMENT,HMS:CHB COMMERCIAL SALE ENDORSEMENT,HMS:CHARTER/HEADBOAT; HMS:CHB COMMERCIAL SALE ENDORSEMENT,1,1
,,368066270,,,EMILY JANE,fishing,FIXED,FALSE,,garfo_name_match,possible,GARFO hull 1028089; permit 232539,PASSENGER,PASSENGER,2026-10-06,typed non-FISHING; unique GARFO name match. To confirm: look up USCG official no. 1028089 in CGMIX PSIX; its call sign should be WDK5584. GARFO permits: commercial,1_missed_fishing,typed non-FISHING; unique GARFO name match,EMILY JANE,USA,WDK5584,3,0,3,0,0,1.5,0,0,,,,,,,unique_years,1028089,TRUE,232539,"2016,2017,2018,2019,2020,2021,2022,2023,2024,2025,2026",35,ME,commercial,FIXED,,,AMERICAN LOBSTER:A1,1,1
,,368104840,,,ZANCOCHO,fishing,POLE_AND_LINE,FALSE,,garfo_name_match,possible,GARFO hull 1083070; permit 10074055,OTHER,OTHER,2026-10-06,typed non-FISHING; unique GARFO name match. To confirm: look up USCG official no. 1083070 in CGMIX PSIX; its call sign should be WDK9567. GARFO permits: for-hire,1_missed_fishing,typed non-FISHING; unique GARFO name match,ZANCOCHO,USA,WDK9567,3,0,1,2,0,1.5,0,0,0,,,,,,unique_years,1083070,TRUE,10074055,2026,61,NY,for-hire,POLE_AND_LINE,,,HMS:CHARTER/HEADBOAT,1,1
,,368128240,,,PALADIN,fishing,,FALSE,,garfo_name_match,possible,GARFO hull 1166401; permit 242786,PASSENGER,PASSENGER,2026-10-06,typed non-FISHING; unique GARFO name match. To confirm: look up USCG official no. 1166401 in CGMIX PSIX; its call sign should be (none in AIS). GARFO permits: commercial,1_missed_fishing,typed non-FISHING; unique GARFO name match,PALADIN,USA,,3,0,3,0,0,1.5,0,0,,,,,,,unique_years,1166401,TRUE,242786,"2018,2019,2020,2021,2022,2023,2024,2025,2026",35.9,MA,commercial,,BLUEFISH:1|HERRING:D|MONKFISH:E|NORTHEAST MULTI-SPECIES:HB|SKATE:1|SPINY DOGFISH:1|SQUID/MACKEREL/BUTTERFISH:3|SQUID/MACKEREL/BUTTERFISH:4|TILEFISH:1,BLUEFISH:1|HERRING:D|NORTHEAST MULTI-SPECIES:HB|SKATE:1|SPINY DOGFISH:1|SQUID/MACKEREL/BUTTERFISH:4|TILEFISH:1,NORTHEAST MULTI-SPECIES:HB / SPINY DOGFISH:1; NORTHEAST MULTI-SPECIES:HB; SQUID/MACKEREL/BUTTERFISH:4 / BLUEFISH:1; BLACK SEA BASS:1; SPINY DOGFISH:1; SUMMER FLOUNDER:1; HERRING:D; MONKFISH:E; NORTHEAST MULTI-SPECIES:D; SCUP:1; SKATE:1; SQUID/MACKEREL/BUTTERFISH:3; SQUID/MACKEREL/BUTTERFISH:4; TI...,1,1
,,368165880,,,ATONEMENT,fishing,FIXED,FALSE,,garfo_name_match,possible,GARFO hull 1154129; permit 242766,PASSENGER,PASSENGER,2026-10-06,typed non-FISHING; unique GARFO name match. To confirm: look up USCG official no. 1154129 in CGMIX PSIX; its call sign should be WDL8043. GARFO permits: commercial,1_missed_fishing,typed non-FISHING; unique GARFO name match,ATONEMENT,USA,WDL8043,3,0,1,2,0,1,0,0,0,,,,,,unique_years,1154129,TRUE,242766,"2016,2017,2018,2019,2020,2021,2022,2023,2024,2025,2026",40,ME,commercial,FIXED,,,AMERICAN LOBSTER:A1,1,1
,,368206120,,,NEW LEDGE,fishing,POLE_AND_LINE,FALSE,,garfo_name_match,possible,GARFO hull 587142; permit 243146,OTHER,OTHER,2026-10-06,"typed non-FISHING; unique GARFO name match. To confirm: look up USCG official no. 587142 in CGMIX PSIX; its call sign should be (none in AIS). GARFO permits: for-hire + open-access commercial. Holds 9 open-access commercial permits, a typical party-boat bundle; POLE_AND_LINE suggested -- treat the gear class as possible",1_missed_fishing,typed non-FISHING; unique GARFO name match,NEW LEDGE,USA,,3,0,3,0,0,1.5,0,0,,,,,,,unique_years,587142,TRUE,243146,"2022,2023",39.2,ME,for-hire + open-access commercial,POLE_AND_LINE,BLUEFISH:1|HERRING:D|MONKFISH:E|NORTHEAST MULTI-SPECIES:HB|SKATE:1|SPINY DOGFISH:1|SQUID/MACKEREL/BUTTERFISH:3|SQUID/MACKEREL/BUTTERFISH:4|TILEFISH:1,BLUEFISH:1|HERRING:D|NORTHEAST MULTI-SPECIES:HB|SKATE:1|SPINY DOGFISH:1|SQUID/MACKEREL/BUTTERFISH:4|TILEFISH:1,BLUEFISH:1; BLUEFISH:2; BLACK SEA BASS:2; SPINY DOGFISH:1; SUMMER FLOUNDER:2; HERRING:D; MONKFISH:E; NORTHEAST MULTI-SPECIES:HB; NORTHEAST MULTI-SPECIES:I; SCUP:2; SKATE:1; SQUID/MACKEREL/BUTTERFISH:2; SQUID/MACKEREL/BUTTERFISH:3; SQUID/MACKEREL/BUTTERFISH:4; TILEFISH:1; TILEFISH:2,1,1
,,368239870,,,JULIANNE,fishing,MOBILE,FALSE,,garfo_name_match,possible,GARFO hull 908045; permit 241760,PASSENGER,PASSENGER,2026-10-06,typed non-FISHING; unique GARFO name match. To confirm: look up USCG official no. 908045 in CGMIX PSIX; its call sign should be WDM8064. GARFO permits: commercial,1_missed_fishing,typed non-FISHING; unique GARFO name match,JULIANNE,USA,WDM8064,3,0,3,0,0,1.5,0,0,,,,,,,unique_years,908045,TRUE,241760,"2016,2017,2018,2019,2020,2021,2022,2023,2024,2025,2026",45.8,NJ,commercial,MOBILE,ATLANTIC DEEP SEA RED CRAB:A|BLUEFISH:1|HERRING:D|MONKFISH:E|NORTHEAST MULTI-SPECIES:K|SKATE:1|SPINY DOGFISH:1|SQUID/MACKEREL/BUTTERFISH:3|SQUID/MACKEREL/BUTTERFISH:4|TILEFISH:1,ATLANTIC DEEP SEA RED CRAB:A|BLUEFISH:1|HERRING:D|NORTHEAST MULTI-SPECIES:K|SKATE:1|SPINY DOGFISH:1|SQUID/MACKEREL/BUTTERFISH:4|TILEFISH:1,BLUEFISH:1; SPINY DOGFISH:1; HERRING:D; GENERAL CATEGORY SCALLOP:A; MONKFISH:E; NORTHEAST MULTI-SPECIES:K; ATLANTIC DEEP SEA RED CRAB:A; SKATE:1; SQUID/MACKEREL/BUTTERFISH:3; SQUID/MACKEREL/BUTTERFISH:4; TILEFISH:1,1,1
,,368242810,,,SINGULARITY,fishing,,FALSE,,garfo_name_match,possible,GARFO hull 1038350; permit 223062,PASSENGER,PASSENGER,2026-10-06,typed non-FISHING; unique GARFO name match. To confirm: look up USCG official no. 1038350 in CGMIX PSIX; its call sign should be (none in AIS). GARFO permits: commercial,1_missed_fishing,typed non-FISHING; unique GARFO name match,SINGULARITY,USA,,3,0,0,3,0,1,0,,0,,,,,,unique_years,1038350,TRUE,223062,"2016,2017,2018,2019,2020,2021,2022,2023,2024,2025",32.2,MA,commercial,,BLUEFISH:1|MONKFISH:E|NORTHEAST MULTI-SPECIES:HB|SKATE:1|SPINY DOGFISH:1|SQUID/MACKEREL/BUTTERFISH:3|SQUID/MACKEREL/BUTTERFISH:4|TILEFISH:1,BLUEFISH:1|NORTHEAST MULTI-SPECIES:HB|SKATE:1|SPINY DOGFISH:1|SQUID/MACKEREL/BUTTERFISH:4|TILEFISH:1,BLUEFISH:1; SPINY DOGFISH:1; MONKFISH:E; NORTHEAST MULTI-SPECIES:HB; SKATE:1; SQUID/MACKEREL/BUTTERFISH:3; SQUID/MACKEREL/BUTTERFISH:4; TILEFISH:1,1,1
,,368464345,,,PINEAPPLE EXPRESS,fishing,,FALSE,,garfo_name_match,possible,GARFO hull CT9988BN; permit 10209369,OTHER,OTHER,2026-10-06,typed non-FISHING; unique GARFO name match. State-registered hull CT9988BN; cannot be linked to a call sign. GARFO permits: for-hire + open-access commercial. Also holds open-access commercial permits (directed: HMS:CHB COMMERCIAL SALE ENDORSEMENT); may fish commercially on some trips -- set the gear class manually,1_missed_fishing,typed non-FISHING; unique GARFO name match,PINEAPPLE EXPRESS,USA,,3,0,0,3,0,1.5,0,,0,,,,,,unique_years,CT9988BN,FALSE,10209369,2026,26,CT,for-hire + open-access commercial,,HMS:CHB COMMERCIAL SALE ENDORSEMENT,HMS:CHB COMMERCIAL SALE ENDORSEMENT,HMS:CHARTER/HEADBOAT; HMS:CHB COMMERCIAL SALE ENDORSEMENT,1,1
,,303535000,,,FIGHTING IRISH,fishing,,FALSE,,garfo_name_match,possible,GARFO hull 979710; permit 232043,PASSENGER,PASSENGER,2026-10-06,typed non-FISHING; unique GARFO name match. To confirm: look up USCG official no. 979710 in CGMIX PSIX; its call sign should be WDC8826. GARFO permits: commercial,1_missed_fishing,typed non-FISHING; unique GARFO name match,FIGHTING IRISH,USA,WDC8826,2,2,0,0,0,2,0,0,,,,,,,unique_years,979710,TRUE,232043,"2016,2017,2018,2019,2020,2021,2022,2023,2024",35,MA,commercial,,NORTHEAST MULTI-SPECIES:HB|SPINY DOGFISH:1|SQUID/MACKEREL/BUTTERFISH:4,NORTHEAST MULTI-SPECIES:HB|SPINY DOGFISH:1|SQUID/MACKEREL/BUTTERFISH:4,SPINY DOGFISH:1; SQUID/MACKEREL/BUTTERFISH:4 / SPINY DOGFISH:1; NORTHEAST MULTI-SPECIES:HB; SQUID/MACKEREL/BUTTERFISH:4,1,1
,,338092137,,,TRUE BLUE,fishing,FIXED,FALSE,,garfo_name_match,possible,GARFO hull MS1991WB; permit 151376,PASSENGER,PASSENGER,2026-10-06,typed non-FISHING; unique GARFO name match. State-registered hull MS1991WB; cannot be linked to a call sign. GARFO permits: commercial,1_missed_fishing,typed non-FISHING; unique GARFO name match,TRUE BLUE,USA,,2,0,0,2,0,2,0,,0,,,,,,unique_years,MS1991WB,FALSE,151376,"2016,2017,2018,2019,2020,2021,2022,2023,2024,2025,2026",23,MA,commercial,FIXED,MONKFISH:E|SKATE:1,SKATE:1,AMERICAN LOBSTER:A1; MONKFISH:E; SKATE:1,1,1
,,338121372,,,CELTIC STORM,fishing,POLE_AND_LINE,FALSE,,garfo_name_match,possible,GARFO hull 965891; permit 232162,PASSENGER,PASSENGER,2026-10-06,"typed non-FISHING; unique GARFO name match. To confirm: look up USCG official no. 965891 in CGMIX PSIX; its call sign should be (none in AIS). GARFO permits: for-hire + open-access commercial. Holds 6 open-access commercial permits, a typical party-boat bundle; POLE_AND_LINE suggested -- treat the gear class as possible",1_missed_fishing,typed non-FISHING; unique GARFO name match,CELTIC STORM,USA,,2,1,1,0,0,1,0,0,,,,,,,unique_years,965891,TRUE,232162,"2019,2020,2021,2022,2023,2024,2025,2026",38,DE|NJ,for-hire + open-access commercial,POLE_AND_LINE,BLUEFISH:1|NORTHEAST MULTI-SPECIES:HB|NORTHEAST MULTI-SPECIES:K|SQUID/MACKEREL/BUTTERFISH:3|SQUID/MACKEREL/BUTTERFISH:4|TILEFISH:1,BLUEFISH:1|NORTHEAST MULTI-SPECIES:HB|NORTHEAST MULTI-SPECIES:K|SQUID/MACKEREL/BUTTERFISH:4|TILEFISH:1,BLUEFISH:1; BLUEFISH:2; BLACK SEA BASS:2; SUMMER FLOUNDER:2; NORTHEAST MULTI-SPECIES:HB; NORTHEAST MULTI-SPECIES:I; NORTHEAST MULTI-SPECIES:K; SCUP:2; SQUID/MACKEREL/BUTTERFISH:2; SQUID/MACKEREL/BUTTERFISH:3; SQUID/MACKEREL/BUTTERFISH:4; TILEFISH:1,1,1
,,338170867,,,ERIN ELIZABETH,fishing,FIXED,FALSE,,garfo_name_match,possible,GARFO hull MS8520BX; permit 154872,OTHER,OTHER,2026-10-06,typed non-FISHING; unique GARFO name match. State-registered hull MS8520BX; cannot be linked to a call sign. GARFO permits: commercial,1_missed_fishing,typed non-FISHING; unique GARFO name match,ERIN ELIZABETH,USA,,2,0,0,2,0,2,0,,0,,,,,,unique_years,MS8520BX,FALSE,154872,"2024,2025,2026",42.5,MA,commercial,FIXED,,,AMERICAN LOBSTER:A1,1,1
,,338331166,,,RICHARD J,fishing,,FALSE,,garfo_name_match,possible,GARFO hull 1273851; permit 233992,OTHER,OTHER,2026-10-06,typed non-FISHING; unique GARFO name match. To confirm: look up USCG official no. 1273851 in CGMIX PSIX; its call sign should be (none in AIS). GARFO permits: for-hire + open-access commercial. Also holds open-access commercial permits (directed: NORTHEAST MULTI-SPECIES:K|SPINY DOGFISH:1|SQUID/MACKEREL/BUTTERFISH:4); may fish commercially on some trips -- set the gear class manually,1_missed_fishing,typed non-FISHING; unique GARFO name match,RICHARD J,USA,,2,0,2,0,0,2,0.5,0.5,,,,,,,unique_years,1273851,TRUE,233992,"2020,2021",36.7,MA,for-hire + open-access commercial,,NORTHEAST MULTI-SPECIES:K|SPINY DOGFISH:1|SQUID/MACKEREL/BUTTERFISH:4,NORTHEAST MULTI-SPECIES:K|SPINY DOGFISH:1|SQUID/MACKEREL/BUTTERFISH:4,BLACK SEA BASS:2; SPINY DOGFISH:1; SUMMER FLOUNDER:2; NORTHEAST MULTI-SPECIES:I; NORTHEAST MULTI-SPECIES:K; SCUP:2; SQUID/MACKEREL/BUTTERFISH:4,1,1
,,338396317,,,KNUCKLEHEAD,fishing,FIXED,FALSE,,garfo_name_match,possible,GARFO hull NJ8988GT; permit 149331,OTHER,OTHER,2026-10-06,typed non-FISHING; unique GARFO name match. State-registered hull NJ8988GT; cannot be linked to a call sign. GARFO permits: commercial,1_missed_fishing,typed non-FISHING; unique GARFO name match,KNUCKLEHEAD,USA,,2,0,0,2,0,1,0,,0,,,,,,unique_years,NJ8988GT,FALSE,149331,"2020,2021,2022,2023,2024,2025,2026",44,NJ,commercial,FIXED,ATLANTIC DEEP SEA RED CRAB:A|BLUEFISH:1|HERRING:D|NORTHEAST MULTI-SPECIES:HB|NORTHEAST MULTI-SPECIES:K|SKATE:1|SPINY DOGFISH:1|SQUID/MACKEREL/BUTTERFISH:3|SQUID/MACKEREL/BUTTERFISH:4|TILEFISH:1,ATLANTIC DEEP SEA RED CRAB:A|BLUEFISH:1|HERRING:D|NORTHEAST MULTI-SPECIES:HB|NORTHEAST MULTI-SPECIES:K|SKATE:1|SPINY DOGFISH:1|SQUID/MACKEREL/BUTTERFISH:4|TILEFISH:1,BLUEFISH:1; BLACK SEA BASS:1; SPINY DOGFISH:1; HERRING:D; AMERICAN LOBSTER:1; MONKFISH:B; NORTHEAST MULTI-SPECIES:HB; NORTHEAST MULTI-SPECIES:K; ATLANTIC DEEP SEA RED CRAB:A; SKATE:1; SQUID/MACKEREL/BUTTERFISH:3; SQUID/MACKEREL/BUTTERFISH:4; TILEFISH:1 / BLUEFISH:1; BLACK SEA BASS:1; SPINY DOGFIS...,1,1
,,338420121,,,WIRED,fishing,,FALSE,,garfo_name_match,possible,GARFO hull MS6342BS; permit 10208910,PASSENGER,PASSENGER,2026-10-06,typed non-FISHING; unique GARFO name match. State-registered hull MS6342BS; cannot be linked to a call sign. GARFO permits: commercial,1_missed_fishing,typed non-FISHING; unique GARFO name match,WIRED,USA,,2,0,0,2,0,2,0,,0,,,,,,unique_years,MS6342BS,FALSE,10208910,2026,26,MA,commercial,,HMS:GENERAL,HMS:GENERAL,HMS:GENERAL,1,1
,,338513112,,,NORDLYS,fishing,FIXED,FALSE,,garfo_name_match,possible,GARFO hull 1230953; permit 10170738|242939,OTHER,OTHER,2026-10-06,typed non-FISHING; unique GARFO name match. To confirm: look up USCG official no. 1230953 in CGMIX PSIX; its call sign should be WDG7614. GARFO permits: commercial,1_missed_fishing,typed non-FISHING; unique GARFO name match,NORDLYS,USA,WDG7614,2,0,0,2,0,2,0,,0,,,,,,unique_years,1230953,TRUE,10170738|242939,"2024,2025,2026",42.3,ME,commercial,FIXED,ATLANTIC DEEP SEA RED CRAB:A|BLUEFISH:1|HERRING:D|HMS:GENERAL|MONKFISH:E|NORTHEAST MULTI-SPECIES:HB|SKATE:1|SQUID/MACKEREL/BUTTERFISH:3|SQUID/MACKEREL/BUTTERFISH:4|TILEFISH:1,ATLANTIC DEEP SEA RED CRAB:A|BLUEFISH:1|HERRING:D|HMS:GENERAL|NORTHEAST MULTI-SPECIES:HB|SKATE:1|SQUID/MACKEREL/BUTTERFISH:4|TILEFISH:1,BLUEFISH:1; HERRING:D; AMERICAN LOBSTER:A1; MONKFISH:E; NORTHEAST MULTI-SPECIES:HB; ATLANTIC DEEP SEA RED CRAB:A; SKATE:1; SQUID/MACKEREL/BUTTERFISH:3; SQUID/MACKEREL/BUTTERFISH:4; TILEFISH:1 / HMS:GENERAL,1,1
,,338536986,,,REPUBLIC,fishing,,FALSE,,garfo_name_match,possible,GARFO hull 1320979; permit 10216683,PASSENGER,PASSENGER,2026-10-06,typed non-FISHING; unique GARFO name match. To confirm: look up USCG official no. 1320979 in CGMIX PSIX; its call sign should be (none in AIS). GARFO permits: for-hire + open-access commercial. Also holds open-access commercial permits (directed: HMS:CHB COMMERCIAL SALE ENDORSEMENT); may fish commercially on some trips -- set the gear class manually,1_missed_fishing,typed non-FISHING; unique GARFO name match,REPUBLIC,USA,,2,0,0,2,0,1,1,,1,,,,,,unique_years,1320979,TRUE,10216683,2026,47,MA,for-hire + open-access commercial,,HMS:CHB COMMERCIAL SALE ENDORSEMENT,HMS:CHB COMMERCIAL SALE ENDORSEMENT,HMS:CHARTER/HEADBOAT; HMS:CHB COMMERCIAL SALE ENDORSEMENT,1,1
,,338539505,,,BALD EAGLE,fishing,,FALSE,,garfo_name_match,possible,GARFO hull 918140; permit 10001629,PASSENGER,PASSENGER,2026-10-06,typed non-FISHING; unique GARFO name match. To confirm: look up USCG official no. 918140 in CGMIX PSIX; its call sign should be (none in AIS). GARFO permits: for-hire + open-access commercial. Also holds open-access commercial permits (directed: HMS:CHB COMMERCIAL SALE ENDORSEMENT); may fish commercially on some trips -- set the gear class manually,1_missed_fishing,typed non-FISHING; unique GARFO name match,BALD EAGLE,USA,,2,0,0,2,0,2,0,,0,,,,,,unique_years,918140,TRUE,10001629,2026,28,NC,for-hire + open-access commercial,,HMS:CHB COMMERCIAL SALE ENDORSEMENT,HMS:CHB COMMERCIAL SALE ENDORSEMENT,HMS:CHARTER/HEADBOAT; HMS:CHB COMMERCIAL SALE ENDORSEMENT,1,1
,,338552914,,,NORTH SEA,fishing,MOBILE,FALSE,,garfo_name_match,possible,GARFO hull 979107; permit 310718,PASSENGER,PASSENGER,2026-10-06,typed non-FISHING; unique GARFO name match. To confirm: look up USCG official no. 979107 in CGMIX PSIX; its call sign should be (none in AIS). GARFO permits: commercial,1_missed_fishing,typed non-FISHING; unique GARFO name match,NORTH SEA,USA,,2,0,0,2,0,1,0,,0,,,,,,unique_years,979107,TRUE,310718,"2016,2017,2018,2019,2020,2021,2022,2023,2024,2025,2026",45,NY,commercial,MOBILE,ATLANTIC DEEP SEA RED CRAB:A|BLUEFISH:1|HERRING:D|MONKFISH:E|OCEAN QUAHOG:6|SKATE:1|SPINY DOGFISH:1|SQUID/MACKEREL/BUTTERFISH:3|SQUID/MACKEREL/BUTTERFISH:4|SURF CLAM:1|TILEFISH:1,ATLANTIC DEEP SEA RED CRAB:A|BLUEFISH:1|HERRING:D|OCEAN QUAHOG:6|SKATE:1|SPINY DOGFISH:1|SQUID/MACKEREL/BUTTERFISH:4|SURF CLAM:1|TILEFISH:1,BLUEFISH:1; BLACK SEA BASS:1; SPINY DOGFISH:1; SUMMER FLOUNDER:1; HERRING:D; GENERAL CATEGORY SCALLOP:A; AMERICAN LOBSTER:1; MONKFISH:E; NORTHEAST MULTI-SPECIES:A; OCEAN QUAHOG:6; ATLANTIC DEEP SEA RED CRAB:A; SCUP:1; SURF CLAM:1; SKATE:1; SQUID/MACKEREL/BUTTERFISH:1; SQUID/MACKEREL/BUTTERFISH:3;...,1,1
,,338556493,,,BAD DADDY,fishing,,FALSE,,garfo_name_match,possible,GARFO hull 1282546; permit 10181822,PASSENGER,PASSENGER,2026-10-06,typed non-FISHING; unique GARFO name match. To confirm: look up USCG official no. 1282546 in CGMIX PSIX; its call sign should be (none in AIS). GARFO permits: for-hire + open-access commercial. Also holds open-access commercial permits (directed: HMS:CHB COMMERCIAL SALE ENDORSEMENT); may fish commercially on some trips -- set the gear class manually,1_missed_fishing,typed non-FISHING; unique GARFO name match,BAD DADDY,USA,,2,0,0,2,0,1,0,,0,,,,,,unique_years,1282546,TRUE,10181822,2026,45,NY,for-hire + open-access commercial,,HMS:CHB COMMERCIAL SALE ENDORSEMENT,HMS:CHB COMMERCIAL SALE ENDORSEMENT,HMS:CHARTER/HEADBOAT; HMS:CHB COMMERCIAL SALE ENDORSEMENT,1,1
,,367046820,,,HONAHLEE,fishing,,FALSE,,garfo_name_match,possible,GARFO hull 959530; permit 10024235,PASSENGER,PASSENGER,2026-10-06,typed non-FISHING; unique GARFO name match. To confirm: look up USCG official no. 959530 in CGMIX PSIX; its call sign should be WDC5815. GARFO permits: for-hire + open-access commercial. Also holds open-access commercial permits (directed: HMS:CHB COMMERCIAL SALE ENDORSEMENT); may fish commercially on some trips -- set the gear class manually,1_missed_fishing,typed non-FISHING; unique GARFO name match,HONAHLEE,USA,WDC5815,2,0,0,2,0,2,0,,0,,,,,,unique_years,959530,TRUE,10024235,2026,31,ME,for-hire + open-access commercial,,HMS:CHB COMMERCIAL SALE ENDORSEMENT,HMS:CHB COMMERCIAL SALE ENDORSEMENT,HMS:CHARTER/HEADBOAT; HMS:CHB COMMERCIAL SALE ENDORSEMENT,1,1
,,367357680,,,KATIE B,fishing,,FALSE,,garfo_name_match,possible,GARFO hull 696343; permit 10014271|221465,PASSENGER,PASSENGER,2026-10-06,typed non-FISHING; unique GARFO name match. To confirm: look up USCG official no. 696343 in CGMIX PSIX; its call sign should be WDR3395. GARFO permits: commercial + for-hire,1_missed_fishing,typed non-FISHING; unique GARFO name match,KATIE B,USA,WDR3395,2,0,0,2,0,1,0,,0,,,,,,unique_years,696343,TRUE,10014271|221465,"2016,2017,2018,2019,2020,2021,2022,2023,2024,2025,2026",31,MA,commercial + for-hire,,BLUEFISH:1|HERRING:D|HMS:CHB COMMERCIAL SALE ENDORSEMENT|MONKFISH:E|SKATE:1|SPINY DOGFISH:1|SQUID/MACKEREL/BUTTERFISH:4|TILEFISH:1,BLUEFISH:1|HERRING:D|HMS:CHB COMMERCIAL SALE ENDORSEMENT|SKATE:1|SPINY DOGFISH:1|SQUID/MACKEREL/BUTTERFISH:4|TILEFISH:1,BLUEFISH:1; BLUEFISH:2; BLACK SEA BASS:2; SPINY DOGFISH:1; SUMMER FLOUNDER:2; HERRING:D; MONKFISH:E; NORTHEAST MULTI-SPECIES:HA; SCUP:2; SKATE:1; SQUID/MACKEREL/BUTTERFISH:2; SQUID/MACKEREL/BUTTERFISH:4; TILEFISH:1 / BLUEFISH:1; BLUEFISH:2; BLACK SEA BASS:2; SPINY DOGFISH:1; SUMMER FLOUNDER:2; HE...,1,1
,,367493810,,,ARI,fishing,,FALSE,,garfo_name_match,possible,GARFO hull 1030041; permit 131600,PASSENGER,PASSENGER,2026-10-06,typed non-FISHING; unique GARFO name match. To confirm: look up USCG official no. 1030041 in CGMIX PSIX; its call sign should be WDF8337. GARFO permits: commercial,1_missed_fishing,typed non-FISHING; unique GARFO name match,ARI,USA,WDF8337,2,1,1,0,0,1,0,0,,,,,,,unique_years,1030041,TRUE,131600,"2017,2018,2019,2020,2021",38.7,ME,commercial,,BLUEFISH:1|NORTHEAST MULTI-SPECIES:HB|TILEFISH:1,BLUEFISH:1|NORTHEAST MULTI-SPECIES:HB|TILEFISH:1,BLUEFISH:1; NORTHEAST MULTI-SPECIES:HB; TILEFISH:1,1,1
,,367596470,,,SOPHIE,fishing,FIXED,FALSE,,garfo_name_match,possible,GARFO hull 979402; permit 241656,PASSENGER,PASSENGER,2026-10-06,typed non-FISHING; unique GARFO name match. To confirm: look up USCG official no. 979402 in CGMIX PSIX; its call sign should be WDH2326. GARFO permits: commercial,1_missed_fishing,typed non-FISHING; unique GARFO name match,SOPHIE,USA,WDH2326,2,2,0,0,0,1,0,0,,,,,,,unique_years,979402,TRUE,241656,"2016,2017,2018,2019,2020,2021,2022,2023,2024,2025,2026",41.9,MA,commercial,FIXED,,,AMERICAN LOBSTER:A1,1,1
,,368306110,,,OYSTERCATCHER,fishing,,FALSE,,garfo_name_match,possible,GARFO hull VA488BT; permit 10226964,PASSENGER,PASSENGER,2026-10-06,typed non-FISHING; unique GARFO name match. State-registered hull VA488BT; cannot be linked to a call sign. GARFO permits: commercial,1_missed_fishing,typed non-FISHING; unique GARFO name match,OYSTERCATCHER,USA,WDN7183,2,0,0,2,0,1,0,,0,,,,,,unique_years,VA488BT,FALSE,10226964,2026,25,VA,commercial,,HMS:GENERAL,HMS:GENERAL,HMS:GENERAL,1,1
,,368401660,,,TOM NEVERS,fishing,,FALSE,,garfo_name_match,possible,GARFO hull 1021018; permit 232312,OTHER,OTHER,2026-10-06,typed non-FISHING; unique GARFO name match. To confirm: look up USCG official no. 1021018 in CGMIX PSIX; its call sign should be WDP9741. GARFO permits: commercial,1_missed_fishing,typed non-FISHING; unique GARFO name match,TOM NEVERS,USA,WDP9741,2,0,0,2,0,2,0,,0,,,,,,unique_years,1021018,TRUE,232312,"2024,2025,2026",42.5,MA,commercial,,BLUEFISH:1|HERRING:D|SKATE:1|SPINY DOGFISH:1|SQUID/MACKEREL/BUTTERFISH:3|SQUID/MACKEREL/BUTTERFISH:4|TILEFISH:1,BLUEFISH:1|HERRING:D|SKATE:1|SPINY DOGFISH:1|SQUID/MACKEREL/BUTTERFISH:4|TILEFISH:1,BLUEFISH:1; SPINY DOGFISH:1; HERRING:D; AMERICAN LOBSTER:1; MONKFISH:C; NORTHEAST MULTI-SPECIES:A; SCUP:1; SKATE:1; SQUID/MACKEREL/BUTTERFISH:3; SQUID/MACKEREL/BUTTERFISH:4; TILEFISH:1,1,1
,,368436250,,,FLYING CLOUD,fishing,,FALSE,,garfo_name_match,possible,GARFO hull ME232PG; permit 155696,PASSENGER,PASSENGER,2026-10-06,typed non-FISHING; unique GARFO name match. State-registered hull ME232PG; cannot be linked to a call sign. GARFO permits: commercial,1_missed_fishing,typed non-FISHING; unique GARFO name match,FLYING CLOUD,USA,WDQ5617,2,0,0,2,0,1,0,,0,,,,,,unique_years,ME232PG,FALSE,155696,2026,39,ME,commercial,,HERRING:D,HERRING:D,HERRING:D,1,1
,,338115066,,,PERFECT FIT,fishing,POLE_AND_LINE,FALSE,,garfo_name_match,possible,GARFO hull 1052830; permit 10204534|215503,PASSENGER,PASSENGER,2026-10-06,typed non-FISHING; unique GARFO name match. To confirm: look up USCG official no. 1052830 in CGMIX PSIX; its call sign should be (none in AIS). GARFO permits: for-hire,1_missed_fishing,typed non-FISHING; unique GARFO name match,PERFECT FIT,USA,,1,0,0,1,0,1,0,,0,,,,,,unique_years,1052830,TRUE,10204534|215503,"2021,2022,2023,2024,2025,2026",27,ME,for-hire,POLE_AND_LINE,,,BLUEFISH:2; BLACK SEA BASS:2; SUMMER FLOUNDER:2; NORTHEAST MULTI-SPECIES:I; SQUID/MACKEREL/BUTTERFISH:2 / HMS:CHARTER/HEADBOAT,1,1
,,338183392,,,WHISTLER,fishing,,FALSE,,garfo_name_match,possible,GARFO hull 934105; permit 222392,PASSENGER,PASSENGER,2026-10-06,typed non-FISHING; unique GARFO name match. To confirm: look up USCG official no. 934105 in CGMIX PSIX; its call sign should be (none in AIS). GARFO permits: commercial + for-hire,1_missed_fishing,typed non-FISHING; unique GARFO name match,WHISTLER,USA,,1,0,0,1,0,1,0,,0,,,,,,unique_years,934105,TRUE,222392,"2016,2017,2018,2019,2020,2021,2022,2023,2024,2025,2026",42,CT,commercial + for-hire,,ATLANTIC DEEP SEA RED CRAB:A|BLUEFISH:1|HERRING:D|MONKFISH:E|NORTHEAST MULTI-SPECIES:HB|NORTHEAST MULTI-SPECIES:K|SKATE:1|SPINY DOGFISH:1|SQUID/MACKEREL/BUTTERFISH:3|SQUID/MACKEREL/BUTTERFISH:4|TILEFISH:1,ATLANTIC DEEP SEA RED CRAB:A|BLUEFISH:1|HERRING:D|NORTHEAST MULTI-SPECIES:HB|NORTHEAST MULTI-SPECIES:K|SKATE:1|SPINY DOGFISH:1|SQUID/MACKEREL/BUTTERFISH:4|TILEFISH:1,BLUEFISH:1; BLUEFISH:2; BLACK SEA BASS:1; BLACK SEA BASS:2; SUMMER FLOUNDER:2; HERRING:D; AMERICAN LOBSTER:1; AMERICAN LOBSTER:2; AMERICAN LOBSTER:A6; MONKFISH:E; NORTHEAST MULTI-SPECIES:HB; NORTHEAST MULTI-SPECIES:I; NORTHEAST MULTI-SPECIES:K; ATLANTIC DEEP SEA RED CRAB:A; SCUP:2; SKATE:1; SQUID...,1,1
,,338192876,,,DRAGON LADY,fishing,MOBILE,FALSE,,garfo_name_match,possible,GARFO hull ME25ZTG; permit 154347,OTHER,OTHER,2026-10-06,typed non-FISHING; unique GARFO name match. State-registered hull ME25ZTG; cannot be linked to a call sign. GARFO permits: commercial,1_missed_fishing,typed non-FISHING; unique GARFO name match,DRAGON LADY,USA,,1,0,0,1,0,1,0,,0,,,,,,unique_years,ME25ZTG,FALSE,154347,"2023,2024,2025,2026",43,ME,commercial,MOBILE,ATLANTIC DEEP SEA RED CRAB:A|BLUEFISH:1|HERRING:D|MONKFISH:E|SKATE:1|SPINY DOGFISH:1|SQUID/MACKEREL/BUTTERFISH:3|SURF CLAM:1,ATLANTIC DEEP SEA RED CRAB:A|BLUEFISH:1|HERRING:D|SKATE:1|SPINY DOGFISH:1|SURF CLAM:1,BLUEFISH:1; SPINY DOGFISH:1; HERRING:D; GENERAL CATEGORY SCALLOP:B; AMERICAN LOBSTER:1; MONKFISH:E; NORTHEAST MULTI-SPECIES:A; ATLANTIC DEEP SEA RED CRAB:A; SURF CLAM:1; SKATE:1; SQUID/MACKEREL/BUTTERFISH:3,1,1
,,338226772,,,PARADIGM,fishing,FIXED,FALSE,,garfo_name_match,possible,GARFO hull 1299353; permit 321156,PASSENGER,PASSENGER,2026-10-06,typed non-FISHING; unique GARFO name match. To confirm: look up USCG official no. 1299353 in CGMIX PSIX; its call sign should be (none in AIS). GARFO permits: commercial,1_missed_fishing,typed non-FISHING; unique GARFO name match,PARADIGM,USA,,1,0,0,1,0,1,0,,0,,,,,,unique_years,1299353,TRUE,321156,"2019,2020,2021,2022,2023,2024,2025,2026",49.8,ME,commercial,FIXED,,,AMERICAN LOBSTER:A1,1,1
,,338236421,,,LUCKY BASTARD,fishing,,FALSE,,garfo_name_match,possible,GARFO hull 1173496; permit 233966,PASSENGER,PASSENGER,2026-10-06,typed non-FISHING; unique GARFO name match. To confirm: look up USCG official no. 1173496 in CGMIX PSIX; its call sign should be (none in AIS). GARFO permits: for-hire + open-access commercial. Also holds open-access commercial permits (directed: NORTHEAST MULTI-SPECIES:HB); may fish commercially on some trips -- set the gear class manually,1_missed_fishing,typed non-FISHING; unique GARFO name match,LUCKY BASTARD,USA,,1,0,1,0,0,1,0,0,,,,,,,unique_years,1173496,TRUE,233966,"2019,2020,2021,2022",34.9,FL,for-hire + open-access commercial,,NORTHEAST MULTI-SPECIES:HB,NORTHEAST MULTI-SPECIES:HB,NORTHEAST MULTI-SPECIES:I / NORTHEAST MULTI-SPECIES:HB; NORTHEAST MULTI-SPECIES:I,1,1
,,338250309,,,MORNING DEW,fishing,,FALSE,,garfo_name_match,possible,GARFO hull NJ9008HE; permit 10160626|152755,PASSENGER,PASSENGER,2026-10-06,typed non-FISHING; unique GARFO name match. State-registered hull NJ9008HE; cannot be linked to a call sign. GARFO permits: for-hire + open-access commercial. Also holds open-access commercial permits (directed: SKATE:1|SPINY DOGFISH:1); may fish commercially on some trips -- set the gear class manually,1_missed_fishing,typed non-FISHING; unique GARFO name match,MORNING DEW,USA,,1,0,0,1,0,1,0,,0,,,,,,unique_years,NJ9008HE,FALSE,10160626|152755,"2019,2020,2021,2022,2023,2024,2025,2026",25,NJ,for-hire + open-access commercial,,SKATE:1|SPINY DOGFISH:1,SKATE:1|SPINY DOGFISH:1,BLUEFISH:2; BLACK SEA BASS:2; SUMMER FLOUNDER:2; NORTHEAST MULTI-SPECIES:I; SCUP:2; SQUID/MACKEREL/BUTTERFISH:2 / BLUEFISH:2; BLACK SEA BASS:2; SPINY DOGFISH:1; SUMMER FLOUNDER:2; NORTHEAST MULTI-SPECIES:I; SCUP:2; SQUID/MACKEREL/BUTTERFISH:2; TILEFISH:3 / BLUEFISH:2; BLACK SEA BASS:2; SPINY DOGF...,1,1
,,338300271,,,SANDRA,fishing,MOBILE,FALSE,,garfo_name_match,possible,GARFO hull MS9691AV; permit 150933,OTHER,OTHER,2026-10-06,typed non-FISHING; unique GARFO name match. State-registered hull MS9691AV; cannot be linked to a call sign. GARFO permits: commercial,1_missed_fishing,typed non-FISHING; unique GARFO name match,SANDRA,USA,,1,1,0,0,0,1,0,0,,,,,,,unique_years,MS9691AV,FALSE,150933,"2016,2017,2018,2019",9.4,MA,commercial,MOBILE,ATLANTIC DEEP SEA RED CRAB:A|BLUEFISH:1|HERRING:D|OCEAN QUAHOG:6|SKATE:1|SPINY DOGFISH:1|SQUID/MACKEREL/BUTTERFISH:3|SQUID/MACKEREL/BUTTERFISH:4|SURF CLAM:1|TILEFISH:1,ATLANTIC DEEP SEA RED CRAB:A|BLUEFISH:1|HERRING:D|OCEAN QUAHOG:6|SKATE:1|SPINY DOGFISH:1|SQUID/MACKEREL/BUTTERFISH:4|SURF CLAM:1|TILEFISH:1,BLUEFISH:1; SPINY DOGFISH:1; SUMMER FLOUNDER:1; HERRING:D; GENERAL CATEGORY SCALLOP:A; AMERICAN LOBSTER:1; MONKFISH:C; NORTHEAST MULTI-SPECIES:A; OCEAN QUAHOG:6; ATLANTIC DEEP SEA RED CRAB:A; SURF CLAM:1; SKATE:1; SQUID/MACKEREL/BUTTERFISH:3; SQUID/MACKEREL/BUTTERFISH:4; TILEFISH:1,1,1
,,338339109,,,GAYLE ANN,fishing,,FALSE,,garfo_name_match,possible,GARFO hull MS9204KB; permit 10017452|132200,PASSENGER,PASSENGER,2026-10-06,typed non-FISHING; unique GARFO name match. State-registered hull MS9204KB; cannot be linked to a call sign. GARFO permits: commercial,1_missed_fishing,typed non-FISHING; unique GARFO name match,GAYLE ANN,USA,,1,0,1,0,0,1,0,0,,,,,,,unique_years,MS9204KB,FALSE,10017452|132200,"2016,2017,2018,2019,2020,2021,2022,2023,2024,2025,2026",23,MA,commercial,,BLUEFISH:1|HMS:GENERAL,BLUEFISH:1|HMS:GENERAL,BLUEFISH:1; NORTHEAST MULTI-SPECIES:HA / HMS:GENERAL,1,1
,,338348216,,,BLUE POINT,fishing,,FALSE,,garfo_name_match,possible,GARFO hull 559112; permit 410324,OTHER,OTHER,2026-10-06,typed non-FISHING; unique GARFO name match. To confirm: look up USCG official no. 559112 in CGMIX PSIX; its call sign should be (none in AIS). GARFO permits: commercial,1_missed_fishing,typed non-FISHING; unique GARFO name match,BLUE POINT,USA,,1,1,0,0,0,1,0,0,,,,,,,unique_years,559112,TRUE,410324,"2016,2017,2018,2019,2020,2021",71,NY,commercial,,MONKFISH:E|SPINY DOGFISH:1,SPINY DOGFISH:1,SPINY DOGFISH:1; MONKFISH:E,1,1
,,338407526,,,WILDFIRE,fishing,FIXED,FALSE,,garfo_name_match,possible,GARFO hull 1049122; permit 10155747|233996,PASSENGER,PASSENGER,2026-10-06,typed non-FISHING; unique GARFO name match. To confirm: look up USCG official no. 1049122 in CGMIX PSIX; its call sign should be (none in AIS). GARFO permits: commercial,1_missed_fishing,typed non-FISHING; unique GARFO name match,WILDFIRE,USA,,1,0,1,0,0,1,0,0,,,,,,,unique_years,1049122,TRUE,10155747|233996,"2020,2021,2022,2026",35.9,ME,commercial,FIXED,HMS:HARPOON & SWORDFISH|NORTHEAST MULTI-SPECIES:HB,HMS:HARPOON & SWORDFISH|NORTHEAST MULTI-SPECIES:HB,AMERICAN LOBSTER:A1; NORTHEAST MULTI-SPECIES:HB / HMS:HARPOON & SWORDFISH,1,1
,,338437731,,,SEA CURE,fishing,POLE_AND_LINE,FALSE,,garfo_name_match,possible,GARFO hull 690944; permit 10230484,PASSENGER,PASSENGER,2026-10-06,typed non-FISHING; unique GARFO name match. To confirm: look up USCG official no. 690944 in CGMIX PSIX; its call sign should be (none in AIS). GARFO permits: for-hire,1_missed_fishing,typed non-FISHING; unique GARFO name match,SEA CURE,USA,,1,0,0,1,0,1,0,,0,,,,,,unique_years,690944,TRUE,10230484,2026,45,VA,for-hire,POLE_AND_LINE,,,HMS:CHARTER/HEADBOAT,1,1
,,338456092,,,SECOTAN,fishing,,FALSE,,garfo_name_match,possible,GARFO hull 1142572; permit 10072646,PASSENGER,PASSENGER,2026-10-06,typed non-FISHING; unique GARFO name match. To confirm: look up USCG official no. 1142572 in CGMIX PSIX; its call sign should be SECOTAN. GARFO permits: for-hire + open-access commercial. Also holds open-access commercial permits (directed: HMS:CHB COMMERCIAL SALE ENDORSEMENT); may fish commercially on some trips -- set the gear class manually,1_missed_fishing,typed non-FISHING; unique GARFO name match,SECOTAN,USA,SECOTAN,1,0,0,1,0,1,0,,0,,,,,,unique_years,1142572,TRUE,10072646,2026,57,NC,for-hire + open-access commercial,,HMS:CHB COMMERCIAL SALE ENDORSEMENT,HMS:CHB COMMERCIAL SALE ENDORSEMENT,HMS:CHARTER/HEADBOAT; HMS:CHB COMMERCIAL SALE ENDORSEMENT,1,1
,,338534229,,,GUNNAR,fishing,,FALSE,,garfo_name_match,possible,GARFO hull 1095210; permit 10055605,PASSENGER,PASSENGER,2026-10-06,typed non-FISHING; unique GARFO name match. To confirm: look up USCG official no. 1095210 in CGMIX PSIX; its call sign should be (none in AIS). GARFO permits: for-hire + open-access commercial. Also holds open-access commercial permits (directed: HMS:CHB COMMERCIAL SALE ENDORSEMENT); may fish commercially on some trips -- set the gear class manually,1_missed_fishing,typed non-FISHING; unique GARFO name match,GUNNAR,USA,,1,0,0,1,0,1,0,,0,,,,,,unique_years,1095210,TRUE,10055605,2026,31,MA,for-hire + open-access commercial,,HMS:CHB COMMERCIAL SALE ENDORSEMENT,HMS:CHB COMMERCIAL SALE ENDORSEMENT,HMS:CHARTER/HEADBOAT; HMS:CHB COMMERCIAL SALE ENDORSEMENT,1,1
,,338534506,,,OPTIMUM,fishing,,FALSE,,garfo_name_match,possible,GARFO hull 1157851; permit 10228501,PASSENGER,PASSENGER,2026-10-06,typed non-FISHING; unique GARFO name match. To confirm: look up USCG official no. 1157851 in CGMIX PSIX; its call sign should be (none in AIS). GARFO permits: for-hire + open-access commercial. Also holds open-access commercial permits (directed: HMS:CHB COMMERCIAL SALE ENDORSEMENT); may fish commercially on some trips -- set the gear class manually,1_missed_fishing,typed non-FISHING; unique GARFO name match,OPTIMUM,USA,,1,0,0,1,0,1,0,,0,,,,,,unique_years,1157851,TRUE,10228501,2026,62,FL,for-hire + open-access commercial,,HMS:CHB COMMERCIAL SALE ENDORSEMENT,HMS:CHB COMMERCIAL SALE ENDORSEMENT,HMS:CHARTER/HEADBOAT; HMS:CHB COMMERCIAL SALE ENDORSEMENT,1,1
,,338555054,,,MELISSA MARIE,fishing,FIXED,FALSE,,garfo_name_match,possible,GARFO hull 1190857; permit 233643,PASSENGER,PASSENGER,2026-10-06,typed non-FISHING; unique GARFO name match. To confirm: look up USCG official no. 1190857 in CGMIX PSIX; its call sign should be (none in AIS). GARFO permits: commercial,1_missed_fishing,typed non-FISHING; unique GARFO name match,MELISSA MARIE,USA,,1,0,0,1,0,1,0,,0,,,,,,unique_years,1190857,TRUE,233643,"2021,2022,2023,2024,2025,2026",38.5,ME,commercial,FIXED,,,AMERICAN LOBSTER:A1,1,1
,,338563011,,,SUMMER SHACK,fishing,,FALSE,,garfo_name_match,possible,GARFO hull 956683; permit 10238101,PASSENGER,PASSENGER,2026-10-06,typed non-FISHING; unique GARFO name match. To confirm: look up USCG official no. 956683 in CGMIX PSIX; its call sign should be (none in AIS). GARFO permits: for-hire + open-access commercial. Also holds open-access commercial permits (directed: HMS:CHB COMMERCIAL SALE ENDORSEMENT); may fish commercially on some trips -- set the gear class manually,1_missed_fishing,typed non-FISHING; unique GARFO name match,SUMMER SHACK,USA,,1,0,0,1,0,1,0,,0,,,,,,unique_years,956683,TRUE,10238101,2026,48,CT,for-hire + open-access commercial,,HMS:CHB COMMERCIAL SALE ENDORSEMENT,HMS:CHB COMMERCIAL SALE ENDORSEMENT,HMS:CHARTER/HEADBOAT; HMS:CHB COMMERCIAL SALE ENDORSEMENT,1,1
,,338564452,,,DREAMER,fishing,,FALSE,,garfo_name_match,possible,GARFO hull 1021105; permit 10015152,PASSENGER,PASSENGER,2026-10-06,typed non-FISHING; unique GARFO name match. To confirm: look up USCG official no. 1021105 in CGMIX PSIX; its call sign should be (none in AIS). GARFO permits: commercial,1_missed_fishing,typed non-FISHING; unique GARFO name match,DREAMER,USA,,1,0,0,1,0,1,0,,0,,,,,,unique_years,1021105,TRUE,10015152,2026,35,MA,commercial,,HMS:GENERAL,HMS:GENERAL,HMS:GENERAL,1,1
,,338565953,,,PRESSURE DROP,fishing,,FALSE,,garfo_name_match,possible,GARFO hull NY5875HE; permit 10238269,OTHER,OTHER,2026-10-06,typed non-FISHING; unique GARFO name match. State-registered hull NY5875HE; cannot be linked to a call sign. GARFO permits: commercial,1_missed_fishing,typed non-FISHING; unique GARFO name match,PRESSURE DROP,USA,,1,0,0,1,0,1,0,,0,,,,,,unique_years,NY5875HE,FALSE,10238269,2026,26,NY,commercial,,HMS:GENERAL,HMS:GENERAL,HMS:GENERAL,1,1
,,366002040,,,F/V JULIE G,fishing,MOBILE,FALSE,,garfo_name_match,possible,GARFO hull 604983; permit 410185,OTHER,OTHER,2026-10-06,typed non-FISHING; unique GARFO name match. To confirm: look up USCG official no. 604983 in CGMIX PSIX; its call sign should be WBC9064. GARFO permits: commercial,1_missed_fishing,typed non-FISHING; unique GARFO name match,F/V JULIE G,USA,WBC9064,1,1,0,0,0,1,0,0,,,,,,,unique_years,604983,TRUE,410185,2016,79.3,MA,commercial,MOBILE,BLUEFISH:1|HERRING:D|NORTHEAST MULTI-SPECIES:K|OCEAN QUAHOG:6|SKATE:1|SPINY DOGFISH:1|SQUID/MACKEREL/BUTTERFISH:3|SQUID/MACKEREL/BUTTERFISH:4|SURF CLAM:1|TILEFISH:1,BLUEFISH:1|HERRING:D|NORTHEAST MULTI-SPECIES:K|OCEAN QUAHOG:6|SKATE:1|SPINY DOGFISH:1|SQUID/MACKEREL/BUTTERFISH:4|SURF CLAM:1|TILEFISH:1,BLUEFISH:1; SPINY DOGFISH:1; SUMMER FLOUNDER:1; HERRING:D; AMERICAN LOBSTER:1; NORTHEAST MULTI-SPECIES:K; OCEAN QUAHOG:6; SURF CLAM:1; SKATE:1; SQUID/MACKEREL/BUTTERFISH:3; SQUID/MACKEREL/BUTTERFISH:4; TILEFISH:1,1,1
,,367018850,,,HEL-CAT II,fishing,,FALSE,,garfo_name_match,possible,GARFO hull 686254; permit 320735,PASSENGER,PASSENGER,2026-10-06,typed non-FISHING; unique GARFO name match. To confirm: look up USCG official no. 686254 in CGMIX PSIX; its call sign should be WSH5085. GARFO permits: for-hire + open-access commercial. Also holds open-access commercial permits (directed: SPINY DOGFISH:1); may fish commercially on some trips -- set the gear class manually,1_missed_fishing,typed non-FISHING; unique GARFO name match,HEL-CAT II,USA,WSH5085,1,1,0,0,0,1,0,0,,,,,,,unique_years,686254,TRUE,320735,"2016,2017,2018,2019,2020,2021,2022,2023,2024",100.3,CT,for-hire + open-access commercial,,MONKFISH:E|SPINY DOGFISH:1,SPINY DOGFISH:1,BLUEFISH:2; SPINY DOGFISH:1; SUMMER FLOUNDER:2; MONKFISH:E; NORTHEAST MULTI-SPECIES:I; SCUP:2; SQUID/MACKEREL/BUTTERFISH:2 / BLUEFISH:2; BLACK SEA BASS:2; SPINY DOGFISH:1; SUMMER FLOUNDER:2; MONKFISH:E; NORTHEAST MULTI-SPECIES:I; SCUP:2; SQUID/MACKEREL/BUTTERFISH:2 / BLUEFISH:2; BLACK SEA BASS:2;...,1,1
,,367652170,,,GOLDEN GIRL,fishing,,FALSE,,garfo_name_match,possible,GARFO hull 1194557; permit 233652,PASSENGER,PASSENGER,2026-10-06,typed non-FISHING; unique GARFO name match. To confirm: look up USCG official no. 1194557 in CGMIX PSIX; its call sign should be WDH7844. GARFO permits: commercial + for-hire,1_missed_fishing,typed non-FISHING; unique GARFO name match,GOLDEN GIRL,USA,WDH7844,1,1,0,0,0,1,0,0,,,,,,,unique_years,1194557,TRUE,233652,"2016,2017,2018,2019,2020,2021,2022,2023,2024,2025,2026",42.9,MA,commercial + for-hire,,NORTHEAST MULTI-SPECIES:HB,NORTHEAST MULTI-SPECIES:HB,AMERICAN LOBSTER:A1; NORTHEAST MULTI-SPECIES:HB; NORTHEAST MULTI-SPECIES:I,1,1
,,367724250,,,SAND DOLLAR,fishing,,FALSE,,garfo_name_match,possible,GARFO hull MS1497SA; permit 138725,PASSENGER,PASSENGER,2026-10-06,typed non-FISHING; unique GARFO name match. State-registered hull MS1497SA; cannot be linked to a call sign. GARFO permits: commercial,1_missed_fishing,typed non-FISHING; unique GARFO name match,SAND DOLLAR,USA,WDI6989,1,1,0,0,0,1,0,0,,,,,,,unique_years,MS1497SA,FALSE,138725,"2016,2017,2018,2019,2020,2021",18,MA,commercial,,NORTHEAST MULTI-SPECIES:HB,NORTHEAST MULTI-SPECIES:HB,BLACK SEA BASS:1; SUMMER FLOUNDER:1; NORTHEAST MULTI-SPECIES:HB; SCUP:1,1,1
,,368088150,,,ACE,fishing,FIXED,FALSE,,garfo_name_match,possible,GARFO hull 647579; permit 214140,PASSENGER,PASSENGER,2026-10-06,typed non-FISHING; unique GARFO name match. To confirm: look up USCG official no. 647579 in CGMIX PSIX; its call sign should be (none in AIS). GARFO permits: commercial,1_missed_fishing,typed non-FISHING; unique GARFO name match,ACE,USA,,1,0,0,1,0,1,0,,0,,,,,,unique_years,647579,TRUE,214140,"2016,2017,2018,2019,2020,2021,2024,2025,2026",35.2,ME,commercial,FIXED,,,AMERICAN LOBSTER:A1,1,1
,,368170920,,,HAPPY HOUR,fishing,FIXED,FALSE,,garfo_name_match,possible,GARFO hull 1095944; permit 233626,PASSENGER,PASSENGER,2026-10-06,typed non-FISHING; unique GARFO name match. To confirm: look up USCG official no. 1095944 in CGMIX PSIX; its call sign should be WDN3830. GARFO permits: commercial,1_missed_fishing,typed non-FISHING; unique GARFO name match,HAPPY HOUR,USA,WDN3830,1,0,0,1,0,1,0,,0,,,,,,unique_years,1095944,TRUE,233626,"2016,2017,2018,2019,2020,2021,2022,2023,2024",35,ME,commercial,FIXED,,,AMERICAN LOBSTER:A1,1,1
,,368306070,,,PRIVATE ISLAND,fishing,POLE_AND_LINE,FALSE,,garfo_name_match,possible,GARFO hull 1181158; permit 10110330,OTHER,OTHER,2026-10-06,typed non-FISHING; unique GARFO name match. To confirm: look up USCG official no. 1181158 in CGMIX PSIX; its call sign should be WDN7179. GARFO permits: for-hire,1_missed_fishing,typed non-FISHING; unique GARFO name match,PRIVATE ISLAND,USA,WDN7179,1,0,0,1,0,1,0,,0,,,,,,unique_years,1181158,TRUE,10110330,2026,68,FL,for-hire,POLE_AND_LINE,,,HMS:CHARTER/HEADBOAT,1,1
,,368398160,,,SEMPRE DURO,fishing,,FALSE,,garfo_name_match,possible,GARFO hull 1195609; permit 10109820,OTHER,OTHER,2026-10-06,typed non-FISHING; unique GARFO name match. To confirm: look up USCG official no. 1195609 in CGMIX PSIX; its call sign should be WDP9304. GARFO permits: for-hire + open-access commercial. Also holds open-access commercial permits (directed: HMS:CHB COMMERCIAL SALE ENDORSEMENT); may fish commercially on some trips -- set the gear class manually,1_missed_fishing,typed non-FISHING; unique GARFO name match,SEMPRE DURO,USA,WDP9304,1,0,0,1,0,1,0,,0,,,,,,unique_years,1195609,TRUE,10109820,2026,68,NJ,for-hire + open-access commercial,,HMS:CHB COMMERCIAL SALE ENDORSEMENT,HMS:CHB COMMERCIAL SALE ENDORSEMENT,HMS:CHARTER/HEADBOAT; HMS:CHB COMMERCIAL SALE ENDORSEMENT,1,1
,,367548870,2023-04-08,2026-09-28,F/V TWO DUKES,fishing,,TRUE,,behavioural_screen,possible,,FISHING,FISHING,2026-10-06,lease share rose from Stage 1-2 to Stage 3,2_charter_activity,lease share rose from Stage 1-2 to Stage 3,F/V TWO DUKES,USA,WDG5655,940,22,166,752,3.23,2.64,0.395,0.138,0.459,,,,,,ambiguous,1268225|685825,TRUE,250776|330924,"2016,2017,2018,2019,2020,2021,2022,2023,2024,2025,2026",64.9,NJ|RI,commercial,FIXED,ATLANTIC DEEP SEA RED CRAB:A|BLUEFISH:1|HERRING:D|MONKFISH:E|NORTHEAST MULTI-SPECIES:HB|NORTHEAST MULTI-SPECIES:K|SKATE:1|SPINY DOGFISH:1|SQUID/MACKEREL/BUTTERFISH:3|SQUID/MACKEREL/BUTTERFISH:4|TILEFISH:1,ATLANTIC DEEP SEA RED CRAB:A|BLUEFISH:1|HERRING:D|NORTHEAST MULTI-SPECIES:HB|NORTHEAST MULTI-SPECIES:K|SKATE:1|SPINY DOGFISH:1|SQUID/MACKEREL/BUTTERFISH:4|TILEFISH:1,BLUEFISH:1; SPINY DOGFISH:1; HERRING:D; AMERICAN LOBSTER:A3; MONKFISH:E; NORTHEAST MULTI-SPECIES:HB; NORTHEAST MULTI-SPECIES:K; ATLANTIC DEEP SEA RED CRAB:A; SKATE:1; SQUID/MACKEREL/BUTTERFISH:3; SQUID/MACKEREL/BUTTERFISH:4; TILEFISH:1 / BLUEFISH:1; SPINY DOGFISH:1; HERRING:D; AMERICAN LOBSTER:A3...,2,1
,,368175660,2023-04-15,2026-06-09,BUCKEYE,fishing,,TRUE,,behavioural_screen,possible,,FISHING,TRAWLERS,2026-10-06,lease share rose from Stage 1-2 to Stage 3,2_charter_activity,lease share rose from Stage 1-2 to Stage 3,BUCKEYE,USA,WDL9073,224,0,3,221,176.46,7.226,0.366,0,0.371,,,,,,ambiguous,940494|NH2484XT,FALSE,149404|410499,"2016,2020,2021,2022,2023,2024,2025,2026",81.8,MA|NH,commercial,,ATLANTIC DEEP SEA RED CRAB:A|BLUEFISH:1|HERRING:D|OCEAN QUAHOG:6|SKATE:1|SPINY DOGFISH:1|SQUID/MACKEREL/BUTTERFISH:3|SQUID/MACKEREL/BUTTERFISH:4|SURF CLAM:1|TILEFISH:1,ATLANTIC DEEP SEA RED CRAB:A|BLUEFISH:1|HERRING:D|OCEAN QUAHOG:6|SKATE:1|SPINY DOGFISH:1|SQUID/MACKEREL/BUTTERFISH:4|SURF CLAM:1|TILEFISH:1,AMERICAN LOBSTER:A1 / BLUEFISH:1; SPINY DOGFISH:1; SUMMER FLOUNDER:1; HERRING:D; GENERAL CATEGORY SCALLOP:B; AMERICAN LOBSTER:1; MONKFISH:D; NORTHEAST MULTI-SPECIES:E; OCEAN QUAHOG:6; ATLANTIC DEEP SEA RED CRAB:A; SCALLOP - LIMITED ACCESS:2; SURF CLAM:1; SKATE:1; SQUID/MACKEREL/BUTTERFISH:3; SQUI...,2,1
,,368245960,2024-04-26,2024-04-30,F/V NEW HORIZON,fishing,,TRUE,,behavioural_screen,probable,,FISHING,TRAWLERS,2026-10-06,no Stage 1-2 history; lease-concentrated Stage 3,2_charter_activity,no Stage 1-2 history; lease-concentrated Stage 3,F/V NEW HORIZON,USA,WDM8722,97,0,0,97,0,19.4,0.804,,0.804,,,,,,ambiguous,603431,TRUE,330309,"2022,2023,2024,2025,2026",70.3,CT,commercial,,ATLANTIC DEEP SEA RED CRAB:A|BLUEFISH:1|HERRING:D|MONKFISH:E|SKATE:1|SPINY DOGFISH:1|TILEFISH:1,ATLANTIC DEEP SEA RED CRAB:A|BLUEFISH:1|HERRING:D|SKATE:1|SPINY DOGFISH:1|TILEFISH:1,BLUEFISH:1; BLACK SEA BASS:1; SPINY DOGFISH:1; SUMMER FLOUNDER:1; HERRING:D; AMERICAN LOBSTER:1; MONKFISH:E; NORTHEAST MULTI-SPECIES:A; ATLANTIC DEEP SEA RED CRAB:A; SCUP:1; SKATE:1; SQUID/MACKEREL/BUTTERFISH:1A; SQUID/MACKEREL/BUTTERFISH:6; TILEFISH:1,1,2
,,338482248,2023-07-25,2026-08-20,PEDDLER,fishing,,TRUE,,behavioural_screen,probable,GARFO hull 1137640; permit 10067687,FISHING,POLE_AND_LINE,2026-10-06,no Stage 1-2 history; lease-concentrated Stage 3. To confirm: look up USCG official no. 1137640 in CGMIX PSIX; its call sign should be (none in AIS). GARFO permits: commercial,2_charter_activity,no Stage 1-2 history; lease-concentrated Stage 3,PEDDLER,USA,,89,0,0,89,0,6.357,0.472,,0.472,,,,,,unique_years,1137640,TRUE,10067687,2026,42,RI,commercial,,HMS:GENERAL,HMS:GENERAL,HMS:GENERAL,1,1
,,338552758,2026-03-28,2026-09-15,MENEMSHA ROSE,fishing,,TRUE,,behavioural_screen,probable,,FISHING,SET_GILLNETS,2026-10-06,no Stage 1-2 history; lease-concentrated Stage 3,2_charter_activity,no Stage 1-2 history; lease-concentrated Stage 3,MENEMSHA ROSE,USA,,83,0,0,83,0.89,4.611,0.313,,0.313,,,,,,ambiguous,937041|MS9170BX,FALSE,155397|310649,"2019,2020,2021,2022,2023,2024,2025,2026",60,MA,commercial,,ATLANTIC DEEP SEA RED CRAB:A|BLUEFISH:1|HERRING:D|MONKFISH:E|NORTHEAST MULTI-SPECIES:HB|NORTHEAST MULTI-SPECIES:K|OCEAN QUAHOG:6|SKATE:1|SPINY DOGFISH:1|SQUID/MACKEREL/BUTTERFISH:3|SQUID/MACKEREL/BUTTERFISH:4|SURF CLAM:1|TILEFISH:1,ATLANTIC DEEP SEA RED CRAB:A|BLUEFISH:1|HERRING:D|NORTHEAST MULTI-SPECIES:HB|NORTHEAST MULTI-SPECIES:K|OCEAN QUAHOG:6|SKATE:1|SPINY DOGFISH:1|SQUID/MACKEREL/BUTTERFISH:4|SURF CLAM:1|TILEFISH:1,BLUEFISH:1; SPINY DOGFISH:1; HERRING:D; GENERAL CATEGORY SCALLOP:A; AMERICAN LOBSTER:1; AMERICAN LOBSTER:A3; MONKFISH:D; NORTHEAST MULTI-SPECIES:F; OCEAN QUAHOG:6; SURF CLAM:1; SKATE:1; SQUID/MACKEREL/BUTTERFISH:3; SQUID/MACKEREL/BUTTERFISH:4; TILEFISH:1 / BLUEFISH:1; SPINY DOGFISH:1; HERRING:D; ...,2,2
,,338362109,2025-07-16,2026-08-30,REEL RHINO,fishing,,TRUE,,behavioural_screen,possible,,FISHING,POLE_AND_LINE,2026-10-06,lease share rose from Stage 1-2 to Stage 3,2_charter_activity,lease share rose from Stage 1-2 to Stage 3,REEL RHINO,USA,,76,0,12,64,0,5.067,0.447,0.083,0.516,,,,,,none,,,,,,,,,,,,,
,,338423966,2023-07-23,2026-08-31,FINN,fishing,,TRUE,,behavioural_screen,probable,,FISHING,TUNA_PURSE_SEINES,2026-10-06,no Stage 1-2 history; lease-concentrated Stage 3,2_charter_activity,no Stage 1-2 history; lease-concentrated Stage 3,FINN,USA,FINN,76,0,0,76,14,3.167,0.289,,0.289,,,,,,none,,,,,,,,,,,,,
,,338518704,2024-11-08,2025-06-19,RELIANCE,fishing,,TRUE,,behavioural_screen,probable,,FISHING,FISHING,2026-10-06,no Stage 1-2 history; lease-concentrated Stage 3,2_charter_activity,no Stage 1-2 history; lease-concentrated Stage 3,RELIANCE,USA,,66,0,0,66,6.67,3.143,0.47,,0.47,,,,,,ambiguous,1248728|1249741|985853|ME17SZA|RI4774Y,FALSE,151451|154461|233381|233818|410617,"2016,2017,2018,2019,2020,2021,2022,2023,2024,2025,2026",76,MA|ME|RI,commercial,,ATLANTIC DEEP SEA RED CRAB:A|BLUEFISH:1|HERRING:D|MONKFISH:E|NORTHEAST MULTI-SPECIES:HB|NORTHEAST MULTI-SPECIES:J|NORTHEAST MULTI-SPECIES:K|OCEAN QUAHOG:6|SKATE:1|SPINY DOGFISH:1|SQUID/MACKEREL/BUTTERFISH:3|SQUID/MACKEREL/BUTTERFISH:4|SURF CLAM:1|TILEFISH:1,ATLANTIC DEEP SEA RED CRAB:A|BLUEFISH:1|HERRING:D|NORTHEAST MULTI-SPECIES:HB|NORTHEAST MULTI-SPECIES:K|OCEAN QUAHOG:6|SKATE:1|SPINY DOGFISH:1|SQUID/MACKEREL/BUTTERFISH:4|SURF CLAM:1|TILEFISH:1,HERRING:D / AMERICAN LOBSTER:A1 / BLUEFISH:1; SPINY DOGFISH:1; SUMMER FLOUNDER:1; HERRING:D; AMERICAN LOBSTER:1; MONKFISH:E; NORTHEAST MULTI-SPECIES:J; NORTHEAST MULTI-SPECIES:K; OCEAN QUAHOG:6; ATLANTIC DEEP SEA RED CRAB:A; SCALLOP - LIMITED ACCESS:2; SURF CLAM:1; SKATE:1; SQUID/MACKEREL/BUTTERF...,5,5
,,367599080,2025-07-12,2026-07-21,MACHACA,fishing,,TRUE,,behavioural_screen,probable,GARFO hull 1055916; permit 10139339|233764,FISHING,FISHING,2026-10-06,"no Stage 1-2 history; lease-concentrated Stage 3. To confirm: look up USCG official no. 1055916 in CGMIX PSIX; its call sign should be WDH2580. GARFO permits: for-hire + open-access commercial. Holds 7 open-access commercial permits, a typical party-boat bundle; POLE_AND_LINE suggested -- treat the gear class as possible",2_charter_activity,no Stage 1-2 history; lease-concentrated Stage 3,MACHACA,USA,WDH2580,60,0,0,60,0,3.333,0.417,,0.417,,,,,,unique_years,1055916,TRUE,10139339|233764,"2016,2017,2018,2019,2020,2021,2022,2023,2024,2025,2026",35.8,MA,for-hire + open-access commercial,POLE_AND_LINE,BLUEFISH:1|HERRING:D|HMS:CHB COMMERCIAL SALE ENDORSEMENT|SKATE:1|SPINY DOGFISH:1|SQUID/MACKEREL/BUTTERFISH:4|TILEFISH:1,BLUEFISH:1|HERRING:D|HMS:CHB COMMERCIAL SALE ENDORSEMENT|SKATE:1|SPINY DOGFISH:1|SQUID/MACKEREL/BUTTERFISH:4|TILEFISH:1,BLUEFISH:1; BLUEFISH:2; SPINY DOGFISH:1; HERRING:D; NORTHEAST MULTI-SPECIES:I; SKATE:1; SQUID/MACKEREL/BUTTERFISH:2; SQUID/MACKEREL/BUTTERFISH:4; TILEFISH:1; TILEFISH:2 / BLUEFISH:1; BLUEFISH:2; SPINY DOGFISH:1; SUMMER FLOUNDER:2; HERRING:D; NORTHEAST MULTI-SPECIES:I; SKATE:1; SQUID/MACKEREL/BUTT...,1,1
,,368157340,2024-07-03,2026-07-31,GREENFINS,fishing,,TRUE,,behavioural_screen,probable,GARFO hull RI7185W; permit 10167895|155320,FISHING,INCONCLUSIVE,2026-10-06,no Stage 1-2 history; lease-concentrated Stage 3. State-registered hull RI7185W; cannot be linked to a call sign. GARFO permits: for-hire + open-access commercial. Also holds open-access commercial permits (directed: HMS:CHB COMMERCIAL SALE ENDORSEMENT|TILEFISH:1); may fish commercially on some trips -- set the gear class manually,2_charter_activity,no Stage 1-2 history; lease-concentrated Stage 3,GREENFINS,USA,WDL7126,56,0,0,56,10.18,2.333,0.268,,0.268,,,,,,unique_years,RI7185W,FALSE,10167895|155320,"2025,2026",49,RI,for-hire + open-access commercial,,HMS:CHB COMMERCIAL SALE ENDORSEMENT|TILEFISH:1,HMS:CHB COMMERCIAL SALE ENDORSEMENT|TILEFISH:1,TILEFISH:1 / HMS:CHARTER/HEADBOAT; HMS:CHB COMMERCIAL SALE ENDORSEMENT,1,1
,,338370872,2025-07-22,2026-08-26,FULL CIRCLE / PAMELA GRACE,fishing,,TRUE,,behavioural_screen,probable,,FISHING,FISHING,2026-10-06,no Stage 1-2 history; lease-concentrated Stage 3,2_charter_activity,no Stage 1-2 history; lease-concentrated Stage 3,FULL CIRCLE / PAMELA GRACE,USA,,53,0,0,53,14.16,4.417,0.264,,0.264,,,,,,ambiguous,1164886|1336497|1357505|MS4552BU,FALSE,10214315|10214802|10230156|223925|242777,"2016,2017,2018,2019,2020,2021,2022,2023,2024,2025,2026",39.6,MA|ME|RI|SC,commercial + for-hire,,BLUEFISH:1|HERRING:D|HMS:CHB COMMERCIAL SALE ENDORSEMENT|HMS:GENERAL|MONKFISH:E|NORTHEAST MULTI-SPECIES:HB|NORTHEAST MULTI-SPECIES:K|OCEAN QUAHOG:6|SPINY DOGFISH:1|SURF CLAM:1|TILEFISH:1,BLUEFISH:1|HERRING:D|HMS:CHB COMMERCIAL SALE ENDORSEMENT|HMS:GENERAL|NORTHEAST MULTI-SPECIES:HB|NORTHEAST MULTI-SPECIES:K|OCEAN QUAHOG:6|SPINY DOGFISH:1|SURF CLAM:1|TILEFISH:1,SPINY DOGFISH:1; HERRING:D; AMERICAN LOBSTER:A1; MONKFISH:E; NORTHEAST MULTI-SPECIES:A; OCEAN QUAHOG:6; SURF CLAM:1 / BLUEFISH:1; BLUEFISH:2; BLACK SEA BASS:2; SUMMER FLOUNDER:2; MONKFISH:E; NORTHEAST MULTI-SPECIES:HB; NORTHEAST MULTI-SPECIES:I; NORTHEAST MULTI-SPECIES:K; SCUP:2; SQUID/MACKEREL/B...,3,8
,,367400280,2023-07-05,2026-08-18,TENACIOUS II,fishing,,TRUE,,behavioural_screen,probable,GARFO hull 1108075; permit 10129787|242648,FISHING,INCONCLUSIVE,2026-10-06,no Stage 1-2 history; lease-concentrated Stage 3. To confirm: look up USCG official no. 1108075 in CGMIX PSIX; its call sign should be WDE8000. GARFO permits: commercial,2_charter_activity,no Stage 1-2 history; lease-concentrated Stage 3,TENACIOUS II,USA,WDE8000,50,0,0,50,0,2,0.34,,0.34,,,,,,unique_years,1108075,TRUE,10129787|242648,"2016,2017,2018,2019,2020,2021,2022,2023,2024,2025,2026",38.2,MA,commercial,,ATLANTIC DEEP SEA RED CRAB:A|BLUEFISH:1|HERRING:D|HMS:GENERAL & SWORDFISH|MONKFISH:E|SKATE:1|SPINY DOGFISH:1|SQUID/MACKEREL/BUTTERFISH:3|SQUID/MACKEREL/BUTTERFISH:4|TILEFISH:1,ATLANTIC DEEP SEA RED CRAB:A|BLUEFISH:1|HERRING:D|HMS:GENERAL & SWORDFISH|SKATE:1|SPINY DOGFISH:1|SQUID/MACKEREL/BUTTERFISH:4|TILEFISH:1,BLUEFISH:1; SPINY DOGFISH:1; HERRING:D; MONKFISH:E; NORTHEAST MULTI-SPECIES:A; ATLANTIC DEEP SEA RED CRAB:A; SKATE:1; SQUID/MACKEREL/BUTTERFISH:3; SQUID/MACKEREL/BUTTERFISH:4; TILEFISH:1 / HMS:GENERAL & SWORDFISH,1,1
,,244020098,,,BALTIC,non_fishing,,FALSE,,screen,possible,,FISHING,TRAWLERS,2026-10-06,"short, intense foreign-flag visit",3_nonfishing_typed_fishing,"short, intense foreign-flag visit",BALTIC,NLD,PBGK,48,48,0,0,42.18,16,0,0,,,,,,,none,,,,,,,,,,,,,
,,577030000,,,NAUTILUS,non_fishing,,FALSE,,screen,possible,,FISHING,INCONCLUSIVE,2026-10-06,foreign flag with INCONCLUSIVE gear,3_nonfishing_typed_fishing,foreign flag with INCONCLUSIVE gear,NAUTILUS,VUT,YJQA8,30,0,0,30,0,3.75,0.467,,0.467,,,,,,none,,,,,,,,,,,,,
,,316020342,,,BALAENA,non_fishing,,FALSE,,screen,possible,,FISHING,INCONCLUSIVE,2026-10-06,foreign flag with INCONCLUSIVE gear,3_nonfishing_typed_fishing,foreign flag with INCONCLUSIVE gear,BALAENA,CAN,,5,0,3,2,0,2.5,0.6,0.333,1,,,,,,none,,,,,,,,,,,,,
,,503063670,,,S/V PRIVATE ISLAND,non_fishing,,FALSE,,screen,possible,,FISHING,INCONCLUSIVE,2026-10-06,foreign flag with INCONCLUSIVE gear,3_nonfishing_typed_fishing,foreign flag with INCONCLUSIVE gear,S/V PRIVATE ISLAND,AUS,VMCA,5,5,0,0,0,5,0.2,0.2,,,,,,,none,,,,,,,,,,,,,
,,257384000,,,BOW AQUARIUS,non_fishing,,FALSE,,screen,possible,,FISHING,INCONCLUSIVE,2026-10-06,foreign flag with INCONCLUSIVE gear,3_nonfishing_typed_fishing,foreign flag with INCONCLUSIVE gear,BOW AQUARIUS,NOR,LAFA6,4,0,0,4,0,4,0,,0,,,,,,none,,,,,,,,,,,,,
,,36694490,,,ROYAL,unknown,,FALSE,,mmsi_format_screen,possible,GARFO hull 675608; permit 116049,OTHER,OTHER,2026-10-06,MMSI is not 9 digits. To confirm: look up USCG official no. 675608 in CGMIX PSIX; its call sign should be WDD3653. GARFO permits: commercial,4_gear_marker,MMSI is not 9 digits,ROYAL,,WDD3653,141,0,141,0,0,14.1,0.553,0.553,,,,,,,unique_years,675608,TRUE,116049,"2016,2017,2018,2019,2020,2021",30.7,MA,commercial,FIXED,BLUEFISH:1|NORTHEAST MULTI-SPECIES:HB|SKATE:1|SQUID/MACKEREL/BUTTERFISH:3|SQUID/MACKEREL/BUTTERFISH:4,BLUEFISH:1|NORTHEAST MULTI-SPECIES:HB|SKATE:1|SQUID/MACKEREL/BUTTERFISH:4,BLUEFISH:1; BLACK SEA BASS:1; AMERICAN LOBSTER:A2; NORTHEAST MULTI-SPECIES:HB; SKATE:1; SQUID/MACKEREL/BUTTERFISH:3; SQUID/MACKEREL/BUTTERFISH:4,1,1
,,91800534,,,ONWA33NT,gear_marker,,FALSE,,mmsi_format_screen,probable,,OTHER,OTHER,2026-10-06,call sign holds a battery level,4_gear_marker,call sign holds a battery level,ONWA33NT,,90%,3,0,3,0,0,1.5,0.333,0.333,,,,,,,none,,,,,,,,,,,,,
,,9000563,,,ONWASHENZHEN,unknown,,FALSE,,mmsi_format_screen,possible,,OTHER,OTHER,2026-10-06,MMSI is not 9 digits,4_gear_marker,MMSI is not 9 digits,ONWASHENZHEN,,ABCDEFG,2,0,0,2,0,2,0,,0,,,,,,none,,,,,,,,,,,,,
,,91800312,,,ONWA33NT,gear_marker,,FALSE,,mmsi_format_screen,probable,,OTHER,OTHER,2026-10-06,call sign holds a battery level,4_gear_marker,call sign holds a battery level,ONWA33NT,,20%,2,0,2,0,0,2,0,0,,,,,,,none,,,,,,,,,,,,,
,,91800557,,,ONWA33NT,gear_marker,,FALSE,,mmsi_format_screen,probable,,GEAR,GEAR,2026-10-06,call sign holds a battery level,4_gear_marker,call sign holds a battery level,ONWA33NT,,40%,2,0,2,0,0,2,0,0,,,,,,,none,,,,,,,,,,,,,
,,1023088277,,,,unknown,,FALSE,,mmsi_format_screen,possible,,OTHER,OTHER,2026-10-06,MMSI is not 9 digits,4_gear_marker,MMSI is not 9 digits,,,,1,0,0,1,0,1,0,,0,,,,,,none,,,,,,,,,,,,,
,,36694810,,,ELIZABETH B,unknown,,FALSE,,mmsi_format_screen,possible,,PASSENGER,,2026-10-06,MMSI is not 9 digits,4_gear_marker,MMSI is not 9 digits,ELIZABETH B,,WDB7790,1,1,0,0,0,1,0,0,,,,,,,none,,,,,,,,,,,,,
,,36926403,,,GOV VESSEL 25,unknown,,FALSE,,mmsi_format_screen,possible,,OTHER,OTHER,2026-10-06,MMSI is not 9 digits,4_gear_marker,MMSI is not 9 digits,GOV VESSEL 25,,WARSHIP,1,0,0,1,0,1,0,,0,,,,,,none,,,,,,,,,,,,,
,,4093,,,TOMCAT,unknown,,FALSE,,mmsi_format_screen,possible,,GEAR,GEAR,2026-10-06,MMSI is not 9 digits,4_gear_marker,MMSI is not 9 digits,TOMCAT,,,1,1,0,0,0,1,0,0,,,,,,,ambiguous,1051335|RI4301CJ,FALSE,10184579|10220984|152943|223899,"2021,2022,2023,2024,2025,2026",28,CT|MD|RI,for-hire + open-access commercial,POLE_AND_LINE,BLUEFISH:1|HMS:CHB COMMERCIAL SALE ENDORSEMENT|SQUID/MACKEREL/BUTTERFISH:3|SQUID/MACKEREL/BUTTERFISH:4|TILEFISH:1,BLUEFISH:1|HMS:CHB COMMERCIAL SALE ENDORSEMENT|SQUID/MACKEREL/BUTTERFISH:4|TILEFISH:1,TILEFISH:1; TILEFISH:3 / BLUEFISH:1; BLUEFISH:2; SQUID/MACKEREL/BUTTERFISH:2; SQUID/MACKEREL/BUTTERFISH:3; SQUID/MACKEREL/BUTTERFISH:4; TILEFISH:1; TILEFISH:3 / BLUEFISH:2; BLACK SEA BASS:2; SUMMER FLOUNDER:2; NORTHEAST MULTI-SPECIES:I; TILEFISH:2 / HMS:CHARTER/HEADBOAT; HMS:CHB COMMERCIAL SALE E...,2,1
,,9111507,,,ONWA11507,unknown,,FALSE,,mmsi_format_screen,possible,,PASSENGER,PASSENGER,2026-10-06,MMSI is not 9 digits,4_gear_marker,MMSI is not 9 digits,ONWA11507,,,1,0,0,1,0,1,0,,0,,,,,,none,,,,,,,,,,,,,
